{"TOTAL_BEST_METRIC": 0.15300767201501095, "BEST_NDCG@10": 0.01700573664740409, "_timestamp": 1688431825.7298005, "_runtime": 665.2748565673828, "_step": 1295, "epoch": 1000, "Train_Metric_loss": 6.606014537811279, "Train_Reg_loss": 4.9326836233376525e-06, "Pos_loss": 8.166143417358398, "Neg_loss": 1.253749132156372, "Recall@5": 0.015946340937951206, "Recall@10": 0.030737757456254018, "Recall@20": 0.05388820975123341, "NDCG@5": 0.011949573151853965, "NDCG@10": 0.01700573664740409, "NDCG@20": 0.023480054070314255, "Recall@5_total_best": 0.015946340937951206, "Recall@10_total_best": 0.030737757456254018, "Recall@20_total_best": 0.05388820975123341, "ndcg@5_total_best": 0.011949573151853965, "ndcg@10_total_best": 0.01700573664740409, "ndcg@20_total_best": 0.023480054070314255, "EPOCH_ndcg_best": 1000, "Recall@5_ndcg_best": 0.015946340937951206, "Recall@10_ndcg_best": 0.030737757456254018, "Recall@20_ndcg_best": 0.05379965147989087, "ndcg@5_ndcg_best": 0.011949573151853965, "ndcg@10_ndcg_best": 0.01700573664740409, "ndcg@20_ndcg_best": 0.023445369844712738, "gradients/mass_i.weight": {"_type": "histogram", "values": [1.0, 0.0, 1.0, 0.0, 0.0, 1.0, 1.0, 0.0, 2.0, 0.0, 0.0, 0.0, 2.0, 3.0, 0.0, 2.0, 1.0, 2.0, 3.0, 4.0, 4.0, 6.0, 9.0, 7.0, 9.0, 15.0, 10.0, 12.0, 29.0, 19.0, 17.0, 58.0, 23.0, 36.0, 35.0, 145.0, 21.0, 73.0, 313.0, 42.0, 115.0, 2124.0, 56.0, 98.0, 64.0, 57.0, 22.0, 21.0, 18.0, 18.0, 10.0, 13.0, 10.0, 8.0, 9.0, 2.0, 3.0, 8.0, 0.0, 2.0, 0.0, 1.0, 1.0, 2.0], "bins": [-0.0007601388497278094, -0.0007418942986987531, -0.0007236496894620359, -0.0007054051384329796, -0.0006871605291962624, -0.000668915978167206, -0.0006506713689304888, -0.0006324268179014325, -0.0006141822086647153, -0.000595937657635659, -0.0005776930483989418, -0.0005594484973698854, -0.0005412038881331682, -0.0005229593371041119, -0.0005047147278673947, -0.0004864701768383384, -0.00046822562580928206, -0.0004499810456763953, -0.00043173646554350853, -0.00041349188541062176, -0.000395247305277735, -0.0003770027542486787, -0.0003587581741157919, -0.00034051359398290515, -0.0003222690138500184, -0.0003040244337171316, -0.00028577985358424485, -0.0002675352734513581, -0.00024929072242230177, -0.00023104612773749977, -0.00021280156215652823, -0.00019455698202364147, -0.00017631243099458516, -0.0001580678508616984, -0.00013982327072881162, -0.00012157870514784008, -0.00010333412501495332, -8.508954488206655e-05, -6.68449720251374e-05, -4.860039916820824e-05, -3.0355819035321474e-05, -1.2111242540413514e-05, 6.1333339544944465e-06, 2.4377910449402407e-05, 4.262248694431037e-05, 6.0867067077197134e-05, 7.911163993412629e-05, 9.735621279105544e-05, 0.00011560079292394221, 0.00013384537305682898, 0.00015208995318971574, 0.00017033451877068728, 0.00018857909890357405, 0.00020682367903646082, 0.00022506824461743236, 0.00024331282475031912, 0.0002615574048832059, 0.00027980198501609266, 0.0002980465651489794, 0.0003162911452818662, 0.00033453572541475296, 0.00035278027644380927, 0.00037102485657669604, 0.0003892694367095828, 0.0004075140168424696]}, "gradients/mass_u.weight": {"_type": "histogram", "values": [1.0, 0.0, 0.0, 0.0, 0.0, 0.0, 1.0, 0.0, 1.0, 0.0, 0.0, 0.0, 1.0, 0.0, 0.0, 0.0, 0.0, 0.0, 0.0, 0.0, 0.0, 0.0, 0.0, 0.0, 0.0, 0.0, 0.0, 1.0, 0.0, 0.0, 0.0, 0.0, 0.0, 1.0, 1.0, 0.0, 0.0, 3.0, 1.0, 1.0, 0.0, 4.0, 1.0, 2.0, 0.0, 2.0, 2.0, 3.0, 2.0, 3.0, 3.0, 1.0, 11.0, 10.0, 12.0, 9.0, 18.0, 22.0, 67.0, 92.0, 91.0, 73.0, 50.0, 5051.0], "bins": [-0.001831613713875413, -0.0018029947532340884, -0.001774375792592764, -0.0017457568319514394, -0.0017171378713101149, -0.0016885189106687903, -0.0016598999500274658, -0.0016312809893861413, -0.0016026620287448168, -0.0015740430681034923, -0.0015454241074621677, -0.0015168051468208432, -0.0014881861861795187, -0.0014595672255381942, -0.0014309482648968697, -0.0014023293042555451, -0.0013737103436142206, -0.001345091382972896, -0.0013164724223315716, -0.001287853461690247, -0.0012592345010489225, -0.001230615540407598, -0.0012019965797662735, -0.001173377619124949, -0.0011447585420683026, -0.0011161395814269781, -0.0010875206207856536, -0.001058901660144329, -0.0010302826995030046, -0.00100166373886168, -0.0009730447782203555, -0.000944425817579031, -0.0009158068569377065, -0.000887187896296382, -0.0008585689356550574, -0.0008299499750137329, -0.0008013310143724084, -0.0007727120537310839, -0.0007440930930897593, -0.0007154741324484348, -0.0006868551718071103, -0.0006582362111657858, -0.0006296172505244613, -0.0006009982898831367, -0.0005723793292418122, -0.0005437603686004877, -0.0005151414079591632, -0.0004865224182140082, -0.00045790342846885324, -0.0004292844678275287, -0.0004006655071862042, -0.0003720465465448797, -0.00034342758590355515, -0.00031480862526223063, -0.00028618963551707566, -0.00025757067487575114, -0.00022895171423442662, -0.0002003327535931021, -0.00017171379295177758, -0.00014309481775853783, -0.00011447585711721331, -8.585689647588879e-05, -5.723792128264904e-05, -2.861896064132452e-05, 0.0]}, "gradients/embedding_user.weight": {"_type": "histogram", "values": [1.0, 0.0, 0.0, 0.0, 0.0, 0.0, 1.0, 1.0, 1.0, 4.0, 5.0, 5.0, 9.0, 7.0, 14.0, 10.0, 13.0, 22.0, 26.0, 33.0, 52.0, 85.0, 162.0, 245.0, 454.0, 850.0, 1792.0, 3974.0, 12520.0, 91609.0, 190706.0, 39088.0, 7202.0, 2821.0, 1344.0, 704.0, 309.0, 187.0, 102.0, 70.0, 54.0, 38.0, 24.0, 14.0, 14.0, 13.0, 10.0, 7.0, 5.0, 0.0, 0.0, 3.0, 1.0, 5.0, 1.0, 1.0, 0.0, 1.0, 1.0, 2.0, 1.0, 0.0, 0.0, 1.0], "bins": [-0.0003195195458829403, -0.00030897260876372457, -0.0002984256425406784, -0.00028787870542146266, -0.00027733173919841647, -0.00026678480207920074, -0.000256237864959985, -0.00024569089873693883, -0.00023514394706580788, -0.00022459699539467692, -0.00021405004372354597, -0.000203503092052415, -0.0001929561549331993, -0.0001824091887101531, -0.00017186225159093738, -0.00016131529991980642, -0.00015076834824867547, -0.0001402213965775445, -0.00012967444490641356, -0.00011912750051124021, -0.00010858054884010926, -9.80335971689783e-05, -8.748665277380496e-05, -7.693970110267401e-05, -6.639274943154305e-05, -5.58457977604121e-05, -4.529884972725995e-05, -3.47519016941078e-05, -2.4204950022976846e-05, -1.365799835184589e-05, -3.1110539566725492e-06, 7.435897714458406e-06, 1.7982820281758904e-05, 2.8529770133900456e-05, 3.907671998604201e-05, 4.9623668019194156e-05, 6.017061969032511e-05, 7.071757136145607e-05, 8.126451575662941e-05, 9.181146742776036e-05, 0.00010235841909889132, 0.00011290537077002227, 0.00012345232244115323, 0.00013399927411228418, 0.0001445462112314999, 0.0001550931774545461, 0.00016564011457376182, 0.00017618706624489278, 0.00018673401791602373, 0.0001972809695871547, 0.00020782792125828564, 0.00021837485837750137, 0.00022892182460054755, 0.00023946876171976328, 0.000250015698838979, 0.0002605626650620252, 0.0002711096312850714, 0.0002816565684042871, 0.0002922035346273333, 0.000302750471746549, 0.0003132974379695952, 0.0003238443750888109, 0.00033439131220802665, 0.00034493827843107283, 0.00035548521555028856]}, "gradients/embedding_item.weight": {"_type": "histogram", "values": [1.0, 1.0, 1.0, 3.0, 5.0, 2.0, 6.0, 4.0, 7.0, 8.0, 11.0, 14.0, 30.0, 31.0, 38.0, 59.0, 67.0, 108.0, 153.0, 205.0, 304.0, 444.0, 782.0, 1510.0, 3283.0, 6892.0, 12974.0, 21233.0, 27684.0, 30944.0, 31351.0, 29544.0, 24342.0, 16979.0, 9311.0, 4960.0, 2229.0, 1053.0, 594.0, 374.0, 212.0, 159.0, 117.0, 88.0, 63.0, 46.0, 29.0, 21.0, 17.0, 15.0, 12.0, 7.0, 7.0, 3.0, 6.0, 0.0, 3.0, 1.0, 2.0, 1.0, 1.0, 0.0, 0.0, 1.0],