{"TOTAL_BEST_METRIC": 0.1878965293812757, "BEST_NDCG@10": 0.020835510757254795, "_timestamp": 1688520806.808929, "_runtime": 1586.5961010456085, "_step": 1258, "epoch": 1000, "Train_Metric_loss": 4.654070207050869, "Train_Reg_loss": 2.0974672289802195e-06, "Pos_loss": 8.04553508758545, "Neg_loss": 1.2760981321334839, "Recall@5": 0.02161112320214335, "Recall@10": 0.03758519744697128, "Recall@20": 0.06403710436037466, "NDCG@5": 0.015054700631098667, "NDCG@10": 0.02069944584570548, "NDCG@20": 0.02822921566729774, "Recall@5_total_best": 0.02156431037542883, "Recall@10_total_best": 0.038013583574770304, "Recall@20_total_best": 0.06422673965377838, "ndcg@5_total_best": 0.015015680875765096, "ndcg@10_total_best": 0.020835510757254795, "ndcg@20_total_best": 0.028240704144278313, "EPOCH_ndcg_best": 990, "Recall@5_ndcg_best": 0.02156431037542883, "Recall@10_ndcg_best": 0.038013583574770304, "Recall@20_ndcg_best": 0.06422673965377838, "ndcg@5_ndcg_best": 0.015015680875765096, "ndcg@10_ndcg_best": 0.020835510757254795, "ndcg@20_ndcg_best": 0.028240704144278313, "gradients/mass_i.weight": {"_type": "histogram", "values": [3.0, 0.0, 0.0, 0.0, 0.0, 0.0, 0.0, 1.0, 0.0, 0.0, 0.0, 0.0, 0.0, 1.0, 0.0, 1.0, 1.0, 2.0, 1.0, 0.0, 1.0, 0.0, 0.0, 1.0, 0.0, 3.0, 1.0, 1.0, 4.0, 2.0, 3.0, 2.0, 1.0, 5.0, 6.0, 5.0, 9.0, 8.0, 9.0, 8.0, 33.0, 15.0, 30.0, 163.0, 46.0, 66.0, 747.0, 208.0, 6548.0, 140.0, 398.0, 103.0, 29.0, 50.0, 24.0, 5.0, 12.0, 6.0, 4.0, 4.0, 0.0, 0.0, 1.0, 2.0], "bins": [-0.0021000169217586517, -0.0020568189211189747, -0.002013620687648654, -0.001970422687008977, -0.001927224569953978, -0.0018840264528989792, -0.0018408284522593021, -0.0017976303352043033, -0.0017544322181493044, -0.0017112341010943055, -0.0016680361004546285, -0.0016248379833996296, -0.0015816398663446307, -0.0015384417492896318, -0.0014952437486499548, -0.001452045631594956, -0.001408847514539957, -0.0013656493974849582, -0.0013224513968452811, -0.0012792532797902822, -0.0012360551627352834, -0.0011928570456802845, -0.0011496590450406075, -0.0011064609279856086, -0.0010632629273459315, -0.0010200648102909327, -0.0009768668096512556, -0.0009336686925962567, -0.0008904705755412579, -0.0008472725166939199, -0.0008040744578465819, -0.0007608763407915831, -0.0007176782819442451, -0.0006744802230969071, -0.0006312821060419083, -0.0005880840471945703, -0.0005448859301395714, -0.0005016878712922335, -0.00045848978334106505, -0.00041529169538989663, -0.0003720936074387282, -0.0003288955194875598, -0.0002856974315363914, -0.0002424993581371382, -0.00019930127018596977, -0.00015610318223480135, -0.00011290510883554816, -6.970702088437974e-05, -2.6508932933211327e-05, 1.6689151379978284e-05, 5.9887235693167895e-05, 0.0001030853163683787, 0.00014628340431954712, 0.00018948149227071553, 0.00023267956566996872, 0.00027587765362113714, 0.00031907574157230556, 0.000362273829523474, 0.0004054719174746424, 0.0004486700054258108, 0.0004918680642731488, 0.0005350661813281476, 0.0005782642401754856, 0.0006214623572304845, 0.0006646604160778224]}, "gradients/mass_u.weight": {"_type": "histogram", "values": [1.0, 0.0, 0.0, 0.0, 0.0, 0.0, 0.0, 0.0, 0.0, 0.0, 0.0, 0.0, 0.0, 0.0, 0.0, 0.0, 0.0, 0.0, 0.0, 0.0, 0.0, 0.0, 1.0, 0.0, 0.0, 0.0, 0.0, 0.0, 0.0, 1.0, 0.0, 0.0, 2.0, 1.0, 0.0, 0.0, 0.0, 0.0, 2.0, 0.0, 0.0, 0.0, 2.0, 0.0, 0.0, 1.0, 4.0, 3.0, 1.0, 4.0, 1.0, 0.0, 4.0, 2.0, 7.0, 5.0, 4.0, 25.0, 33.0, 36.0, 135.0, 110.0, 109.0, 14187.0], "bins": [-0.004550197161734104, -0.004479100462049246, -0.0044080032967031, -0.004336906597018242, -0.0042658098973333836, -0.004194713197648525, -0.00412361603230238, -0.004052519332617521, -0.003981422632932663, -0.003910325933247805, -0.0038392290007323027, -0.0037681320682168007, -0.0036970353685319424, -0.0036259384360164404, -0.003554841736331582, -0.00348374480381608, -0.003412647871300578, -0.003341550938785076, -0.003270454239100218, -0.003199357306584716, -0.0031282606068998575, -0.0030571636743843555, -0.0029860669746994972, -0.0029149700421839952, -0.0028438731096684933, -0.0027727761771529913, -0.002701679477468133, -0.002630582544952631, -0.0025594858452677727, -0.0024883889127522707, -0.0024172922130674124, -0.0023461952805519104, -0.002275098580867052, -0.00220400164835155, -0.0021329049486666918, -0.00206180801615119, -0.0019907113164663315, -0.0019196143839508295, -0.0018485175678506494, -0.0017774207517504692, -0.001706323935650289, -0.001635227119550109, -0.0015641303034499288, -0.0014930334873497486, -0.0014219365548342466, -0.0013508398551493883, -0.0012797429226338863, -0.0012086461065337062, -0.001137549290433526, -0.0010664524743333459, -0.0009953556582331657, -0.0009242587839253247, -0.0008531619678251445, -0.0007820651517249644, -0.0007109682774171233, -0.0006398714613169432, -0.000568774645216763, -0.0004976778291165829, -0.00042658098391257226, -0.00035548413870856166, -0.0002843873226083815, -0.00021329050650820136, -0.00014219366130419075, -7.109681610018015e-05, 0.0]}, "gradients/embedding_user.weight": {"_type": "histogram", "values": [3.0, 0.0, 0.0, 1.0, 0.0, 0.0, 2.0, 1.0, 0.0, 1.0, 3.0, 1.0, 3.0, 2.0, 6.0, 3.0, 2.0, 3.0, 3.0, 5.0, 3.0, 7.0, 15.0, 14.0, 37.0, 44.0, 47.0, 85.0, 148.0, 387.0, 1116.0, 3603.0, 10193.0, 689246.0, 222838.0, 7725.0, 2637.0, 776.0, 314.0, 125.0, 58.0, 33.0, 25.0, 19.0, 10.0, 4.0, 8.0, 1.0, 5.0, 1.0, 7.0, 4.0, 1.0, 0.0, 3.0, 0.0, 0.0, 1.0, 1.0, 1.0, 1.0, 0.0, 1.0, 1.0], "bins": [-0.0005165057955309749, -0.0005012533511035144, -0.000486000906676054, -0.00047074846224859357, -0.00045549601782113314, -0.0004402435733936727, -0.00042499115807004273, -0.0004097387136425823, -0.00039448626921512187, -0.00037923382478766143, -0.000363981380360201, -0.00034872893593274057, -0.0003334765206091106, -0.00031822407618165016, -0.00030297163175418973, -0.0002877191873267293, -0.00027246674289926887, -0.00025721429847180843, -0.000241961854044348, -0.0002267094241688028, -0.00021145697974134237, -0.00019620453531388193, -0.00018095210543833673, -0.0001656996610108763, -0.00015044721658341587, -0.00013519477215595543, -0.00011994233500445262, -0.0001046898978529498, -8.943745342548937e-05, -7.418500899802893e-05, -5.8932571846526116e-05, -4.36801346950233e-05, -2.8427719371393323e-05, -1.3175278581911698e-05, 2.077162207569927e-06, 1.7329602997051552e-05, 3.258204378653318e-05, 4.783448821399361e-05, 6.308692536549643e-05, 7.833936251699924e-05, 9.359180694445968e-05, 0.00010884425137192011, 0.00012409669579938054, 0.00013934912567492574, 0.00015460157010238618, 0.0001698540145298466, 0.0001851064444053918, 0.00020035888883285224, 0.00021561133326031268, 0.0002308637776877731, 0.00024611622211523354, 0.00026136866654269397, 0.00027662108186632395, 0.0002918735262937844, 0.0003071259707212448, 0.00032237841514870524, 0.0003376308595761657, 0.0003528833040036261, 0.00036813574843108654, 0.00038338819285854697, 0.0003986406372860074, 0.00041389308171346784, 0.0004291454970370978, 0.00044439794146455824, 0.0004596503858920187]}, "gradients/embedding_item.weight": {"_type": "histogram", "values": [1.0, 2.0, 2.0, 5.0, 4.0, 3.0, 4.0, 14.0, 17.0, 17.0, 23.0, 38.0, 55.0, 79.0, 105.0, 140.0, 205.0, 313.0, 421.0, 659.0, 958.0, 1309.0, 2004.0, 3106.0, 4933.0, 7607.0, 11523.0, 18316.0, 31386.0, 61519.0, 101862.0, 112126.0, 86268.0, 45558.0, 24059.0, 14958.0, 9787.0, 6400.0, 4109.0, 2609.0, 1661.0, 1068.0, 763.0, 465.0, 337.0, 259.0, 195.0, 115.0, 89.0, 60.0, 31.0, 30.0, 17.0, 12.0, 6.0, 9.0, 2.0, 2.0, 1.0, 2.0, 0.0, 2.0, 0.0, 2.0],