{"TOTAL_BEST_METRIC": 1.0675871944513595, "BEST_NDCG@10": 0.13461499762374257, "_timestamp": 1688322601.5159445, "_runtime": 485.56942343711853, "_step": 1123, "epoch": 1000, "Train_Metric_loss": NaN, "Train_Reg_loss": NaN, "Pos_loss": NaN, "Neg_loss": NaN, "Recall@5": 0.0007852166725705515, "Recall@10": 0.003778486243948518, "Recall@20": 0.005806892363746774, "NDCG@5": 0.000556356529533085, "NDCG@10": 0.0016257618776651963, "NDCG@20": 0.002209725865082795, "Recall@5_total_best": 0.1487301730457108, "Recall@10_total_best": 0.2173270230369341, "Recall@20_total_best": 0.29832681392122634, "ndcg@5_total_best": 0.11077242330626232, "ndcg@10_total_best": 0.13461499762374257, "ndcg@20_total_best": 0.15781576351748342, "EPOCH_ndcg_best": 160, "Recall@5_ndcg_best": 0.1487301730457108, "Recall@10_ndcg_best": 0.2173270230369341, "Recall@20_ndcg_best": 0.29832681392122634, "ndcg@5_ndcg_best": 0.11077242330626232, "ndcg@10_ndcg_best": 0.13461499762374257, "ndcg@20_ndcg_best": 0.15781576351748342, "gradients/mass_i.weight": {"_type": "histogram", "values": [1.0, 0.0, 0.0, 0.0, 0.0, 0.0, 0.0, 0.0, 2.0, 0.0, 2.0, 1.0, 0.0, 1.0, 5.0, 2.0, 1.0, 4.0, 4.0, 6.0, 10.0, 3.0, 3.0, 19.0, 13.0, 29.0, 25.0, 38.0, 45.0, 49.0, 83.0, 95.0, 93.0, 108.0, 96.0, 2594.0, 65.0, 49.0, 37.0, 20.0, 22.0, 9.0, 10.0, 6.0, 6.0, 1.0, 4.0, 1.0, 1.0, 0.0, 1.0, 2.0, 0.0, 0.0, 0.0, 0.0, 0.0, 0.0, 1.0, 0.0, 0.0, 0.0, 0.0, 1.0], "bins": [-7.860292680561543e-05, -7.640170952072367e-05, -7.42004849598743e-05, -7.199926767498255e-05, -6.979804311413318e-05, -6.759682582924142e-05, -6.539560854434967e-05, -6.31943839835003e-05, -6.099316669860855e-05, -5.8791945775737986e-05, -5.6590724852867424e-05, -5.438950756797567e-05, -5.218828664510511e-05, -4.998706572223455e-05, -4.7785844799363986e-05, -4.5584623876493424e-05, -4.338340295362286e-05, -4.11821820307523e-05, -3.898096110788174e-05, -3.677974018501118e-05, -3.4578522900119424e-05, -3.237730197724886e-05, -3.01760810543783e-05, -2.7974861950497143e-05, -2.577364102762658e-05, -2.357242010475602e-05, -2.1371201000874862e-05, -1.91699800780043e-05, -1.696875915513374e-05, -1.4767540051252581e-05, -1.256631912838202e-05, -1.0365100024500862e-05, -8.1638791016303e-06, -5.9626590882544406e-06, -3.76143862013123e-06, -1.5602181520080194e-06, 6.410018613678403e-07, 2.8422218747437e-06, 5.0434427976142615e-06, 7.2446619014954194e-06, 9.445882824365981e-06, 1.164710283774184e-05, 1.38483228511177e-05, 1.6049543773988262e-05, 1.8250764696858823e-05, 2.045198380073998e-05, 2.2653204723610543e-05, 2.48544238274917e-05, 2.7055644750362262e-05, 2.9256865673232824e-05, 3.1458086596103385e-05, 3.3659307518973947e-05, 3.58605248038657e-05, 3.806174572673626e-05, 4.0262966649606824e-05, 4.246418393449858e-05, 4.466540849534795e-05, 4.686662941821851e-05, 4.906785034108907e-05, 5.1269067625980824e-05, 5.3470288548851386e-05, 5.567150947172195e-05, 5.787273039459251e-05, 6.007395131746307e-05, 6.227516860235482e-05]}, "gradients/mass_u.weight": {"_type": "histogram", "values": [1.0, 0.0, 0.0, 0.0, 0.0, 0.0, 0.0, 0.0, 0.0, 0.0, 0.0, 0.0, 0.0, 0.0, 0.0, 1.0, 0.0, 0.0, 0.0, 0.0, 0.0, 0.0, 0.0, 1.0, 0.0, 0.0, 0.0, 1.0, 0.0, 1.0, 0.0, 0.0, 0.0, 0.0, 0.0, 0.0, 0.0, 1.0, 0.0, 0.0, 0.0, 1.0, 1.0, 1.0, 1.0, 1.0, 3.0, 3.0, 6.0, 4.0, 4.0, 7.0, 5.0, 7.0, 9.0, 10.0, 10.0, 13.0, 24.0, 46.0, 118.0, 97.0, 111.0, 5053.0], "bins": [-0.0003597396134864539, -0.0003541186742950231, -0.00034849776420742273, -0.0003428768250159919, -0.0003372558858245611, -0.0003316349466331303, -0.00032601403654552996, -0.00032039309735409915, -0.00031477215816266835, -0.00030915121897123754, -0.0003035303088836372, -0.0002979093696922064, -0.0002922884305007756, -0.00028666749130934477, -0.0002810465812217444, -0.0002754256420303136, -0.0002698047028388828, -0.000264183763647452, -0.00025856285355985165, -0.00025294191436842084, -0.00024732097517699003, -0.00024170005053747445, -0.00023607911134604365, -0.00023045818670652807, -0.0002248372620670125, -0.0002192163374274969, -0.0002135953982360661, -0.00020797447359655052, -0.00020235353440511972, -0.00019673260976560414, -0.00019111167057417333, -0.00018549074593465775, -0.00017986980674322695, -0.00017424888210371137, -0.00016862794291228056, -0.00016300701827276498, -0.00015738607908133417, -0.0001517651544418186, -0.0001461442152503878, -0.0001405232906108722, -0.0001349023514194414, -0.00012928142677992582, -0.00012366048758849502, -0.00011803955567302182, -0.00011241862375754863, -0.00010679769184207544, -0.00010117675992660224, -9.555583528708667e-05, -8.993490337161347e-05, -8.431397145614028e-05, -7.869303954066709e-05, -7.30721076251939e-05, -6.74511757097207e-05, -6.183024379424751e-05, -5.620931551675312e-05, -5.058838360127993e-05, -4.4967451685806736e-05, -3.9346519770333543e-05, -3.372558785486035e-05, -2.810465775837656e-05, -2.2483725842903368e-05, -1.6862793927430175e-05, -1.1241863830946386e-05, -5.620931915473193e-06, 0.0]}, "gradients/embedding_user.weight": {"_type": "histogram", "values": [0.0, 0.0, 0.0, 0.0, 0.0, 0.0, 0.0, 0.0, 0.0, 0.0, 0.0, 0.0, 0.0, 0.0, 0.0, 0.0, 0.0, 0.0, 0.0, 0.0, 0.0, 0.0, 0.0, 0.0, 0.0, 0.0, 0.0, 0.0, 0.0, 0.0, 0.0, 0.0, 3392.0, 0.0, 0.0, 0.0, 0.0, 0.0, 0.0, 0.0, 0.0, 0.0, 0.0, 0.0, 0.0, 0.0, 0.0, 0.0, 0.0, 0.0, 0.0, 0.0, 0.0, 0.0, 0.0, 0.0, 0.0, 0.0, 0.0, 0.0, 0.0, 0.0, 0.0, 0.0], "bins": [0.0, 0.0, 0.0, 0.0, 0.0, 0.0, 0.0, 0.0, 0.0, 0.0, 0.0, 0.0, 0.0, 0.0, 0.0, 0.0, 0.0, 0.0, 0.0, 0.0, 0.0, 0.0, 0.0, 0.0, 0.0, 0.0, 0.0, 0.0, 0.0, 0.0, 0.0, 0.0, 0.0, 0.0, 0.0, 0.0, 0.0, 0.0, 0.0, 0.0, 0.0, 0.0, 0.0, 0.0, 0.0, 0.0, 0.0, 0.0, 0.0, 0.0, 0.0, 0.0, 0.0, 0.0, 0.0, 0.0, 0.0, 0.0, 0.0, 0.0, 0.0, 0.0, 0.0, 0.0, 0.0]}, "gradients/embedding_item.weight": {"_type": "histogram", "values": [1.0, 0.0, 0.0, 2.0, 0.0, 1.0, 0.0, 2.0, 2.0, 5.0, 7.0, 8.0, 17.0, 15.0, 28.0, 31.0, 52.0, 71.0, 109.0, 157.0, 218.0, 323.0, 564.0, 779.0, 1250.0, 2065.0, 3575.0, 6686.0, 12778.0, 26464.0, 67969.0, 55754.0, 23336.0, 11457.0, 5929.0, 3336.0, 1925.0, 1182.0, 715.0, 490.0, 364.0, 213.0, 147.0, 102.0, 64.0, 52.0, 32.0, 21.0, 15.0, 13.0, 5.0, 7.0, 4.0, 0.0, 4.0, 0.0, 1.0, 2.0, 1.0, 0.0, 1.0, 0.0, 0.0, 1.0], "bins": [-0.00033902222639881074, -0.00032805409864522517, -0.0003170859708916396, -0.000306117843138054, -0.00029514971538446844, -0.00028418158763088286, -0.0002732134307734668, -0.00026224530301988125, -0.00025127717526629567, -0.0002403090475127101, -0.00022934091975912452, -0.00021837279200553894, -0.00020740466425195336, -0.00019643653649836779, -0.00018546839419286698, -0.0001745002664392814, -0.00016353215323761106, -0.00015256402548402548, -0.0001415958977304399, -0.00013062776997685432, -0.00011965963494731113, -0.00010869150719372556, -9.772337216418236e-05, -8.675524441059679e-05, -7.578711665701121e-05, -6.481898890342563e-05, -5.385085751186125e-05, -4.2882726120296866e-05, -3.191459836671129e-05, -2.094647061312571e-05, -9.97833558358252e-06, 9.897921700030565e-07, 1.1957890819758177e-05, 2.2926020392333157e-05, 3.389414996490814e-05, 4.486228135647252e-05, 5.58304091100581e-05, 6.679853686364368e-05, 7.776667189318687e-05, 8.873479964677244e-05, 9.970292740035802e-05, 0.0001106710551539436, 0.00012163918290752918, 0.00013260732521302998, 0.00014357545296661556, 0.00015454358072020113, 0.0001655117084737867, 0.0001764798362273723, 0.00018744796398095787, 0.00019841609173454344, 0.00020938421948812902, 0.0002203523472417146, 0.00023132047499530017, 0.00024228860274888575, 0.0002532567596063018, 0.00026422488735988736, 0.00027519301511347294, 0.0002861611428670585, 0.0002971292706206441, 0.00030809739837422967, 0.00031906552612781525, 0.0003300336538814008, 0.0003410017816349864, 0.000351969909388572, 0.00036293803714215755]}, "_wandb": {"runtime": 484}}