{"TOTAL_BEST_METRIC": 1.0222675256129679, "BEST_NDCG@10": 0.12883127131694164, "_timestamp": 1688366240.2076328, "_runtime": 746.6637518405914, "_step": 1113, "epoch": 1000, "Train_Metric_loss": NaN, "Train_Reg_loss": NaN, "Pos_loss": NaN, "Neg_loss": NaN, "Recall@5": 0.0007852166725705515, "Recall@10": 0.003778486243948518, "Recall@20": 0.005806892363746774, "NDCG@5": 0.000556356529533085, "NDCG@10": 0.0016257618776651963, "NDCG@20": 0.002209725865082795, "Recall@5_total_best": 0.1430886768125987, "Recall@10_total_best": 0.20866106290976247, "Recall@20_total_best": 0.2849742173026473, "ndcg@5_total_best": 0.10594146315471402, "ndcg@10_total_best": 0.12883127131694164, "ndcg@20_total_best": 0.1507708341163037, "EPOCH_ndcg_best": 80, "Recall@5_ndcg_best": 0.1430886768125987, "Recall@10_ndcg_best": 0.20866106290976247, "Recall@20_ndcg_best": 0.2849742173026473, "ndcg@5_ndcg_best": 0.10594146315471402, "ndcg@10_ndcg_best": 0.12883127131694164, "ndcg@20_ndcg_best": 0.1507708341163037, "gradients/mass_i.weight": {"_type": "histogram", "values": [1.0, 0.0, 0.0, 0.0, 0.0, 0.0, 0.0, 0.0, 0.0, 0.0, 0.0, 0.0, 0.0, 0.0, 0.0, 0.0, 0.0, 0.0, 0.0, 0.0, 1.0, 1.0, 0.0, 2.0, 1.0, 1.0, 1.0, 1.0, 2.0, 1.0, 4.0, 7.0, 13.0, 17.0, 28.0, 48.0, 82.0, 129.0, 153.0, 2849.0, 120.0, 38.0, 23.0, 15.0, 6.0, 4.0, 3.0, 4.0, 3.0, 3.0, 1.0, 0.0, 1.0, 0.0, 1.0, 0.0, 0.0, 0.0, 1.0, 0.0, 0.0, 2.0, 0.0, 1.0], "bins": [-0.00034719641553238034, -0.0003384963783901185, -0.0003297963412478566, -0.0003210963332094252, -0.00031239629606716335, -0.0003036962589249015, -0.0002949962217826396, -0.00028629618464037776, -0.0002775961474981159, -0.00026889611035585403, -0.00026019607321359217, -0.0002514960360713303, -0.00024279601348098367, -0.00023409599089063704, -0.00022539595374837518, -0.00021669591660611331, -0.00020799589401576668, -0.00019929585687350482, -0.00019059583428315818, -0.00018189579714089632, -0.00017319575999863446, -0.0001644957228563726, -0.00015579570026602596, -0.0001470956631237641, -0.00013839564053341746, -0.0001296956033911556, -0.00012099557352485135, -0.0001122955436585471, -0.00010359550651628524, -9.489547664998099e-05, -8.619544678367674e-05, -7.749540964141488e-05, -6.879537249915302e-05, -6.009533899486996e-05, -5.139530549058691e-05, -4.269527562428266e-05, -3.39952421199996e-05, -2.5295208615716547e-05, -1.6595178749412298e-05, -7.895145245129243e-06, 8.048882591538131e-07, 9.504920853942167e-06, 1.820495344873052e-05, 2.6904985134024173e-05, 3.560501863830723e-05, 4.4305052142590284e-05, 5.300508200889453e-05, 6.170511187519878e-05, 7.040514901746064e-05, 7.910517888376489e-05, 8.780521602602676e-05, 9.6505245892331e-05, 0.00010520528303459287, 0.00011390531290089712, 0.00012260534276720136, 0.00013130537990946323, 0.00014000540249980986, 0.00014870543964207172, 0.00015740546223241836, 0.00016610549937468022, 0.00017480553651694208, 0.00018350555910728872, 0.00019220559624955058, 0.00020090563339181244, 0.0002096056705340743]}, "gradients/mass_u.weight": {"_type": "histogram", "values": [2.0, 0.0, 1.0, 0.0, 0.0, 0.0, 0.0, 0.0, 0.0, 0.0, 0.0, 0.0, 0.0, 0.0, 0.0, 0.0, 0.0, 0.0, 1.0, 0.0, 0.0, 0.0, 0.0, 0.0, 0.0, 0.0, 0.0, 0.0, 0.0, 1.0, 0.0, 0.0, 0.0, 1.0, 1.0, 0.0, 0.0, 2.0, 2.0, 0.0, 1.0, 1.0, 2.0, 2.0, 1.0, 1.0, 1.0, 4.0, 5.0, 2.0, 2.0, 8.0, 4.0, 7.0, 11.0, 11.0, 18.0, 22.0, 30.0, 123.0, 97.0, 74.0, 43.0, 5060.0], "bins": [-0.00040392993832938373, -0.0003976185398641974, -0.000391307141399011, -0.0003849957138299942, -0.00037868431536480784, -0.0003723729168996215, -0.00036606151843443513, -0.0003597500908654183, -0.00035343869240023196, -0.0003471272939350456, -0.00034081589546985924, -0.00033450446790084243, -0.00032819306943565607, -0.0003218816709704697, -0.00031557027250528336, -0.00030925884493626654, -0.0003029474464710802, -0.0002966360480058938, -0.00029032464954070747, -0.00028401322197169065, -0.0002777018235065043, -0.00027139042504131794, -0.0002650790265761316, -0.00025876759900711477, -0.0002524562005419284, -0.00024614480207674205, -0.00023983338905964047, -0.0002335219905944541, -0.00022721057757735252, -0.00022089917911216617, -0.00021458776609506458, -0.00020827636762987822, -0.00020196496916469187, -0.0001956535706995055, -0.00018934215768240392, -0.00018303075921721756, -0.00017671934620011598, -0.00017040794773492962, -0.00016409653471782804, -0.00015778513625264168, -0.0001514737232355401, -0.00014516232477035373, -0.00013885091175325215, -0.0001325395132880658, -0.0001262281002709642, -0.00011991670180577785, -0.00011360528878867626, -0.0001072938903234899, -0.00010098248458234593, -9.467107884120196e-05, -8.835967310005799e-05, -8.204826735891402e-05, -7.573686161777005e-05, -6.942545587662607e-05, -6.311405741143972e-05, -5.680264803231694e-05, -5.0491242291172966e-05, -4.4179836550028995e-05, -3.786843080888502e-05, -3.155702870571986e-05, -2.5245621145586483e-05, -1.8934217223431915e-05, -1.2622811482287943e-05, -6.311405741143972e-06, 0.0]}, "gradients/embedding_user.weight": {"_type": "histogram", "values": [0.0, 0.0, 0.0, 0.0, 0.0, 0.0, 0.0, 0.0, 0.0, 0.0, 0.0, 0.0, 0.0, 0.0, 0.0, 0.0, 0.0, 0.0, 0.0, 0.0, 0.0, 0.0, 0.0, 0.0, 0.0, 0.0, 0.0, 0.0, 0.0, 0.0, 0.0, 0.0, 3392.0, 0.0, 0.0, 0.0, 0.0, 0.0, 0.0, 0.0, 0.0, 0.0, 0.0, 0.0, 0.0, 0.0, 0.0, 0.0, 0.0, 0.0, 0.0, 0.0, 0.0, 0.0, 0.0, 0.0, 0.0, 0.0, 0.0, 0.0, 0.0, 0.0, 0.0, 0.0], "bins": [0.0, 0.0, 0.0, 0.0, 0.0, 0.0, 0.0, 0.0, 0.0, 0.0, 0.0, 0.0, 0.0, 0.0, 0.0, 0.0, 0.0, 0.0, 0.0, 0.0, 0.0, 0.0, 0.0, 0.0, 0.0, 0.0, 0.0, 0.0, 0.0, 0.0, 0.0, 0.0, 0.0, 0.0, 0.0, 0.0, 0.0, 0.0, 0.0, 0.0, 0.0, 0.0, 0.0, 0.0, 0.0, 0.0, 0.0, 0.0, 0.0, 0.0, 0.0, 0.0, 0.0, 0.0, 0.0, 0.0, 0.0, 0.0, 0.0, 0.0, 0.0, 0.0, 0.0, 0.0, 0.0]}, "gradients/embedding_item.weight": {"_type": "histogram", "values": [1.0, 0.0, 1.0, 0.0, 0.0, 2.0, 6.0, 1.0, 5.0, 9.0, 7.0, 10.0, 22.0, 32.0, 46.0, 62.0, 90.0, 110.0, 169.0, 226.0, 338.0, 568.0, 777.0, 1187.0, 1823.0, 3070.0, 4888.0, 8453.0, 15261.0, 28855.0, 69208.0, 43018.0, 21104.0, 11707.0, 6428.0, 3982.0, 2287.0, 1520.0, 943.0, 640.0, 453.0, 313.0, 228.0, 154.0, 108.0, 76.0, 53.0, 30.0, 30.0, 7.0, 9.0, 12.0, 8.0, 2.0, 1.0, 6.0, 0.0, 2.0, 1.0, 1.0, 0.0, 1.0, 0.0, 1.0], "bins": [-0.00016541795048397034, -0.00016003914061002433, -0.00015466033073607832, -0.0001492815208621323, -0.00014390272554010153, -0.00013852391566615552, -0.0001331451057922095, -0.0001277662959182635, -0.00012238748604431748, -0.00011700867617037147, -0.00011162987357238308, -0.00010625106369843706, -0.00010087226110044867, -9.549345122650266e-05, -9.011464135255665e-05, -8.473583147861063e-05, -7.935703615657985e-05, -7.397822628263384e-05, -6.859942368464544e-05, -6.322061381069943e-05, -5.784180757473223e-05, -5.2463001338765025e-05, -4.7084191464819014e-05, -4.170538522885181e-05, -3.6326578992884606e-05, -3.09477727569174e-05, -2.5568964701960795e-05, -2.0190156647004187e-05, -1.4811350411036983e-05, -9.43254417506978e-06, -4.053734301123768e-06, 1.3250719348434359e-06, 6.70387817081064e-06, 1.2082685316272546e-05, 1.746149246173445e-05, 2.284030051669106e-05, 2.8219106752658263e-05, 3.359791298862547e-05, 3.897672286257148e-05, 4.435552909853868e-05, 4.9734335334505886e-05, 5.511314157047309e-05, 6.0491947806440294e-05, 6.58707576803863e-05, 7.124956755433232e-05, 7.662837015232071e-05, 8.200718002626672e-05, 8.738598262425512e-05, 9.276479249820113e-05, 9.814360237214714e-05, 0.00010352240497013554, 0.00010890121484408155, 0.00011428001744206995, 0.00011965882731601596, 0.00012503763718996197, 0.00013041644706390798, 0.00013579524238593876, 0.00014117405225988477, 0.00014655286213383079, 0.00015193165745586157, 0.00015731046732980758, 0.0001626892772037536, 0.0001680680870776996, 0.0001734468969516456, 0.00017882570682559162]}, "_wandb": {"runtime": 745}}