{"TOTAL_BEST_METRIC": 0.19972034243708559, "BEST_NDCG@10": 0.022048335787003333, "_timestamp": 1688340303.6120355, "_runtime": 1984.3674983978271, "_step": 1103, "epoch": 1000, "Train_Metric_loss": NaN, "Train_Reg_loss": NaN, "Pos_loss": NaN, "Neg_loss": NaN, "Recall@5": 0.00013653741125068268, "Recall@10": 0.000591662115419625, "Recall@20": 0.0010172037138175861, "NDCG@5": 5.281988083486368e-05, "NDCG@10": 0.00022000096810395565, "NDCG@20": 0.00034823243471569386, "Recall@5_total_best": 0.021880964891956147, "Recall@10_total_best": 0.039493076784857244, "Recall@20_total_best": 0.06994333549665335, "ndcg@5_total_best": 0.015787817264621903, "ndcg@10_total_best": 0.022048335787003333, "ndcg@20_total_best": 0.030566812211993595, "EPOCH_ndcg_best": 10, "Recall@5_ndcg_best": 0.021880964891956147, "Recall@10_ndcg_best": 0.039493076784857244, "Recall@20_ndcg_best": 0.06994333549665335, "ndcg@5_ndcg_best": 0.015787817264621903, "ndcg@10_ndcg_best": 0.022048335787003333, "ndcg@20_ndcg_best": 0.030566812211993595, "gradients/mass_i.weight": {"_type": "histogram", "values": [1.0, 0.0, 2.0, 1.0, 1.0, 0.0, 0.0, 0.0, 1.0, 0.0, 0.0, 1.0, 1.0, 2.0, 2.0, 1.0, 0.0, 2.0, 2.0, 2.0, 3.0, 5.0, 7.0, 4.0, 6.0, 13.0, 16.0, 13.0, 21.0, 36.0, 40.0, 74.0, 85.0, 102.0, 108.0, 7932.0, 39.0, 66.0, 40.0, 22.0, 13.0, 12.0, 6.0, 6.0, 12.0, 2.0, 1.0, 1.0, 1.0, 0.0, 0.0, 1.0, 1.0, 1.0, 1.0, 0.0, 2.0, 0.0, 0.0, 0.0, 0.0, 0.0, 0.0, 2.0], "bins": [-2.8122152798459865e-05, -2.7340005544829182e-05, -2.6557856472209096e-05, -2.5775709218578413e-05, -2.499356196494773e-05, -2.4211414711317047e-05, -2.3429267457686365e-05, -2.2647118385066278e-05, -2.1864971131435595e-05, -2.1082823877804913e-05, -2.0300674805184826e-05, -1.9518527551554143e-05, -1.873638029792346e-05, -1.7954233044292778e-05, -1.7172085790662095e-05, -1.638993671804201e-05, -1.5607789464411326e-05, -1.4825642210780643e-05, -1.4043494047655258e-05, -1.3261345884529874e-05, -1.2479198630899191e-05, -1.1697051377268508e-05, -1.0914903214143123e-05, -1.0132755051017739e-05, -9.350607797387056e-06, -8.568460543756373e-06, -7.786312380630989e-06, -7.004164672252955e-06, -6.222016963874921e-06, -5.4398692554968875e-06, -4.657721547118854e-06, -3.87557383874082e-06, -3.093424311373383e-06, -2.311276602995349e-06, -1.5291288946173154e-06, -7.469811862392817e-07, 3.516652213875204e-08, 8.173142305167858e-07, 1.5994619388948195e-06, 2.381609647272853e-06, 3.163757355650887e-06, 3.945905064028921e-06, 4.728052772406954e-06, 5.510200480784988e-06, 6.292348189163022e-06, 7.0744958975410555e-06, 7.85664360591909e-06, 8.638791769044474e-06, 9.420939022675157e-06, 1.020308627630584e-05, 1.0985234439431224e-05, 1.1767382602556609e-05, 1.2549529856187291e-05, 1.3331677109817974e-05, 1.4113825272943359e-05, 1.4895973436068743e-05, 1.5678120689699426e-05, 1.646026794333011e-05, 1.7242415196960792e-05, 1.802456426958088e-05, 1.880671152321156e-05, 1.9588858776842244e-05, 2.037100784946233e-05, 2.1153155103093013e-05, 2.1935302356723696e-05]}, "gradients/mass_u.weight": {"_type": "histogram", "values": [1.0, 0.0, 0.0, 1.0, 0.0, 0.0, 0.0, 0.0, 0.0, 0.0, 0.0, 0.0, 0.0, 0.0, 0.0, 0.0, 1.0, 0.0, 0.0, 1.0, 1.0, 0.0, 2.0, 0.0, 0.0, 0.0, 0.0, 1.0, 0.0, 0.0, 1.0, 1.0, 0.0, 1.0, 2.0, 2.0, 1.0, 2.0, 1.0, 2.0, 1.0, 2.0, 2.0, 2.0, 1.0, 5.0, 3.0, 8.0, 10.0, 6.0, 5.0, 8.0, 13.0, 29.0, 2.0, 29.0, 52.0, 75.0, 105.0, 0.0, 91.0, 31.0, 21.0, 14159.0], "bins": [-4.0219034417532384e-05, -3.959061359637417e-05, -3.8962189137237146e-05, -3.833376831607893e-05, -3.770534385694191e-05, -3.707692303578369e-05, -3.644849857664667e-05, -3.5820077755488455e-05, -3.519165329635143e-05, -3.456323247519322e-05, -3.3934808016056195e-05, -3.330638719489798e-05, -3.267796273576096e-05, -3.204954191460274e-05, -3.142111745546572e-05, -3.0792696634307504e-05, -3.0164275813149288e-05, -2.953585317300167e-05, -2.890743053285405e-05, -2.827900789270643e-05, -2.7650585252558812e-05, -2.7022164431400597e-05, -2.6393741791252978e-05, -2.576531915110536e-05, -2.513689651095774e-05, -2.450847387081012e-05, -2.3880051230662502e-05, -2.3251628590514883e-05, -2.2623207769356668e-05, -2.199478512920905e-05, -2.136636248906143e-05, -2.073793984891381e-05, -2.0109517208766192e-05, -1.9481094568618573e-05, -1.8852671928470954e-05, -1.8224249288323335e-05, -1.7595826648175716e-05, -1.69674058270175e-05, -1.6338983186869882e-05, -1.5710560546722263e-05, -1.5082137906574644e-05, -1.4453715266427025e-05, -1.3825292626279406e-05, -1.3196870895626489e-05, -1.256844825547887e-05, -1.1940025615331251e-05, -1.1311603884678334e-05, -1.0683181244530715e-05, -1.0054758604383096e-05, -9.426335964235477e-06, -8.797913324087858e-06, -8.169491593434941e-06, -7.541068953287322e-06, -6.912646313139703e-06, -6.284224127739435e-06, -5.655801942339167e-06, -5.027379302191548e-06, -4.398956662043929e-06, -3.770534476643661e-06, -3.1421120638697175e-06, -2.513689651095774e-06, -1.8852672383218305e-06, -1.256844825547887e-06, -6.28422640147619e-07, 0.0]}, "gradients/embedding_user.weight": {"_type": "histogram", "values": [0.0, 0.0, 0.0, 0.0, 0.0, 0.0, 0.0, 0.0, 0.0, 0.0, 0.0, 0.0, 0.0, 0.0, 0.0, 0.0, 0.0, 0.0, 0.0, 0.0, 0.0, 0.0, 0.0, 0.0, 0.0, 0.0, 0.0, 0.0, 0.0, 0.0, 0.0, 0.0, 5888.0, 0.0, 0.0, 0.0, 0.0, 0.0, 0.0, 0.0, 0.0, 0.0, 0.0, 0.0, 0.0, 0.0, 0.0, 0.0, 0.0, 0.0, 0.0, 0.0, 0.0, 0.0, 0.0, 0.0, 0.0, 0.0, 0.0, 0.0, 0.0, 0.0, 0.0, 0.0], "bins": [0.0, 0.0, 0.0, 0.0, 0.0, 0.0, 0.0, 0.0, 0.0, 0.0, 0.0, 0.0, 0.0, 0.0, 0.0, 0.0, 0.0, 0.0, 0.0, 0.0, 0.0, 0.0, 0.0, 0.0, 0.0, 0.0, 0.0, 0.0, 0.0, 0.0, 0.0, 0.0, 0.0, 0.0, 0.0, 0.0, 0.0, 0.0, 0.0, 0.0, 0.0, 0.0, 0.0, 0.0, 0.0, 0.0, 0.0, 0.0, 0.0, 0.0, 0.0, 0.0, 0.0, 0.0, 0.0, 0.0, 0.0, 0.0, 0.0, 0.0, 0.0, 0.0, 0.0, 0.0, 0.0]}, "_wandb": {"runtime": 1983}}