{"TOTAL_BEST_METRIC": 1.0185650585319452, "BEST_NDCG@10": 0.1276115787581714, "_timestamp": 1688327581.224519, "_runtime": 489.7274749279022, "_step": 1115, "epoch": 1000, "Train_Metric_loss": NaN, "Train_Reg_loss": NaN, "Pos_loss": NaN, "Neg_loss": NaN, "Recall@5": 0.0007852166725705515, "Recall@10": 0.003778486243948518, "Recall@20": 0.005806892363746774, "NDCG@5": 0.000556356529533085, "NDCG@10": 0.0016257618776651963, "NDCG@20": 0.002209725865082795, "Recall@5_total_best": 0.1372973148310136, "Recall@10_total_best": 0.2034818398855817, "Recall@20_total_best": 0.29314377422702836, "ndcg@5_total_best": 0.10425543357186356, "ndcg@10_total_best": 0.1276115787581714, "ndcg@20_total_best": 0.15277511725828666, "EPOCH_ndcg_best": 170, "Recall@5_ndcg_best": 0.1372973148310136, "Recall@10_ndcg_best": 0.2034818398855817, "Recall@20_ndcg_best": 0.29314377422702836, "ndcg@5_ndcg_best": 0.10425543357186356, "ndcg@10_ndcg_best": 0.1276115787581714, "ndcg@20_ndcg_best": 0.15277511725828666, "gradients/mass_i.weight": {"_type": "histogram", "values": [1.0, 0.0, 0.0, 0.0, 0.0, 0.0, 0.0, 0.0, 2.0, 0.0, 1.0, 0.0, 0.0, 3.0, 3.0, 4.0, 4.0, 2.0, 8.0, 6.0, 6.0, 11.0, 18.0, 28.0, 35.0, 43.0, 59.0, 65.0, 84.0, 92.0, 98.0, 64.0, 2771.0, 34.0, 28.0, 19.0, 24.0, 15.0, 10.0, 6.0, 2.0, 4.0, 1.0, 5.0, 2.0, 2.0, 2.0, 1.0, 0.0, 1.0, 0.0, 0.0, 1.0, 0.0, 0.0, 0.0, 2.0, 0.0, 0.0, 0.0, 0.0, 0.0, 0.0, 1.0], "bins": [-9.470400982536376e-05, -9.178670006804168e-05, -8.886939031071961e-05, -8.595207327743992e-05, -8.303476352011785e-05, -8.011745376279578e-05, -7.72001440054737e-05, -7.428282697219402e-05, -7.136551721487194e-05, -6.844820745754987e-05, -6.55308977002278e-05, -6.261358066694811e-05, -5.969627090962604e-05, -5.6778961152303964e-05, -5.386165139498189e-05, -5.094433799968101e-05, -4.802702824235894e-05, -4.5109718485036865e-05, -4.2192405089735985e-05, -3.927509533241391e-05, -3.635778193711303e-05, -3.344047217979096e-05, -3.052315878449008e-05, -2.7605849027168006e-05, -2.468853745085653e-05, -2.1771225874545053e-05, -1.8853914298233576e-05, -1.59366027219221e-05, -1.3019292055105325e-05, -1.0101980478793848e-05, -7.1846698119770736e-06, -4.267358235665597e-06, -1.3500466593541205e-06, 1.5672646895836806e-06, 4.484576038521482e-06, 7.401887160085607e-06, 1.0319198736397084e-05, 1.323651031270856e-05, 1.6153820979525335e-05, 1.907113255583681e-05, 2.1988444132148288e-05, 2.4905755708459765e-05, 2.782306728477124e-05, 3.074037886108272e-05, 3.365768861840479e-05, 3.657500201370567e-05, 3.9492311771027744e-05, 4.240962152834982e-05, 4.53269349236507e-05, 4.824424468097277e-05, 5.116155807627365e-05, 5.407886783359572e-05, 5.69961812288966e-05, 5.9913490986218676e-05, 6.283080438151956e-05, 6.574811413884163e-05, 6.86654238961637e-05, 7.158273365348577e-05, 7.450004341080785e-05, 7.741736044408754e-05, 8.033467020140961e-05, 8.325197995873168e-05, 8.616928971605375e-05, 8.908660674933344e-05, 9.200391650665551e-05]}, "gradients/mass_u.weight": {"_type": "histogram", "values": [1.0, 0.0, 1.0, 0.0, 1.0, 0.0, 0.0, 0.0, 0.0, 0.0, 0.0, 0.0, 0.0, 0.0, 0.0, 0.0, 0.0, 0.0, 0.0, 0.0, 1.0, 0.0, 0.0, 0.0, 0.0, 0.0, 0.0, 0.0, 0.0, 0.0, 0.0, 1.0, 0.0, 0.0, 0.0, 1.0, 1.0, 1.0, 1.0, 2.0, 0.0, 1.0, 3.0, 3.0, 1.0, 6.0, 1.0, 2.0, 7.0, 8.0, 3.0, 1.0, 13.0, 8.0, 13.0, 20.0, 20.0, 20.0, 31.0, 44.0, 160.0, 63.0, 51.0, 5051.0], "bins": [-0.00027753799804486334, -0.0002732014690991491, -0.00026886494015343487, -0.00026452841120772064, -0.0002601918822620064, -0.00025585535331629217, -0.0002515187952667475, -0.00024718226632103324, -0.00024284575192723423, -0.00023850922298152, -0.00023417269403580576, -0.0002298361505381763, -0.00022549962159246206, -0.00022116309264674783, -0.0002168265637010336, -0.00021249003475531936, -0.00020815350580960512, -0.00020381697686389089, -0.00019948044791817665, -0.00019514391897246242, -0.00019080737547483295, -0.00018647084652911872, -0.00018213431758340448, -0.00017779778863769025, -0.00017346124514006078, -0.00016912471619434655, -0.0001647881872486323, -0.00016045165830291808, -0.0001561151148052886, -0.00015177858585957438, -0.00014744205691386014, -0.0001431055279681459, -0.00013876899902243167, -0.00013443247007671744, -0.0001300959411310032, -0.00012575939763337374, -0.00012142287596361712, -0.00011708633974194527, -0.00011274981079623103, -0.0001084132818505168, -0.00010407675290480256, -9.974022395908833e-05, -9.540368773741648e-05, -9.106715879170224e-05, -8.6730629845988e-05, -8.239409362431616e-05, -7.805756467860192e-05, -7.372103573288769e-05, -6.938449951121584e-05, -6.50479705655016e-05, -6.071143798180856e-05, -5.6374905398115516e-05, -5.203837645240128e-05, -4.770184386870824e-05, -4.3365311285015196e-05, -3.902878233930096e-05, -3.469224975560792e-05, -3.035571899090428e-05, -2.601918822620064e-05, -2.1682655642507598e-05, -1.734612487780396e-05, -1.300959411310032e-05, -8.673061529407278e-06, -4.336530764703639e-06, 0.0]}, "gradients/embedding_user.weight": {"_type": "histogram", "values": [0.0, 0.0, 0.0, 0.0, 0.0, 0.0, 0.0, 0.0, 0.0, 0.0, 0.0, 0.0, 0.0, 0.0, 0.0, 0.0, 0.0, 0.0, 0.0, 0.0, 0.0, 0.0, 0.0, 0.0, 0.0, 0.0, 0.0, 0.0, 0.0, 0.0, 0.0, 0.0, 3392.0, 0.0, 0.0, 0.0, 0.0, 0.0, 0.0, 0.0, 0.0, 0.0, 0.0, 0.0, 0.0, 0.0, 0.0, 0.0, 0.0, 0.0, 0.0, 0.0, 0.0, 0.0, 0.0, 0.0, 0.0, 0.0, 0.0, 0.0, 0.0, 0.0, 0.0, 0.0], "bins": [0.0, 0.0, 0.0, 0.0, 0.0, 0.0, 0.0, 0.0, 0.0, 0.0, 0.0, 0.0, 0.0, 0.0, 0.0, 0.0, 0.0, 0.0, 0.0, 0.0, 0.0, 0.0, 0.0, 0.0, 0.0, 0.0, 0.0, 0.0, 0.0, 0.0, 0.0, 0.0, 0.0, 0.0, 0.0, 0.0, 0.0, 0.0, 0.0, 0.0, 0.0, 0.0, 0.0, 0.0, 0.0, 0.0, 0.0, 0.0, 0.0, 0.0, 0.0, 0.0, 0.0, 0.0, 0.0, 0.0, 0.0, 0.0, 0.0, 0.0, 0.0, 0.0, 0.0, 0.0, 0.0]}, "gradients/embedding_item.weight": {"_type": "histogram", "values": [1.0, 2.0, 2.0, 1.0, 1.0, 2.0, 7.0, 4.0, 13.0, 21.0, 14.0, 26.0, 38.0, 53.0, 59.0, 117.0, 122.0, 156.0, 237.0, 259.0, 394.0, 531.0, 870.0, 1492.0, 4053.0, 17349.0, 128322.0, 57926.0, 9764.0, 2760.0, 1250.0, 712.0, 446.0, 326.0, 241.0, 157.0, 114.0, 85.0, 68.0, 70.0, 43.0, 51.0, 39.0, 37.0, 19.0, 18.0, 13.0, 11.0, 12.0, 13.0, 4.0, 4.0, 7.0, 3.0, 2.0, 3.0, 2.0, 2.0, 2.0, 0.0, 0.0, 0.0, 1.0, 1.0], "bins": [-0.00045717807370238006, -0.00044012709986418486, -0.0004230760969221592, -0.000406025123083964, -0.0003889741492457688, -0.0003719231463037431, -0.0003548721724655479, -0.0003378211986273527, -0.00032077019568532705, -0.00030371922184713185, -0.0002866682189051062, -0.000269617245066911, -0.0002525662421248853, -0.00023551526828669012, -0.0002184642944484949, -0.00020141330605838448, -0.00018436231766827404, -0.0001673113292781636, -0.00015026034088805318, -0.00013320936704985797, -0.00011615837865974754, -9.910739026963711e-05, -8.205640915548429e-05, -6.500542804133147e-05, -4.795443965122104e-05, -3.090345489908941e-05, -1.3852470146957785e-05, 3.198514605173841e-06, 2.0249499357305467e-05, 3.73004877474159e-05, 5.435146886156872e-05, 7.140244997572154e-05, 8.845346746966243e-05, 0.00010550445585977286, 0.0001225554442498833, 0.0001396064180880785, 0.00015665740647818893, 0.00017370839486829937, 0.00019075936870649457, 0.000207810357096605, 0.00022486134548671544, 0.00024191233387682587, 0.0002589633222669363, 0.0002760142961051315, 0.0002930652699433267, 0.0003101162728853524, 0.0003271672467235476, 0.0003442182205617428, 0.00036126922350376844, 0.00037832019734196365, 0.0003953712002839893, 0.0004124221741221845, 0.0004294731770642102, 0.0004465241509024054, 0.0004635751247406006, 0.00048062612768262625, 0.0004976771306246519, 0.0005147281335666776, 0.0005317790783010423, 0.000548830081243068, 0.0005658810841850936, 0.0005829320289194584, 0.000599983031861484, 0.0006170340348035097, 0.0006340849795378745]}, "_wandb": {"runtime": 488}}