{"TOTAL_BEST_METRIC": 1.043663445390723, "BEST_NDCG@10": 0.13151260953163263, "_timestamp": 1688409160.22601, "_runtime": 1081.9925961494446, "_step": 1206, "epoch": 1000, "Train_Metric_loss": 1.7879183292388916, "Train_Reg_loss": 4.215463704895228e-05, "Pos_loss": 8.665520668029785, "Neg_loss": 0.12145211547613144, "Recall@5": 0.14549063813284405, "Recall@10": 0.20830566528242575, "Recall@20": 0.29252304994796186, "NDCG@5": 0.10850020528207886, "NDCG@10": 0.13054530481939888, "NDCG@20": 0.1545150318046525, "Recall@5_total_best": 0.14670498611434904, "Recall@10_total_best": 0.2099413454166237, "Recall@20_total_best": 0.2936334019881757, "ndcg@5_total_best": 0.10853618142810775, "ndcg@10_total_best": 0.13049380103444724, "ndcg@20_total_best": 0.15435372940901962, "EPOCH_ndcg_best": 890, "Recall@5_ndcg_best": 0.1432299940500902, "Recall@10_ndcg_best": 0.21019062548300763, "Recall@20_ndcg_best": 0.29389696827193323, "ndcg@5_ndcg_best": 0.10816836010637244, "ndcg@10_ndcg_best": 0.13151260953163263, "ndcg@20_ndcg_best": 0.1553387390652097, "gradients/mass_i.weight": {"_type": "histogram", "values": [1.0, 0.0, 0.0, 0.0, 0.0, 0.0, 0.0, 0.0, 0.0, 0.0, 0.0, 0.0, 0.0, 0.0, 0.0, 1.0, 0.0, 1.0, 0.0, 0.0, 1.0, 1.0, 1.0, 0.0, 3.0, 0.0, 3.0, 1.0, 1.0, 5.0, 5.0, 7.0, 6.0, 8.0, 18.0, 20.0, 21.0, 28.0, 40.0, 48.0, 93.0, 68.0, 93.0, 189.0, 93.0, 2368.0, 85.0, 137.0, 47.0, 103.0, 19.0, 31.0, 7.0, 3.0, 5.0, 3.0, 0.0, 1.0, 2.0, 0.0, 0.0, 0.0, 0.0, 1.0], "bins": [-0.0021971971727907658, -0.0021493565291166306, -0.002101516118273139, -0.0020536757074296474, -0.0020058350637555122, -0.001957994420081377, -0.0019101540092378855, -0.001862313481979072, -0.0018144729547202587, -0.0017666324274614453, -0.001718791900202632, -0.0016709513729438186, -0.0016231108456850052, -0.0015752703184261918, -0.0015274297911673784, -0.001479589263908565, -0.0014317487366497517, -0.0013839082093909383, -0.001336067682132125, -0.0012882271548733115, -0.0012403866276144981, -0.0011925461003556848, -0.0011447055730968714, -0.001096865045838058, -0.0010490245185792446, -0.0010011839913204312, -0.0009533434640616179, -0.0009055029368028045, -0.0008576624095439911, -0.0008098218822851777, -0.0007619813550263643, -0.0007141408277675509, -0.0006663001840934157, -0.0006184596568346024, -0.000570619129575789, -0.0005227786023169756, -0.0004749380750581622, -0.00042709754779934883, -0.00037925702054053545, -0.00033141649328172207, -0.0002835759660229087, -0.0002357354387640953, -0.00018789491150528193, -0.00014005438424646854, -9.221385698765516e-05, -4.437332972884178e-05, 3.4671975299715996e-06, 5.130772478878498e-05, 9.914825204759836e-05, 0.00014698877930641174, 0.00019482930656522512, 0.0002426698338240385, 0.0002905103610828519, 0.00033835088834166527, 0.00038619141560047865, 0.00043403194285929203, 0.0004818724701181054, 0.0005297129973769188, 0.0005775535246357322, 0.0006253940518945456, 0.0006732345791533589, 0.0007210751064121723, 0.0007689156336709857, 0.0008167561609297991, 0.0008645966881886125]}, "gradients/mass_u.weight": {"_type": "histogram", "values": [1.0, 0.0, 0.0, 0.0, 0.0, 0.0, 0.0, 0.0, 0.0, 0.0, 0.0, 0.0, 1.0, 0.0, 0.0, 0.0, 1.0, 0.0, 0.0, 0.0, 0.0, 1.0, 1.0, 0.0, 1.0, 0.0, 0.0, 0.0, 1.0, 0.0, 0.0, 0.0, 0.0, 0.0, 0.0, 0.0, 1.0, 0.0, 1.0, 0.0, 0.0, 0.0, 1.0, 0.0, 2.0, 3.0, 1.0, 5.0, 2.0, 1.0, 1.0, 3.0, 9.0, 3.0, 10.0, 11.0, 8.0, 26.0, 22.0, 37.0, 116.0, 90.0, 114.0, 5067.0], "bins": [-0.004095705226063728, -0.004031709861010313, -0.003967714495956898, -0.0039037191309034824, -0.003839723765850067, -0.003775728167966008, -0.003711732802912593, -0.0036477374378591776, -0.0035837420728057623, -0.003519746707752347, -0.0034557513426989317, -0.0033917559776455164, -0.0033277603797614574, -0.003263765014708042, -0.003199769649654627, -0.0031357742846012115, -0.0030717789195477962, -0.003007783554494381, -0.0029437881894409657, -0.0028797928243875504, -0.002815797459334135, -0.002751801861450076, -0.002687806496396661, -0.0026238111313432455, -0.00255981576628983, -0.002495820401236415, -0.0024318250361829996, -0.0023678296711295843, -0.0023038340732455254, -0.00223983870819211, -0.0021758433431386948, -0.0021118479780852795, -0.002047852613031864, -0.001983857247978449, -0.0019198618829250336, -0.0018558664014562964, -0.0017918710364028811, -0.0017278756713494658, -0.0016638801898807287, -0.0015998848248273134, -0.0015358894597738981, -0.0014718940947204828, -0.0014078987296670675, -0.0013439032481983304, -0.001279907883144915, -0.0012159125180914998, -0.0011519170366227627, -0.0010879216715693474, -0.001023926306515932, -0.0009599309414625168, -0.0008959355182014406, -0.0008319400949403644, -0.0007679447298869491, -0.0007039493648335338, -0.0006399539415724576, -0.0005759585183113813, -0.000511963153257966, -0.0004479677591007203, -0.00038397236494347453, -0.0003199769707862288, -0.000255981576628983, -0.00019198618247173727, -0.0001279907883144915, -6.399539415724576e-05, 0.0]}, "gradients/embedding_user.weight": {"_type": "histogram", "values": [1.0, 0.0, 1.0, 0.0, 0.0, 0.0, 0.0, 0.0, 1.0, 1.0, 0.0, 1.0, 1.0, 3.0, 8.0, 2.0, 6.0, 6.0, 8.0, 18.0, 14.0, 41.0, 54.0, 77.0, 131.0, 205.0, 352.0, 605.0, 1058.0, 1726.0, 2981.0, 6265.0, 20616.0, 71495.0, 128564.0, 80621.0, 24724.0, 7052.0, 3320.0, 1904.0, 1104.0, 680.0, 366.0, 208.0, 115.0, 95.0, 52.0, 37.0, 24.0, 22.0, 23.0, 5.0, 6.0, 3.0, 8.0, 3.0, 5.0, 0.0, 1.0, 4.0, 0.0, 0.0, 0.0, 1.0], "bins": [-0.0018803890561684966, -0.0018259985372424126, -0.0017716080183163285, -0.0017172174993902445, -0.0016628268640488386, -0.0016084364615380764, -0.0015540458261966705, -0.0014996553072705865, -0.0014452647883445024, -0.0013908742694184184, -0.0013364837504923344, -0.0012820932315662503, -0.0012277027126401663, -0.0011733120772987604, -0.0011189215583726764, -0.0010645310394465923, -0.0010101405205205083, -0.0009557500015944242, -0.0009013594826683402, -0.0008469689055345953, -0.0007925783866085112, -0.0007381878676824272, -0.0006837972905486822, -0.0006294067716225982, -0.0005750162526965141, -0.0005206257337704301, -0.0004662351857405156, -0.0004118446377106011, -0.00035745411878451705, -0.000303063599858433, -0.0002486730518285185, -0.000194282503798604, -0.00013989198487251997, -8.55014513945207e-05, -3.111091791652143e-05, 2.327961556147784e-05, 7.767014903947711e-05, 0.00013206066796556115, 0.00018645121599547565, 0.00024084176402539015, 0.0002952322829514742, 0.00034962280187755823, 0.00040401334990747273, 0.00045840389793738723, 0.0005127944168634713, 0.0005671849357895553, 0.0006215755129233003, 0.0006759660318493843, 0.0007303565507754683, 0.0007847470697015524, 0.0008391375886276364, 0.0008935281657613814, 0.0009479186846874654, 0.0010023091454058886, 0.0010566997807472944, 0.0011110902996733785, 0.0011654808185994625, 0.0012198713375255466, 0.0012742618564516306, 0.0013286523753777146, 0.0013830428943037987, 0.0014374335296452045, 0.0014918240485712886, 0.0015462145674973726, 0.0016006050864234567]}, "gradients/embedding_item.weight": {"_type": "histogram", "values": [1.0, 0.0, 0.0, 2.0, 2.0, 2.0, 2.0, 3.0, 9.0, 9.0, 15.0, 17.0, 30.0, 29.0, 48.0, 72.0, 101.0, 144.0, 189.0, 261.0, 345.0, 503.0, 681.0, 1061.0, 1572.0, 2267.0, 3549.0, 5533.0, 8262.0, 12864.0, 18490.0, 25453.0, 54446.0, 29387.0, 20613.0, 14532.0, 9444.0, 6186.0, 4048.0, 2599.0, 1664.0, 1151.0, 767.0, 546.0, 402.0, 280.0, 197.0, 159.0, 108.0, 85.0, 73.0, 45.0, 32.0, 21.0, 17.0, 9.0, 8.0, 2.0, 1.0, 6.0, 4.0, 1.0, 1.0, 2.0],