{"TOTAL_BEST_METRIC": 0.953809505754295, "BEST_NDCG@10": 0.11870032348679174, "_timestamp": 1688298874.7792115, "_runtime": 191.12734055519104, "_step": 619, "epoch": 497, "Train_Metric_loss": -2.9757994651794433, "Train_Reg_loss": 6.99452095432207e-05, "Pos_loss": 5.016998291015625, "Neg_loss": -8.122567176818848, "Recall@5": 0.129212600989546, "Recall@10": 0.1914306430757295, "Recall@20": 0.27506567214255007, "NDCG@5": 0.09675127365313486, "NDCG@10": 0.11870032348679174, "NDCG@20": 0.14264899240654288, "Recall@5_total_best": 0.129212600989546, "Recall@10_total_best": 0.1914306430757295, "Recall@20_total_best": 0.27506567214255007, "ndcg@5_total_best": 0.09675127365313486, "ndcg@10_total_best": 0.11870032348679174, "ndcg@20_total_best": 0.14264899240654288, "EPOCH_ndcg_best": 490, "Recall@5_ndcg_best": 0.129212600989546, "Recall@10_ndcg_best": 0.1914306430757295, "Recall@20_ndcg_best": 0.27506567214255007, "ndcg@5_ndcg_best": 0.09675127365313486, "ndcg@10_ndcg_best": 0.11870032348679174, "ndcg@20_ndcg_best": 0.14264899240654288, "gradients/mass_i.weight": {"_type": "histogram", "values": [1.0, 1.0, 0.0, 0.0, 0.0, 1.0, 1.0, 0.0, 0.0, 0.0, 0.0, 1.0, 0.0, 1.0, 1.0, 0.0, 0.0, 1.0, 3.0, 0.0, 2.0, 5.0, 1.0, 5.0, 2.0, 7.0, 3.0, 10.0, 20.0, 7.0, 21.0, 8.0, 32.0, 27.0, 0.0, 94.0, 7.0, 0.0, 179.0, 0.0, 2875.0, 0.0, 0.0, 128.0, 0.0, 15.0, 45.0, 0.0, 25.0, 15.0, 5.0, 7.0, 3.0, 2.0, 5.0, 0.0, 0.0, 1.0, 0.0, 0.0, 0.0, 0.0, 0.0, 1.0], "bins": [-0.0018815759103745222, -0.0018355436623096466, -0.001789511414244771, -0.0017434791661798954, -0.001697446801699698, -0.0016514145536348224, -0.0016053823055699468, -0.0015593500575050712, -0.0015133176930248737, -0.0014672854449599981, -0.0014212531968951225, -0.001375220948830247, -0.0013291885843500495, -0.001283156336285174, -0.0012371240882202983, -0.0011910918401554227, -0.001145059592090547, -0.0010990273440256715, -0.0010529950959607959, -0.0010069627314805984, -0.0009609304834157228, -0.0009148982353508472, -0.0008688659872859716, -0.000822833739221096, -0.0007768014329485595, -0.0007307691848836839, -0.0006847368786111474, -0.0006387046305462718, -0.0005926723824813962, -0.0005466400762088597, -0.0005006078281439841, -0.000454575550975278, -0.0004085433902218938, -0.00036251111305318773, -0.00031647883588448167, -0.00027044658781960607, -0.0002244143106509, -0.00017838203348219395, -0.00013234978541731834, -8.631750824861228e-05, -4.0285231079906225e-05, 5.74703881284222e-06, 5.1779308705590665e-05, 9.78115713223815e-05, 0.00014384384849108756, 0.00018987612565979362, 0.00023590837372466922, 0.0002819406508933753, 0.00032797292806208134, 0.0003740052052307874, 0.00042003748239949346, 0.00046606973046436906, 0.0005121020367369056, 0.0005581342848017812, 0.0006041665328666568, 0.0006501987809315324, 0.0006962310872040689, 0.0007422633352689445, 0.000788295641541481, 0.0008343278896063566, 0.0008803601376712322, 0.0009263924439437687, 0.0009724246920086443, 0.0010184569982811809, 0.0010644892463460565]}, "gradients/mass_u.weight": {"_type": "histogram", "values": [0.0, 0.0, 0.0, 0.0, 0.0, 0.0, 0.0, 0.0, 0.0, 0.0, 0.0, 0.0, 0.0, 0.0, 0.0, 0.0, 0.0, 0.0, 0.0, 0.0, 0.0, 0.0, 0.0, 0.0, 0.0, 0.0, 0.0, 0.0, 0.0, 0.0, 0.0, 0.0, 5541.0, 0.0, 0.0, 0.0, 0.0, 0.0, 0.0, 0.0, 0.0, 0.0, 0.0, 0.0, 0.0, 0.0, 0.0, 0.0, 0.0, 0.0, 0.0, 0.0, 0.0, 0.0, 0.0, 0.0, 0.0, 0.0, 0.0, 0.0, 0.0, 0.0, 0.0, 0.0], "bins": [0.0, 0.0, 0.0, 0.0, 0.0, 0.0, 0.0, 0.0, 0.0, 0.0, 0.0, 0.0, 0.0, 0.0, 0.0, 0.0, 0.0, 0.0, 0.0, 0.0, 0.0, 0.0, 0.0, 0.0, 0.0, 0.0, 0.0, 0.0, 0.0, 0.0, 0.0, 0.0, 0.0, 0.0, 0.0, 0.0, 0.0, 0.0, 0.0, 0.0, 0.0, 0.0, 0.0, 0.0, 0.0, 0.0, 0.0, 0.0, 0.0, 0.0, 0.0, 0.0, 0.0, 0.0, 0.0, 0.0, 0.0, 0.0, 0.0, 0.0, 0.0, 0.0, 0.0, 0.0, 0.0]}, "gradients/embedding_user.weight": {"_type": "histogram", "values": [1.0, 0.0, 0.0, 0.0, 0.0, 1.0, 1.0, 0.0, 0.0, 1.0, 0.0, 1.0, 1.0, 1.0, 1.0, 4.0, 2.0, 1.0, 6.0, 11.0, 22.0, 34.0, 44.0, 108.0, 210.0, 417.0, 735.0, 1353.0, 2362.0, 4247.0, 7385.0, 40519.0, 190952.0, 84066.0, 10668.0, 4943.0, 2923.0, 1684.0, 880.0, 476.0, 247.0, 138.0, 67.0, 46.0, 24.0, 15.0, 7.0, 2.0, 5.0, 5.0, 1.0, 1.0, 0.0, 1.0, 1.0, 0.0, 0.0, 1.0, 1.0, 0.0, 1.0, 0.0, 0.0, 1.0], "bins": [-0.003037363989278674, -0.002944381907582283, -0.002851399825885892, -0.002758417744189501, -0.0026654358953237534, -0.0025724538136273623, -0.002479471731930971, -0.00238648965023458, -0.002293507568538189, -0.002200525486841798, -0.0021075434051454067, -0.0020145615562796593, -0.0019215794745832682, -0.001828597392886877, -0.001735615311190486, -0.0016426332294940948, -0.0015496513806283474, -0.0014566692989319563, -0.001363687333650887, -0.001270705251954496, -0.0011777232866734266, -0.0010847412049770355, -0.0009917591232806444, -0.0008987770997919142, -0.000805795076303184, -0.0007128130528144538, -0.0006198310293257236, -0.0005268489476293325, -0.00043386692414060235, -0.00034088490065187216, -0.00024790281895548105, -0.00015492079546675086, -6.193877197802067e-05, 3.104326606262475e-05, 0.00012402530410327017, 0.00021700735669583082, 0.000309989380184561, 0.0004029714036732912, 0.0004959534853696823, 0.0005889355088584125, 0.0006819175323471427, 0.0007748995558358729, 0.0008678815793246031, 0.0009608636610209942, 0.0010538457427173853, 0.0011468277079984546, 0.0012398097896948457, 0.001332791754975915, 0.001425773836672306, 0.0015187559183686972, 0.0016117378836497664, 0.0017047199653461576, 0.0017977019306272268, 0.001890684012323618, 0.001983666094020009, 0.0020766481757164, 0.0021696300245821476, 0.0022626121062785387, 0.00235559418797493, 0.0024485760368406773, 0.0025415581185370684, 0.0026345402002334595, 0.0027275222819298506, 0.0028205043636262417, 0.002913486445322633]}, "gradients/embedding_item.weight": {"_type": "histogram", "values": [2.0, 0.0, 0.0, 2.0, 0.0, 3.0, 4.0, 0.0, 7.0, 9.0, 8.0, 17.0, 17.0, 43.0, 49.0, 60.0, 100.0, 156.0, 243.0, 308.0, 522.0, 873.0, 1407.0, 2309.0, 3884.0, 6458.0, 10679.0, 16774.0, 24084.0, 36009.0, 47088.0, 26483.0, 19099.0, 12372.0, 7590.0, 4499.0, 2673.0, 1687.0, 979.0, 645.0, 409.0, 261.0, 171.0, 105.0, 81.0, 67.0, 38.0, 19.0, 16.0, 13.0, 9.0, 7.0, 5.0, 0.0, 1.0, 0.0, 4.0, 0.0, 2.0, 0.0, 0.0, 0.0, 1.0, 1.0], "bins": [-0.0016984998947009444, -0.0016421731561422348, -0.0015858463011682034, -0.0015295195626094937, -0.0014731928240507841, -0.0014168660854920745, -0.0013605393469333649, -0.0013042124919593334, -0.0012478857534006238, -0.0011915590148419142, -0.0011352321598678827, -0.001078905421309173, -0.0010225786827504635, -0.0009662519441917539, -0.0009099251474253833, -0.0008535983506590128, -0.0007972716121003032, -0.0007409448735415936, -0.000684618076775223, -0.0006282912800088525, -0.0005719645414501429, -0.0005156378028914332, -0.0004593110061250627, -0.0004029842384625226, -0.00034665747079998255, -0.00029033070313744247, -0.0002340039354749024, -0.0001776771678123623, -0.00012135040014982224, -6.502363248728216e-05, -8.696864824742079e-06, 4.7629902837798e-05, 0.00010395655408501625, 0.00016028332174755633, 0.0002166100894100964, 0.0002729368570726365, 0.00032926362473517656, 0.00038559039239771664, 0.0004419171600602567, 0.0004982439568266273, 0.0005545706953853369, 0.0006108974339440465, 0.000667224230710417, 0.0007235510274767876, 0.0007798777660354972, 0.0008362045045942068, 0.0008925313013605773, 0.0009488580981269479, 0.0010051848366856575, 0.0010615115752443671, 0.0011178383138030767, 0.0011741651687771082, 0.0012304919073358178, 0.0012868186458945274, 0.0013431455008685589, 0.0013994722394272685, 0.0014557989779859781, 0.0015121257165446877, 0.0015684524551033974, 0.0016247793100774288, 0.0016811060486361384, 0.001737432787194848, 0.0017937596421688795, 0.0018500863807275891, 0.0019064131192862988]}, "_wandb": {"runtime": 190}}