{"TOTAL_BEST_METRIC": 1.0949933461776435, "BEST_NDCG@10": 0.14030095557957314, "_timestamp": 1688385961.8752162, "_runtime": 690.5824122428894, "_step": 1236, "epoch": 1000, "Train_Metric_loss": 2.44091911315918, "Train_Reg_loss": 3.5026106343138966e-05, "Pos_loss": 8.620588302612305, "Neg_loss": 0.19571185111999512, "Recall@5": 0.15202730560203012, "Recall@10": 0.21836467287065756, "Recall@20": 0.30193618012847273, "NDCG@5": 0.11639860715120444, "NDCG@10": 0.13957226088748817, "NDCG@20": 0.16349926694940461, "Recall@5_total_best": 0.1505055793061274, "Recall@10_total_best": 0.22012115968293605, "Recall@20_total_best": 0.30480660544841987, "ndcg@5_total_best": 0.11559485844225247, "ndcg@10_total_best": 0.1399021148291741, "ndcg@20_total_best": 0.16406302846873363, "EPOCH_ndcg_best": 990, "Recall@5_ndcg_best": 0.15009230737319554, "Recall@10_ndcg_best": 0.21970380044517301, "Recall@20_ndcg_best": 0.30384158864918415, "ndcg@5_ndcg_best": 0.11608836266557761, "ndcg@10_ndcg_best": 0.14030095557957314, "ndcg@20_ndcg_best": 0.16426101441489646, "gradients/mass_i.weight": {"_type": "histogram", "values": [2.0, 0.0, 0.0, 0.0, 0.0, 0.0, 2.0, 0.0, 0.0, 0.0, 0.0, 1.0, 0.0, 2.0, 1.0, 1.0, 2.0, 1.0, 2.0, 1.0, 3.0, 3.0, 5.0, 2.0, 4.0, 2.0, 6.0, 2.0, 12.0, 4.0, 7.0, 13.0, 4.0, 13.0, 23.0, 27.0, 43.0, 53.0, 68.0, 92.0, 59.0, 121.0, 195.0, 129.0, 93.0, 2201.0, 92.0, 107.0, 58.0, 33.0, 31.0, 15.0, 17.0, 4.0, 2.0, 4.0, 3.0, 1.0, 1.0, 0.0, 0.0, 0.0, 0.0, 1.0], "bins": [-0.0017155888490378857, -0.0016776109114289284, -0.0016396328574046493, -0.001601654919795692, -0.0015636769821867347, -0.0015256989281624556, -0.0014877209905534983, -0.001449743052944541, -0.0014117651153355837, -0.0013737871777266264, -0.0013358091237023473, -0.00129783118609339, -0.0012598532484844327, -0.0012218751944601536, -0.0011838972568511963, -0.001145919319242239, -0.0011079412652179599, -0.0010699633276090026, -0.0010319852735847235, -0.0009940073359757662, -0.0009560293983668089, -0.0009180514025501907, -0.0008800734067335725, -0.0008420954691246152, -0.000804117473307997, -0.0007661394774913788, -0.0007281615398824215, -0.0006901835440658033, -0.0006522055482491851, -0.0006142276106402278, -0.0005762496148236096, -0.0005382716190069914, -0.0005002936813980341, -0.00046231571468524635, -0.0004243377479724586, -0.0003863597521558404, -0.00034838178544305265, -0.0003104038187302649, -0.0002724258229136467, -0.00023444785620085895, -0.0001964698894880712, -0.00015849192277528346, -0.00012051394151058048, -8.253596752183512e-05, -4.455799353308976e-05, -6.58002682030201e-06, 3.1397954444400966e-05, 6.937593570910394e-05, 0.00010735390242189169, 0.00014533186913467944, 0.0001833098503993824, 0.0002212878316640854, 0.00025926579837687314, 0.0002972437650896609, 0.0003352217609062791, 0.00037319972761906683, 0.0004111776943318546, 0.00044915566104464233, 0.0004871336277574301, 0.0005251116235740483, 0.0005630896193906665, 0.0006010675569996238, 0.000639045552816242, 0.0006770235486328602, 0.0007150014862418175]}, "gradients/mass_u.weight": {"_type": "histogram", "values": [1.0, 0.0, 0.0, 0.0, 0.0, 0.0, 0.0, 0.0, 1.0, 0.0, 0.0, 0.0, 0.0, 0.0, 0.0, 0.0, 0.0, 0.0, 0.0, 1.0, 0.0, 0.0, 0.0, 1.0, 0.0, 0.0, 0.0, 0.0, 0.0, 0.0, 1.0, 0.0, 0.0, 0.0, 1.0, 0.0, 1.0, 0.0, 0.0, 0.0, 0.0, 0.0, 0.0, 0.0, 1.0, 2.0, 0.0, 1.0, 0.0, 1.0, 2.0, 2.0, 6.0, 11.0, 5.0, 13.0, 9.0, 7.0, 21.0, 47.0, 74.0, 177.0, 105.0, 5050.0], "bins": [-0.0052182795479893684, -0.0051367441192269325, -0.005055208224803209, -0.004973672796040773, -0.00489213690161705, -0.004810601472854614, -0.004729066044092178, -0.004647530149668455, -0.004565994720906019, -0.004484459292143583, -0.00440292339771986, -0.004321387968957424, -0.004239852074533701, -0.004158316645771265, -0.004076780751347542, -0.003995245322585106, -0.00391370989382267, -0.0038321742322295904, -0.003750638570636511, -0.003669103141874075, -0.0035875674802809954, -0.003506031818687916, -0.0034244961570948362, -0.0033429604955017567, -0.0032614246010780334, -0.003179888939484954, -0.0030983532778918743, -0.0030168178491294384, -0.002935282187536359, -0.0028537465259432793, -0.0027722108643501997, -0.00269067520275712, -0.0026091397739946842, -0.0025276041124016047, -0.002446068450808525, -0.002364533022046089, -0.0022829973604530096, -0.00220146169885993, -0.0021199260372668505, -0.002038390375673771, -0.001956854946911335, -0.0018753192853182554, -0.0017937837401404977, -0.0017122480785474181, -0.0016307125333696604, -0.0015491768717765808, -0.0014676412101835012, -0.0013861055485904217, -0.0013045698869973421, -0.0012230342254042625, -0.0011414986802265048, -0.0010599630186334252, -0.0009784274734556675, -0.0008968918118625879, -0.0008153561502695084, -0.0007338205468840897, -0.0006522849434986711, -0.0005707493401132524, -0.0004892137367278337, -0.0004076780751347542, -0.00032614247174933553, -0.0002446068683639169, -0.0001630712067708373, -8.153560338541865e-05, 0.0]}, "gradients/embedding_user.weight": {"_type": "histogram", "values": [1.0, 0.0, 1.0, 0.0, 0.0, 0.0, 1.0, 1.0, 0.0, 0.0, 0.0, 1.0, 0.0, 1.0, 1.0, 0.0, 0.0, 3.0, 1.0, 1.0, 7.0, 9.0, 10.0, 23.0, 27.0, 40.0, 63.0, 117.0, 189.0, 341.0, 798.0, 1972.0, 6046.0, 42141.0, 190762.0, 95140.0, 11655.0, 2993.0, 1140.0, 508.0, 242.0, 140.0, 86.0, 52.0, 32.0, 25.0, 21.0, 11.0, 7.0, 0.0, 3.0, 2.0, 0.0, 3.0, 1.0, 2.0, 1.0, 1.0, 1.0, 0.0, 0.0, 0.0, 0.0, 1.0], "bins": [-0.0007959020440466702, -0.0007729659555479884, -0.0007500298670493066, -0.0007270937785506248, -0.0007041576318442822, -0.0006812215433456004, -0.0006582854548469186, -0.0006353493663482368, -0.000612413277849555, -0.0005894771893508732, -0.0005665411008521914, -0.0005436049541458488, -0.000520668865647167, -0.0004977327771484852, -0.0004747966886498034, -0.0004518606001511216, -0.0004289244825486094, -0.0004059883940499276, -0.00038305227644741535, -0.00036011618794873357, -0.0003371800994500518, -0.00031424401095137, -0.00029130789334885776, -0.000268371804850176, -0.00024543568724766374, -0.00022249958419706672, -0.00019956349569838494, -0.00017662739264778793, -0.00015369130414910614, -0.00013075520109850913, -0.00010781909804791212, -8.488300954923034e-05, -6.194692105054855e-05, -3.9010825275909156e-05, -1.607472586329095e-05, 6.861373549327254e-06, 2.9797469323966652e-05, 5.273356509860605e-05, 7.566966814920306e-05, 9.860575664788485e-05, 0.00012154185969848186, 0.00014447796274907887, 0.00016741405124776065, 0.00019035015429835767, 0.00021328625734895468, 0.00023622234584763646, 0.00025915843434631824, 0.00028209452284500003, 0.00030503064044751227, 0.00032796672894619405, 0.0003509028465487063, 0.0003738389350473881, 0.00039677502354606986, 0.00041971111204475164, 0.0004426472296472639, 0.00046558331814594567, 0.0004885194357484579, 0.0005114555242471397, 0.0005343916127458215, 0.0005573277594521642, 0.000580263847950846, 0.0006031999364495277, 0.0006261360249482095, 0.0006490721134468913, 0.0006720082019455731]}, "gradients/embedding_item.weight": {"_type": "histogram", "values": [1.0, 4.0, 4.0, 3.0, 4.0, 5.0, 1.0, 16.0, 8.0, 21.0, 34.0, 33.0, 55.0, 60.0, 93.0, 137.0, 180.0, 255.0, 356.0, 504.0, 766.0, 1237.0, 2024.0, 3173.0, 5117.0, 8664.0, 14699.0, 23965.0, 40354.0, 54099.0, 28002.0, 17685.0, 10376.0, 6027.0, 3598.0, 2301.0, 1472.0, 909.0, 651.0, 447.0, 286.0, 212.0, 159.0, 95.0, 56.0, 56.0, 38.0, 38.0, 15.0, 16.0, 5.0, 11.0, 7.0, 2.0, 4.0, 4.0, 2.0, 0.0, 1.0, 0.0, 1.0, 2.0, 1.0, 1.0],