{"TOTAL_BEST_METRIC": 1.0512334564467543, "BEST_NDCG@10": 0.13311883458954962, "_timestamp": 1688319135.2411842, "_runtime": 503.52089524269104, "_step": 1123, "epoch": 1000, "Train_Metric_loss": NaN, "Train_Reg_loss": NaN, "Pos_loss": NaN, "Neg_loss": NaN, "Recall@5": 0.0007852166725705515, "Recall@10": 0.003778486243948518, "Recall@20": 0.005806892363746774, "NDCG@5": 0.000556356529533085, "NDCG@10": 0.0016257618776651963, "NDCG@20": 0.002209725865082795, "Recall@5_total_best": 0.14526122530555102, "Recall@10_total_best": 0.2120543777389798, "Recall@20_total_best": 0.29445897698037077, "ndcg@5_total_best": 0.10982805458201393, "ndcg@10_total_best": 0.13311883458954962, "ndcg@20_total_best": 0.15651198725028923, "EPOCH_ndcg_best": 160, "Recall@5_ndcg_best": 0.14526122530555102, "Recall@10_ndcg_best": 0.2120543777389798, "Recall@20_ndcg_best": 0.29445897698037077, "ndcg@5_ndcg_best": 0.10982805458201393, "ndcg@10_ndcg_best": 0.13311883458954962, "ndcg@20_ndcg_best": 0.15651198725028923, "gradients/mass_i.weight": {"_type": "histogram", "values": [1.0, 0.0, 0.0, 0.0, 0.0, 0.0, 0.0, 0.0, 0.0, 0.0, 0.0, 0.0, 0.0, 0.0, 0.0, 0.0, 0.0, 0.0, 0.0, 0.0, 0.0, 0.0, 0.0, 0.0, 0.0, 0.0, 0.0, 1.0, 0.0, 1.0, 0.0, 0.0, 0.0, 1.0, 4.0, 2.0, 5.0, 11.0, 9.0, 19.0, 36.0, 33.0, 48.0, 64.0, 48.0, 3221.0, 27.0, 11.0, 5.0, 6.0, 3.0, 1.0, 1.0, 1.0, 2.0, 2.0, 1.0, 0.0, 0.0, 0.0, 0.0, 1.0, 1.0, 2.0], "bins": [-0.00013281474821269512, -0.00012990337563678622, -0.00012699200306087732, -0.00012408063048496842, -0.00012116925063310191, -0.00011825787805719301, -0.0001153464982053265, -0.0001124351256294176, -0.0001095237530535087, -0.0001066123804775998, -0.0001037010079016909, -0.00010078962804982439, -9.787825547391549e-05, -9.496688289800659e-05, -9.205550304614007e-05, -8.914413047023118e-05, -8.623275789432228e-05, -8.332138531841338e-05, -8.041001274250448e-05, -7.749863289063796e-05, -7.458726031472906e-05, -7.167588773882017e-05, -6.876450788695365e-05, -6.585313531104475e-05, -6.294176273513585e-05, -6.0030390159226954e-05, -5.711901394533925e-05, -5.420763773145154e-05, -5.129626515554264e-05, -4.838489257963374e-05, -4.5473516365746036e-05, -4.256214015185833e-05, -3.965076757594943e-05, -3.673939500004053e-05, -3.3828018786152825e-05, -3.091664257226512e-05, -2.800526999635622e-05, -2.5093895601457916e-05, -2.2182521206559613e-05, -1.927114681166131e-05, -1.6359772416763008e-05, -1.3448398021864705e-05, -1.0537023626966402e-05, -7.625649232068099e-06, -4.714274837169796e-06, -1.8029004422714934e-06, 1.1084739526268095e-06, 4.019848347525112e-06, 6.931222742423415e-06, 9.842597137321718e-06, 1.2753971532220021e-05, 1.5665345927118324e-05, 1.8576720322016627e-05, 2.148809471691493e-05, 2.4399469111813232e-05, 2.7310843506711535e-05, 3.0222217901609838e-05, 3.313359047751874e-05, 3.6044966691406444e-05, 3.895634290529415e-05, 4.186771548120305e-05, 4.477908805711195e-05, 4.7690464270999655e-05, 5.060184048488736e-05, 5.351321306079626e-05]}, "gradients/mass_u.weight": {"_type": "histogram", "values": [1.0, 0.0, 0.0, 0.0, 0.0, 0.0, 0.0, 0.0, 0.0, 0.0, 0.0, 0.0, 0.0, 0.0, 0.0, 0.0, 0.0, 0.0, 0.0, 0.0, 0.0, 0.0, 0.0, 0.0, 0.0, 1.0, 0.0, 0.0, 0.0, 0.0, 0.0, 0.0, 0.0, 0.0, 0.0, 0.0, 0.0, 0.0, 1.0, 1.0, 0.0, 0.0, 0.0, 0.0, 0.0, 1.0, 2.0, 0.0, 0.0, 0.0, 0.0, 1.0, 6.0, 1.0, 3.0, 3.0, 7.0, 5.0, 8.0, 12.0, 27.0, 69.0, 231.0, 5161.0], "bins": [-0.00011210847878828645, -0.00011035678471671417, -0.0001086050906451419, -0.00010685339657356963, -0.00010510170250199735, -0.00010335000115446746, -0.00010159830708289519, -9.984661301132292e-05, -9.809491893975064e-05, -9.634322486817837e-05, -9.45915307966061e-05, -9.283983672503382e-05, -9.108813537750393e-05, -8.933644130593166e-05, -8.758474723435938e-05, -8.583305316278711e-05, -8.408135909121484e-05, -8.232966501964256e-05, -8.057797094807029e-05, -7.882627687649801e-05, -7.707458280492574e-05, -7.532288145739585e-05, -7.357118738582358e-05, -7.18194933142513e-05, -7.006779924267903e-05, -6.831610517110676e-05, -6.656441109953448e-05, -6.481271702796221e-05, -6.306101568043232e-05, -6.130932160886005e-05, -5.955762753728777e-05, -5.78059334657155e-05, -5.6054239394143224e-05, -5.430254532257095e-05, -5.2550851250998676e-05, -5.0799153541447595e-05, -4.904745946987532e-05, -4.729576539830305e-05, -4.5544067688751966e-05, -4.379237361717969e-05, -4.204067954560742e-05, -4.0288985474035144e-05, -3.853729140246287e-05, -3.678559369291179e-05, -3.5033899621339515e-05, -3.328220554976724e-05, -3.153050784021616e-05, -2.9778813768643886e-05, -2.8027119697071612e-05, -2.6275425625499338e-05, -2.452372973493766e-05, -2.2772033844375983e-05, -2.102033977280371e-05, -1.9268645701231435e-05, -1.7516949810669757e-05, -1.576525392010808e-05, -1.4013559848535806e-05, -1.226186486746883e-05, -1.0510169886401854e-05, -8.758474905334879e-06, -7.006779924267903e-06, -5.255084943200927e-06, -3.5033899621339515e-06, -1.7516949810669757e-06, 0.0]}, "gradients/embedding_user.weight": {"_type": "histogram", "values": [0.0, 0.0, 0.0, 0.0, 0.0, 0.0, 0.0, 0.0, 0.0, 0.0, 0.0, 0.0, 0.0, 0.0, 0.0, 0.0, 0.0, 0.0, 0.0, 0.0, 0.0, 0.0, 0.0, 0.0, 0.0, 0.0, 0.0, 0.0, 0.0, 0.0, 0.0, 0.0, 3392.0, 0.0, 0.0, 0.0, 0.0, 0.0, 0.0, 0.0, 0.0, 0.0, 0.0, 0.0, 0.0, 0.0, 0.0, 0.0, 0.0, 0.0, 0.0, 0.0, 0.0, 0.0, 0.0, 0.0, 0.0, 0.0, 0.0, 0.0, 0.0, 0.0, 0.0, 0.0], "bins": [0.0, 0.0, 0.0, 0.0, 0.0, 0.0, 0.0, 0.0, 0.0, 0.0, 0.0, 0.0, 0.0, 0.0, 0.0, 0.0, 0.0, 0.0, 0.0, 0.0, 0.0, 0.0, 0.0, 0.0, 0.0, 0.0, 0.0, 0.0, 0.0, 0.0, 0.0, 0.0, 0.0, 0.0, 0.0, 0.0, 0.0, 0.0, 0.0, 0.0, 0.0, 0.0, 0.0, 0.0, 0.0, 0.0, 0.0, 0.0, 0.0, 0.0, 0.0, 0.0, 0.0, 0.0, 0.0, 0.0, 0.0, 0.0, 0.0, 0.0, 0.0, 0.0, 0.0, 0.0, 0.0]}, "gradients/embedding_item.weight": {"_type": "histogram", "values": [1.0, 0.0, 0.0, 0.0, 0.0, 0.0, 0.0, 0.0, 0.0, 1.0, 0.0, 0.0, 0.0, 2.0, 1.0, 3.0, 5.0, 2.0, 2.0, 4.0, 6.0, 17.0, 20.0, 26.0, 37.0, 47.0, 69.0, 136.0, 183.0, 292.0, 465.0, 753.0, 1211.0, 2056.0, 3492.0, 6054.0, 11296.0, 23737.0, 59686.0, 65636.0, 24952.0, 12125.0, 6370.0, 3710.0, 2143.0, 1309.0, 855.0, 562.0, 359.0, 236.0, 156.0, 104.0, 78.0, 69.0, 28.0, 16.0, 14.0, 11.0, 7.0, 2.0, 3.0, 1.0, 0.0, 2.0], "bins": [-0.0005867619765922427, -0.0005717302556149662, -0.0005566984764300287, -0.0005416667554527521, -0.0005266350344754755, -0.000511603313498199, -0.0004965715343132615, -0.00048153981333598495, -0.0004665080923587084, -0.00045147634227760136, -0.0004364446213003248, -0.0004214128712192178, -0.0004063811502419412, -0.0003913494001608342, -0.00037631765007972717, -0.0003612859291024506, -0.0003462541790213436, -0.00033122242894023657, -0.00031619070796296, -0.000301158957881853, -0.0002861272369045764, -0.0002710954868234694, -0.00025606376584619284, -0.00024103201576508582, -0.00022600028023589402, -0.00021096854470670223, -0.00019593680917751044, -0.00018090507364831865, -0.00016587332356721163, -0.00015084160258993506, -0.00013580985250882804, -0.00012077811697963625, -0.00010574638145044446, -9.071464592125267e-05, -7.568291039206088e-05, -6.065116758691147e-05, -4.561943205771968e-05, -3.0587696528527886e-05, -1.555595372337848e-05, -5.242181941866875e-07, 1.4507517335005105e-05, 2.95392546831863e-05, 4.4570992031367496e-05, 5.9602731198538095e-05, 7.463446672772989e-05, 8.966620225692168e-05, 0.00010469794506207108, 0.00011972968059126288, 0.00013476141612045467, 0.00014979315164964646, 0.00016482488717883825, 0.00017985663725994527, 0.00019488835823722184, 0.00020992010831832886, 0.00022495184384752065, 0.00023998357937671244, 0.00025501532945781946, 0.0002700470795389265, 0.00028507880051620305, 0.00030011055059731007, 0.00031514227157458663, 0.00033017402165569365, 0.00034520577173680067, 0.00036023749271407723, 0.0003752692136913538]}, "_wandb": {"runtime": 502}}