{"TOTAL_BEST_METRIC": 0.3496699571441083, "BEST_NDCG@10": 0.050788110922274914, "_timestamp": 1688600982.605202, "_runtime": 23352.687945842743, "_step": 1159, "epoch": 1000, "Train_Metric_loss": 5.047269560627101, "Train_Reg_loss": 0.00017118807080965105, "Pos_loss": 11.039936065673828, "Neg_loss": 0.3576098084449768, "Recall@5": 0.034758759467351484, "Recall@10": 0.05906069037570518, "Recall@20": 0.09642326832821936, "NDCG@5": 0.04141457358817969, "NDCG@10": 0.04946793782321762, "NDCG@20": 0.06221022722028739, "Recall@5_total_best": 0.03570639440064212, "Recall@10_total_best": 0.05985627360003472, "Recall@20_total_best": 0.09689467257643332, "ndcg@5_total_best": 0.04306732104749935, "ndcg@10_total_best": 0.050788110922274914, "ndcg@20_total_best": 0.06335718459722386, "EPOCH_ndcg_best": 710, "Recall@5_ndcg_best": 0.03570639440064212, "Recall@10_ndcg_best": 0.05985627360003472, "Recall@20_ndcg_best": 0.09689467257643332, "ndcg@5_ndcg_best": 0.04306732104749935, "ndcg@10_ndcg_best": 0.050788110922274914, "ndcg@20_ndcg_best": 0.06335718459722386, "gradients/mass_i.weight": {"_type": "histogram", "values": [1.0, 1.0, 2.0, 0.0, 0.0, 2.0, 0.0, 0.0, 1.0, 0.0, 1.0, 1.0, 0.0, 0.0, 1.0, 0.0, 0.0, 3.0, 0.0, 0.0, 1.0, 0.0, 4.0, 3.0, 3.0, 4.0, 5.0, 6.0, 13.0, 20.0, 20.0, 21.0, 43.0, 69.0, 152.0, 290.0, 819.0, 1397.0, 43577.0, 1043.0, 427.0, 151.0, 61.0, 33.0, 35.0, 11.0, 13.0, 13.0, 6.0, 5.0, 5.0, 3.0, 4.0, 2.0, 7.0, 3.0, 3.0, 2.0, 4.0, 1.0, 1.0, 0.0, 0.0, 1.0], "bins": [-2.6932477339869365e-05, -2.6236304620397277e-05, -2.554013190092519e-05, -2.4843961000442505e-05, -2.4147788280970417e-05, -2.345161556149833e-05, -2.275544284202624e-05, -2.2059270122554153e-05, -2.136309922207147e-05, -2.066692650259938e-05, -1.9970753783127293e-05, -1.927458288264461e-05, -1.857841016317252e-05, -1.7882237443700433e-05, -1.7186064724228345e-05, -1.6489892004756257e-05, -1.579371928528417e-05, -1.5097546565812081e-05, -1.4401374755834695e-05, -1.3705202036362607e-05, -1.3009030226385221e-05, -1.2312857506913133e-05, -1.1616684787441045e-05, -1.0920512067968957e-05, -1.0224340257991571e-05, -9.528167538519483e-06, -8.831995728542097e-06, -8.135823009070009e-06, -7.439650744345272e-06, -6.743478479620535e-06, -6.047305760148447e-06, -5.35113349542371e-06, -4.654959411709569e-06, -3.958787146984832e-06, -3.26261465488642e-06, -2.5664421627880074e-06, -1.8702698980632704e-06, -1.1740976333385333e-06, -4.779249138664454e-07, 2.182473508582916e-07, 9.144196155830286e-07, 1.6105919939946034e-06, 2.306764372406178e-06, 3.0029368645045906e-06, 3.6991091292293277e-06, 4.395281393954065e-06, 5.091454113426153e-06, 5.78762637815089e-06, 6.483798642875627e-06, 7.179970907600364e-06, 7.8761431723251e-06, 8.572315891797189e-06, 9.268487701774575e-06, 9.964660421246663e-06, 1.066083314071875e-05, 1.1357005860190839e-05, 1.2053177670168225e-05, 1.2749350389640313e-05, 1.3445522199617699e-05, 1.4141694919089787e-05, 1.4837867638561875e-05, 1.553403853904456e-05, 1.623021307750605e-05, 1.6926383977988735e-05, 1.7622556697460823e-05]}, "gradients/mass_u.weight": {"_type": "histogram", "values": [1.0, 0.0, 0.0, 0.0, 0.0, 0.0, 0.0, 0.0, 0.0, 0.0, 0.0, 0.0, 0.0, 0.0, 0.0, 0.0, 1.0, 1.0, 0.0, 0.0, 0.0, 0.0, 0.0, 0.0, 0.0, 0.0, 0.0, 0.0, 1.0, 2.0, 1.0, 0.0, 0.0, 0.0, 0.0, 0.0, 3.0, 1.0, 0.0, 2.0, 0.0, 4.0, 1.0, 3.0, 2.0, 4.0, 2.0, 1.0, 5.0, 3.0, 4.0, 3.0, 5.0, 13.0, 8.0, 12.0, 22.0, 19.0, 36.0, 54.0, 78.0, 171.0, 53.0, 96946.0], "bins": [-0.00028581658261828125, -0.00028135068714618683, -0.00027688482077792287, -0.00027241892530582845, -0.0002679530589375645, -0.0002634871634654701, -0.00025902126799337566, -0.0002545554016251117, -0.0002500895061530173, -0.00024562361068092287, -0.0002411577443126589, -0.0002366918488405645, -0.0002322259679203853, -0.0002277600870002061, -0.00022329420608002692, -0.00021882832515984774, -0.00021436242968775332, -0.00020989654876757413, -0.00020543066784739494, -0.00020096477237530053, -0.00019649889145512134, -0.00019203301053494215, -0.00018756712961476296, -0.00018310124869458377, -0.00017863536777440459, -0.0001741694868542254, -0.0001697036059340462, -0.0001652377104619518, -0.0001607718295417726, -0.00015630594862159342, -0.00015184006770141423, -0.0001473741722293198, -0.00014290829130914062, -0.00013844241038896143, -0.00013397652946878225, -0.00012951063399668783, -0.00012504475307650864, -0.00012057887215632945, -0.00011611299123615026, -0.00011164710304001346, -0.00010718121484387666, -0.00010271533392369747, -9.824944572756067e-05, -9.378356480738148e-05, -8.931767661124468e-05, -8.485179569106549e-05, -8.03859147708863e-05, -7.59200265747495e-05, -7.145414565457031e-05, -6.698826473439112e-05, -6.252237653825432e-05, -5.805649561807513e-05, -5.359060742193833e-05, -4.912472650175914e-05, -4.4658841943601146e-05, -4.019295738544315e-05, -3.5727072827285156e-05, -3.126118826912716e-05, -2.6795303710969165e-05, -2.2329420971800573e-05, -1.7863536413642578e-05, -1.3397651855484582e-05, -8.93176911631599e-06, -4.465884558157995e-06, 0.0]}, "gradients/embedding_user.weight": {"_type": "histogram", "values": [1.0, 0.0, 0.0, 0.0, 0.0, 0.0, 1.0, 1.0, 1.0, 1.0, 2.0, 1.0, 0.0, 1.0, 3.0, 5.0, 9.0, 7.0, 15.0, 20.0, 17.0, 37.0, 64.0, 77.0, 121.0, 216.0, 350.0, 750.0, 1967.0, 6143.0, 5707905.0, 511520.0, 5046.0, 1750.0, 676.0, 323.0, 198.0, 96.0, 71.0, 52.0, 29.0, 27.0, 15.0, 13.0, 7.0, 4.0, 7.0, 8.0, 1.0, 1.0, 1.0, 0.0, 3.0, 1.0, 0.0, 1.0, 0.0, 0.0, 0.0, 1.0, 0.0, 1.0, 0.0, 1.0], "bins": [-0.0012021135771647096, -0.0011632558889687061, -0.0011243982007727027, -0.0010855405125766993, -0.0010466828243806958, -0.0010078251361846924, -0.0009689674479886889, -0.0009301097597926855, -0.0008912520715966821, -0.0008523943834006786, -0.0008135366952046752, -0.0007746790070086718, -0.0007358213188126683, -0.0006969636306166649, -0.0006581059424206614, -0.000619248254224658, -0.0005803905660286546, -0.0005415328778326511, -0.0005026751896366477, -0.00046381750144064426, -0.00042495981324464083, -0.0003861021250486374, -0.00034724443685263395, -0.0003083867486566305, -0.0002695290604606271, -0.00023067137226462364, -0.0001918136840686202, -0.00015295599587261677, -0.00011409830767661333, -7.52406194806099e-05, -3.638293128460646e-05, 2.4747569113969803e-06, 4.1332561522722244e-05, 8.019024971872568e-05, 0.00011904793791472912, 0.00015790562611073256, 0.000196763314306736, 0.00023562100250273943, 0.00027447869069874287, 0.0003133363788947463, 0.00035219406709074974, 0.0003910517552867532, 0.0004299094434827566, 0.00046876713167876005, 0.0005076248198747635, 0.0005464825080707669, 0.0005853401962667704, 0.0006241978844627738, 0.0006630555726587772, 0.0007019132608547807, 0.0007407709490507841, 0.0007796286372467875, 0.000818486325442791, 0.0008573440136387944, 0.0008962017018347979, 0.0009350593900308013, 0.0009739170782268047, 0.0010127747664228082, 0.0010516324546188116, 0.001090490142814815, 0.0011293478310108185, 0.001168205519206822, 0.0012070632074028254, 0.0012459208955988288, 0.0012847785837948322]}, "gradients/embedding_item.weight": {"_type": "histogram", "values": [1.0, 1.0, 0.0, 0.0, 0.0, 0.0, 0.0, 1.0, 0.0, 1.0, 0.0, 1.0, 2.0, 0.0, 0.0, 1.0, 5.0, 3.0, 4.0, 6.0, 15.0, 16.0, 13.0, 20.0, 39.0, 58.0, 107.0, 177.0, 270.0, 404.0, 791.0, 1695.0, 4323.0, 14220.0, 75475.0, 2313842.0, 595683.0, 63427.0, 12706.0, 3963.0, 1610.0, 762.0, 458.0, 256.0, 172.0, 101.0, 60.0, 34.0, 40.0, 11.0, 14.0, 8.0, 8.0, 2.0, 2.0, 4.0, 1.0, 2.0, 0.0, 0.0, 0.0, 0.0, 0.0, 1.0],