{"TOTAL_BEST_METRIC": 1.130305078701245, "BEST_NDCG@10": 0.14461763123147695, "_timestamp": 1688383118.905286, "_runtime": 688.5207901000977, "_step": 1225, "epoch": 1000, "Train_Metric_loss": 4.254371929168701, "Train_Reg_loss": 3.6247987736715004e-05, "Pos_loss": 8.644095420837402, "Neg_loss": 0.1618204414844513, "Recall@5": 0.15621705797191002, "Recall@10": 0.22646894953232, "Recall@20": 0.310190586602858, "NDCG@5": 0.1197163608051616, "NDCG@10": 0.14442365742030133, "NDCG@20": 0.16820552378479522, "Recall@5_total_best": 0.1593656861023604, "Recall@10_total_best": 0.22491908903760796, "Recall@20_total_best": 0.3108877164808705, "ndcg@5_total_best": 0.12144400697291707, "ndcg@10_total_best": 0.14461607284388567, "ndcg@20_total_best": 0.16907250726360348, "EPOCH_ndcg_best": 980, "Recall@5_ndcg_best": 0.15936408805836624, "Recall@10_ndcg_best": 0.2252310109488923, "Recall@20_ndcg_best": 0.30960004871157615, "ndcg@5_ndcg_best": 0.1215133937352145, "ndcg@10_ndcg_best": 0.14461763123147695, "ndcg@20_ndcg_best": 0.1685698914625844, "gradients/mass_i.weight": {"_type": "histogram", "values": [1.0, 0.0, 0.0, 0.0, 0.0, 0.0, 1.0, 0.0, 0.0, 0.0, 1.0, 0.0, 2.0, 3.0, 1.0, 0.0, 0.0, 0.0, 1.0, 3.0, 5.0, 2.0, 1.0, 2.0, 5.0, 4.0, 5.0, 7.0, 4.0, 6.0, 8.0, 5.0, 10.0, 15.0, 11.0, 16.0, 21.0, 27.0, 29.0, 34.0, 78.0, 51.0, 65.0, 104.0, 124.0, 52.0, 142.0, 2279.0, 92.0, 129.0, 36.0, 47.0, 40.0, 28.0, 24.0, 11.0, 10.0, 7.0, 5.0, 3.0, 3.0, 5.0, 2.0, 1.0], "bins": [-0.001147979754023254, -0.0011237675789743662, -0.0010995552875101566, -0.001075343112461269, -0.0010511308209970593, -0.0010269186459481716, -0.001002706354483962, -0.0009784941794350743, -0.0009542819461785257, -0.000930069712921977, -0.0009058574796654284, -0.0008816452464088798, -0.0008574330131523311, -0.0008332207798957825, -0.0008090086048468947, -0.0007847963715903461, -0.0007605841383337975, -0.0007363719050772488, -0.0007121596718207002, -0.0006879474385641515, -0.0006637352053076029, -0.0006395230302587152, -0.0006153107387945056, -0.0005910985637456179, -0.0005668862722814083, -0.0005426740390248597, -0.000518461805768311, -0.0004942495725117624, -0.0004700373683590442, -0.00044582513510249555, -0.0004216129018459469, -0.0003974006976932287, -0.0003731884644366801, -0.00034897623118013144, -0.0003247639979235828, -0.00030055176466703415, -0.00027633956051431596, -0.0002521273272577673, -0.00022791509400121868, -0.00020370287529658526, -0.00017949064204003662, -0.00015527840878348798, -0.00013106619007885456, -0.00010685395682230592, -8.264173084171489e-05, -5.842950486112386e-05, -3.421727160457522e-05, -1.0005052899941802e-05, 1.4207180356606841e-05, 3.841940633719787e-05, 6.26316323177889e-05, 8.684386557433754e-05, 0.00011105609155492857, 0.0001352683175355196, 0.00015948055079206824, 0.00018369276949670166, 0.0002079050027532503, 0.00023211723600979894, 0.00025632945471443236, 0.000280541687970981, 0.00030475392122752964, 0.00032896612538024783, 0.0003531783586367965, 0.0003773905918933451, 0.00040160282514989376]}, "gradients/mass_u.weight": {"_type": "histogram", "values": [1.0, 0.0, 0.0, 0.0, 0.0, 0.0, 0.0, 0.0, 0.0, 0.0, 0.0, 0.0, 0.0, 0.0, 0.0, 0.0, 0.0, 0.0, 0.0, 0.0, 0.0, 0.0, 0.0, 0.0, 0.0, 0.0, 0.0, 0.0, 0.0, 0.0, 0.0, 0.0, 1.0, 0.0, 0.0, 0.0, 0.0, 1.0, 0.0, 1.0, 0.0, 1.0, 1.0, 0.0, 0.0, 1.0, 0.0, 0.0, 0.0, 1.0, 1.0, 1.0, 1.0, 3.0, 1.0, 4.0, 5.0, 5.0, 8.0, 10.0, 31.0, 78.0, 232.0, 5153.0], "bins": [-0.0051268320530653, -0.005046725273132324, -0.0049666184931993484, -0.004886511713266373, -0.004806404933333397, -0.004726298153400421, -0.004646191373467445, -0.00456608459353447, -0.004485977813601494, -0.004405871033668518, -0.004325764253735542, -0.0042456574738025665, -0.004165550693869591, -0.004085443913936615, -0.004005337134003639, -0.0039252303540706635, -0.003845124039798975, -0.0037650172598659992, -0.0036849104799330235, -0.0036048037000000477, -0.003524696920067072, -0.00344459037296474, -0.003364483593031764, -0.0032843768130987883, -0.0032042700331658125, -0.0031241632532328367, -0.003044056473299861, -0.002963949693366885, -0.002883843146264553, -0.0028037363663315773, -0.0027236295863986015, -0.0026435228064656258, -0.00256341602653265, -0.0024833092465996742, -0.0024032024666666985, -0.0023230956867337227, -0.002242988906800747, -0.002162882359698415, -0.002082775579765439, -0.0020026687998324633, -0.0019225620198994875, -0.0018424552399665117, -0.001762348460033536, -0.001682241796515882, -0.0016021350165829062, -0.0015220282366499305, -0.0014419215731322765, -0.0013618147931993008, -0.001281708013266325, -0.0012016012333333492, -0.0011214944534003735, -0.0010413877898827195, -0.0009612810099497437, -0.000881174230016768, -0.0008010675082914531, -0.0007209607865661383, -0.0006408540066331625, -0.0005607472267001867, -0.0004806405049748719, -0.00040053375414572656, -0.00032042700331658125, -0.00024032025248743594, -0.00016021350165829062, -8.010677993297577e-05, 0.0]}, "gradients/embedding_user.weight": {"_type": "histogram", "values": [1.0, 0.0, 0.0, 0.0, 0.0, 0.0, 0.0, 0.0, 1.0, 0.0, 0.0, 0.0, 0.0, 1.0, 0.0, 1.0, 1.0, 0.0, 5.0, 2.0, 3.0, 5.0, 4.0, 1.0, 6.0, 10.0, 19.0, 39.0, 54.0, 105.0, 293.0, 919.0, 5007.0, 130506.0, 208513.0, 7304.0, 1231.0, 342.0, 103.0, 55.0, 35.0, 12.0, 12.0, 9.0, 2.0, 5.0, 3.0, 2.0, 3.0, 3.0, 1.0, 0.0, 0.0, 1.0, 1.0, 1.0, 1.0, 0.0, 0.0, 0.0, 0.0, 0.0, 0.0, 2.0], "bins": [-0.0015328644076362252, -0.0014879045775160193, -0.0014429448638111353, -0.0013979850336909294, -0.0013530252035707235, -0.0013080654898658395, -0.0012631056597456336, -0.0012181459460407495, -0.0011731861159205437, -0.0011282262858003378, -0.0010832665720954537, -0.0010383067419752479, -0.0009933470282703638, -0.0009483871981501579, -0.000903427368029952, -0.0008584675961174071, -0.0008135078242048621, -0.0007685480522923172, -0.0007235882803797722, -0.0006786284502595663, -0.0006336686783470213, -0.0005887089064344764, -0.0005437490763142705, -0.0004987893044017255, -0.00045382953248918056, -0.0004088697605766356, -0.0003639099595602602, -0.00031895015854388475, -0.0002739903866313398, -0.0002290306001668796, -0.0001840708137024194, -0.00013911101268604398, -9.415112435817719e-05, -4.919133789371699e-05, -4.231551429256797e-06, 4.07282350352034e-05, 8.568802149966359e-05, 0.00013064780796412379, 0.00017560759442858398, 0.0002205673954449594, 0.00026552716735750437, 0.00031048693927004933, 0.00035544674028642476, 0.0004004065413028002, 0.00044536631321534514, 0.0004903260851278901, 0.000535285915248096, 0.000580245687160641, 0.0006252054590731859, 0.0006701652309857309, 0.0007151250028982759, 0.0007600848330184817, 0.0008050446049310267, 0.0008500043768435717, 0.0008949642069637775, 0.0009399239788763225, 0.0009848837507888675, 0.0010298435809090734, 0.0010748032946139574, 0.0011197631247341633, 0.0011647229548543692, 0.0012096826685592532, 0.001254642498679459, 0.0012996022123843431, 0.001344562042504549]}, "gradients/embedding_item.weight": {"_type": "histogram", "values": [1.0, 0.0, 0.0, 0.0, 0.0, 0.0, 0.0, 0.0, 0.0, 1.0, 0.0, 3.0, 1.0, 5.0, 6.0, 7.0, 6.0, 22.0, 22.0, 30.0, 37.0, 64.0, 71.0, 150.0, 170.0, 286.0, 433.0, 675.0, 1130.0, 1874.0, 3279.0, 5877.0, 11090.0, 21917.0, 41023.0, 69575.0, 33028.0, 17125.0, 8790.0, 4749.0, 2725.0, 1614.0, 908.0, 594.0, 364.0, 212.0, 174.0, 96.0, 54.0, 53.0, 32.0, 28.0, 18.0, 7.0, 9.0, 4.0, 2.0, 5.0, 1.0, 2.0, 0.0, 1.0, 1.0, 1.0],