{"TOTAL_BEST_METRIC": 0.5774014429418332, "BEST_NDCG@10": 0.0927449878269589, "_timestamp": 1688614329.6569517, "_runtime": 4947.637697696686, "_step": 351, "epoch": 274, "Train_Metric_loss": 7.930494015033428, "Train_Reg_loss": 9.007361698492717e-05, "Pos_loss": 11.78958797454834, "Neg_loss": 0.269468754529953, "Recall@5": 0.05781320760805637, "Recall@10": 0.09190582934824412, "Recall@20": 0.13996144406560815, "NDCG@5": 0.08492455324619072, "NDCG@10": 0.0927449878269589, "NDCG@20": 0.10888905983790027, "Recall@5_total_best": 0.05807349146666383, "Recall@10_total_best": 0.09194531029599294, "Recall@20_total_best": 0.1408733292216728, "ndcg@5_total_best": 0.08488412099227267, "ndcg@10_total_best": 0.09254103954656875, "ndcg@20_total_best": 0.10908415141866215, "EPOCH_ndcg_best": 270, "Recall@5_ndcg_best": 0.05781320760805637, "Recall@10_ndcg_best": 0.09190582934824412, "Recall@20_ndcg_best": 0.13996144406560815, "ndcg@5_ndcg_best": 0.08492455324619072, "ndcg@10_ndcg_best": 0.0927449878269589, "ndcg@20_ndcg_best": 0.10888905983790027, "gradients/mass_i.weight": {"_type": "histogram", "values": [1.0, 1.0, 1.0, 1.0, 3.0, 2.0, 1.0, 0.0, 2.0, 4.0, 3.0, 5.0, 2.0, 9.0, 9.0, 7.0, 16.0, 26.0, 17.0, 51.0, 55.0, 81.0, 144.0, 178.0, 241.0, 340.0, 452.0, 357.0, 38121.0, 70.0, 251.0, 211.0, 167.0, 129.0, 98.0, 51.0, 45.0, 30.0, 12.0, 14.0, 12.0, 8.0, 8.0, 5.0, 5.0, 6.0, 1.0, 0.0, 1.0, 2.0, 1.0, 0.0, 3.0, 1.0, 0.0, 1.0, 1.0, 0.0, 0.0, 0.0, 0.0, 0.0, 0.0, 1.0], "bins": [-3.1812967790756375e-05, -3.070881211897358e-05, -2.960465644719079e-05, -2.8500500775408e-05, -2.7396343284635805e-05, -2.6292187612853013e-05, -2.518803194107022e-05, -2.4083874450298026e-05, -2.2979718778515235e-05, -2.1875563106732443e-05, -2.077140743494965e-05, -1.966725176316686e-05, -1.8563094272394665e-05, -1.7458938600611873e-05, -1.635478292882908e-05, -1.5250626347551588e-05, -1.4146471585263498e-05, -1.3042315913480707e-05, -1.1938159332203213e-05, -1.0834003660420422e-05, -9.729847079142928e-06, -8.625691407360137e-06, -7.521535735577345e-06, -6.4173791542998515e-06, -5.31322348251706e-06, -4.209067355986917e-06, -3.1049114568304503e-06, -2.0007555576739833e-06, -8.965994311438408e-07, 2.0755669538630173e-07, 1.3117123671690933e-06, 2.4158689484465867e-06, 3.5200246202293783e-06, 4.624180746759521e-06, 5.728336873289663e-06, 6.832492545072455e-06, 7.936649126349948e-06, 9.04080479813274e-06, 1.0144960469915532e-05, 1.1249117051193025e-05, 1.2353272722975817e-05, 1.3457428394758608e-05, 1.4561584976036102e-05, 1.5665740647818893e-05, 1.6769896319601685e-05, 1.7874051991384476e-05, 1.8978207663167268e-05, 2.0082365153939463e-05, 2.1186520825722255e-05, 2.2290676497505046e-05, 2.3394832169287838e-05, 2.4498989660060033e-05, 2.5603145331842825e-05, 2.6707301003625616e-05, 2.7811456675408408e-05, 2.89156123471912e-05, 3.001976801897399e-05, 3.112392369075678e-05, 3.2228079362539575e-05, 3.3332235034322366e-05, 3.443639070610516e-05, 3.5540550015866756e-05, 3.664470568764955e-05, 3.774886135943234e-05, 3.885301703121513e-05]}, "gradients/mass_u.weight": {"_type": "histogram", "values": [1.0, 0.0, 0.0, 0.0, 0.0, 1.0, 0.0, 0.0, 1.0, 0.0, 1.0, 0.0, 0.0, 0.0, 0.0, 0.0, 0.0, 2.0, 1.0, 1.0, 0.0, 0.0, 0.0, 0.0, 1.0, 2.0, 0.0, 0.0, 0.0, 0.0, 2.0, 1.0, 2.0, 2.0, 0.0, 0.0, 2.0, 0.0, 0.0, 2.0, 0.0, 1.0, 2.0, 4.0, 3.0, 3.0, 7.0, 5.0, 5.0, 9.0, 5.0, 7.0, 4.0, 8.0, 18.0, 26.0, 32.0, 31.0, 52.0, 79.0, 66.0, 113.0, 0.0, 51904.0], "bins": [-9.278103243559599e-05, -9.13313269848004e-05, -8.988162153400481e-05, -8.843192335916683e-05, -8.698221790837124e-05, -8.553251245757565e-05, -8.408281428273767e-05, -8.263310883194208e-05, -8.118340338114649e-05, -7.97336979303509e-05, -7.828399247955531e-05, -7.683429430471733e-05, -7.538458885392174e-05, -7.393488340312615e-05, -7.248518522828817e-05, -7.103547977749258e-05, -6.958577432669699e-05, -6.81360688759014e-05, -6.668636342510581e-05, -6.523666525026783e-05, -6.378695979947224e-05, -6.233725434867665e-05, -6.088755253585987e-05, -5.9437850723043084e-05, -5.798814527224749e-05, -5.65384398214519e-05, -5.508873800863512e-05, -5.3639036195818335e-05, -5.2189330745022744e-05, -5.073962529422715e-05, -4.928992348141037e-05, -4.7840221668593585e-05, -4.6390516217797995e-05, -4.4940810767002404e-05, -4.349110895418562e-05, -4.2041407141368836e-05, -4.0591701690573245e-05, -3.9141996239777654e-05, -3.769229442696087e-05, -3.624259261414409e-05, -3.4792887163348496e-05, -3.3343181712552905e-05, -3.189347989973612e-05, -3.0443776267929934e-05, -2.8994072636123747e-05, -2.754436900431756e-05, -2.6094665372511372e-05, -2.4644961740705185e-05, -2.3195258108898997e-05, -2.174555447709281e-05, -2.0295850845286623e-05, -1.8846147213480435e-05, -1.7396443581674248e-05, -1.594673994986806e-05, -1.4497036318061873e-05, -1.3047332686255686e-05, -1.1597629054449499e-05, -1.0147925422643311e-05, -8.698221790837124e-06, -7.248518159030937e-06, -5.798814527224749e-06, -4.349110895418562e-06, -2.8994072636123747e-06, -1.4497036318061873e-06, 0.0]}, "gradients/embedding_user.weight": {"_type": "histogram", "values": [1.0, 0.0, 0.0, 0.0, 0.0, 1.0, 0.0, 0.0, 0.0, 0.0, 0.0, 0.0, 1.0, 1.0, 2.0, 1.0, 3.0, 5.0, 2.0, 6.0, 7.0, 2.0, 10.0, 9.0, 19.0, 35.0, 52.0, 82.0, 137.0, 252.0, 512.0, 1114.0, 3360.0, 21951.0, 3316748.0, 6409.0, 1764.0, 656.0, 323.0, 202.0, 99.0, 64.0, 51.0, 27.0, 23.0, 10.0, 14.0, 5.0, 4.0, 4.0, 7.0, 3.0, 2.0, 0.0, 1.0, 2.0, 0.0, 0.0, 0.0, 0.0, 0.0, 0.0, 0.0, 1.0], "bins": [-0.0027013414073735476, -0.00262238341383636, -0.0025434254202991724, -0.0024644676595926285, -0.002385509666055441, -0.0023065516725182533, -0.0022275936789810658, -0.002148635685443878, -0.0020696776919066906, -0.001990719698369503, -0.0019117618212476373, -0.0018328038277104497, -0.001753845950588584, -0.0016748879570513964, -0.0015959299635142088, -0.0015169719699770212, -0.0014380142092704773, -0.0013590562157332897, -0.001280098338611424, -0.0012011403450742364, -0.0011221824679523706, -0.001043224474415183, -0.0009642664808779955, -0.0008853085455484688, -0.0008063506102189422, -0.0007273926748894155, -0.0006484347395598888, -0.0005694767460227013, -0.0004905188106931746, -0.00041156087536364794, -0.0003326029109302908, -0.0002536449464969337, -0.00017468677833676338, -9.572882845532149e-05, -1.67708785738796e-05, 6.218707130756229e-05, 0.00014114502118900418, 0.00022010295651853085, 0.00029906092095188797, 0.0003780188853852451, 0.00045697682071477175, 0.0005359347560442984, 0.0006148926913738251, 0.0006938506849110126, 0.0007728086202405393, 0.000851766555570066, 0.0009307245491072536, 0.0010096824262291193, 0.0010886404197663069, 0.0011675984133034945, 0.0012465562904253602, 0.0013255142839625478, 0.0014044721610844135, 0.001483430154621601, 0.0015623881481587887, 0.0016413461416959763, 0.001720304018817842, 0.0017992620123550296, 0.0018782198894768953, 0.001957177883014083, 0.0020361358765512705, 0.0021150936372578144, 0.002194051630795002, 0.0022730096243321896, 0.002351967617869377]}, "gradients/embedding_item.weight": {"_type": "histogram", "values": [1.0, 0.0, 0.0, 0.0, 0.0, 0.0, 0.0, 1.0, 1.0, 2.0, 3.0, 4.0, 2.0, 4.0, 1.0, 5.0, 9.0, 9.0, 7.0, 17.0, 15.0, 29.0, 50.0, 83.0, 135.0, 271.0, 647.0, 2223.0, 38859.0, 2519407.0, 74794.0, 2912.0, 709.0, 283.0, 167.0, 83.0, 48.0, 36.0, 23.0, 13.0, 11.0, 7.0, 2.0, 3.0, 4.0, 3.0, 2.0, 3.0, 1.0, 1.0, 3.0, 1.0, 0.0, 0.0, 0.0, 0.0, 0.0, 1.0, 0.0, 0.0, 0.0, 0.0, 0.0, 1.0],