{"TOTAL_BEST_METRIC": 1.1019099123284655, "BEST_NDCG@10": 0.1400929233131458, "_timestamp": 1688379511.3538115, "_runtime": 704.3054745197296, "_step": 1231, "epoch": 1000, "Train_Metric_loss": 2.6065789699554442, "Train_Reg_loss": 3.554744616849348e-05, "Pos_loss": 8.66057014465332, "Neg_loss": 0.15737459063529968, "Recall@5": 0.15613130026128513, "Recall@10": 0.22272656897845672, "Recall@20": 0.29927522377463656, "NDCG@5": 0.11663131652927813, "NDCG@10": 0.13991720157888163, "NDCG@20": 0.16181009560494308, "Recall@5_total_best": 0.15798513088769814, "Recall@10_total_best": 0.22051794299193483, "Recall@20_total_best": 0.3030181589203346, "ndcg@5_total_best": 0.11749597534962108, "ndcg@10_total_best": 0.1396596195965288, "ndcg@20_total_best": 0.1632330845823479, "EPOCH_ndcg_best": 900, "Recall@5_ndcg_best": 0.15529506796915488, "Recall@10_ndcg_best": 0.22075727199056247, "Recall@20_ndcg_best": 0.300358177700311, "ndcg@5_ndcg_best": 0.11709805779110002, "ndcg@10_ndcg_best": 0.1400929233131458, "ndcg@20_ndcg_best": 0.16279879691937807, "gradients/mass_i.weight": {"_type": "histogram", "values": [1.0, 0.0, 0.0, 0.0, 0.0, 0.0, 0.0, 0.0, 0.0, 0.0, 0.0, 0.0, 0.0, 1.0, 0.0, 0.0, 0.0, 0.0, 2.0, 1.0, 2.0, 1.0, 0.0, 1.0, 1.0, 0.0, 0.0, 5.0, 6.0, 10.0, 9.0, 6.0, 13.0, 15.0, 30.0, 29.0, 91.0, 28.0, 127.0, 102.0, 56.0, 2718.0, 37.0, 127.0, 24.0, 52.0, 10.0, 20.0, 5.0, 10.0, 8.0, 5.0, 1.0, 2.0, 3.0, 3.0, 2.0, 0.0, 0.0, 1.0, 0.0, 0.0, 0.0, 3.0], "bins": [-0.0014135167002677917, -0.0013793070102110505, -0.0013450973201543093, -0.001310887630097568, -0.0012766779400408268, -0.0012424682499840856, -0.0012082585599273443, -0.001174048986285925, -0.0011398391798138618, -0.0011056294897571206, -0.0010714197997003794, -0.0010372101096436381, -0.001003000419586897, -0.0009687907295301557, -0.0009345810976810753, -0.0009003714076243341, -0.0008661617757752538, -0.0008319520857185125, -0.0007977423956617713, -0.0007635327056050301, -0.0007293230155482888, -0.0006951133254915476, -0.0006609036936424673, -0.000626694003585726, -0.0005924843135289848, -0.0005582746234722435, -0.0005240649334155023, -0.0004898552433587611, -0.0004556455824058503, -0.00042143589234910905, -0.00038722623139619827, -0.00035301654133945704, -0.0003188067930750549, -0.00028459710301831365, -0.0002503874129615724, -0.00021617775200866163, -0.0001819680619519204, -0.00014775837189517915, -0.00011354869639035314, -7.933902088552713e-05, -4.5129330828785896e-05, -1.0919648048002273e-05, 2.329003473278135e-05, 5.7499717513564974e-05, 9.17094002943486e-05, 0.00012591909035108984, 0.00016012876585591584, 0.00019433844136074185, 0.0002285481314174831, 0.00026275782147422433, 0.00029696751153096557, 0.00033117717248387635, 0.0003653868625406176, 0.0003995965525973588, 0.0004338062135502696, 0.00046801590360701084, 0.0005022255936637521, 0.0005364352837204933, 0.0005706449737772346, 0.0006048546638339758, 0.000639064353890717, 0.0006732740439474583, 0.0007074836757965386, 0.0007416933658532798, 0.0007759030559100211]}, "gradients/mass_u.weight": {"_type": "histogram", "values": [1.0, 0.0, 0.0, 1.0, 0.0, 0.0, 0.0, 0.0, 0.0, 0.0, 0.0, 0.0, 0.0, 0.0, 0.0, 0.0, 0.0, 0.0, 0.0, 1.0, 0.0, 0.0, 0.0, 0.0, 0.0, 1.0, 1.0, 0.0, 0.0, 1.0, 0.0, 1.0, 0.0, 1.0, 0.0, 2.0, 0.0, 1.0, 0.0, 0.0, 0.0, 0.0, 0.0, 0.0, 0.0, 3.0, 2.0, 0.0, 1.0, 3.0, 2.0, 1.0, 3.0, 5.0, 14.0, 7.0, 9.0, 13.0, 22.0, 38.0, 62.0, 160.0, 128.0, 5057.0], "bins": [-0.0009168526157736778, -0.0009025267791002989, -0.0008882009424269199, -0.0008738751639612019, -0.000859549327287823, -0.000845223490614444, -0.000830897712148726, -0.000816571875475347, -0.0008022460388019681, -0.0007879202021285892, -0.0007735943654552102, -0.0007592685869894922, -0.0007449427503161132, -0.0007306169136427343, -0.0007162911351770163, -0.0007019652985036373, -0.0006876394618302584, -0.0006733136251568794, -0.0006589877884835005, -0.0006446620100177824, -0.0006303361733444035, -0.0006160103366710246, -0.0006016845582053065, -0.0005873587215319276, -0.0005730328848585486, -0.0005587070481851697, -0.0005443812115117908, -0.0005300554330460727, -0.0005157295963726938, -0.0005014037596993148, -0.00048707795212976635, -0.00047275214456021786, -0.0004584263078868389, -0.00044410047121345997, -0.0004297746636439115, -0.000415448856074363, -0.00040112301940098405, -0.0003867971827276051, -0.0003724713751580566, -0.00035814556758850813, -0.0003438197309151292, -0.00032949389424175024, -0.00031516808667220175, -0.00030084227910265326, -0.0002865164424292743, -0.0002721906057558954, -0.0002578647981863469, -0.00024353897606488317, -0.00022921315394341946, -0.00021488733182195574, -0.00020056150970049202, -0.0001862356875790283, -0.0001719098654575646, -0.00015758404333610088, -0.00014325822121463716, -0.00012893239909317344, -0.00011460657697170973, -0.00010028075485024601, -8.59549327287823e-05, -7.162911060731858e-05, -5.7303288485854864e-05, -4.297746636439115e-05, -2.8651644242927432e-05, -1.4325822121463716e-05, 0.0]}, "gradients/embedding_user.weight": {"_type": "histogram", "values": [1.0, 0.0, 0.0, 0.0, 0.0, 1.0, 0.0, 0.0, 0.0, 0.0, 1.0, 0.0, 0.0, 0.0, 3.0, 1.0, 6.0, 3.0, 3.0, 4.0, 11.0, 8.0, 28.0, 63.0, 192.0, 612.0, 3389.0, 197817.0, 148789.0, 2860.0, 539.0, 177.0, 57.0, 27.0, 10.0, 4.0, 5.0, 3.0, 0.0, 1.0, 0.0, 3.0, 0.0, 1.0, 0.0, 1.0, 1.0, 0.0, 0.0, 1.0, 0.0, 0.0, 0.0, 0.0, 0.0, 0.0, 1.0, 0.0, 0.0, 0.0, 0.0, 0.0, 0.0, 1.0], "bins": [-0.0005693340208381414, -0.0005489721079356968, -0.0005286101950332522, -0.0005082482821308076, -0.00048788636922836304, -0.00046752445632591844, -0.0004471625143196434, -0.0004268006014171988, -0.0004064386885147542, -0.0003860767756123096, -0.000365714862709865, -0.0003453529207035899, -0.0003249910078011453, -0.0003046290948987007, -0.0002842671819962561, -0.0002639052690938115, -0.0002435433561913669, -0.0002231814432889223, -0.0002028195303864777, -0.00018245760293211788, -0.00016209569002967328, -0.00014173377712722868, -0.00012137184967286885, -0.00010100993677042425, -8.064802386797965e-05, -6.028610732755624e-05, -3.992419078713283e-05, -1.9562270608730614e-05, 7.996422937139869e-07, 2.1161555196158588e-05, 4.152348265051842e-05, 6.188539555296302e-05, 8.224736666306853e-05, 0.00010260927956551313, 0.00012297119246795774, 0.00014333311992231756, 0.00016369503282476217, 0.00018405694572720677, 0.0002044188731815666, 0.0002247807860840112, 0.0002451426989864558, 0.0002655046118889004, 0.000285866524791345, 0.00030622846679762006, 0.00032659037970006466, 0.00034695229260250926, 0.00036731420550495386, 0.00038767611840739846, 0.00040803803130984306, 0.00042839994421228766, 0.00044876185711473227, 0.00046912377001717687, 0.0004894856829196215, 0.0005098475958220661, 0.0005302095087245107, 0.0005505714798346162, 0.0005709333345293999, 0.0005912952474318445, 0.0006116571603342891, 0.0006320190732367337, 0.0006523809861391783, 0.0006727428990416229, 0.0006931048119440675, 0.000713466783054173, 0.0007338286959566176]}, "gradients/embedding_item.weight": {"_type": "histogram", "values": [1.0, 0.0, 0.0, 1.0, 1.0, 1.0, 0.0, 0.0, 6.0, 1.0, 9.0, 8.0, 12.0, 20.0, 18.0, 32.0, 49.0, 58.0, 74.0, 123.0, 172.0, 258.0, 400.0, 634.0, 1079.0, 1846.0, 3298.0, 6156.0, 12377.0, 26079.0, 62729.0, 60843.0, 25571.0, 12266.0, 6204.0, 3268.0, 1810.0, 1079.0, 589.0, 448.0, 266.0, 170.0, 121.0, 78.0, 51.0, 38.0, 34.0, 22.0, 15.0, 10.0, 9.0, 3.0, 5.0, 5.0, 1.0, 1.0, 2.0, 0.0, 0.0, 0.0, 0.0, 0.0, 0.0, 1.0],