{"TOTAL_BEST_METRIC": 0.9251928879714488, "BEST_NDCG@10": 0.11447905416497983, "_timestamp": 1688414706.9140425, "_runtime": 1077.6789605617523, "_step": 1193, "epoch": 1000, "Train_Metric_loss": 4.504005718231201, "Train_Reg_loss": 1.851958513725549e-05, "Pos_loss": 8.194449424743652, "Neg_loss": 0.8160174489021301, "Recall@5": 0.121068855802342, "Recall@10": 0.1886288008910918, "Recall@20": 0.26562654818919157, "NDCG@5": 0.08987501871717773, "NDCG@10": 0.11362549185323752, "NDCG@20": 0.1356310265958229, "Recall@5_total_best": 0.1235559190443412, "Recall@10_total_best": 0.1858906116939284, "Recall@20_total_best": 0.27138027935961273, "ndcg@5_total_best": 0.09203442717651873, "ndcg@10_total_best": 0.11408987215753853, "ndcg@20_total_best": 0.13824177853950909, "EPOCH_ndcg_best": 900, "Recall@5_ndcg_best": 0.12271671760737143, "Recall@10_ndcg_best": 0.18738743883676484, "Recall@20_ndcg_best": 0.2669965554753575, "ndcg@5_ndcg_best": 0.09167573661560245, "ndcg@10_ndcg_best": 0.11447905416497983, "ndcg@20_ndcg_best": 0.13698594719203558, "gradients/mass_i.weight": {"_type": "histogram", "values": [1.0, 0.0, 0.0, 0.0, 0.0, 0.0, 0.0, 0.0, 0.0, 0.0, 0.0, 0.0, 0.0, 0.0, 0.0, 0.0, 0.0, 0.0, 0.0, 0.0, 0.0, 0.0, 1.0, 0.0, 2.0, 0.0, 2.0, 0.0, 0.0, 0.0, 1.0, 1.0, 0.0, 1.0, 0.0, 4.0, 3.0, 2.0, 1.0, 4.0, 2.0, 2.0, 6.0, 7.0, 8.0, 9.0, 15.0, 12.0, 6.0, 17.0, 24.0, 30.0, 33.0, 58.0, 75.0, 138.0, 123.0, 296.0, 195.0, 112.0, 2242.0, 81.0, 34.0, 20.0], "bins": [-0.002111010951921344, -0.0020758546888828278, -0.0020406984258443117, -0.0020055421628057957, -0.0019703858997672796, -0.0019352297531440854, -0.0019000734901055694, -0.0018649172270670533, -0.0018297609640285373, -0.0017946047009900212, -0.0017594484379515052, -0.001724292291328311, -0.001689136028289795, -0.0016539797652512789, -0.0016188235022127628, -0.0015836672391742468, -0.0015485109761357307, -0.0015133547130972147, -0.0014781984500586987, -0.0014430421870201826, -0.0014078860403969884, -0.0013727297773584723, -0.0013375735143199563, -0.0013024172512814403, -0.001267261104658246, -0.00123210484161973, -0.001196948578581214, -0.001161792315542698, -0.0011266361689195037, -0.0010914799058809876, -0.0010563236428424716, -0.0010211673798039556, -0.0009860111167654395, -0.0009508548537269235, -0.0009156986488960683, -0.0008805423858575523, -0.0008453861228190362, -0.0008102299179881811, -0.0007750736549496651, -0.000739917391911149, -0.0007047611870802939, -0.0006696049240417778, -0.0006344487192109227, -0.0005992924561724067, -0.0005641361931338906, -0.0005289799300953746, -0.0004938237252645195, -0.0004586674622260034, -0.0004235112282913178, -0.00038835499435663223, -0.0003531987313181162, -0.0003180424973834306, -0.000282886263448745, -0.00024773000041022897, -0.00021257376647554338, -0.00017741750343702734, -0.00014226126950234175, -0.00010710502101574093, -7.194877980509773e-05, -3.679253859445453e-05, -1.6362901078537107e-06, 3.3519958378747106e-05, 6.86761923134327e-05, 0.00010383245535194874, 0.00013898868928663433]}, "gradients/mass_u.weight": {"_type": "histogram", "values": [1.0, 0.0, 0.0, 0.0, 0.0, 0.0, 0.0, 0.0, 0.0, 0.0, 1.0, 0.0, 0.0, 0.0, 0.0, 0.0, 0.0, 0.0, 0.0, 1.0, 0.0, 0.0, 0.0, 0.0, 0.0, 0.0, 0.0, 0.0, 0.0, 1.0, 0.0, 0.0, 0.0, 0.0, 2.0, 0.0, 1.0, 0.0, 3.0, 1.0, 0.0, 1.0, 1.0, 0.0, 6.0, 0.0, 1.0, 5.0, 5.0, 1.0, 2.0, 9.0, 9.0, 8.0, 5.0, 24.0, 22.0, 21.0, 22.0, 100.0, 117.0, 78.0, 42.0, 5051.0], "bins": [-0.0046244533732533455, -0.004552196245640516, -0.004479939118027687, -0.004407681990414858, -0.004335424862802029, -0.004263168200850487, -0.0041909110732376575, -0.004118653945624828, -0.004046396818011999, -0.00397413969039917, -0.0039018825627863407, -0.003829625668004155, -0.003757368540391326, -0.0036851114127784967, -0.0036128542851656675, -0.0035405971575528383, -0.003468340029940009, -0.00339608290232718, -0.0033238257747143507, -0.003251568879932165, -0.003179311752319336, -0.0031070546247065067, -0.0030347974970936775, -0.0029625403694808483, -0.002890283241868019, -0.00281802611425519, -0.0027457689866423607, -0.002673512091860175, -0.002601254964247346, -0.0025289978366345167, -0.0024567407090216875, -0.0023844835814088583, -0.0023122266866266727, -0.0022399695590138435, -0.0021677124314010143, -0.0020954555366188288, -0.0020231984090059996, -0.0019509412813931704, -0.0018786841537803411, -0.001806427026167512, -0.0017341700149700046, -0.0016619128873571754, -0.001589655876159668, -0.0015173987485468388, -0.0014451416209340096, -0.0013728846097365022, -0.001300627482123673, -0.0012283704709261656, -0.0011561133433133364, -0.0010838562157005072, -0.0010115992045029998, -0.0009393420768901706, -0.0008670850074850023, -0.000794827938079834, -0.0007225708104670048, -0.0006503137410618365, -0.0005780566716566682, -0.0005057996022514999, -0.00043354250374250114, -0.0003612854052335024, -0.0002890283358283341, -0.0002167712664231658, -0.00014451416791416705, -7.22570694051683e-05, 0.0]}, "gradients/embedding_user.weight": {"_type": "histogram", "values": [2.0, 1.0, 3.0, 1.0, 5.0, 3.0, 5.0, 6.0, 8.0, 9.0, 18.0, 16.0, 34.0, 55.0, 74.0, 99.0, 168.0, 248.0, 359.0, 576.0, 1009.0, 1709.0, 3166.0, 6977.0, 16639.0, 38068.0, 68020.0, 86505.0, 65091.0, 35906.0, 15617.0, 6576.0, 3116.0, 1700.0, 1041.0, 671.0, 383.0, 216.0, 178.0, 100.0, 67.0, 47.0, 38.0, 32.0, 12.0, 9.0, 8.0, 6.0, 4.0, 3.0, 2.0, 2.0, 1.0, 2.0, 2.0, 3.0, 4.0, 0.0, 2.0, 1.0, 0.0, 0.0, 0.0, 1.0], "bins": [-0.0004250219208188355, -0.0004095574258826673, -0.00039409296005032957, -0.00037862849421799183, -0.00036316399928182364, -0.00034769950434565544, -0.0003322350385133177, -0.00031677057268097997, -0.0003013060777448118, -0.0002858415828086436, -0.00027037711697630584, -0.0002549126511439681, -0.0002394481562077999, -0.00022398367582354695, -0.00020851919543929398, -0.00019305471505504102, -0.00017759023467078805, -0.00016212575428653508, -0.00014666127390228212, -0.00013119679351802915, -0.00011573231313377619, -0.00010026783274952322, -8.480335236527026e-05, -6.933887198101729e-05, -5.3874391596764326e-05, -3.840991121251136e-05, -2.2945430828258395e-05, -7.48095044400543e-06, 7.983529940247536e-06, 2.34480103245005e-05, 3.8912490708753467e-05, 5.437697109300643e-05, 6.984139326959848e-05, 8.530587365385145e-05, 0.00010077035403810441, 0.00011623483442235738, 0.00013169931480661035, 0.0001471637951908633, 0.00016262827557511628, 0.00017809275595936924, 0.0001935572363436222, 0.00020902171672787517, 0.00022448619711212814, 0.0002399506774963811, 0.00025541515788063407, 0.00027087965281680226, 0.00028634411864914, 0.00030180858448147774, 0.00031727307941764593, 0.0003327375743538141, 0.00034820204018615186, 0.0003636665060184896, 0.0003791310009546578, 0.000394595495890826, 0.0004100599617231637, 0.00042552442755550146, 0.00044098892249166965, 0.00045645341742783785, 0.0004719178832601756, 0.0004873823490925133, 0.0005028468440286815, 0.0005183113389648497, 0.000533775775693357, 0.0005492402706295252, 0.0005647047655656934]}, "gradients/embedding_item.weight": {"_type": "histogram", "values": [1.0, 0.0, 0.0, 0.0, 0.0, 2.0, 4.0, 2.0, 3.0, 5.0, 6.0, 3.0, 17.0, 22.0, 32.0, 38.0, 76.0, 80.0, 109.0, 166.0, 233.0, 327.0, 523.0, 781.0, 1200.0, 1782.0, 2802.0, 4582.0, 7186.0, 11566.0, 17952.0, 27027.0, 48058.0, 38531.0, 23008.0, 15437.0, 9833.0, 6101.0, 3709.0, 2396.0, 1563.0, 1034.0, 657.0, 482.0, 316.0, 192.0, 152.0, 101.0, 96.0, 48.0, 39.0, 23.0, 19.0, 13.0, 5.0, 7.0, 1.0, 1.0, 0.0, 0.0, 2.0, 0.0, 0.0, 1.0],