{"TOTAL_BEST_METRIC": 0.9826158388362918, "BEST_NDCG@10": 0.12285648659959165, "_timestamp": 1688299866.0586228, "_runtime": 193.06043887138367, "_step": 584, "epoch": 485, "Train_Metric_loss": -0.4660836458206177, "Train_Reg_loss": 1.1830119183287024e-05, "Pos_loss": 0.8799986839294434, "Neg_loss": -2.0303685665130615, "Recall@5": 0.1347727615276136, "Recall@10": 0.1997148720476368, "Recall@20": 0.28046162227813887, "NDCG@5": 0.09954863451086712, "NDCG@10": 0.12247848462758598, "NDCG@20": 0.1456394638444494, "Recall@5_total_best": 0.1347727615276136, "Recall@10_total_best": 0.1997148720476368, "Recall@20_total_best": 0.28046162227813887, "ndcg@5_total_best": 0.09954863451086712, "ndcg@10_total_best": 0.12247848462758598, "ndcg@20_total_best": 0.1456394638444494, "EPOCH_ndcg_best": 370, "Recall@5_ndcg_best": 0.13648882403007354, "Recall@10_ndcg_best": 0.19891751535229915, "Recall@20_ndcg_best": 0.2765711935387253, "ndcg@5_ndcg_best": 0.1010032130232424, "ndcg@10_ndcg_best": 0.12285648659959165, "ndcg@20_ndcg_best": 0.14514828688126521, "gradients/mass_i.weight": {"_type": "histogram", "values": [1.0, 0.0, 0.0, 0.0, 0.0, 0.0, 1.0, 0.0, 0.0, 0.0, 0.0, 2.0, 0.0, 1.0, 1.0, 0.0, 1.0, 0.0, 0.0, 1.0, 0.0, 1.0, 1.0, 2.0, 1.0, 3.0, 1.0, 8.0, 3.0, 1.0, 5.0, 8.0, 5.0, 13.0, 13.0, 17.0, 12.0, 22.0, 28.0, 27.0, 38.0, 40.0, 48.0, 126.0, 39.0, 81.0, 269.0, 25.0, 183.0, 2149.0, 32.0, 162.0, 21.0, 89.0, 24.0, 27.0, 16.0, 6.0, 5.0, 0.0, 5.0, 1.0, 2.0, 1.0], "bins": [-0.0034472381230443716, -0.003377719549462199, -0.003308200743049383, -0.0032386821694672108, -0.0031691635958850384, -0.003099645022302866, -0.00303012621589005, -0.0029606076423078775, -0.002891089068725705, -0.0028215704951435328, -0.0027520516887307167, -0.0026825331151485443, -0.002613014541566372, -0.0025434959679841995, -0.0024739771615713835, -0.002404458587989211, -0.002334939781576395, -0.0022654212079942226, -0.0021959024015814066, -0.002126383827999234, -0.002056865254417062, -0.0019873466808348894, -0.0019178278744220734, -0.001848309300839901, -0.0017787907272577286, -0.0017092720372602344, -0.001639753463678062, -0.0015702347736805677, -0.0015007162000983953, -0.0014311975101009011, -0.001361678820103407, -0.0012921602465212345, -0.0012226415565237403, -0.001153122866526246, -0.0010836042929440737, -0.0010140856029465795, -0.0009445670293644071, -0.0008750483393669128, -0.0008055297075770795, -0.0007360110757872462, -0.0006664924439974129, -0.0005969738122075796, -0.0005274551804177463, -0.00045793651952408254, -0.00038841788773424923, -0.0003188992559444159, -0.00024938059505075216, -0.00017986196326091886, -0.00011034333147108555, -4.082469240529463e-05, 2.8693946660496294e-05, 9.821259300224483e-05, 0.00016773122479207814, 0.00023724985658191144, 0.0003067685174755752, 0.0003762871492654085, 0.0004458057810552418, 0.0005153244128450751, 0.0005848430446349084, 0.0006543616764247417, 0.000723880366422236, 0.0007933989400044084, 0.0008629176300019026, 0.0009324362617917359, 0.0010019548935815692]}, "gradients/mass_u.weight": {"_type": "histogram", "values": [1.0, 0.0, 0.0, 0.0, 0.0, 0.0, 0.0, 0.0, 0.0, 0.0, 0.0, 1.0, 1.0, 0.0, 1.0, 0.0, 0.0, 0.0, 0.0, 1.0, 0.0, 0.0, 0.0, 1.0, 0.0, 0.0, 0.0, 1.0, 0.0, 0.0, 0.0, 0.0, 0.0, 0.0, 1.0, 0.0, 0.0, 0.0, 0.0, 1.0, 2.0, 2.0, 2.0, 3.0, 2.0, 0.0, 2.0, 1.0, 3.0, 3.0, 1.0, 4.0, 4.0, 1.0, 11.0, 13.0, 15.0, 12.0, 37.0, 32.0, 129.0, 82.0, 125.0, 5046.0], "bins": [-0.00953707192093134, -0.009388054721057415, -0.009239038452506065, -0.009090021252632141, -0.008941004984080791, -0.008791987784206867, -0.008642971515655518, -0.008493954315781593, -0.008344938047230244, -0.00819592084735632, -0.00804690457880497, -0.007897887378931046, -0.007748871110379696, -0.007599854376167059, -0.007450837641954422, -0.007301820907741785, -0.007152804173529148, -0.007003787439316511, -0.006854770705103874, -0.006705753970891237, -0.0065567372366786, -0.006407720502465963, -0.006258703768253326, -0.0061096870340406895, -0.005960669834166765, -0.005811653099954128, -0.005662636365741491, -0.005513619631528854, -0.005364602897316217, -0.0052155861631035805, -0.0050665694288909435, -0.004917552694678307, -0.00476853596046567, -0.004619519226253033, -0.004470502492040396, -0.004321485757827759, -0.004172469023615122, -0.004023452289402485, -0.003874435555189848, -0.003725418820977211, -0.003576402086764574, -0.003427385352551937, -0.0032783686183393, -0.003129351884126663, -0.0029803351499140263, -0.0028313184157013893, -0.0026823016814887524, -0.0025332849472761154, -0.002384267980232835, -0.002235251246020198, -0.002086234511807561, -0.001937217777594924, -0.001788201043382287, -0.00163918430916965, -0.0014901674585416913, -0.0013411507243290544, -0.0011921339901164174, -0.0010431172559037805, -0.0008941005216911435, -0.0007450837292708457, -0.0005960669950582087, -0.00044705026084557176, -0.0002980334684252739, -0.00014901673421263695, 0.0]}, "gradients/embedding_user.weight": {"_type": "histogram", "values": [1.0, 0.0, 0.0, 0.0, 0.0, 0.0, 0.0, 1.0, 1.0, 0.0, 0.0, 0.0, 0.0, 2.0, 0.0, 0.0, 3.0, 2.0, 1.0, 1.0, 0.0, 3.0, 7.0, 9.0, 10.0, 53.0, 254.0, 1634.0, 11485.0, 283006.0, 53572.0, 3867.0, 571.0, 85.0, 25.0, 7.0, 6.0, 4.0, 2.0, 2.0, 1.0, 0.0, 3.0, 2.0, 2.0, 0.0, 0.0, 0.0, 0.0, 0.0, 0.0, 0.0, 0.0, 0.0, 0.0, 0.0, 0.0, 0.0, 0.0, 0.0, 1.0, 0.0, 0.0, 1.0], "bins": [-0.007517757825553417, -0.007264754734933376, -0.007011751178652048, -0.006758748088032007, -0.006505744531750679, -0.006252741441130638, -0.005999738350510597, -0.005746734794229269, -0.005493731237947941, -0.0052407281473279, -0.004987724591046572, -0.004734721500426531, -0.004481717944145203, -0.004228714853525162, -0.003975711762905121, -0.0037227082066237926, -0.0034697051160037518, -0.003216701792553067, -0.0029636984691023827, -0.0027106953784823418, -0.0024576918222010136, -0.0022046887315809727, -0.0019516854081302881, -0.0016986820846796036, -0.001445678761228919, -0.0011926754377782345, -0.0009396721725352108, -0.0006866689072921872, -0.00043366558384150267, -0.00018066226039081812, 7.23409466445446e-05, 0.00032534427009522915, 0.0005783475935459137, 0.0008313509169965982, 0.0010843542404472828, 0.0013373574474826455, 0.00159036077093333, 0.0018433640943840146, 0.0020963673014193773, 0.002349370624870062, 0.0026023739483207464, 0.002855377271771431, 0.0031083805952221155, 0.0033613839186728, 0.003614387009292841, 0.003867390565574169, 0.00412039365619421, 0.004373396746814251, 0.004626400303095579, 0.00487940339371562, 0.005132406949996948, 0.005385410040616989, 0.005638413596898317, 0.005891416687518358, 0.006144420243799686, 0.006397423334419727, 0.006650426425039768, 0.006903429515659809, 0.007156433071941137, 0.007409436162561178, 0.007662439718842506, 0.007915442809462547, 0.008168445900082588, 0.008421448990702629, 0.008674453012645245]}, "gradients/embedding_item.weight": {"_type": "histogram", "values": [1.0, 1.0, 1.0, 0.0, 2.0, 3.0, 6.0, 6.0, 12.0, 12.0, 15.0, 23.0, 37.0, 43.0, 84.0, 84.0, 148.0, 181.0, 278.0, 381.0, 516.0, 810.0, 1199.0, 1785.0, 2727.0, 4094.0, 6516.0, 10114.0, 14980.0, 21514.0, 30763.0, 51695.0, 25119.0, 18682.0, 12543.0, 8197.0, 5241.0, 3451.0, 2262.0, 1488.0, 1007.0, 711.0, 447.0, 329.0, 240.0, 162.0, 138.0, 93.0, 49.0, 54.0, 22.0, 27.0, 18.0, 14.0, 9.0, 6.0, 4.0, 3.0, 1.0, 0.0, 1.0, 1.0, 1.0, 1.0],