{"TOTAL_BEST_METRIC": 0.9845641006315202, "BEST_NDCG@10": 0.12332199372844116, "_timestamp": 1688367015.3918297, "_runtime": 756.1677086353302, "_step": 1109, "epoch": 1000, "Train_Metric_loss": NaN, "Train_Reg_loss": NaN, "Pos_loss": NaN, "Neg_loss": NaN, "Recall@5": 0.0007852166725705515, "Recall@10": 0.003778486243948518, "Recall@20": 0.005806892363746774, "NDCG@5": 0.000556356529533085, "NDCG@10": 0.0016257618776651963, "NDCG@20": 0.002209725865082795, "Recall@5_total_best": 0.1349523288648799, "Recall@10_total_best": 0.19881639343787674, "Recall@20_total_best": 0.2804273641841459, "ndcg@5_total_best": 0.10096612452988961, "ndcg@10_total_best": 0.12332199372844116, "ndcg@20_total_best": 0.14607989588628703, "EPOCH_ndcg_best": 70, "Recall@5_ndcg_best": 0.1349523288648799, "Recall@10_ndcg_best": 0.19881639343787674, "Recall@20_ndcg_best": 0.2804273641841459, "ndcg@5_ndcg_best": 0.10096612452988961, "ndcg@10_ndcg_best": 0.12332199372844116, "ndcg@20_ndcg_best": 0.14607989588628703, "gradients/mass_i.weight": {"_type": "histogram", "values": [2.0, 1.0, 0.0, 1.0, 0.0, 1.0, 2.0, 0.0, 5.0, 3.0, 3.0, 4.0, 3.0, 4.0, 9.0, 11.0, 14.0, 13.0, 32.0, 47.0, 42.0, 64.0, 68.0, 84.0, 97.0, 82.0, 64.0, 2744.0, 61.0, 26.0, 32.0, 13.0, 12.0, 4.0, 3.0, 4.0, 3.0, 0.0, 2.0, 0.0, 3.0, 0.0, 0.0, 1.0, 0.0, 0.0, 0.0, 0.0, 0.0, 0.0, 0.0, 0.0, 1.0, 0.0, 0.0, 0.0, 0.0, 1.0, 1.0, 0.0, 0.0, 0.0, 0.0, 1.0], "bins": [-0.00011141785216750577, -0.0001073698585969396, -0.00010332186502637342, -9.927387145580724e-05, -9.522587788524106e-05, -9.117788431467488e-05, -8.712989802006632e-05, -8.308190444950014e-05, -7.903391087893397e-05, -7.498591730836779e-05, -7.093792373780161e-05, -6.688993016723543e-05, -6.284193659666926e-05, -5.879394302610308e-05, -5.474595309351571e-05, -5.069795952294953e-05, -4.664996231440455e-05, -4.260196874383837e-05, -3.855397517327219e-05, -3.4505981602706015e-05, -3.045798985112924e-05, -2.6409996280563064e-05, -2.236200452898629e-05, -1.8314010958420113e-05, -1.4266017387853935e-05, -1.0218023817287758e-05, -6.170031156216282e-06, -2.122038495144807e-06, 1.9259550754213706e-06, 5.973948645987548e-06, 1.0021940397564322e-05, 1.4069933968130499e-05, 1.811793481465429e-05, 2.2165928385220468e-05, 2.6213921955786645e-05, 3.026191370736342e-05, 3.4309909096919e-05, 3.835790266748518e-05, 4.240589260007255e-05, 4.6453886170638725e-05, 5.05018797412049e-05, 5.454987331177108e-05, 5.859786688233726e-05, 6.264585681492463e-05, 6.66938503854908e-05, 7.074184395605698e-05, 7.478983752662316e-05, 7.883783109718934e-05, 8.288582466775551e-05, 8.693381823832169e-05, 9.098181180888787e-05, 9.502980537945405e-05, 9.907779895002022e-05, 0.0001031257925205864, 0.00010717377881519496, 0.00011122177238576114, 0.00011526976595632732, 0.0001193177595268935, 0.00012336575309745967, 0.00012741374666802585, 0.00013146174023859203, 0.0001355097338091582, 0.00013955772737972438, 0.00014360572095029056, 0.00014765371452085674]}, "gradients/mass_u.weight": {"_type": "histogram", "values": [1.0, 0.0, 0.0, 0.0, 0.0, 0.0, 0.0, 0.0, 0.0, 0.0, 0.0, 0.0, 0.0, 0.0, 0.0, 0.0, 0.0, 0.0, 0.0, 0.0, 0.0, 0.0, 0.0, 0.0, 0.0, 0.0, 0.0, 0.0, 1.0, 0.0, 0.0, 0.0, 0.0, 1.0, 0.0, 0.0, 0.0, 0.0, 2.0, 0.0, 0.0, 0.0, 0.0, 0.0, 0.0, 0.0, 0.0, 0.0, 0.0, 1.0, 3.0, 2.0, 3.0, 3.0, 8.0, 2.0, 11.0, 3.0, 16.0, 22.0, 35.0, 90.0, 240.0, 5097.0], "bins": [-0.0009062402532435954, -0.0008920802501961589, -0.0008779202471487224, -0.0008637602441012859, -0.0008496002410538495, -0.000835440238006413, -0.0008212802349589765, -0.00080712023191154, -0.0007929602288641036, -0.0007788002258166671, -0.0007646402227692306, -0.0007504802197217941, -0.0007363202166743577, -0.0007221602136269212, -0.0007080002105794847, -0.0006938402075320482, -0.0006796802044846117, -0.0006655202014371753, -0.0006513601983897388, -0.0006372001953423023, -0.0006230401922948658, -0.0006088801892474294, -0.0005947201861999929, -0.0005805601831525564, -0.0005664001801051199, -0.0005522401770576835, -0.000538080174010247, -0.0005239201709628105, -0.000509760167915374, -0.0004956001648679376, -0.0004814401618205011, -0.0004672801587730646, -0.0004531201266217977, -0.0004389601235743612, -0.00042480012052692473, -0.00041064011747948825, -0.0003964801144320518, -0.0003823201113846153, -0.0003681601083371788, -0.00035400010528974235, -0.0003398401022423059, -0.0003256800991948694, -0.0003115200961474329, -0.00029736009309999645, -0.00028320009005255997, -0.0002690400870051235, -0.000254880083957687, -0.00024072008091025054, -0.00022656006331089884, -0.00021240006026346236, -0.0001982400572160259, -0.0001840800541685894, -0.00016992005112115294, -0.00015576003352180123, -0.00014160003047436476, -0.00012744002742692828, -0.00011328003165544942, -9.912002860801294e-05, -8.496002556057647e-05, -7.080001523718238e-05, -5.664001582772471e-05, -4.248000914230943e-05, -2.832000609487295e-05, -1.4160003047436476e-05, 0.0]}, "gradients/embedding_user.weight": {"_type": "histogram", "values": [0.0, 0.0, 0.0, 0.0, 0.0, 0.0, 0.0, 0.0, 0.0, 0.0, 0.0, 0.0, 0.0, 0.0, 0.0, 0.0, 0.0, 0.0, 0.0, 0.0, 0.0, 0.0, 0.0, 0.0, 0.0, 0.0, 0.0, 0.0, 0.0, 0.0, 0.0, 0.0, 3392.0, 0.0, 0.0, 0.0, 0.0, 0.0, 0.0, 0.0, 0.0, 0.0, 0.0, 0.0, 0.0, 0.0, 0.0, 0.0, 0.0, 0.0, 0.0, 0.0, 0.0, 0.0, 0.0, 0.0, 0.0, 0.0, 0.0, 0.0, 0.0, 0.0, 0.0, 0.0], "bins": [0.0, 0.0, 0.0, 0.0, 0.0, 0.0, 0.0, 0.0, 0.0, 0.0, 0.0, 0.0, 0.0, 0.0, 0.0, 0.0, 0.0, 0.0, 0.0, 0.0, 0.0, 0.0, 0.0, 0.0, 0.0, 0.0, 0.0, 0.0, 0.0, 0.0, 0.0, 0.0, 0.0, 0.0, 0.0, 0.0, 0.0, 0.0, 0.0, 0.0, 0.0, 0.0, 0.0, 0.0, 0.0, 0.0, 0.0, 0.0, 0.0, 0.0, 0.0, 0.0, 0.0, 0.0, 0.0, 0.0, 0.0, 0.0, 0.0, 0.0, 0.0, 0.0, 0.0, 0.0, 0.0]}, "_wandb": {"runtime": 755}}