{"TOTAL_BEST_METRIC": 0.193588744167292, "BEST_NDCG@10": 0.02160031432777696, "_timestamp": 1688511548.0950239, "_runtime": 1491.9419708251953, "_step": 1270, "epoch": 1000, "Train_Metric_loss": 4.642938682011196, "Train_Reg_loss": 2.3593266048140194e-06, "Pos_loss": 8.04886531829834, "Neg_loss": 1.265085220336914, "Recall@5": 0.02183262707602298, "Recall@10": 0.03961167220863174, "Recall@20": 0.06610981811727736, "NDCG@5": 0.015349243193226565, "NDCG@10": 0.02160031432777696, "NDCG@20": 0.029085069244356422, "Recall@5_total_best": 0.02183262707602298, "Recall@10_total_best": 0.03961167220863174, "Recall@20_total_best": 0.06610981811727736, "ndcg@5_total_best": 0.015349243193226565, "ndcg@10_total_best": 0.02160031432777696, "ndcg@20_total_best": 0.029085069244356422, "EPOCH_ndcg_best": 1000, "Recall@5_ndcg_best": 0.02183262707602298, "Recall@10_ndcg_best": 0.03961167220863174, "Recall@20_ndcg_best": 0.06610981811727736, "ndcg@5_ndcg_best": 0.015349243193226565, "ndcg@10_ndcg_best": 0.02160031432777696, "ndcg@20_ndcg_best": 0.029085069244356422, "gradients/mass_i.weight": {"_type": "histogram", "values": [2.0, 0.0, 0.0, 0.0, 0.0, 0.0, 1.0, 0.0, 0.0, 0.0, 0.0, 0.0, 0.0, 0.0, 1.0, 1.0, 0.0, 0.0, 0.0, 0.0, 0.0, 0.0, 0.0, 1.0, 1.0, 1.0, 1.0, 2.0, 0.0, 3.0, 2.0, 2.0, 3.0, 3.0, 3.0, 8.0, 6.0, 15.0, 26.0, 21.0, 197.0, 10.0, 810.0, 23.0, 290.0, 6447.0, 117.0, 385.0, 68.0, 119.0, 49.0, 38.0, 21.0, 5.0, 12.0, 3.0, 10.0, 1.0, 3.0, 0.0, 1.0, 0.0, 0.0, 1.0], "bins": [-0.001746752648614347, -0.0017081414116546512, -0.0016695301746949553, -0.0016309189377352595, -0.0015923077007755637, -0.001553696463815868, -0.001515085226856172, -0.0014764738734811544, -0.0014378626365214586, -0.0013992513995617628, -0.001360640162602067, -0.0013220289256423712, -0.0012834176886826754, -0.0012448064517229795, -0.0012061952147632837, -0.001167583977803588, -0.001128972740843892, -0.0010903615038841963, -0.0010517502669245005, -0.0010131390299648046, -0.0009745277930051088, -0.000935916556045413, -0.0008973052608780563, -0.0008586940239183605, -0.0008200827869586647, -0.0007814715499989688, -0.000742860313039273, -0.0007042490760795772, -0.0006656377809122205, -0.0006270265439525247, -0.0005884153069928288, -0.000549804070033133, -0.0005111928912810981, -0.0004725816543214023, -0.0004339704173617065, -0.0003953591512981802, -0.0003567479143384844, -0.0003181366773787886, -0.0002795254113152623, -0.0002409141743555665, -0.00020230293739587069, -0.00016369170043617487, -0.00012508044892456383, -8.64692046889104e-05, -4.7857960453256965e-05, -9.246723493561149e-06, 2.9364528018049896e-05, 6.797577952966094e-05, 0.00010658701648935676, 0.00014519825344905257, 0.00018380950496066362, 0.00022242075647227466, 0.0002610319934319705, 0.0002996432303916663, 0.00033825449645519257, 0.0003768657334148884, 0.0004154769703745842, 0.00045408820733428, 0.0004926994442939758, 0.0005313106812536716, 0.0005699219182133675, 0.0006085331551730633, 0.00064714445034042, 0.0006857556873001158, 0.0007243669242598116]}, "gradients/mass_u.weight": {"_type": "histogram", "values": [1.0, 0.0, 0.0, 0.0, 0.0, 0.0, 0.0, 0.0, 0.0, 0.0, 0.0, 0.0, 0.0, 0.0, 0.0, 0.0, 0.0, 0.0, 0.0, 0.0, 0.0, 0.0, 0.0, 0.0, 0.0, 0.0, 0.0, 0.0, 0.0, 0.0, 0.0, 1.0, 0.0, 0.0, 0.0, 1.0, 0.0, 0.0, 0.0, 0.0, 0.0, 1.0, 0.0, 0.0, 0.0, 0.0, 0.0, 0.0, 1.0, 1.0, 1.0, 3.0, 1.0, 2.0, 3.0, 7.0, 7.0, 10.0, 17.0, 31.0, 55.0, 137.0, 177.0, 14224.0], "bins": [-0.002012144774198532, -0.001980704953894019, -0.001949265250004828, -0.0019178255461156368, -0.0018863857258111238, -0.0018549459055066109, -0.0018235062016174197, -0.0017920664977282286, -0.0017606266774237156, -0.0017291868571192026, -0.0016977471532300115, -0.0016663074493408203, -0.0016348676290363073, -0.0016034278087317944, -0.0015719881048426032, -0.001540548400953412, -0.001509108580648899, -0.001477668760344386, -0.001446229056455195, -0.0014147893525660038, -0.0013833495322614908, -0.0013519097119569778, -0.0013204700080677867, -0.0012890303041785955, -0.0012575904838740826, -0.0012261506635695696, -0.0011947109596803784, -0.0011632712557911873, -0.0011318314354866743, -0.0011003916151821613, -0.0010689519112929702, -0.001037512207403779, -0.001006072387099266, -0.000974632625002414, -0.0009431928629055619, -0.0009117531008087099, -0.0008803133387118578, -0.0008488735766150057, -0.0008174338145181537, -0.0007859940524213016, -0.0007545542903244495, -0.0007231145282275975, -0.0006916747661307454, -0.0006602350040338933, -0.0006287952419370413, -0.0005973554798401892, -0.0005659157177433372, -0.0005344759556464851, -0.000503036193549633, -0.00047159643145278096, -0.0004401566693559289, -0.00040871690725907683, -0.00037727714516222477, -0.0003458373830653727, -0.00031439762096852064, -0.0002829578588716686, -0.0002515180967748165, -0.00022007833467796445, -0.00018863857258111238, -0.00015719881048426032, -0.00012575904838740826, -9.431928629055619e-05, -6.287952419370413e-05, -3.1439762096852064e-05, 0.0]}, "gradients/embedding_user.weight": {"_type": "histogram", "values": [1.0, 0.0, 0.0, 1.0, 0.0, 0.0, 0.0, 0.0, 0.0, 0.0, 0.0, 0.0, 0.0, 0.0, 1.0, 0.0, 2.0, 3.0, 2.0, 5.0, 1.0, 2.0, 2.0, 3.0, 7.0, 8.0, 18.0, 19.0, 41.0, 58.0, 120.0, 265.0, 743.0, 2582.0, 7899.0, 218269.0, 694556.0, 9955.0, 3387.0, 1005.0, 336.0, 126.0, 75.0, 26.0, 16.0, 15.0, 11.0, 5.0, 2.0, 3.0, 3.0, 2.0, 3.0, 1.0, 3.0, 0.0, 0.0, 0.0, 0.0, 0.0, 0.0, 0.0, 0.0, 2.0], "bins": [-0.0006925422931089997, -0.0006733687478117645, -0.0006541952607221901, -0.0006350217154249549, -0.0006158482283353806, -0.0005966746830381453, -0.000577501195948571, -0.0005583276506513357, -0.0005391541635617614, -0.0005199806182645261, -0.0005008071311749518, -0.000481633614981547, -0.0004624600987881422, -0.0004432865825947374, -0.0004241130664013326, -0.00040493952110409737, -0.00038576600491069257, -0.0003665924887172878, -0.000347418972523883, -0.0003282454563304782, -0.0003090719401370734, -0.0002898984239436686, -0.00027072487864643335, -0.000251551391556859, -0.000232377860811539, -0.0002132043446181342, -0.0001940308284247294, -0.00017485729767940938, -0.0001556837814860046, -0.0001365102652925998, -0.000117336749099195, -9.816323290579021e-05, -7.898971671238542e-05, -5.981620051898062e-05, -4.064268068759702e-05, -2.146916085621342e-05, -2.295644662808627e-06, 1.6877871530596167e-05, 3.6051394999958575e-05, 5.522491119336337e-05, 7.439842738676816e-05, 9.357194358017296e-05, 0.00011274545977357775, 0.00013191899051889777, 0.00015109250671230257, 0.00017026602290570736, 0.00018943953909911215, 0.00020861305529251695, 0.00022778657148592174, 0.00024696008767932653, 0.00026613360387273133, 0.0002853071200661361, 0.0003044806362595409, 0.0003236541524529457, 0.00034282769775018096, 0.0003620011848397553, 0.00038117473013699055, 0.00040034824633039534, 0.00041952176252380013, 0.00043869527871720493, 0.0004578687949106097, 0.0004770423111040145, 0.0004962158272974193, 0.0005153893725946546, 0.0005345628596842289]}, "gradients/embedding_item.weight": {"_type": "histogram", "values": [1.0, 0.0, 0.0, 0.0, 0.0, 1.0, 1.0, 1.0, 0.0, 1.0, 0.0, 2.0, 8.0, 8.0, 12.0, 7.0, 17.0, 20.0, 44.0, 49.0, 72.0, 131.0, 170.0, 279.0, 395.0, 551.0, 946.0, 1459.0, 2232.0, 3686.0, 5728.0, 9170.0, 14144.0, 21391.0, 36624.0, 68976.0, 105536.0, 107970.0, 74507.0, 39597.0, 23047.0, 14832.0, 9633.0, 6083.0, 3791.0, 2385.0, 1443.0, 930.0, 600.0, 385.0, 261.0, 174.0, 128.0, 63.0, 48.0, 37.0, 17.0, 10.0, 15.0, 4.0, 3.0, 3.0, 3.0, 1.0],