{"TOTAL_BEST_METRIC": 0.8770730285920582, "BEST_NDCG@10": 0.11052658913958716, "_timestamp": 1688305604.7665365, "_runtime": 292.3804473876953, "_step": 1106, "epoch": 1000, "Train_Metric_loss": -0.25674891471862793, "Train_Reg_loss": 0.0030314414761960506, "Pos_loss": -0.592910647392273, "Neg_loss": 0.3175840973854065, "Recall@5": 0.08673963105419004, "Recall@10": 0.12932175078827576, "Recall@20": 0.18284393308443875, "NDCG@5": 0.06506409110242806, "NDCG@10": 0.07992792054860748, "NDCG@20": 0.0952525284692529, "Recall@5_total_best": 0.12068365533743908, "Recall@10_total_best": 0.17306400084659496, "Recall@20_total_best": 0.2489464726306832, "ndcg@5_total_best": 0.09199267547045152, "ndcg@10_total_best": 0.11040215937412612, "ndcg@20_total_best": 0.1319840649327633, "EPOCH_ndcg_best": 40, "Recall@5_ndcg_best": 0.11734039198802328, "Recall@10_ndcg_best": 0.1742892076425831, "Recall@20_ndcg_best": 0.24132336301641075, "ndcg@5_ndcg_best": 0.09068795959211223, "ndcg@10_ndcg_best": 0.11052658913958716, "ndcg@20_ndcg_best": 0.12946556657606806, "gradients/mass_i.weight": {"_type": "histogram", "values": [1.0, 0.0, 0.0, 0.0, 0.0, 0.0, 0.0, 0.0, 0.0, 0.0, 0.0, 0.0, 0.0, 0.0, 1.0, 0.0, 0.0, 0.0, 0.0, 0.0, 0.0, 0.0, 0.0, 0.0, 3.0, 0.0, 0.0, 1.0, 3.0, 4.0, 5.0, 14.0, 13.0, 19.0, 45.0, 58.0, 55.0, 3283.0, 24.0, 12.0, 11.0, 3.0, 2.0, 2.0, 3.0, 2.0, 0.0, 0.0, 0.0, 0.0, 0.0, 0.0, 0.0, 1.0, 0.0, 0.0, 0.0, 1.0, 0.0, 1.0, 0.0, 0.0, 0.0, 1.0], "bins": [-0.000387634034268558, -0.00037728314055129886, -0.00036693221773020923, -0.00035658132401295006, -0.0003462304302956909, -0.00033587950747460127, -0.0003255286137573421, -0.00031517772004008293, -0.00030482682632282376, -0.0002944759326055646, -0.00028412500978447497, -0.0002737741160672158, -0.00026342322234995663, -0.000253072299528867, -0.00024272140581160784, -0.00023237051209434867, -0.00022201958927325904, -0.00021166868100408465, -0.00020131778728682548, -0.00019096687901765108, -0.0001806159853003919, -0.00017026507703121752, -0.00015991416876204312, -0.00014956327504478395, -0.00013921236677560955, -0.00012886145850643516, -0.00011851056478917599, -0.00010815965652000159, -9.780875552678481e-05, -8.745785453356802e-05, -7.710694626439363e-05, -6.675604527117684e-05, -5.640517338179052e-05, -4.6054272388573736e-05, -3.5703367757378146e-05, -2.5352463126182556e-05, -1.5001562132965773e-05, -4.6506611397489905e-06, 5.7002471294254065e-06, 1.605114812264219e-05, 2.6402049115858972e-05, 3.6752950109075755e-05, 4.7103854740271345e-05, 5.7454759371466935e-05, 6.780566036468372e-05, 7.81565613579005e-05, 8.85074696270749e-05, 9.885837062029168e-05, 0.00010920927161350846, 0.00011956017260672525, 0.00012991107359994203, 0.00014026198186911643, 0.0001506128755863756, 0.00016096378385555, 0.0001713146921247244, 0.00018166558584198356, 0.00019201649411115795, 0.00020236740238033235, 0.00021271829609759152, 0.00022306920436676592, 0.0002334201126359403, 0.00024377100635319948, 0.00025412190007045865, 0.0002644728228915483, 0.00027482371660880744]}, "gradients/mass_u.weight": {"_type": "histogram", "values": [0.0, 0.0, 0.0, 0.0, 0.0, 0.0, 0.0, 0.0, 0.0, 0.0, 0.0, 0.0, 0.0, 0.0, 0.0, 0.0, 0.0, 0.0, 0.0, 0.0, 0.0, 0.0, 0.0, 0.0, 0.0, 0.0, 0.0, 0.0, 0.0, 0.0, 0.0, 0.0, 5541.0, 0.0, 0.0, 0.0, 0.0, 0.0, 0.0, 0.0, 0.0, 0.0, 0.0, 0.0, 0.0, 0.0, 0.0, 0.0, 0.0, 0.0, 0.0, 0.0, 0.0, 0.0, 0.0, 0.0, 0.0, 0.0, 0.0, 0.0, 0.0, 0.0, 0.0, 0.0], "bins": [0.0, 0.0, 0.0, 0.0, 0.0, 0.0, 0.0, 0.0, 0.0, 0.0, 0.0, 0.0, 0.0, 0.0, 0.0, 0.0, 0.0, 0.0, 0.0, 0.0, 0.0, 0.0, 0.0, 0.0, 0.0, 0.0, 0.0, 0.0, 0.0, 0.0, 0.0, 0.0, 0.0, 0.0, 0.0, 0.0, 0.0, 0.0, 0.0, 0.0, 0.0, 0.0, 0.0, 0.0, 0.0, 0.0, 0.0, 0.0, 0.0, 0.0, 0.0, 0.0, 0.0, 0.0, 0.0, 0.0, 0.0, 0.0, 0.0, 0.0, 0.0, 0.0, 0.0, 0.0, 0.0]}, "gradients/embedding_user.weight": {"_type": "histogram", "values": [1.0, 1.0, 0.0, 3.0, 1.0, 0.0, 0.0, 2.0, 4.0, 4.0, 10.0, 13.0, 11.0, 17.0, 17.0, 26.0, 33.0, 52.0, 67.0, 87.0, 164.0, 270.0, 479.0, 735.0, 1429.0, 2707.0, 6544.0, 30713.0, 158996.0, 121222.0, 20731.0, 5083.0, 2256.0, 1153.0, 660.0, 379.0, 256.0, 147.0, 110.0, 69.0, 43.0, 44.0, 23.0, 17.0, 12.0, 9.0, 2.0, 7.0, 5.0, 1.0, 3.0, 0.0, 0.0, 2.0, 1.0, 0.0, 0.0, 1.0, 0.0, 1.0, 0.0, 0.0, 0.0, 1.0], "bins": [-2.072797087748768e-06, -2.001050916078384e-06, -1.929304517034325e-06, -1.8575582316771033e-06, -1.7858119463198818e-06, -1.714065774649498e-06, -1.6423194892922766e-06, -1.570573203935055e-06, -1.4988269185778336e-06, -1.427080633220612e-06, -1.3553343478633906e-06, -1.283588062506169e-06, -1.2118418908357853e-06, -1.140095491791726e-06, -1.0683493201213423e-06, -9.966030347641208e-07, -9.248567494068993e-07, -8.531104640496778e-07, -7.813641786924563e-07, -7.096179501786537e-07, -6.378716648214322e-07, -5.661253794642107e-07, -4.943791509504081e-07, -4.226328655931866e-07, -3.508865802359651e-07, -2.791402948787436e-07, -2.0739403794323152e-07, -1.3564776679686474e-07, -6.390149565049796e-08, 7.844789706723532e-09, 7.95910466422356e-08, 1.5133730357774766e-07, 2.2308336156129371e-07, 2.948296469185152e-07, 3.665759038540273e-07, 4.3832216078953934e-07, 5.100684461467608e-07, 5.818147315039823e-07, 6.53560960017785e-07, 7.253072453750065e-07, 7.97053530732228e-07, 8.687998160894495e-07, 9.405461014466709e-07, 1.0122923868038924e-06, 1.0840385584742762e-06, 1.1557849575183354e-06, 1.2275311291887192e-06, 1.2992774145459407e-06, 1.3710236999031622e-06, 1.4427699852603837e-06, 1.5145162706176052e-06, 1.5862625559748267e-06, 1.6580088413320482e-06, 1.729755013002432e-06, 1.8015012983596534e-06, 1.873247583716875e-06, 1.944993982760934e-06, 2.016740154431318e-06, 2.088486553475377e-06, 2.160232725145761e-06, 2.23197912418982e-06, 2.303725295860204e-06, 2.375471694904263e-06, 2.447217866574647e-06, 2.5189640382450307e-06]}, "gradients/embedding_item.weight": {"_type": "histogram", "values": [1.0, 0.0, 0.0, 0.0, 0.0, 1.0, 0.0, 0.0, 2.0, 0.0, 4.0, 2.0, 0.0, 3.0, 8.0, 4.0, 15.0, 28.0, 30.0, 40.0, 73.0, 97.0, 108.0, 210.0, 303.0, 475.0, 812.0, 1511.0, 2967.0, 6095.0, 13392.0, 30506.0, 86557.0, 47298.0, 19889.0, 8680.0, 4265.0, 2081.0, 1141.0, 668.0, 399.0, 245.0, 124.0, 86.0, 81.0, 43.0, 31.0, 27.0, 17.0, 16.0, 5.0, 3.0, 4.0, 1.0, 0.0, 1.0, 1.0, 0.0, 1.0, 0.0, 0.0, 0.0, 0.0, 1.0], "bins": [-2.4323076104337815e-06, -2.358018264203565e-06, -2.283728917973349e-06, -2.2094395717431325e-06, -2.1351502255129162e-06, -2.0608608792827e-06, -1.9865715330524836e-06, -1.9122821868222672e-06, -1.837992840592051e-06, -1.7637034943618346e-06, -1.6894141481316183e-06, -1.615124801901402e-06, -1.5408354556711856e-06, -1.4665461094409693e-06, -1.392256763210753e-06, -1.3179674169805367e-06, -1.243678184437158e-06, -1.1693888382069417e-06, -1.0950994919767254e-06, -1.020810145746509e-06, -9.465207995162928e-07, -8.722314532860764e-07, -7.97942163899279e-07, -7.236528176690626e-07, -6.493634714388463e-07, -5.7507412520863e-07, -5.007847789784137e-07, -4.264954611699068e-07, -3.5220611493969045e-07, -2.7791676870947413e-07, -2.0362745090096723e-07, -1.293381046707509e-07, -5.5048758440534584e-08, 1.9240580684254383e-08, 9.352991980904335e-08, 1.6781925182840496e-07, 2.421085980586213e-07, 3.163979442888376e-07, 3.906872620973445e-07, 4.649766083275608e-07, 5.392659545577771e-07, 6.135553007879935e-07, 6.878446470182098e-07, 7.621339364050073e-07, 8.364232826352236e-07, 9.107126288654399e-07, 9.850019750956562e-07, 1.0592913213258726e-06, 1.1335806675560889e-06, 1.2078700137863052e-06, 1.2821593600165215e-06, 1.3564487062467379e-06, 1.4307380524769542e-06, 1.5050273987071705e-06, 1.5793166312505491e-06, 1.6536059774807654e-06, 1.7278953237109818e-06, 1.802184669941198e-06, 1.8764740161714144e-06, 1.9507633624016307e-06, 2.025052708631847e-06, 2.0993420548620634e-06, 2.1736314010922797e-06, 2.247920747322496e-06, 2.3222100935527124e-06]}, "_wandb": {"runtime": 291}}