{"TOTAL_BEST_METRIC": 0.10528180641878762, "BEST_NDCG@10": 0.015165626043563073, "_timestamp": 1688472640.2979977, "_runtime": 5736.143172740936, "_step": 318, "epoch": 274, "Train_Metric_loss": 7.167499891261465, "Train_Reg_loss": 1.0552880045916307e-06, "Pos_loss": 8.805451393127441, "Neg_loss": 1.4585026502609253, "Recall@5": 0.007703706418904188, "Recall@10": 0.01438002201778235, "Recall@20": 0.02453058788982933, "NDCG@5": 0.009127483212937985, "NDCG@10": 0.01153470429629285, "NDCG@20": 0.01512431775945861, "Recall@5_total_best": 0.010241362406104624, "Recall@10_total_best": 0.018211706123992016, "Recall@20_total_best": 0.03025469870184571, "ndcg@5_total_best": 0.01211087569904217, "ndcg@10_total_best": 0.01510838316102674, "ndcg@20_total_best": 0.019354780326776375, "EPOCH_ndcg_best": 80, "Recall@5_ndcg_best": 0.01013764271836885, "Recall@10_ndcg_best": 0.01824379356450633, "Recall@20_ndcg_best": 0.0301356616578203, "ndcg@5_ndcg_best": 0.012158334201158218, "ndcg@10_ndcg_best": 0.015165626043563073, "ndcg@20_ndcg_best": 0.019362223723534244, "gradients/mass_i.weight": {"_type": "histogram", "values": [1.0, 0.0, 0.0, 1.0, 0.0, 0.0, 0.0, 0.0, 0.0, 0.0, 0.0, 0.0, 0.0, 1.0, 1.0, 0.0, 0.0, 0.0, 3.0, 0.0, 2.0, 11.0, 0.0, 0.0, 2.0, 10.0, 0.0, 1.0, 13.0, 1.0, 0.0, 9.0, 45.0, 0.0, 2.0, 30.0, 55.0, 0.0, 3.0, 225.0, 0.0, 0.0, 103.0, 670.0, 0.0, 3.0, 2564.0, 22.0, 0.0, 76.0, 41375.0, 0.0, 2.0, 2532.0, 0.0, 0.0, 46.0, 408.0, 0.0, 2.0, 67.0, 0.0, 0.0, 8.0], "bins": [-0.0002354045573156327, -0.000230754551012069, -0.00022610453015659004, -0.00022145452385302633, -0.0002168045029975474, -0.00021215449669398367, -0.00020750447583850473, -0.00020285446953494102, -0.00019820444867946208, -0.00019355444237589836, -0.00018890442152041942, -0.0001842544152168557, -0.00017960439436137676, -0.00017495438805781305, -0.0001703043672023341, -0.0001656543608987704, -0.00016100435459520668, -0.00015635434829164296, -0.00015170432743616402, -0.0001470543211326003, -0.00014240430027712137, -0.00013775429397355765, -0.0001331042731180787, -0.000128454266814515, -0.00012380426051095128, -0.00011915424693142995, -0.00011450423335190862, -0.0001098542197723873, -0.00010520420619286597, -0.00010055419988930225, -9.590418630978093e-05, -9.12541727302596e-05, -8.660415187478065e-05, -8.195413829525933e-05, -7.7304124715738e-05, -7.265411113621667e-05, -6.800409755669534e-05, -6.335409125313163e-05, -5.87040776736103e-05, -5.405406409408897e-05, -4.9404050514567643e-05, -4.4754036935046315e-05, -4.010402335552499e-05, -3.5454013413982466e-05, -3.080399983446114e-05, -2.615398625493981e-05, -2.1503974494407885e-05, -1.685396273387596e-05, -1.2203949154354632e-05, -7.5539364843280055e-06, -2.903923814301379e-06, 1.7460888557252474e-06, 6.396101525751874e-06, 1.1046115105273202e-05, 1.5696126865805127e-05, 2.034613862633705e-05, 2.499615220585838e-05, 2.9646165785379708e-05, 3.4296179364901036e-05, 3.894618930644356e-05, 4.3596202885964885e-05, 4.8246216465486214e-05, 5.2896226407028735e-05, 5.754623998655006e-05, 6.219625356607139e-05]}, "gradients/mass_u.weight": {"_type": "histogram", "values": [1.0, 0.0, 0.0, 0.0, 1.0, 0.0, 0.0, 0.0, 0.0, 0.0, 0.0, 0.0, 0.0, 0.0, 0.0, 0.0, 1.0, 1.0, 0.0, 0.0, 0.0, 0.0, 1.0, 0.0, 0.0, 0.0, 1.0, 0.0, 1.0, 1.0, 1.0, 1.0, 0.0, 1.0, 0.0, 1.0, 0.0, 0.0, 1.0, 1.0, 2.0, 3.0, 2.0, 1.0, 1.0, 1.0, 2.0, 4.0, 5.0, 4.0, 5.0, 6.0, 7.0, 7.0, 11.0, 14.0, 20.0, 24.0, 28.0, 72.0, 69.0, 153.0, 25.0, 96982.0], "bins": [-0.00031164358370006084, -0.0003067741636186838, -0.00030190471443347633, -0.0002970352943520993, -0.0002921658451668918, -0.0002872964250855148, -0.00028242700500413775, -0.00027755755581893027, -0.00027268813573755324, -0.0002678187156561762, -0.0002629492664709687, -0.0002580798463895917, -0.00025321042630821466, -0.0002483409771230072, -0.00024347155704163015, -0.0002386021224083379, -0.00023373268777504563, -0.00022886325314175338, -0.00022399381850846112, -0.0002191243984270841, -0.00021425496379379183, -0.00020938552916049957, -0.00020451610907912254, -0.00019964667444583029, -0.00019477723981253803, -0.00018990780517924577, -0.0001850383705459535, -0.00018016895046457648, -0.00017529951583128422, -0.00017043008119799197, -0.00016556066111661494, -0.00016069122648332268, -0.00015582179185003042, -0.00015095235721673816, -0.0001460829225834459, -0.00014121350250206888, -0.00013634406786877662, -0.00013147463323548436, -0.00012660521315410733, -0.00012173577852081507, -0.00011686634388752282, -0.00011199690925423056, -0.00010712748189689592, -0.00010225805453956127, -9.738861990626901e-05, -9.251918527297676e-05, -8.764975791564211e-05, -8.278033055830747e-05, -7.791089592501521e-05, -7.304146129172295e-05, -6.817203393438831e-05, -6.330260657705367e-05, -5.843317194376141e-05, -5.356374094844796e-05, -4.869430995313451e-05, -4.3824878957821056e-05, -3.8955447962507606e-05, -3.4086016967194155e-05, -2.9216585971880704e-05, -2.4347154976567253e-05, -1.9477723981253803e-05, -1.4608292985940352e-05, -9.738861990626901e-06, -4.869430995313451e-06, 0.0]}, "gradients/embedding_user.weight": {"_type": "histogram", "values": [1.0, 1.0, 0.0, 3.0, 2.0, 1.0, 0.0, 4.0, 2.0, 1.0, 1.0, 0.0, 1.0, 3.0, 2.0, 8.0, 3.0, 19.0, 20.0, 40.0, 38.0, 70.0, 94.0, 140.0, 161.0, 256.0, 379.0, 548.0, 959.0, 2481.0, 6850.0, 14831.0, 6186957.0, 13431.0, 5573.0, 2068.0, 893.0, 497.0, 367.0, 257.0, 173.0, 118.0, 75.0, 60.0, 54.0, 37.0, 33.0, 23.0, 9.0, 4.0, 3.0, 1.0, 0.0, 2.0, 0.0, 1.0, 3.0, 2.0, 0.0, 2.0, 1.0, 3.0, 0.0, 2.0], "bins": [-0.0008995202369987965, -0.0008717640303075314, -0.0008440078236162663, -0.0008162516169250011, -0.000788495410233736, -0.0007607392035424709, -0.0007329829968512058, -0.0007052267901599407, -0.0006774705834686756, -0.0006497143767774105, -0.0006219581700861454, -0.0005942019633948803, -0.0005664457567036152, -0.0005386895500123501, -0.000510933343321085, -0.0004831771075259894, -0.00045542087173089385, -0.00042766466503962874, -0.00039990845834836364, -0.00037215225165709853, -0.0003443960449658334, -0.0003166398382745683, -0.00028888360247947276, -0.00026112739578820765, -0.00023337118909694254, -0.00020561498240567744, -0.00017785877571441233, -0.000150102554471232, -0.0001223463477799669, -9.459014108870178e-05, -6.683391984552145e-05, -3.9077713154256344e-05, -1.1321448255330324e-05, 1.643476207391359e-05, 4.41909724031575e-05, 7.194718637038022e-05, 9.970339306164533e-05, 0.00012745959975291044, 0.00015521582099609077, 0.00018297202768735588, 0.00021072823437862098, 0.0002384844410698861, 0.0002662406477611512, 0.00029399688355624676, 0.00032175309024751186, 0.00034950929693877697, 0.0003772655036300421, 0.0004050217103213072, 0.0004327779170125723, 0.0004605341237038374, 0.0004882903303951025, 0.0005160465370863676, 0.0005438027437776327, 0.0005715589504688978, 0.0005993151571601629, 0.000627071363851428, 0.0006548275705426931, 0.0006825837772339582, 0.0007103399839252234, 0.0007380961906164885, 0.0007658523973077536, 0.0007936086039990187, 0.0008213648106902838, 0.0008491210173815489, 0.0008768772822804749]}, "gradients/embedding_item.weight": {"_type": "histogram", "values": [1.0, 0.0, 1.0, 0.0, 1.0, 1.0, 1.0, 2.0, 4.0, 4.0, 8.0, 5.0, 7.0, 7.0, 24.0, 34.0, 37.0, 52.0, 92.0, 97.0, 200.0, 372.0, 635.0, 1060.0, 1818.0, 3111.0, 5582.0, 9712.0, 17550.0, 31220.0, 56552.0, 104489.0, 187124.0, 698856.0, 1197949.0, 428065.0, 152488.0, 85882.0, 46670.0, 26571.0, 14930.0, 8278.0, 4706.0, 2697.0, 1542.0, 943.0, 546.0, 315.0, 180.0, 122.0, 88.0, 54.0, 30.0, 32.0, 16.0, 21.0, 6.0, 3.0, 7.0, 8.0, 4.0, 1.0, 1.0, 2.0],