{"TOTAL_BEST_METRIC": 1.004630565404474, "BEST_NDCG@10": 0.12753831664569562, "_timestamp": 1688328072.3651636, "_runtime": 473.91782546043396, "_step": 1114, "epoch": 1000, "Train_Metric_loss": NaN, "Train_Reg_loss": NaN, "Pos_loss": NaN, "Neg_loss": NaN, "Recall@5": 0.0007852166725705515, "Recall@10": 0.003778486243948518, "Recall@20": 0.005806892363746774, "NDCG@5": 0.000556356529533085, "NDCG@10": 0.0016257618776651963, "NDCG@20": 0.002209725865082795, "Recall@5_total_best": 0.13680100576319604, "Recall@10_total_best": 0.19906087556962887, "Recall@20_total_best": 0.28909441520605456, "ndcg@5_total_best": 0.103530996646166, "ndcg@10_total_best": 0.12537888464088598, "ndcg@20_total_best": 0.1507643875785426, "EPOCH_ndcg_best": 80, "Recall@5_ndcg_best": 0.138515290876301, "Recall@10_ndcg_best": 0.2018977995228065, "Recall@20_ndcg_best": 0.270688892154718, "ndcg@5_ndcg_best": 0.1051082747865587, "ndcg@10_ndcg_best": 0.12753831664569562, "ndcg@20_ndcg_best": 0.1472144064982428, "gradients/mass_i.weight": {"_type": "histogram", "values": [1.0, 0.0, 0.0, 1.0, 1.0, 3.0, 3.0, 4.0, 6.0, 5.0, 10.0, 12.0, 22.0, 28.0, 37.0, 48.0, 62.0, 82.0, 79.0, 50.0, 3007.0, 35.0, 22.0, 14.0, 9.0, 5.0, 2.0, 3.0, 2.0, 2.0, 1.0, 0.0, 1.0, 2.0, 0.0, 2.0, 1.0, 1.0, 3.0, 0.0, 0.0, 0.0, 0.0, 0.0, 0.0, 0.0, 0.0, 0.0, 0.0, 0.0, 0.0, 0.0, 0.0, 0.0, 0.0, 1.0, 0.0, 0.0, 0.0, 0.0, 0.0, 0.0, 0.0, 1.0], "bins": [-5.1873255870305e-05, -4.933409582008608e-05, -4.679493576986715e-05, -4.425577571964823e-05, -4.17166156694293e-05, -3.917745561921038e-05, -3.663829556899145e-05, -3.4099139156751335e-05, -3.15599754685536e-05, -2.9020815418334678e-05, -2.6481655368115753e-05, -2.3942495317896828e-05, -2.1403335267677903e-05, -1.8864175217458978e-05, -1.6325016986229457e-05, -1.3785856936010532e-05, -1.124669870478101e-05, -8.707538654562086e-06, -6.168379059090512e-06, -3.629219463618938e-06, -1.090059413400013e-06, 1.4491006368189119e-06, 3.988259777543135e-06, 6.52741982776206e-06, 9.066579877980985e-06, 1.160573992819991e-05, 1.4144899978418835e-05, 1.6684058209648356e-05, 1.922321825986728e-05, 2.1762378310086206e-05, 2.430153836030513e-05, 2.6840698410524055e-05, 2.937985846074298e-05, 3.1919018510961905e-05, 3.445817856118083e-05, 3.6997338611399755e-05, 3.953649866161868e-05, 4.2075658711837605e-05, 4.461481876205653e-05, 4.715397517429665e-05, 4.969313886249438e-05, 5.2232298912713304e-05, 5.477145896293223e-05, 5.7310619013151154e-05, 5.984977906337008e-05, 6.23889354756102e-05, 6.492809916380793e-05, 6.746725557604805e-05, 7.000641198828816e-05, 7.254556840052828e-05, 7.508473208872601e-05, 7.762388850096613e-05, 8.016305218916386e-05, 8.270220860140398e-05, 8.524137228960171e-05, 8.778052870184183e-05, 9.031969239003956e-05, 9.285884880227968e-05, 9.539801249047741e-05, 9.793716890271753e-05, 0.00010047633259091526, 0.00010301548900315538, 0.00010555465269135311, 0.00010809380910359323, 0.00011063297279179096]}, "gradients/mass_u.weight": {"_type": "histogram", "values": [1.0, 0.0, 0.0, 0.0, 0.0, 0.0, 0.0, 0.0, 0.0, 0.0, 0.0, 0.0, 0.0, 0.0, 0.0, 0.0, 0.0, 0.0, 0.0, 0.0, 0.0, 0.0, 0.0, 1.0, 0.0, 0.0, 1.0, 0.0, 1.0, 0.0, 0.0, 1.0, 0.0, 1.0, 0.0, 2.0, 1.0, 0.0, 0.0, 0.0, 0.0, 0.0, 0.0, 0.0, 0.0, 0.0, 0.0, 3.0, 3.0, 4.0, 1.0, 3.0, 5.0, 2.0, 2.0, 9.0, 2.0, 9.0, 18.0, 33.0, 39.0, 129.0, 171.0, 5099.0], "bins": [-0.00019855209393426776, -0.00019544971291907132, -0.0001923473464557901, -0.00018924496544059366, -0.00018614258442539722, -0.000183040217962116, -0.00017993783694691956, -0.00017683545593172312, -0.00017373307491652668, -0.00017063069390133023, -0.00016752832743804902, -0.00016442594642285258, -0.00016132356540765613, -0.00015822119894437492, -0.00015511881792917848, -0.00015201643691398203, -0.00014891407045070082, -0.00014581168943550438, -0.00014270932297222316, -0.00013960694195702672, -0.00013650456094183028, -0.00013340217992663383, -0.00013029981346335262, -0.00012719743244815618, -0.00012409506598487496, -0.00012099269224563614, -0.00011789031123043969, -0.00011478793749120086, -0.00011168555647600442, -0.0001085831827367656, -0.00010548080899752676, -0.00010237842798233032, -9.927604696713388e-05, -9.617367322789505e-05, -9.307129221269861e-05, -8.996891847345978e-05, -8.686653745826334e-05, -8.376416371902451e-05, -8.066178997978568e-05, -7.755940896458924e-05, -7.445703522535041e-05, -7.135466148611158e-05, -6.825228047091514e-05, -6.514990673167631e-05, -6.204753299243748e-05, -5.894515197724104e-05, -5.584277823800221e-05, -5.2740400860784575e-05, -4.963802348356694e-05, -4.6535646106349304e-05, -4.343326872913167e-05, -4.033089498989284e-05, -3.7228517612675205e-05, -3.412614023545757e-05, -3.102376649621874e-05, -2.7921389119001105e-05, -2.481901174178347e-05, -2.1716634364565834e-05, -1.8614258806337602e-05, -1.551188324810937e-05, -1.2409505870891735e-05, -9.3071284936741e-06, -6.2047529354458675e-06, -3.1023773772176355e-06, 0.0]}, "gradients/embedding_user.weight": {"_type": "histogram", "values": [0.0, 0.0, 0.0, 0.0, 0.0, 0.0, 0.0, 0.0, 0.0, 0.0, 0.0, 0.0, 0.0, 0.0, 0.0, 0.0, 0.0, 0.0, 0.0, 0.0, 0.0, 0.0, 0.0, 0.0, 0.0, 0.0, 0.0, 0.0, 0.0, 0.0, 0.0, 0.0, 3392.0, 0.0, 0.0, 0.0, 0.0, 0.0, 0.0, 0.0, 0.0, 0.0, 0.0, 0.0, 0.0, 0.0, 0.0, 0.0, 0.0, 0.0, 0.0, 0.0, 0.0, 0.0, 0.0, 0.0, 0.0, 0.0, 0.0, 0.0, 0.0, 0.0, 0.0, 0.0], "bins": [0.0, 0.0, 0.0, 0.0, 0.0, 0.0, 0.0, 0.0, 0.0, 0.0, 0.0, 0.0, 0.0, 0.0, 0.0, 0.0, 0.0, 0.0, 0.0, 0.0, 0.0, 0.0, 0.0, 0.0, 0.0, 0.0, 0.0, 0.0, 0.0, 0.0, 0.0, 0.0, 0.0, 0.0, 0.0, 0.0, 0.0, 0.0, 0.0, 0.0, 0.0, 0.0, 0.0, 0.0, 0.0, 0.0, 0.0, 0.0, 0.0, 0.0, 0.0, 0.0, 0.0, 0.0, 0.0, 0.0, 0.0, 0.0, 0.0, 0.0, 0.0, 0.0, 0.0, 0.0, 0.0]}, "_wandb": {"runtime": 473}}