{"TOTAL_BEST_METRIC": 0.17935525437209746, "BEST_NDCG@10": 0.020323792216139672, "_timestamp": 1688363580.8461215, "_runtime": 2048.859435558319, "_step": 1105, "epoch": 1000, "Train_Metric_loss": NaN, "Train_Reg_loss": NaN, "Pos_loss": NaN, "Neg_loss": NaN, "Recall@5": 0.00013653741125068268, "Recall@10": 0.000591662115419625, "Recall@20": 0.0010172037138175861, "NDCG@5": 5.281988083486368e-05, "NDCG@10": 0.00022000096810395565, "NDCG@20": 0.00034823243471569386, "Recall@5_total_best": 0.021341777571296957, "Recall@10_total_best": 0.03600644228033632, "Recall@20_total_best": 0.059529404996362945, "ndcg@5_total_best": 0.015139469417989803, "ndcg@10_total_best": 0.020323792216139672, "ndcg@20_total_best": 0.02701436788997175, "EPOCH_ndcg_best": 20, "Recall@5_ndcg_best": 0.021341777571296957, "Recall@10_ndcg_best": 0.03600644228033632, "Recall@20_ndcg_best": 0.059529404996362945, "ndcg@5_ndcg_best": 0.015139469417989803, "ndcg@10_ndcg_best": 0.020323792216139672, "ndcg@20_ndcg_best": 0.02701436788997175, "gradients/mass_i.weight": {"_type": "histogram", "values": [1.0, 0.0, 1.0, 0.0, 0.0, 0.0, 0.0, 0.0, 0.0, 1.0, 0.0, 0.0, 0.0, 0.0, 1.0, 0.0, 2.0, 1.0, 1.0, 1.0, 1.0, 0.0, 2.0, 3.0, 2.0, 5.0, 9.0, 13.0, 8.0, 24.0, 26.0, 41.0, 72.0, 111.0, 105.0, 8136.0, 39.0, 34.0, 10.0, 18.0, 8.0, 4.0, 10.0, 6.0, 5.0, 1.0, 3.0, 1.0, 0.0, 0.0, 0.0, 1.0, 0.0, 1.0, 1.0, 0.0, 1.0, 1.0, 0.0, 0.0, 0.0, 0.0, 1.0, 1.0], "bins": [-2.968041917483788e-05, -2.885100730054546e-05, -2.8021595426253043e-05, -2.7192183551960625e-05, -2.6362771677668206e-05, -2.553336162236519e-05, -2.4703949748072773e-05, -2.3874537873780355e-05, -2.3045125999487936e-05, -2.2215714125195518e-05, -2.13863022509031e-05, -2.055689037661068e-05, -1.9727478502318263e-05, -1.8898066628025845e-05, -1.8068654753733426e-05, -1.723924469843041e-05, -1.640983100514859e-05, -1.558041913085617e-05, -1.4751007256563753e-05, -1.3921595382271335e-05, -1.3092184417473618e-05, -1.22627725431812e-05, -1.1433360668888781e-05, -1.0603949704091065e-05, -9.774537829798646e-06, -8.945125955506228e-06, -8.11571408121381e-06, -7.286302661668742e-06, -6.456891242123675e-06, -5.627479367831256e-06, -4.798067493538838e-06, -3.96865607399377e-06, -3.139244654448703e-06, -2.30983300752996e-06, -1.4804212469243794e-06, -6.510094863187987e-07, 1.7840216059994418e-07, 1.007813807518687e-06, 1.8372256818111055e-06, 2.666637101356173e-06, 3.4960489756485913e-06, 4.32546084994101e-06, 5.154872269486077e-06, 5.9842841437784955e-06, 6.813696018070914e-06, 7.643107892363332e-06, 8.47251976665575e-06, 9.301930731453467e-06, 1.0131342605745886e-05, 1.0960754480038304e-05, 1.1790166354330722e-05, 1.2619577319128439e-05, 1.3448989193420857e-05, 1.4278401067713276e-05, 1.5107812942005694e-05, 1.5937224816298112e-05, 1.676663669059053e-05, 1.759604856488295e-05, 1.8425460439175367e-05, 1.9254872313467786e-05, 2.0084284187760204e-05, 2.0913696062052622e-05, 2.174310793634504e-05, 2.2572517991648056e-05, 2.3401929865940474e-05]}, "gradients/mass_u.weight": {"_type": "histogram", "values": [1.0, 0.0, 0.0, 0.0, 0.0, 0.0, 0.0, 0.0, 0.0, 0.0, 0.0, 0.0, 0.0, 0.0, 0.0, 0.0, 0.0, 0.0, 0.0, 1.0, 0.0, 0.0, 0.0, 0.0, 1.0, 0.0, 0.0, 0.0, 0.0, 0.0, 1.0, 0.0, 1.0, 1.0, 0.0, 1.0, 1.0, 0.0, 0.0, 0.0, 0.0, 0.0, 3.0, 1.0, 1.0, 0.0, 1.0, 2.0, 3.0, 8.0, 1.0, 5.0, 7.0, 13.0, 11.0, 18.0, 28.0, 45.0, 47.0, 88.0, 98.0, 91.0, 42.0, 14160.0], "bins": [-3.567028034012765e-05, -3.5112931072944775e-05, -3.455558544374071e-05, -3.399823617655784e-05, -3.344088690937497e-05, -3.28835412801709e-05, -3.232619201298803e-05, -3.176884274580516e-05, -3.121149347862229e-05, -3.0654144211439416e-05, -3.0096796763245948e-05, -2.953944931505248e-05, -2.8982100047869608e-05, -2.842475259967614e-05, -2.786740515148267e-05, -2.73100558842998e-05, -2.6752710255095735e-05, -2.6195362806902267e-05, -2.5638013539719395e-05, -2.5080666091525927e-05, -2.4523316824343055e-05, -2.3965969376149587e-05, -2.340862192795612e-05, -2.2851272660773247e-05, -2.229392521257978e-05, -2.173657776438631e-05, -2.117922849720344e-05, -2.062188104900997e-05, -2.0064533600816503e-05, -1.950718433363363e-05, -1.8949836885440163e-05, -1.8392489437246695e-05, -1.7835140170063823e-05, -1.7277792721870355e-05, -1.6720443454687484e-05, -1.6163096006494015e-05, -1.5605746739311144e-05, -1.5048399291117676e-05, -1.4491051842924207e-05, -1.3933703485236038e-05, -1.3376355127547868e-05, -1.2819006769859698e-05, -1.2261658412171528e-05, -1.170431096397806e-05, -1.114696260628989e-05, -1.058961424860172e-05, -1.0032266800408252e-05, -9.474918442720082e-06, -8.917570085031912e-06, -8.360221727343742e-06, -7.802873369655572e-06, -7.245525921462104e-06, -6.688177563773934e-06, -6.130829206085764e-06, -5.573481303144945e-06, -5.016133400204126e-06, -4.458785042515956e-06, -3.901436684827786e-06, -3.344088781886967e-06, -2.7867406515724724e-06, -2.229392521257978e-06, -1.6720443909434834e-06, -1.114696260628989e-06, -5.573483576881699e-07, 0.0]}, "gradients/embedding_user.weight": {"_type": "histogram", "values": [0.0, 0.0, 0.0, 0.0, 0.0, 0.0, 0.0, 0.0, 0.0, 0.0, 0.0, 0.0, 0.0, 0.0, 0.0, 0.0, 0.0, 0.0, 0.0, 0.0, 0.0, 0.0, 0.0, 0.0, 0.0, 0.0, 0.0, 0.0, 0.0, 0.0, 0.0, 0.0, 5888.0, 0.0, 0.0, 0.0, 0.0, 0.0, 0.0, 0.0, 0.0, 0.0, 0.0, 0.0, 0.0, 0.0, 0.0, 0.0, 0.0, 0.0, 0.0, 0.0, 0.0, 0.0, 0.0, 0.0, 0.0, 0.0, 0.0, 0.0, 0.0, 0.0, 0.0, 0.0], "bins": [0.0, 0.0, 0.0, 0.0, 0.0, 0.0, 0.0, 0.0, 0.0, 0.0, 0.0, 0.0, 0.0, 0.0, 0.0, 0.0, 0.0, 0.0, 0.0, 0.0, 0.0, 0.0, 0.0, 0.0, 0.0, 0.0, 0.0, 0.0, 0.0, 0.0, 0.0, 0.0, 0.0, 0.0, 0.0, 0.0, 0.0, 0.0, 0.0, 0.0, 0.0, 0.0, 0.0, 0.0, 0.0, 0.0, 0.0, 0.0, 0.0, 0.0, 0.0, 0.0, 0.0, 0.0, 0.0, 0.0, 0.0, 0.0, 0.0, 0.0, 0.0, 0.0, 0.0, 0.0, 0.0]}, "_wandb": {"runtime": 2048}}