{"TOTAL_BEST_METRIC": 0.20412690198239203, "BEST_NDCG@10": 0.022581481880702397, "_timestamp": 1688454983.9957507, "_runtime": 1830.2839176654816, "_step": 1285, "epoch": 1000, "Train_Metric_loss": 2.7496005637305125, "Train_Reg_loss": 2.0840557713849454e-06, "Pos_loss": 8.048155784606934, "Neg_loss": 1.282418966293335, "Recall@5": 0.02433411906377499, "Recall@10": 0.04126365939259383, "Recall@20": 0.06867159909231398, "NDCG@5": 0.016651498072522912, "NDCG@10": 0.022574296799095624, "NDCG@20": 0.030368874076903876, "Recall@5_total_best": 0.024285355702614028, "Recall@10_total_best": 0.04149880715641445, "Recall@20_total_best": 0.06896743015002378, "ndcg@5_total_best": 0.016549594188429016, "ndcg@10_total_best": 0.02252286941344333, "ndcg@20_total_best": 0.030302845371467404, "EPOCH_ndcg_best": 1000, "Recall@5_ndcg_best": 0.02433411906377499, "Recall@10_ndcg_best": 0.04126365939259383, "Recall@20_ndcg_best": 0.06867159909231398, "ndcg@5_ndcg_best": 0.01666115047020753, "ndcg@10_ndcg_best": 0.022581481880702397, "ndcg@20_ndcg_best": 0.03037479241556754, "gradients/mass_i.weight": {"_type": "histogram", "values": [1.0, 0.0, 0.0, 0.0, 0.0, 2.0, 0.0, 0.0, 0.0, 1.0, 0.0, 2.0, 0.0, 0.0, 0.0, 0.0, 0.0, 1.0, 0.0, 0.0, 1.0, 3.0, 0.0, 2.0, 2.0, 0.0, 4.0, 4.0, 0.0, 2.0, 6.0, 0.0, 3.0, 29.0, 0.0, 0.0, 59.0, 0.0, 0.0, 197.0, 0.0, 0.0, 678.0, 0.0, 0.0, 6618.0, 0.0, 0.0, 771.0, 0.0, 0.0, 228.0, 0.0, 0.0, 73.0, 0.0, 0.0, 19.0, 0.0, 0.0, 5.0, 0.0, 0.0, 2.0], "bins": [-0.0015340133104473352, -0.0015002373838797212, -0.0014664613408967853, -0.0014326854143291712, -0.0013989093713462353, -0.0013651334447786212, -0.0013313575182110071, -0.0012975814752280712, -0.0012638055486604571, -0.001230029622092843, -0.0011962535791099072, -0.001162477652542293, -0.001128701725974679, -0.001094925682991743, -0.001061149756424129, -0.001027373713441193, -0.000993597786873579, -0.000959821802098304, -0.000926045817323029, -0.000892269890755415, -0.00085849390598014, -0.000824717921204865, -0.0007909419946372509, -0.0007571660098619759, -0.0007233900250867009, -0.0006896140403114259, -0.0006558380555361509, -0.0006220621289685369, -0.0005882861441932619, -0.0005545101594179869, -0.0005207342328503728, -0.0004869582480750978, -0.0004531822632998228, -0.0004194062785245478, -0.0003856303228531033, -0.00035185436718165874, -0.00031807838240638375, -0.00028430239763110876, -0.0002505264419596642, -0.00021675047173630446, -0.0001829745015129447, -0.00014919853128958493, -0.00011542256106622517, -8.164659084286541e-05, -4.7870620619505644e-05, -1.409465039614588e-05, 1.9681319827213883e-05, 5.345729005057365e-05, 8.723326027393341e-05, 0.00012100923049729317, 0.00015478520072065294, 0.0001885611709440127, 0.00022233714116737247, 0.00025611312594264746, 0.000289889081614092, 0.00032366503728553653, 0.0003574410220608115, 0.0003912170068360865, 0.00042499296250753105, 0.0004587689181789756, 0.0004925449029542506, 0.0005263208877295256, 0.0005600968142971396, 0.0005938727990724146, 0.0006276487838476896]}, "gradients/mass_u.weight": {"_type": "histogram", "values": [0.0, 0.0, 0.0, 0.0, 0.0, 0.0, 0.0, 0.0, 0.0, 0.0, 0.0, 0.0, 0.0, 0.0, 0.0, 0.0, 0.0, 0.0, 0.0, 0.0, 0.0, 0.0, 0.0, 0.0, 0.0, 0.0, 0.0, 0.0, 0.0, 0.0, 0.0, 0.0, 14681.0, 0.0, 0.0, 0.0, 0.0, 0.0, 0.0, 0.0, 0.0, 0.0, 0.0, 0.0, 0.0, 0.0, 0.0, 0.0, 0.0, 0.0, 0.0, 0.0, 0.0, 0.0, 0.0, 0.0, 0.0, 0.0, 0.0, 0.0, 0.0, 0.0, 0.0, 0.0], "bins": [0.0, 0.0, 0.0, 0.0, 0.0, 0.0, 0.0, 0.0, 0.0, 0.0, 0.0, 0.0, 0.0, 0.0, 0.0, 0.0, 0.0, 0.0, 0.0, 0.0, 0.0, 0.0, 0.0, 0.0, 0.0, 0.0, 0.0, 0.0, 0.0, 0.0, 0.0, 0.0, 0.0, 0.0, 0.0, 0.0, 0.0, 0.0, 0.0, 0.0, 0.0, 0.0, 0.0, 0.0, 0.0, 0.0, 0.0, 0.0, 0.0, 0.0, 0.0, 0.0, 0.0, 0.0, 0.0, 0.0, 0.0, 0.0, 0.0, 0.0, 0.0, 0.0, 0.0, 0.0, 0.0]}, "gradients/embedding_user.weight": {"_type": "histogram", "values": [1.0, 0.0, 0.0, 1.0, 1.0, 1.0, 0.0, 1.0, 4.0, 2.0, 6.0, 4.0, 3.0, 6.0, 11.0, 16.0, 10.0, 14.0, 25.0, 34.0, 51.0, 59.0, 98.0, 121.0, 162.0, 273.0, 435.0, 725.0, 1188.0, 2179.0, 3566.0, 5748.0, 18467.0, 507305.0, 371982.0, 13545.0, 5341.0, 3327.0, 1905.0, 1137.0, 667.0, 412.0, 220.0, 167.0, 95.0, 68.0, 55.0, 39.0, 28.0, 20.0, 16.0, 12.0, 4.0, 4.0, 8.0, 3.0, 4.0, 1.0, 1.0, 2.0, 1.0, 0.0, 1.0, 2.0], "bins": [-0.0010929370764642954, -0.0010607263538986444, -0.0010285156313329935, -0.0009963049087673426, -0.0009640941279940307, -0.0009318834054283798, -0.0008996726246550679, -0.000867461902089417, -0.000835251179523766, -0.0008030404569581151, -0.0007708297343924642, -0.0007386189536191523, -0.0007064082310535014, -0.0006741975084878504, -0.0006419867277145386, -0.0006097760051488876, -0.0005775652825832367, -0.0005453545600175858, -0.0005131438374519348, -0.00048093305667862296, -0.000448722334112972, -0.0004165116115473211, -0.0003843008598778397, -0.0003520901082083583, -0.00031987938564270735, -0.0002876686630770564, -0.000255457911407575, -0.00022324717429000884, -0.00019103643717244267, -0.0001588257000548765, -0.00012661496293731034, -9.440422581974417e-05, -6.219354690983891e-05, -2.9982809792272747e-05, 2.2279273252934217e-06, 3.443866444285959e-05, 6.664940156042576e-05, 9.886013867799193e-05, 0.0001310708757955581, 0.00016328161291312426, 0.00019549235003069043, 0.0002277030871482566, 0.00025991382426582277, 0.00029212457593530416, 0.0003243352985009551, 0.00035654602106660604, 0.00038875677273608744, 0.00042096752440556884, 0.0004531782469712198, 0.0004853889695368707, 0.0005175997503101826, 0.0005498104728758335, 0.0005820211954414845, 0.0006142319180071354, 0.0006464426405727863, 0.0006786534213460982, 0.0007108641439117491, 0.0007430748664774001, 0.0007752856472507119, 0.0008074963698163629, 0.0008397070923820138, 0.0008719178149476647, 0.0009041285375133157, 0.0009363393182866275, 0.0009685500408522785]}, "gradients/embedding_item.weight": {"_type": "histogram", "values": [1.0, 0.0, 0.0, 0.0, 0.0, 0.0, 1.0, 2.0, 1.0, 5.0, 5.0, 7.0, 5.0, 16.0, 13.0, 30.0, 27.0, 40.0, 65.0, 109.0, 166.0, 230.0, 413.0, 568.0, 952.0, 1461.0, 2502.0, 4057.0, 6821.0, 11603.0, 18925.0, 29056.0, 38895.0, 89168.0, 213270.0, 44425.0, 34038.0, 23664.0, 14774.0, 8734.0, 5201.0, 3246.0, 1909.0, 1214.0, 681.0, 466.0, 288.0, 175.0, 148.0, 71.0, 49.0, 42.0, 29.0, 23.0, 14.0, 8.0, 8.0, 4.0, 4.0, 0.0, 2.0, 0.0, 0.0, 1.0], "bins": [-0.0005176779231987894, -0.0005025555146858096, -0.0004874330770689994, -0.0004723106394521892, -0.00045718823093920946, -0.0004420658224262297, -0.0004269433848094195, -0.0004118209471926093, -0.00039669853867962956, -0.0003815761301666498, -0.0003664536925498396, -0.0003513312549330294, -0.00033620884642004967, -0.0003210864379070699, -0.0003059640002902597, -0.0002908415626734495, -0.00027571915416046977, -0.00026059674564749, -0.0002454743080306798, -0.00023035188496578485, -0.00021522946190088987, -0.0002001070388359949, -0.00018498461577109993, -0.00016986219270620495, -0.00015473976964130998, -0.000139617346576415, -0.00012449492351152003, -0.00010937250044662505, -9.425007738173008e-05, -7.91276543168351e-05, -6.400523125194013e-05, -4.888280818704516e-05, -3.376041422598064e-05, -1.8637991161085665e-05, -3.515568096190691e-06, 1.1606854968704283e-05, 2.6729278033599257e-05, 4.185170109849423e-05, 5.6974124163389206e-05, 7.209654722828418e-05, 8.721897029317915e-05, 0.00010234139335807413, 0.0001174638164229691, 0.00013258623948786408, 0.00014770866255275905, 0.00016283108561765403, 0.000177953508682549, 0.00019307593174744397, 0.00020819835481233895, 0.00022332077787723392, 0.0002384432009421289, 0.00025356560945510864, 0.00026868804707191885, 0.00028381048468872905, 0.0002989328932017088, 0.00031405530171468854, 0.00032917773933149874, 0.00034430017694830894, 0.0003594225854612887, 0.00037454499397426844, 0.00038966743159107864, 0.00040478986920788884, 0.0004199122777208686, 0.00043503468623384833, 0.00045015712385065854]}, "_wandb": {"runtime": 1829}}