{"TOTAL_BEST_METRIC": 0.9577618060706614, "BEST_NDCG@10": 0.12079256621601431, "_timestamp": 1688300754.9357033, "_runtime": 399.28042125701904, "_step": 1191, "epoch": 1000, "Train_Metric_loss": -3.972395420074463, "Train_Reg_loss": 0.00015085983322933317, "Pos_loss": 7.490617275238037, "Neg_loss": -11.314840316772461, "Recall@5": 0.129353527485414, "Recall@10": 0.1958486767130987, "Recall@20": 0.27196709039583367, "NDCG@5": 0.09751152134714712, "NDCG@10": 0.1204785887056714, "NDCG@20": 0.14240900782816882, "Recall@5_total_best": 0.1291503539476021, "Recall@10_total_best": 0.1944683625139747, "Recall@20_total_best": 0.27245703615676775, "ndcg@5_total_best": 0.09791174558431923, "ndcg@10_total_best": 0.12067355971065137, "ndcg@20_total_best": 0.14310074815734625, "EPOCH_ndcg_best": 970, "Recall@5_ndcg_best": 0.12904408402199105, "Recall@10_ndcg_best": 0.19561420814706793, "Recall@20_ndcg_best": 0.27174435292548726, "ndcg@5_ndcg_best": 0.09769398451360506, "ndcg@10_ndcg_best": 0.12079256621601431, "ndcg@20_ndcg_best": 0.14270534417412467, "gradients/mass_i.weight": {"_type": "histogram", "values": [1.0, 1.0, 0.0, 1.0, 0.0, 1.0, 1.0, 1.0, 0.0, 1.0, 0.0, 4.0, 3.0, 3.0, 6.0, 5.0, 4.0, 14.0, 9.0, 8.0, 30.0, 31.0, 8.0, 63.0, 35.0, 10.0, 141.0, 0.0, 2942.0, 0.0, 0.0, 109.0, 0.0, 15.0, 51.0, 2.0, 9.0, 20.0, 1.0, 9.0, 6.0, 3.0, 4.0, 7.0, 2.0, 2.0, 1.0, 1.0, 0.0, 2.0, 0.0, 0.0, 0.0, 0.0, 0.0, 0.0, 0.0, 0.0, 0.0, 0.0, 0.0, 0.0, 0.0, 1.0], "bins": [-0.0012472786474972963, -0.0012041123118251562, -0.001160946092568338, -0.0011177797568961978, -0.0010746135376393795, -0.0010314472019672394, -0.0009882808662950993, -0.00094511458883062, -0.0009019483113661408, -0.0008587820339016616, -0.0008156157564371824, -0.0007724494207650423, -0.0007292831433005631, -0.0006861168658360839, -0.0006429505301639438, -0.0005997842526994646, -0.0005566179752349854, -0.0005134516977705061, -0.0004702853912021965, -0.0004271190846338868, -0.0003839528071694076, -0.0003407865297049284, -0.00029762022313661873, -0.00025445391656830907, -0.00021128763910382986, -0.00016812134708743542, -0.000124955055071041, -8.178876305464655e-05, -3.8622471038252115e-05, 4.543820978142321e-06, 4.771011299453676e-05, 9.087641956284642e-05, 0.00013404281344264746, 0.0001772091054590419, 0.00022037539747543633, 0.000263541704043746, 0.0003067079815082252, 0.0003498742589727044, 0.0003930405655410141, 0.00043620687210932374, 0.00047937314957380295, 0.0005225394270382822, 0.0005657057045027614, 0.0006088720401749015, 0.0006520383176393807, 0.0006952045951038599, 0.000738370930776, 0.0007815372082404792, 0.0008247034857049584, 0.0008678697631694376, 0.0009110360406339169, 0.000954202376306057, 0.000997368711978197, 0.0010405349312350154, 0.0010837012669071555, 0.0011268674861639738, 0.001170033821836114, 0.001213200157508254, 0.0012563663767650723, 0.0012995327124372125, 0.0013426989316940308, 0.0013858652673661709, 0.001429031603038311, 0.0014721979387104511, 0.0015153641579672694]}, "gradients/mass_u.weight": {"_type": "histogram", "values": [0.0, 0.0, 0.0, 0.0, 0.0, 0.0, 0.0, 0.0, 0.0, 0.0, 0.0, 0.0, 0.0, 0.0, 0.0, 0.0, 0.0, 0.0, 0.0, 0.0, 0.0, 0.0, 0.0, 0.0, 0.0, 0.0, 0.0, 0.0, 0.0, 0.0, 0.0, 0.0, 5541.0, 0.0, 0.0, 0.0, 0.0, 0.0, 0.0, 0.0, 0.0, 0.0, 0.0, 0.0, 0.0, 0.0, 0.0, 0.0, 0.0, 0.0, 0.0, 0.0, 0.0, 0.0, 0.0, 0.0, 0.0, 0.0, 0.0, 0.0, 0.0, 0.0, 0.0, 0.0], "bins": [0.0, 0.0, 0.0, 0.0, 0.0, 0.0, 0.0, 0.0, 0.0, 0.0, 0.0, 0.0, 0.0, 0.0, 0.0, 0.0, 0.0, 0.0, 0.0, 0.0, 0.0, 0.0, 0.0, 0.0, 0.0, 0.0, 0.0, 0.0, 0.0, 0.0, 0.0, 0.0, 0.0, 0.0, 0.0, 0.0, 0.0, 0.0, 0.0, 0.0, 0.0, 0.0, 0.0, 0.0, 0.0, 0.0, 0.0, 0.0, 0.0, 0.0, 0.0, 0.0, 0.0, 0.0, 0.0, 0.0, 0.0, 0.0, 0.0, 0.0, 0.0, 0.0, 0.0, 0.0, 0.0]}, "gradients/embedding_user.weight": {"_type": "histogram", "values": [2.0, 2.0, 0.0, 1.0, 1.0, 1.0, 3.0, 6.0, 5.0, 4.0, 7.0, 8.0, 8.0, 14.0, 14.0, 29.0, 31.0, 42.0, 64.0, 96.0, 134.0, 210.0, 329.0, 456.0, 684.0, 1076.0, 1630.0, 2502.0, 3814.0, 7073.0, 27579.0, 100930.0, 133785.0, 49809.0, 11191.0, 4484.0, 2858.0, 1950.0, 1291.0, 826.0, 560.0, 364.0, 242.0, 153.0, 122.0, 59.0, 46.0, 31.0, 30.0, 12.0, 16.0, 10.0, 8.0, 6.0, 2.0, 2.0, 2.0, 5.0, 1.0, 1.0, 1.0, 1.0, 0.0, 1.0], "bins": [-0.0015771370381116867, -0.0015281406231224537, -0.0014791442081332207, -0.0014301477931439877, -0.0013811513781547546, -0.0013321549631655216, -0.0012831585481762886, -0.0012341622496023774, -0.0011851658346131444, -0.0011361694196239114, -0.0010871730046346784, -0.0010381765896454453, -0.0009891801746562123, -0.0009401838178746402, -0.0008911874028854072, -0.0008421910461038351, -0.0007931945729069412, -0.0007441981579177082, -0.0006952017429284751, -0.000646205386146903, -0.00059720897115767, -0.000548212556168437, -0.000499216141179204, -0.0004502197552938014, -0.0004012233403045684, -0.0003522269253153354, -0.00030323053942993283, -0.0002542341244406998, -0.00020523772400338203, -0.00015624132356606424, -0.00010724490857683122, -5.824852269142866e-05, -9.252107702195644e-06, 3.974429637310095e-05, 8.874070044839755e-05, 0.00013773710816167295, 0.00018673350859899074, 0.00023572990903630853, 0.00028472632402554154, 0.0003337227099109441, 0.0003827191249001771, 0.00043171553988941014, 0.0004807119257748127, 0.0005297083407640457, 0.0005787047557532787, 0.0006277011707425117, 0.0006766975857317448, 0.0007256939425133169, 0.0007746903575025499, 0.0008236867724917829, 0.0008726831874810159, 0.000921679544262588, 0.000970675959251821, 0.001019672374241054, 0.001068668789230287, 0.00111766520421952, 0.0011666616192087531, 0.0012156580341979861, 0.0012646544491872191, 0.0013136508641764522, 0.0013626472791656852, 0.0014116435777395964, 0.0014606399927288294, 0.0015096364077180624, 0.0015586328227072954]}, "gradients/embedding_item.weight": {"_type": "histogram", "values": [1.0, 0.0, 1.0, 3.0, 2.0, 3.0, 0.0, 4.0, 1.0, 5.0, 8.0, 7.0, 12.0, 12.0, 22.0, 31.0, 50.0, 86.0, 147.0, 251.0, 416.0, 687.0, 1272.0, 2490.0, 5179.0, 10901.0, 21908.0, 38060.0, 66486.0, 37370.0, 21372.0, 10826.0, 5208.0, 2496.0, 1274.0, 689.0, 424.0, 233.0, 149.0, 89.0, 55.0, 46.0, 20.0, 14.0, 6.0, 10.0, 7.0, 3.0, 5.0, 3.0, 1.0, 1.0, 0.0, 2.0, 0.0, 1.0, 0.0, 0.0, 0.0, 1.0, 0.0, 0.0, 1.0, 1.0], "bins": [-0.0017259378219023347, -0.0016653563361614943, -0.001604774734005332, -0.0015441932482644916, -0.0014836117625236511, -0.0014230302767828107, -0.0013624487910419703, -0.001301867188885808, -0.0012412857031449676, -0.0011807042174041271, -0.0011201226152479649, -0.0010595411295071244, -0.000998959643766284, -0.0009383781580254436, -0.0008777966140769422, -0.0008172150701284409, -0.0007566335843876004, -0.00069605209864676, -0.0006354705546982586, -0.0005748890107497573, -0.0005143075250089169, -0.00045372601016424596, -0.00039314449531957507, -0.0003325629804749042, -0.0002719814656302333, -0.0002113999507855624, -0.0001508184359408915, -9.023692109622061e-05, -2.965540625154972e-05, 3.092610859312117e-05, 9.150762343779206e-05, 0.00015208913828246295, 0.00021267053671181202, 0.0002732520515564829, 0.0003338335664011538, 0.0003944150812458247, 0.0004549965960904956, 0.000515578081831336, 0.0005761596257798374, 0.0006367411697283387, 0.0006973226554691792, 0.0007579041412100196, 0.0008184856851585209, 0.0008790672291070223, 0.0009396487148478627, 0.0010002302005887032, 0.0010608118027448654, 0.0011213932884857059, 0.0011819747742265463, 0.0012425562599673867, 0.0013031377457082272, 0.0013637193478643894, 0.0014243008336052299, 0.0014848823193460703, 0.0015454639215022326, 0.001606045407243073, 0.0016666268929839134, 0.0017272083787247539, 0.0017877898644655943, 0.0018483714666217566, 0.001908952952362597, 0.0019695344381034374, 0.0020301160402595997, 0.0020906974095851183, 0.0021512790117412806]}, "_wandb": {"runtime": 398}}