{"TOTAL_BEST_METRIC": 0.45471197061947344, "BEST_NDCG@10": 0.05412119330032062, "_timestamp": 1688541684.4997995, "_runtime": 642.0886735916138, "_step": 497, "epoch": 418, "Train_Metric_loss": 0.6666576521737235, "Train_Reg_loss": 0.00021364901476772502, "Pos_loss": 9.246521949768066, "Neg_loss": 0.05183339864015579, "Recall@5": 0.05824472439539343, "Recall@10": 0.09099215090836008, "Recall@20": 0.13867490367201127, "NDCG@5": 0.040883403114000766, "NDCG@10": 0.05221670389153881, "NDCG@20": 0.06576820658051447, "Recall@5_total_best": 0.058560927701766026, "Recall@10_total_best": 0.09354788571917189, "Recall@20_total_best": 0.13948960126119217, "ndcg@5_total_best": 0.04182958087728, "ndcg@10_total_best": 0.05412119330032062, "ndcg@20_total_best": 0.06716278175974275, "EPOCH_ndcg_best": 310, "Recall@5_ndcg_best": 0.058560927701766026, "Recall@10_ndcg_best": 0.09354788571917189, "Recall@20_ndcg_best": 0.13948960126119217, "ndcg@5_ndcg_best": 0.04182958087728, "ndcg@10_ndcg_best": 0.05412119330032062, "ndcg@20_ndcg_best": 0.06716278175974275, "gradients/mass_i.weight": {"_type": "histogram", "values": [1.0, 0.0, 0.0, 0.0, 0.0, 0.0, 0.0, 0.0, 0.0, 0.0, 0.0, 1.0, 0.0, 1.0, 0.0, 1.0, 1.0, 0.0, 1.0, 1.0, 3.0, 0.0, 5.0, 6.0, 2.0, 7.0, 13.0, 8.0, 12.0, 19.0, 17.0, 21.0, 25.0, 36.0, 55.0, 101.0, 102.0, 56.0, 16.0, 72.0, 7804.0, 6.0, 17.0, 53.0, 97.0, 60.0, 27.0, 11.0, 6.0, 11.0, 7.0, 7.0, 9.0, 4.0, 2.0, 2.0, 1.0, 4.0, 0.0, 0.0, 1.0, 0.0, 0.0, 1.0], "bins": [-0.0005992992082610726, -0.000584507011808455, -0.0005697147571481764, -0.0005549225606955588, -0.0005401303060352802, -0.0005253381095826626, -0.0005105459131300449, -0.0004957536584697664, -0.00048096146201714873, -0.00046616923646070063, -0.00045137701090425253, -0.0004365848144516349, -0.0004217925888951868, -0.0004070003633387387, -0.00039220816688612103, -0.00037741594132967293, -0.00036262371577322483, -0.00034783149021677673, -0.0003330392646603286, -0.000318247068207711, -0.0003034548426512629, -0.0002886626170948148, -0.00027387042064219713, -0.00025907819508574903, -0.00024428596952930093, -0.00022949374397285283, -0.00021470153296831995, -0.00019990932196378708, -0.00018511709640733898, -0.00017032487085089087, -0.000155532659846358, -0.00014074044884182513, -0.00012594819418154657, -0.00011115597590105608, -9.63637576205656e-05, -8.15715393400751e-05, -6.677932105958462e-05, -5.198710277909413e-05, -3.719488449860364e-05, -2.2402666218113154e-05, -7.610447937622666e-06, 7.1817703428678215e-06, 2.197398862335831e-05, 3.67662069038488e-05, 5.1558425184339285e-05, 6.635064346482977e-05, 8.114286174532026e-05, 9.593508002581075e-05, 0.00011072729830630124, 0.00012551952386274934, 0.0001403117348672822, 0.00015510394587181509, 0.0001698961714282632, 0.0001846883969847113, 0.00019948060798924416, 0.00021427281899377704, 0.00022906504455022514, 0.00024385727010667324, 0.0002586494665592909, 0.000273441692115739, 0.0002882339176721871, 0.0003030261432286352, 0.0003178183687850833, 0.00033261056523770094, 0.00034740279079414904]}, "gradients/mass_u.weight": {"_type": "histogram", "values": [1.0, 0.0, 0.0, 0.0, 0.0, 0.0, 0.0, 0.0, 0.0, 0.0, 0.0, 0.0, 0.0, 0.0, 0.0, 0.0, 0.0, 0.0, 1.0, 0.0, 0.0, 0.0, 0.0, 0.0, 0.0, 1.0, 0.0, 0.0, 0.0, 0.0, 0.0, 0.0, 0.0, 0.0, 1.0, 0.0, 2.0, 0.0, 1.0, 0.0, 0.0, 0.0, 1.0, 2.0, 0.0, 1.0, 3.0, 3.0, 7.0, 6.0, 3.0, 4.0, 6.0, 12.0, 9.0, 21.0, 48.0, 33.0, 50.0, 79.0, 96.0, 81.0, 45.0, 14164.0], "bins": [-0.00035125366412103176, -0.00034576532198116183, -0.0003402769798412919, -0.000334788637701422, -0.00032930029556155205, -0.0003238119825255126, -0.00031832364038564265, -0.0003128352982457727, -0.0003073469561059028, -0.00030185861396603286, -0.00029637027182616293, -0.000290881929686293, -0.00028539361665025353, -0.0002799052745103836, -0.0002744169323705137, -0.00026892859023064375, -0.0002634402480907738, -0.0002579519059509039, -0.00025246356381103396, -0.00024697522167116404, -0.00024148689408320934, -0.0002359985519433394, -0.0002305102243553847, -0.00022502188221551478, -0.00021953354007564485, -0.00021404519793577492, -0.000208556855795905, -0.0002030685282079503, -0.00019758018606808037, -0.00019209184392821044, -0.00018660351634025574, -0.0001811151742003858, -0.00017562683206051588, -0.00017013848992064595, -0.00016465014778077602, -0.00015916182019282132, -0.0001536734780529514, -0.00014818513591308147, -0.00014269680832512677, -0.00013720846618525684, -0.0001317201240453869, -0.00012623178190551698, -0.00012074344704160467, -0.00011525511217769235, -0.00010976677003782243, -0.0001042784278979525, -9.879009303404018e-05, -9.330175817012787e-05, -8.781341603025794e-05, -8.232507389038801e-05, -7.68367390264757e-05, -7.134840416256338e-05, -6.586006202269346e-05, -6.0371723520802334e-05, -5.488338501891121e-05, -4.939504651702009e-05, -4.390670801512897e-05, -3.841836951323785e-05, -3.293003101134673e-05, -2.7441692509455606e-05, -2.1953354007564485e-05, -1.6465015505673364e-05, -1.0976677003782243e-05, -5.488338501891121e-06, 0.0]}, "gradients/embedding_user.weight": {"_type": "histogram", "values": [1.0, 0.0, 0.0, 0.0, 1.0, 0.0, 0.0, 0.0, 1.0, 0.0, 0.0, 1.0, 0.0, 2.0, 0.0, 2.0, 3.0, 4.0, 1.0, 5.0, 8.0, 7.0, 16.0, 19.0, 39.0, 53.0, 85.0, 142.0, 227.0, 345.0, 620.0, 1006.0, 1745.0, 2945.0, 6096.0, 24518.0, 174334.0, 477195.0, 205943.0, 30087.0, 6478.0, 3068.0, 1823.0, 1034.0, 625.0, 418.0, 237.0, 162.0, 109.0, 62.0, 33.0, 24.0, 20.0, 8.0, 12.0, 6.0, 2.0, 2.0, 3.0, 2.0, 3.0, 0.0, 1.0, 1.0], "bins": [-0.001440682914108038, -0.0014023215044289827, -0.0013639599783346057, -0.0013255985686555505, -0.0012872370425611734, -0.0012488756328821182, -0.001210514223203063, -0.0011721528135240078, -0.0011337912874296308, -0.0010954298777505755, -0.0010570683516561985, -0.0010187069419771433, -0.000980345532298088, -0.000941984006203711, -0.0009036225965246558, -0.0008652611286379397, -0.0008268996607512236, -0.0007885381928645074, -0.0007501767249777913, -0.0007118153152987361, -0.00067345384741202, -0.0006350923795253038, -0.0005967309698462486, -0.0005583695019595325, -0.0005200080340728164, -0.00048164656618610024, -0.0004432851274032146, -0.0004049236886203289, -0.0003665622207336128, -0.00032820075284689665, -0.000289839314064011, -0.0002514778752811253, -0.00021311640739440918, -0.00017475495405960828, -0.00013639350072480738, -9.803204739000648e-05, -5.9670594055205584e-05, -2.1309140720404685e-05, 1.7052312614396214e-05, 5.5413751397281885e-05, 9.377521928399801e-05, 0.0001321366726187989, 0.0001704981259535998, 0.0002088595792884007, 0.0002472210326232016, 0.00028558250050991774, 0.0003239439392928034, 0.0003623053780756891, 0.0004006668459624052, 0.00043902831384912133, 0.000477389752632007, 0.0005157511914148927, 0.0005541126593016088, 0.0005924741271883249, 0.0006308355368673801, 0.0006691970047540963, 0.0007075584726408124, 0.0007459199405275285, 0.0007842814084142447, 0.0008226428180932999, 0.000861004285980016, 0.0008993657538667321, 0.0009377271635457873, 0.0009760886314325035, 0.0010144500993192196]}, "gradients/embedding_item.weight": {"_type": "histogram", "values": [1.0, 0.0, 1.0, 1.0, 0.0, 2.0, 1.0, 4.0, 4.0, 2.0, 5.0, 12.0, 18.0, 22.0, 26.0, 37.0, 55.0, 80.0, 134.0, 172.0, 240.0, 342.0, 523.0, 778.0, 1141.0, 1707.0, 2683.0, 4298.0, 7344.0, 12367.0, 21581.0, 36362.0, 57770.0, 271141.0, 53616.0, 34889.0, 20379.0, 11591.0, 6625.0, 4083.0, 2582.0, 1612.0, 1081.0, 729.0, 489.0, 329.0, 216.0, 168.0, 113.0, 91.0, 48.0, 34.0, 27.0, 22.0, 15.0, 8.0, 12.0, 7.0, 2.0, 2.0, 0.0, 4.0, 0.0, 4.0],