{"TOTAL_BEST_METRIC": 0.3235855514684473, "BEST_NDCG@10": 0.038063327126553845, "_timestamp": 1688294297.7932997, "_runtime": 824.2605826854706, "_step": 1259, "epoch": 1000, "Train_Metric_loss": -0.0030328226109434453, "Train_Reg_loss": 1.5421010500306564e-05, "Recall@5": 0.04016018665629535, "Recall@10": 0.06485583678715846, "Recall@20": 0.1024266419134409, "NDCG@5": 0.029487094483263733, "NDCG@10": 0.03797468933519237, "NDCG@20": 0.048681102293096516, "Recall@5_total_best": 0.04016018665629535, "Recall@10_total_best": 0.06485583678715846, "Recall@20_total_best": 0.1024266419134409, "ndcg@5_total_best": 0.029487094483263733, "ndcg@10_total_best": 0.03797468933519237, "ndcg@20_total_best": 0.048681102293096516, "EPOCH_ndcg_best": 960, "Recall@5_ndcg_best": 0.039771163397255706, "Recall@10_ndcg_best": 0.06510284537660288, "Recall@20_ndcg_best": 0.10205604036861764, "ndcg@5_ndcg_best": 0.02926975562905223, "ndcg@10_ndcg_best": 0.038063327126553845, "ndcg@20_ndcg_best": 0.04854381693200085, "gradients/mass_i.weight": {"_type": "histogram", "values": [1.0, 0.0, 0.0, 0.0, 0.0, 0.0, 0.0, 0.0, 0.0, 0.0, 0.0, 0.0, 0.0, 0.0, 1.0, 0.0, 0.0, 0.0, 0.0, 1.0, 0.0, 0.0, 0.0, 0.0, 0.0, 0.0, 4.0, 1.0, 1.0, 0.0, 3.0, 2.0, 2.0, 0.0, 3.0, 3.0, 2.0, 3.0, 6.0, 6.0, 7.0, 4.0, 13.0, 10.0, 18.0, 28.0, 47.0, 73.0, 132.0, 89.0, 68.0, 7833.0, 64.0, 68.0, 77.0, 72.0, 33.0, 13.0, 8.0, 2.0, 5.0, 3.0, 4.0, 3.0], "bins": [-8.381980296690017e-05, -8.219833398470655e-05, -8.057687227847055e-05, -7.895540329627693e-05, -7.733393431408331e-05, -7.571246533188969e-05, -7.409100362565368e-05, -7.246953464346007e-05, -7.084806566126645e-05, -6.922659667907283e-05, -6.760513497283682e-05, -6.59836659906432e-05, -6.436219700844958e-05, -6.274072802625597e-05, -6.111926632001996e-05, -5.949779733782634e-05, -5.787633199361153e-05, -5.625486664939672e-05, -5.46333976672031e-05, -5.301193232298829e-05, -5.139046334079467e-05, -4.9768997996579856e-05, -4.814752901438624e-05, -4.6526063670171425e-05, -4.490459832595661e-05, -4.32831329817418e-05, -4.166166399954818e-05, -4.004019865533337e-05, -3.841872967313975e-05, -3.679726432892494e-05, -3.517579898471013e-05, -3.355433000251651e-05, -3.193285738234408e-05, -3.0311390219139867e-05, -2.868992305593565e-05, -2.706845771172084e-05, -2.544698872952722e-05, -2.3825523385312408e-05, -2.2204056222108193e-05, -2.0582589058903977e-05, -1.8961121895699762e-05, -1.7339654732495546e-05, -1.571818756929133e-05, -1.4096721315581817e-05, -1.2475254152377602e-05, -1.0853786989173386e-05, -9.232320735463873e-06, -7.610853572259657e-06, -5.989386409055442e-06, -4.367919245851226e-06, -2.7464525373943616e-06, -1.124985828937497e-06, 4.964813342667185e-07, 2.117948497470934e-06, 3.7394147511804476e-06, 5.360881914384663e-06, 6.9823490775888786e-06, 8.603816240793094e-06, 1.022528340399731e-05, 1.1846749657706823e-05, 1.3468216820911039e-05, 1.5089683984115254e-05, 1.6711150237824768e-05, 1.8332617401028983e-05, 1.99540845642332e-05]}, "gradients/mass_u.weight": {"_type": "histogram", "values": [1.0, 0.0, 0.0, 1.0, 0.0, 0.0, 0.0, 0.0, 0.0, 0.0, 0.0, 0.0, 0.0, 0.0, 1.0, 0.0, 0.0, 0.0, 1.0, 0.0, 0.0, 0.0, 0.0, 1.0, 2.0, 0.0, 1.0, 1.0, 1.0, 0.0, 0.0, 2.0, 4.0, 2.0, 0.0, 3.0, 2.0, 0.0, 1.0, 2.0, 6.0, 3.0, 4.0, 2.0, 6.0, 10.0, 12.0, 9.0, 18.0, 17.0, 26.0, 29.0, 36.0, 34.0, 24.0, 14345.0, 21.0, 14.0, 13.0, 14.0, 6.0, 4.0, 1.0, 1.0], "bins": [-0.00018151459516957402, -0.0001782525796443224, -0.000174990578670986, -0.00017172856314573437, -0.00016846654762048274, -0.00016520453209523112, -0.00016194253112189472, -0.0001586805155966431, -0.00015541850007139146, -0.00015215648454613984, -0.00014889448357280344, -0.0001456324680475518, -0.00014237045252230018, -0.00013910843699704856, -0.00013584643602371216, -0.00013258442049846053, -0.0001293224049732089, -0.00012606038944795728, -0.00012279838847462088, -0.00011953637294936925, -0.00011627435742411762, -0.00011301234917482361, -0.0001097503409255296, -0.00010648832540027797, -0.00010322632442694157, -9.996431617764756e-05, -9.670230065239593e-05, -9.344029240310192e-05, -9.01782768778503e-05, -8.691626862855628e-05, -8.365426037926227e-05, -8.039224485401064e-05, -7.713022932875901e-05, -7.3868221079465e-05, -7.060620555421337e-05, -6.734419730491936e-05, -6.408218177966774e-05, -6.082017353037372e-05, -5.75581616431009e-05, -5.429614975582808e-05, -5.103413786855526e-05, -4.777212598128244e-05, -4.451011409400962e-05, -4.12481022067368e-05, -3.798609395744279e-05, -3.472407843219116e-05, -3.146207018289715e-05, -2.820005829562433e-05, -2.493804640835151e-05, -2.167603452107869e-05, -1.841402263380587e-05, -1.5152012565522455e-05, -1.1890000678249635e-05, -8.627988790976815e-06, -5.365978722693399e-06, -2.1039668354205787e-06, 1.1580450518522412e-06, 4.42005648437771e-06, 7.682067916903179e-06, 1.0944078894681297e-05, 1.4206090781954117e-05, 1.7468102669226937e-05, 2.0730112737510353e-05, 2.3992124624783173e-05, 2.7254136512055993e-05]}, "gradients/embedding_user.weight": {"_type": "histogram", "values": [1.0, 0.0, 0.0, 0.0, 2.0, 0.0, 3.0, 3.0, 2.0, 5.0, 8.0, 5.0, 17.0, 10.0, 26.0, 19.0, 19.0, 38.0, 47.0, 51.0, 73.0, 94.0, 146.0, 229.0, 386.0, 681.0, 1132.0, 1894.0, 3160.0, 4682.0, 7406.0, 81255.0, 702291.0, 114833.0, 8105.0, 4876.0, 3241.0, 1948.0, 1187.0, 673.0, 351.0, 214.0, 132.0, 88.0, 60.0, 41.0, 30.0, 29.0, 19.0, 15.0, 11.0, 12.0, 10.0, 5.0, 3.0, 1.0, 3.0, 5.0, 0.0, 3.0, 0.0, 2.0, 0.0, 2.0], "bins": [-6.544823008880485e-06, -6.343700988509227e-06, -6.142578968137968e-06, -5.94145694776671e-06, -5.740334927395452e-06, -5.5392129070241936e-06, -5.338090431905584e-06, -5.136968411534326e-06, -4.935846391163068e-06, -4.73472437079181e-06, -4.533602350420551e-06, -4.332480330049293e-06, -4.131357854930684e-06, -3.930235834559426e-06, -3.7291138141881675e-06, -3.527991793816909e-06, -3.326869773445651e-06, -3.1257477530743927e-06, -2.9246257327031344e-06, -2.7235034849582007e-06, -2.5223814645869425e-06, -2.321259444215684e-06, -2.1201371964707505e-06, -1.9190151760994922e-06, -1.717893155728234e-06, -1.5167711353569757e-06, -1.3156490012988797e-06, -1.1145268672407838e-06, -9.134048468695255e-07, -7.122828264982672e-07, -5.111606924401713e-07, -3.100385583820753e-07, -1.0891608326346613e-07, 9.220599395121098e-08, 2.933280711658881e-07, 4.944501483805652e-07, 6.955722255952423e-07, 8.966942459665006e-07, 1.0978163800245966e-06, 1.2989385140826926e-06, 1.5000605344539508e-06, 1.701182554825209e-06, 1.902304688883305e-06, 2.103426822941401e-06, 2.3045488433126593e-06, 2.5056708636839176e-06, 2.7067931114288513e-06, 2.9079151318001095e-06, 3.1090371521713678e-06, 3.310159172542626e-06, 3.5112811929138843e-06, 3.712403440658818e-06, 3.913525688403752e-06, 4.11464770877501e-06, 4.315769729146268e-06, 4.5168917495175265e-06, 4.718013769888785e-06, 4.919135790260043e-06, 5.120257810631301e-06, 5.3213798310025595e-06, 5.522501851373818e-06, 5.723623871745076e-06, 5.924746346863685e-06, 6.1258683672349434e-06, 6.326990387606202e-06]}, "gradients/embedding_item.weight": {"_type": "histogram", "values": [2.0, 0.0, 0.0, 2.0, 4.0, 4.0, 3.0, 4.0, 5.0, 10.0, 15.0, 25.0, 26.0, 39.0, 56.0, 94.0, 117.0, 154.0, 260.0, 366.0, 561.0, 809.0, 1280.0, 1968.0, 3101.0, 4950.0, 8229.0, 13216.0, 20309.0, 28785.0, 36193.0, 54439.0, 220605.0, 46175.0, 35282.0, 27625.0, 19642.0, 12614.0, 7627.0, 4699.0, 2893.0, 1867.0, 1199.0, 797.0, 473.0, 355.0, 231.0, 161.0, 98.0, 77.0, 57.0, 36.0, 25.0, 17.0, 10.0, 12.0, 8.0, 7.0, 3.0, 3.0, 4.0, 1.0, 1.0, 2.0],