{"TOTAL_BEST_METRIC": 0.16335492725453693, "BEST_NDCG@10": 0.01786497699597815, "_timestamp": 1688500623.24934, "_runtime": 1530.1315491199493, "_step": 1235, "epoch": 1000, "Train_Metric_loss": 2.7971720014299666, "Train_Reg_loss": 1.6007023272582695e-06, "Pos_loss": 8.059266090393066, "Neg_loss": 1.3027007579803467, "Recall@5": 0.018044575892422907, "Recall@10": 0.03300178875207979, "Recall@20": 0.056968096618920154, "NDCG@5": 0.012707472628954856, "NDCG@10": 0.01786497699597815, "NDCG@20": 0.02476801636618109, "Recall@5_total_best": 0.018044575892422907, "Recall@10_total_best": 0.03300178875207979, "Recall@20_total_best": 0.056968096618920154, "ndcg@5_total_best": 0.012707472628954856, "ndcg@10_total_best": 0.01786497699597815, "ndcg@20_total_best": 0.02476801636618109, "EPOCH_ndcg_best": 1000, "Recall@5_ndcg_best": 0.018044575892422907, "Recall@10_ndcg_best": 0.03300178875207979, "Recall@20_ndcg_best": 0.056968096618920154, "ndcg@5_ndcg_best": 0.012707472628954856, "ndcg@10_ndcg_best": 0.01786497699597815, "ndcg@20_ndcg_best": 0.02476801636618109, "gradients/mass_i.weight": {"_type": "histogram", "values": [1.0, 0.0, 0.0, 0.0, 0.0, 0.0, 0.0, 0.0, 0.0, 0.0, 0.0, 1.0, 0.0, 1.0, 0.0, 0.0, 1.0, 1.0, 1.0, 1.0, 0.0, 1.0, 0.0, 1.0, 0.0, 3.0, 1.0, 1.0, 0.0, 0.0, 0.0, 1.0, 0.0, 3.0, 2.0, 2.0, 2.0, 0.0, 2.0, 2.0, 6.0, 9.0, 8.0, 6.0, 9.0, 9.0, 12.0, 18.0, 53.0, 33.0, 51.0, 202.0, 78.0, 774.0, 239.0, 6606.0, 360.0, 114.0, 56.0, 25.0, 9.0, 5.0, 1.0, 2.0], "bins": [-0.0029667820781469345, -0.0029133730567991734, -0.002859964035451412, -0.0028065547812730074, -0.0027531457599252462, -0.002699736738577485, -0.002646327717229724, -0.002592918463051319, -0.002539509441703558, -0.002486100420355797, -0.0024326913990080357, -0.002379282144829631, -0.0023258731234818697, -0.0022724641021341085, -0.0022190550807863474, -0.0021656458266079426, -0.0021122368052601814, -0.0020588277839124203, -0.002005418762564659, -0.0019520096248015761, -0.0018986004870384932, -0.001845191465690732, -0.0017917824443429708, -0.0017383733065798879, -0.0016849644016474485, -0.0016315553802996874, -0.0015781462425366044, -0.0015247372211888433, -0.0014713280834257603, -0.0014179190620779991, -0.001364510040730238, -0.001311100902967155, -0.001257691765204072, -0.0012042827438563108, -0.0011508736060932279, -0.0010974645847454667, -0.0010440554469823837, -0.0009906464256346226, -0.0009372373460792005, -0.0008838282665237784, -0.0008304192451760173, -0.0007770101656205952, -0.0007236010860651731, -0.000670192064717412, -0.000616782926954329, -0.0005633739056065679, -0.0005099648260511458, -0.0004565557464957237, -0.00040314666694030166, -0.0003497375873848796, -0.0002963285078294575, -0.0002429194573778659, -0.00018951037782244384, -0.00013610129826702178, -8.269224781543016e-05, -2.9283168260008097e-05, 2.412591129541397e-05, 7.753498357487842e-05, 0.00013094405585434288, 0.00018435312085784972, 0.00023776220041327178, 0.00029117127996869385, 0.00034458033042028546, 0.00039798940997570753, 0.0004513984895311296]}, "gradients/mass_u.weight": {"_type": "histogram", "values": [1.0, 0.0, 0.0, 0.0, 0.0, 1.0, 0.0, 0.0, 0.0, 0.0, 0.0, 0.0, 0.0, 0.0, 0.0, 0.0, 0.0, 1.0, 0.0, 0.0, 0.0, 0.0, 0.0, 0.0, 1.0, 0.0, 0.0, 0.0, 0.0, 0.0, 0.0, 0.0, 1.0, 1.0, 0.0, 0.0, 1.0, 2.0, 1.0, 0.0, 0.0, 3.0, 2.0, 2.0, 0.0, 2.0, 6.0, 1.0, 1.0, 4.0, 3.0, 4.0, 9.0, 7.0, 8.0, 16.0, 9.0, 15.0, 46.0, 56.0, 88.0, 170.0, 40.0, 14179.0], "bins": [-0.006073473487049341, -0.005978575441986322, -0.005883677396923304, -0.005788779351860285, -0.005693881306797266, -0.005598983261734247, -0.005504085216671228, -0.00540918717160821, -0.005314289126545191, -0.005219391081482172, -0.005124493036419153, -0.005029594991356134, -0.004934696946293116, -0.004839798901230097, -0.004744900856167078, -0.004650002811104059, -0.004555105231702328, -0.004460207186639309, -0.00436530914157629, -0.004270411096513271, -0.0041755130514502525, -0.004080615006387234, -0.003985716961324215, -0.00389081914909184, -0.0037959208711981773, -0.0037010228261351585, -0.0036061247810721397, -0.003511226736009121, -0.003416328690946102, -0.0033214306458830833, -0.0032265326008200645, -0.0031316347885876894, -0.0030367367435246706, -0.002941838698461652, -0.002846940653398633, -0.002752042608335614, -0.0026571445632725954, -0.0025622467510402203, -0.0024673487059772015, -0.0023724506609141827, -0.002277552615851164, -0.002182654570788145, -0.0020877565257251263, -0.0019928584806621075, -0.0018979605520144105, -0.0018030625069513917, -0.001708164461888373, -0.001613266533240676, -0.0015183683717623353, -0.0014234703266993165, -0.0013285722816362977, -0.0012336743529886007, -0.001138776307925582, -0.0010438782628625631, -0.0009489802177995443, -0.0008540822309441864, -0.0007591841858811677, -0.0006642861408181489, -0.000569388153962791, -0.00047449010889977217, -0.0003795920929405838, -0.0002846940769813955, -0.00018979603191837668, -9.48980450630188e-05, 0.0]}, "gradients/embedding_user.weight": {"_type": "histogram", "values": [2.0, 0.0, 2.0, 0.0, 1.0, 4.0, 5.0, 1.0, 2.0, 5.0, 5.0, 8.0, 10.0, 7.0, 7.0, 12.0, 16.0, 21.0, 38.0, 43.0, 79.0, 124.0, 211.0, 412.0, 906.0, 2343.0, 6389.0, 82867.0, 822463.0, 15981.0, 4605.0, 1542.0, 647.0, 320.0, 165.0, 123.0, 49.0, 49.0, 30.0, 18.0, 11.0, 5.0, 13.0, 8.0, 4.0, 6.0, 4.0, 2.0, 4.0, 1.0, 3.0, 3.0, 2.0, 1.0, 1.0, 1.0, 0.0, 1.0, 1.0, 0.0, 0.0, 0.0, 0.0, 1.0], "bins": [-0.0002350022696191445, -0.00022670626640319824, -0.0002184102777391672, -0.00021011427452322096, -0.0002018182713072747, -0.00019352228264324367, -0.0001852262794272974, -0.00017693027621135116, -0.00016863428754732013, -0.00016033828433137387, -0.00015204229566734284, -0.00014374629245139658, -0.00013545028923545033, -0.00012715428601950407, -0.00011885829735547304, -0.00011056229413952678, -0.00010226629092358053, -9.397029498359188e-05, -8.567429176764563e-05, -7.737829582765698e-05, -6.908229261171073e-05, -6.0786296671722084e-05, -5.249030073173344e-05, -4.419430115376599e-05, -3.589830157579854e-05, -2.760230199783109e-05, -1.9306304238853045e-05, -1.1010306479874998e-05, -2.7143069019075483e-06, 5.581692676059902e-06, 1.3877688616048545e-05, 2.2173688194015995e-05, 3.0469673220068216e-05, 3.8765672798035666e-05, 4.7061672376003116e-05, 5.535766831599176e-05, 6.365367153193802e-05, 7.194966747192666e-05, 8.02456634119153e-05, 8.854166662786156e-05, 9.68376625678502e-05, 0.00010513365850783885, 0.0001134296617237851, 0.00012172565766377375, 0.0001300216536037624, 0.00013831765681970865, 0.0001466136600356549, 0.00015490964869968593, 0.0001632056519156322, 0.00017150165513157845, 0.00017979764379560947, 0.00018809364701155573, 0.000196389650227502, 0.00020468563889153302, 0.00021298164210747927, 0.00022127764532342553, 0.00022957363398745656, 0.00023786963720340282, 0.0002461656404193491, 0.0002544616290833801, 0.00026275761774741113, 0.0002710536355152726, 0.00027934962417930365, 0.0002876456128433347, 0.00029594163061119616]}, "gradients/embedding_item.weight": {"_type": "histogram", "values": [1.0, 1.0, 2.0, 0.0, 3.0, 4.0, 2.0, 7.0, 7.0, 6.0, 20.0, 22.0, 21.0, 45.0, 58.0, 101.0, 138.0, 187.0, 247.0, 356.0, 545.0, 780.0, 1183.0, 1750.0, 2759.0, 4112.0, 6725.0, 10464.0, 16088.0, 25604.0, 52422.0, 122395.0, 145166.0, 78128.0, 33247.0, 19605.0, 12563.0, 8078.0, 5074.0, 3289.0, 2111.0, 1331.0, 893.0, 626.0, 396.0, 300.0, 220.0, 157.0, 105.0, 71.0, 56.0, 43.0, 36.0, 22.0, 19.0, 11.0, 7.0, 10.0, 4.0, 4.0, 2.0, 0.0, 1.0, 2.0],