{"TOTAL_BEST_METRIC": 0.868800042572679, "BEST_NDCG@10": 0.10849432390916067, "_timestamp": 1688306555.4656272, "_runtime": 300.0285482406616, "_step": 1107, "epoch": 1000, "Train_Metric_loss": -2.8669686317443848, "Train_Reg_loss": 0.08641178160905838, "Pos_loss": 4.505281448364258, "Neg_loss": -7.269857883453369, "Recall@5": 0.07289503407994376, "Recall@10": 0.12342353971429981, "Recall@20": 0.18193619016022392, "NDCG@5": 0.054896065617748485, "NDCG@10": 0.07240936074737718, "NDCG@20": 0.088821211992685, "Recall@5_total_best": 0.11800335948498597, "Recall@10_total_best": 0.17412661458189732, "Recall@20_total_best": 0.2494133649462527, "ndcg@5_total_best": 0.08896663150470256, "ndcg@10_total_best": 0.10849432390916067, "ndcg@20_total_best": 0.1297957481456798, "EPOCH_ndcg_best": 30, "Recall@5_ndcg_best": 0.11800335948498597, "Recall@10_ndcg_best": 0.17412661458189732, "Recall@20_ndcg_best": 0.2494133649462527, "ndcg@5_ndcg_best": 0.08896663150470256, "ndcg@10_ndcg_best": 0.10849432390916067, "ndcg@20_ndcg_best": 0.1297957481456798, "gradients/mass_i.weight": {"_type": "histogram", "values": [1.0, 0.0, 0.0, 0.0, 0.0, 0.0, 0.0, 0.0, 1.0, 4.0, 1.0, 4.0, 3.0, 2.0, 1.0, 3.0, 5.0, 3.0, 6.0, 2.0, 2.0, 6.0, 6.0, 11.0, 10.0, 11.0, 13.0, 19.0, 19.0, 32.0, 23.0, 26.0, 9.0, 0.0, 3273.0, 2.0, 16.0, 11.0, 6.0, 7.0, 4.0, 4.0, 3.0, 0.0, 4.0, 1.0, 3.0, 2.0, 0.0, 1.0, 0.0, 1.0, 0.0, 1.0, 1.0, 1.0, 2.0, 0.0, 1.0, 0.0, 0.0, 0.0, 0.0, 1.0], "bins": [-0.00011646257917163894, -0.00011304538929834962, -0.0001096281994250603, -0.00010621100955177099, -0.00010279382695443928, -9.937663708114997e-05, -9.595944720786065e-05, -9.254225733457133e-05, -8.912506746128201e-05, -8.57078775879927e-05, -8.229068771470338e-05, -7.887350511737168e-05, -7.545631524408236e-05, -7.203912537079304e-05, -6.862193549750373e-05, -6.520474562421441e-05, -6.178756302688271e-05, -5.837037315359339e-05, -5.495318691828288e-05, -5.1535997044993564e-05, -4.8118810809683055e-05, -4.470162093639374e-05, -4.128443106310442e-05, -3.7867241189815104e-05, -3.4450054954504594e-05, -3.103286508121528e-05, -2.7615678845904768e-05, -2.419848897261545e-05, -2.0781300918315537e-05, -1.7364112864015624e-05, -1.3946922990726307e-05, -1.0529734936426394e-05, -7.112539606168866e-06, -3.695351097121602e-06, -2.781625880743377e-07, 3.1390263757202774e-06, 6.556214430020191e-06, 9.973402484320104e-06, 1.3390592357609421e-05, 1.6807780411909334e-05, 2.0224968466209248e-05, 2.364215652050916e-05, 2.7059344574809074e-05, 3.047653444809839e-05, 3.389372432138771e-05, 3.731091055669822e-05, 4.0728100429987535e-05, 4.4145286665298045e-05, 4.756247653858736e-05, 5.097966641187668e-05, 5.439685264718719e-05, 5.7814042520476505e-05, 6.123122875578701e-05, 6.464841862907633e-05, 6.806560850236565e-05, 7.148279837565497e-05, 7.489998824894428e-05, 7.83171781222336e-05, 8.173436799552292e-05, 8.515155059285462e-05, 8.856874046614394e-05, 9.198593033943325e-05, 9.540312021272257e-05, 9.882031008601189e-05, 0.00010223749268334359]}, "gradients/mass_u.weight": {"_type": "histogram", "values": [0.0, 0.0, 0.0, 0.0, 0.0, 0.0, 0.0, 0.0, 0.0, 0.0, 0.0, 0.0, 0.0, 0.0, 0.0, 0.0, 0.0, 0.0, 0.0, 0.0, 0.0, 0.0, 0.0, 0.0, 0.0, 0.0, 0.0, 0.0, 0.0, 0.0, 0.0, 0.0, 5541.0, 0.0, 0.0, 0.0, 0.0, 0.0, 0.0, 0.0, 0.0, 0.0, 0.0, 0.0, 0.0, 0.0, 0.0, 0.0, 0.0, 0.0, 0.0, 0.0, 0.0, 0.0, 0.0, 0.0, 0.0, 0.0, 0.0, 0.0, 0.0, 0.0, 0.0, 0.0], "bins": [0.0, 0.0, 0.0, 0.0, 0.0, 0.0, 0.0, 0.0, 0.0, 0.0, 0.0, 0.0, 0.0, 0.0, 0.0, 0.0, 0.0, 0.0, 0.0, 0.0, 0.0, 0.0, 0.0, 0.0, 0.0, 0.0, 0.0, 0.0, 0.0, 0.0, 0.0, 0.0, 0.0, 0.0, 0.0, 0.0, 0.0, 0.0, 0.0, 0.0, 0.0, 0.0, 0.0, 0.0, 0.0, 0.0, 0.0, 0.0, 0.0, 0.0, 0.0, 0.0, 0.0, 0.0, 0.0, 0.0, 0.0, 0.0, 0.0, 0.0, 0.0, 0.0, 0.0, 0.0, 0.0]}, "gradients/embedding_user.weight": {"_type": "histogram", "values": [1.0, 0.0, 0.0, 0.0, 1.0, 0.0, 0.0, 0.0, 0.0, 1.0, 0.0, 3.0, 0.0, 1.0, 2.0, 2.0, 5.0, 1.0, 2.0, 9.0, 9.0, 12.0, 23.0, 19.0, 47.0, 66.0, 80.0, 165.0, 299.0, 646.0, 1385.0, 3400.0, 18982.0, 268710.0, 51980.0, 5316.0, 1775.0, 788.0, 404.0, 179.0, 101.0, 63.0, 45.0, 22.0, 19.0, 8.0, 13.0, 14.0, 6.0, 4.0, 3.0, 2.0, 1.0, 3.0, 2.0, 1.0, 1.0, 1.0, 1.0, 0.0, 0.0, 0.0, 0.0, 1.0], "bins": [-0.00022350638755597174, -0.00021686805121134967, -0.0002102297148667276, -0.00020359139307402074, -0.00019695305672939867, -0.0001903147203847766, -0.00018367639859206975, -0.00017703806224744767, -0.0001703997259028256, -0.00016376138955820352, -0.00015712305321358144, -0.0001504847314208746, -0.00014384639507625252, -0.00013720805873163044, -0.0001305697369389236, -0.00012393140059430152, -0.00011729306424967945, -0.00011065472790505737, -0.00010401639883639291, -9.737806976772845e-05, -9.073973342310637e-05, -8.41013970784843e-05, -7.746306800981984e-05, -7.082473894115537e-05, -6.41864025965333e-05, -5.754806988989003e-05, -5.090973718324676e-05, -4.427140447660349e-05, -3.7633071769960225e-05, -3.0994739063316956e-05, -2.4356406356673688e-05, -1.771807365003042e-05, -1.1079726391471922e-05, -4.441393684828654e-06, 2.1969390218146145e-06, 8.835271728457883e-06, 1.547360443510115e-05, 2.211193714174442e-05, 2.875026984838769e-05, 3.538860255503096e-05, 4.2026935261674225e-05, 4.8665267968317494e-05, 5.530360067496076e-05, 6.194192974362522e-05, 6.85802660882473e-05, 7.521860243286937e-05, 8.185693150153384e-05, 8.84952605701983e-05, 9.513359691482037e-05, 0.00010177193325944245, 0.00010841026232810691, 0.00011504859139677137, 0.00012168692774139345, 0.00012832526408601552, 0.0001349636004306376, 0.00014160192222334445, 0.00014824025856796652, 0.0001548785949125886, 0.00016151691670529544, 0.00016815525304991752, 0.0001747935893945396, 0.00018143192573916167, 0.00018807026208378375, 0.0001947085838764906, 0.00020134692022111267]}, "gradients/embedding_item.weight": {"_type": "histogram", "values": [2.0, 3.0, 1.0, 1.0, 0.0, 0.0, 2.0, 1.0, 6.0, 6.0, 5.0, 14.0, 13.0, 24.0, 28.0, 42.0, 53.0, 80.0, 102.0, 137.0, 233.0, 316.0, 455.0, 746.0, 1076.0, 1707.0, 2896.0, 5581.0, 13258.0, 50666.0, 111046.0, 22010.0, 8036.0, 3804.0, 2097.0, 1311.0, 796.0, 518.0, 378.0, 262.0, 155.0, 126.0, 98.0, 64.0, 59.0, 36.0, 27.0, 19.0, 18.0, 10.0, 9.0, 5.0, 3.0, 3.0, 2.0, 2.0, 1.0, 1.0, 0.0, 0.0, 0.0, 1.0, 0.0, 1.0], "bins": [-0.00011410139995859936, -0.00011032642214559019, -0.00010655144433258101, -0.00010277646651957184, -9.900149598252028e-05, -9.52265108935535e-05, -9.145154035650194e-05, -8.767656254349276e-05, -8.390158473048359e-05, -8.012660691747442e-05, -7.635162910446525e-05, -7.257665129145607e-05, -6.88016734784469e-05, -6.502670294139534e-05, -6.125172512838617e-05, -5.7476747315377e-05, -5.3701769502367824e-05, -4.992679168935865e-05, -4.615181387634948e-05, -4.237683970131911e-05, -3.860186188830994e-05, -3.482688407530077e-05, -3.10519099002704e-05, -2.727693208726123e-05, -2.3501954274252057e-05, -1.9726976461242884e-05, -1.5952000467223115e-05, -1.2177023563708644e-05, -8.402046660194173e-06, -4.627068847185001e-06, -8.520928531652316e-07, 2.9228831408545375e-06, 6.697853677906096e-06, 1.0472830581420567e-05, 1.4247807484935038e-05, 1.8022783478954807e-05, 2.179776129196398e-05, 2.5572739104973152e-05, 2.934771509899292e-05, 3.312269109301269e-05, 3.689766890602186e-05, 4.0672646719031036e-05, 4.444762453204021e-05, 4.8222598707070574e-05, 5.199757652007975e-05, 5.577255433308892e-05, 5.9547528508119285e-05, 6.332250632112846e-05, 6.709748413413763e-05, 7.08724619471468e-05, 7.464743976015598e-05, 7.842241757316515e-05, 8.219739538617432e-05, 8.597236592322588e-05, 8.974734373623505e-05, 9.352232154924423e-05, 9.72972993622534e-05, 0.00010107227717526257, 0.00010484725498827174, 0.00010862223280128092, 0.00011239720333833247, 0.00011617218842729926, 0.00011994715896435082, 0.00012372212950140238, 0.00012749711459036916]}, "_wandb": {"runtime": 299}}