{"TOTAL_BEST_METRIC": 0.17702360562439312, "BEST_NDCG@10": 0.0191519170400682, "_timestamp": 1688431542.2547677, "_runtime": 1200.9488625526428, "_step": 1260, "epoch": 1000, "Train_Metric_loss": -0.002238210415401097, "Train_Reg_loss": 1.1002176652904642e-06, "Pos_loss": -0.0007666142773814499, "Neg_loss": -0.0028355529066175222, "Recall@5": 0.01976143830833891, "Recall@10": 0.03560260037765499, "Recall@20": 0.06233920897356179, "NDCG@5": 0.013451863544873753, "NDCG@10": 0.019135353864341603, "NDCG@20": 0.026733140555622086, "Recall@5_total_best": 0.01976143830833891, "Recall@10_total_best": 0.03560260037765499, "Recall@20_total_best": 0.06233920897356179, "ndcg@5_total_best": 0.013451863544873753, "ndcg@10_total_best": 0.019135353864341603, "ndcg@20_total_best": 0.026733140555622086, "EPOCH_ndcg_best": 1000, "Recall@5_ndcg_best": 0.019773850800270786, "Recall@10_ndcg_best": 0.035739137788905674, "Recall@20_ndcg_best": 0.0622026715623111, "ndcg@5_ndcg_best": 0.013453743254971366, "ndcg@10_ndcg_best": 0.0191519170400682, "ndcg@20_ndcg_best": 0.026684416585275383, "gradients/mass_i.weight": {"_type": "histogram", "values": [1.0, 0.0, 0.0, 0.0, 0.0, 0.0, 1.0, 0.0, 0.0, 1.0, 1.0, 0.0, 1.0, 0.0, 0.0, 0.0, 0.0, 1.0, 0.0, 1.0, 0.0, 0.0, 2.0, 1.0, 1.0, 0.0, 1.0, 0.0, 0.0, 1.0, 2.0, 3.0, 1.0, 0.0, 1.0, 8.0, 2.0, 4.0, 3.0, 6.0, 11.0, 7.0, 5.0, 14.0, 16.0, 31.0, 40.0, 1.0, 172.0, 116.0, 818.0, 295.0, 0.0, 6396.0, 525.0, 145.0, 53.0, 9.0, 5.0, 6.0, 0.0, 3.0, 1.0, 1.0], "bins": [-0.003133476944640279, -0.003074410604313016, -0.0030153440311551094, -0.0029562776908278465, -0.0028972113505005836, -0.0028381450101733208, -0.0027790784370154142, -0.0027200120966881514, -0.0026609457563608885, -0.0026018794160336256, -0.002542812842875719, -0.002483746502548456, -0.0024246801622211933, -0.0023656138218939304, -0.002306547248736024, -0.002247480908408761, -0.0021884143352508545, -0.0021293479949235916, -0.002070281421765685, -0.002011215081438422, -0.0019521487411111593, -0.0018930822843685746, -0.00183401582762599, -0.001774949487298727, -0.0017158831469714642, -0.0016568166902288795, -0.0015977503499016166, -0.0015386838931590319, -0.001479617552831769, -0.0014205510960891843, -0.0013614846393465996, -0.0013024182990193367, -0.001243351842276752, -0.0011842853855341673, -0.0011252190452069044, -0.0010661525884643197, -0.0010070862481370568, -0.0009480197913944721, -0.0008889533928595483, -0.0008298869943246245, -0.0007708205375820398, -0.000711754139047116, -0.0006526877405121922, -0.0005936212837696075, -0.0005345548852346838, -0.00047548848669975996, -0.00041642208816483617, -0.0003573556605260819, -0.0002982892910949886, -0.00023922287800814956, -0.00018015646492131054, -0.00012109006638638675, -6.202365329954773e-05, -2.9572402127087116e-06, 5.610915832221508e-05, 0.00011517558596096933, 0.00017424198449589312, 0.00023330839758273214, 0.00029237481066957116, 0.00035144120920449495, 0.00041050760773941875, 0.000469574035378173, 0.0005286404630169272, 0.000587706861551851, 0.0006467732600867748]}, "gradients/mass_u.weight": {"_type": "histogram", "values": [1.0, 0.0, 1.0, 0.0, 0.0, 0.0, 0.0, 0.0, 0.0, 0.0, 1.0, 0.0, 1.0, 0.0, 1.0, 1.0, 0.0, 0.0, 0.0, 0.0, 2.0, 0.0, 0.0, 0.0, 0.0, 1.0, 1.0, 1.0, 2.0, 1.0, 0.0, 2.0, 2.0, 0.0, 1.0, 1.0, 1.0, 2.0, 0.0, 2.0, 0.0, 3.0, 3.0, 3.0, 3.0, 1.0, 4.0, 5.0, 7.0, 4.0, 1.0, 7.0, 18.0, 18.0, 0.0, 22.0, 48.0, 95.0, 98.0, 4.0, 71.0, 40.0, 9.0, 14192.0], "bins": [-0.0036926588509231806, -0.003634961089119315, -0.0035772633273154497, -0.0035195655655115843, -0.003461867570877075, -0.0034041698090732098, -0.0033464720472693443, -0.003288774285465479, -0.0032310765236616135, -0.003173378761857748, -0.0031156810000538826, -0.003057983238250017, -0.003000285243615508, -0.0029425874818116426, -0.002884889720007777, -0.0028271919582039118, -0.0027694941964000463, -0.002711796434596181, -0.0026540986727923155, -0.00259640091098845, -0.002538702916353941, -0.0024810051545500755, -0.00242330739274621, -0.0023656096309423447, -0.0023079118691384792, -0.002250214107334614, -0.0021925163455307484, -0.002134818583726883, -0.002077120589092374, -0.0020194228272885084, -0.001961725065484643, -0.0019040273036807775, -0.0018463294254615903, -0.0017886316636577249, -0.0017309337854385376, -0.0016732360236346722, -0.0016155382618308067, -0.0015578405000269413, -0.001500142621807754, -0.0014424448600038886, -0.0013847470982000232, -0.0013270493363961577, -0.0012693514581769705, -0.001211653696373105, -0.0011539559345692396, -0.0010962581727653742, -0.001038560294546187, -0.0009808625327423215, -0.0009231647127307951, -0.0008654668927192688, -0.0008077691309154034, -0.000750071310903877, -0.0006923735491000116, -0.0006346757290884852, -0.0005769779672846198, -0.0005192801472730935, -0.00046158235636539757, -0.0004038845654577017, -0.0003461867745500058, -0.0002884889836423099, -0.00023079117818269879, -0.00017309337272308767, -0.00011539558181539178, -5.769779090769589e-05, 0.0]}, "gradients/embedding_user.weight": {"_type": "histogram", "values": [1.0, 0.0, 0.0, 0.0, 0.0, 1.0, 2.0, 1.0, 3.0, 2.0, 4.0, 3.0, 5.0, 6.0, 10.0, 16.0, 16.0, 22.0, 16.0, 30.0, 34.0, 39.0, 40.0, 54.0, 75.0, 100.0, 134.0, 178.0, 261.0, 398.0, 747.0, 1650.0, 4095.0, 9801.0, 474153.0, 430350.0, 9501.0, 3980.0, 1687.0, 795.0, 389.0, 259.0, 162.0, 132.0, 93.0, 67.0, 58.0, 38.0, 33.0, 30.0, 20.0, 22.0, 18.0, 5.0, 14.0, 9.0, 5.0, 5.0, 5.0, 2.0, 2.0, 5.0, 0.0, 1.0], "bins": [-0.00020943256095051765, -0.00020344641234260052, -0.0001974602637346834, -0.00019147411512676626, -0.00018548796651884913, -0.000179501817910932, -0.00017351566930301487, -0.00016752952069509774, -0.00016154337208718061, -0.00015555722347926348, -0.00014957107487134635, -0.00014358492626342922, -0.0001375987776555121, -0.00013161262904759496, -0.00012562648043967783, -0.0001196403318317607, -0.00011365418322384357, -0.00010766803461592644, -0.00010168188600800931, -9.569573740009218e-05, -8.970958879217505e-05, -8.372344018425792e-05, -7.77372915763408e-05, -7.175114296842366e-05, -6.576499436050653e-05, -5.9778845752589405e-05, -5.3792697144672275e-05, -4.7806548536755145e-05, -4.1820399928838015e-05, -3.5834251320920885e-05, -2.9848102713003755e-05, -2.3861954105086625e-05, -1.7875790945254266e-05, -1.1889642337337136e-05, -5.903493729420006e-06, 8.265487849712372e-08, 6.068803486414254e-06, 1.2054952094331384e-05, 1.8041100702248514e-05, 2.4027249310165644e-05, 3.0013397918082774e-05, 3.5999546525999904e-05, 4.1985695133917034e-05, 4.7971843741834164e-05, 5.3957992349751294e-05, 5.9944140957668424e-05, 6.593028956558555e-05, 7.191643817350268e-05, 7.790258678141981e-05, 8.388873538933694e-05, 8.987488399725407e-05, 9.58610326051712e-05, 0.00010184718121308833, 0.00010783332982100546, 0.0001138194784289226, 0.00011980562703683972, 0.00012579177564475685, 0.00013177792425267398, 0.00013776407286059111, 0.00014375022146850824, 0.00014973637007642537, 0.0001557225186843425, 0.00016170866729225963, 0.00016769481590017676, 0.0001736809645080939]}, "gradients/embedding_item.weight": {"_type": "histogram", "values": [1.0, 0.0, 0.0, 1.0, 2.0, 2.0, 5.0, 1.0, 9.0, 10.0, 14.0, 19.0, 19.0, 20.0, 36.0, 41.0, 76.0, 94.0, 164.0, 207.0, 275.0, 446.0, 647.0, 1059.0, 1636.0, 2652.0, 4545.0, 7813.0, 13673.0, 23111.0, 35824.0, 60658.0, 280944.0, 44795.0, 31235.0, 19335.0, 11336.0, 6552.0, 3803.0, 2340.0, 1449.0, 898.0, 554.0, 402.0, 264.0, 184.0, 143.0, 110.0, 64.0, 50.0, 27.0, 21.0, 16.0, 19.0, 7.0, 10.0, 5.0, 3.0, 0.0, 2.0, 1.0, 1.0, 1.0, 1.0],