{"TOTAL_BEST_METRIC": 0.3214567571623832, "BEST_NDCG@10": 0.04600512522070464, "_timestamp": 1688599829.2907362, "_runtime": 15688.656821250916, "_step": 744, "epoch": 652, "Train_Metric_loss": 7.721551850898979, "Train_Reg_loss": 0.00021648145377991203, "Pos_loss": 10.929866790771484, "Neg_loss": 0.7638985514640808, "Recall@5": 0.03130685660011329, "Recall@10": 0.054282833999365815, "Recall@20": 0.09087900176436646, "NDCG@5": 0.03732760197861877, "NDCG@10": 0.04503896872844365, "NDCG@20": 0.05758950549296412, "Recall@5_total_best": 0.03202118395576031, "Recall@10_total_best": 0.0553478152324165, "Recall@20_total_best": 0.09153484036180574, "ndcg@5_total_best": 0.038125055052353994, "ndcg@10_total_best": 0.04600512522070464, "ndcg@20_total_best": 0.058422737339342, "EPOCH_ndcg_best": 200, "Recall@5_ndcg_best": 0.03202118395576031, "Recall@10_ndcg_best": 0.0553478152324165, "Recall@20_ndcg_best": 0.09153484036180574, "ndcg@5_ndcg_best": 0.038125055052353994, "ndcg@10_ndcg_best": 0.04600512522070464, "ndcg@20_ndcg_best": 0.058422737339342, "gradients/mass_i.weight": {"_type": "histogram", "values": [2.0, 0.0, 1.0, 0.0, 0.0, 1.0, 0.0, 1.0, 3.0, 0.0, 5.0, 4.0, 3.0, 6.0, 3.0, 7.0, 2.0, 6.0, 11.0, 6.0, 9.0, 19.0, 21.0, 26.0, 36.0, 57.0, 112.0, 244.0, 499.0, 916.0, 1271.0, 43216.0, 938.0, 420.0, 179.0, 93.0, 59.0, 21.0, 23.0, 18.0, 11.0, 13.0, 4.0, 9.0, 7.0, 2.0, 3.0, 3.0, 0.0, 0.0, 0.0, 1.0, 0.0, 0.0, 0.0, 0.0, 1.0, 0.0, 0.0, 0.0, 0.0, 0.0, 1.0, 1.0], "bins": [-1.7063310224330053e-05, -1.6522450096090324e-05, -1.5981588148861192e-05, -1.5440728020621464e-05, -1.4899867892381735e-05, -1.4359006854647305e-05, -1.3818145816912875e-05, -1.3277285688673146e-05, -1.2736424650938716e-05, -1.2195563613204286e-05, -1.1654703484964557e-05, -1.1113842447230127e-05, -1.0572981409495696e-05, -1.0032121281255968e-05, -9.491260243521538e-06, -8.950399205787107e-06, -8.409539077547379e-06, -7.868678039812949e-06, -7.32781791157322e-06, -6.78695687383879e-06, -6.24609629085171e-06, -5.705235707864631e-06, -5.164374670130201e-06, -4.623514087143121e-06, -4.082653504156042e-06, -3.5417929211689625e-06, -3.0009321108082077e-06, -2.460071300447453e-06, -1.9192107174603734e-06, -1.378350134473294e-06, -8.374893241125392e-07, -2.9662851375178434e-07, 2.442338882246986e-07, 7.850945848986157e-07, 1.3259552815725328e-06, 1.86681597824645e-06, 2.407676674920367e-06, 2.9485372579074465e-06, 3.4893980682682013e-06, 4.030258878628956e-06, 4.5711194616160356e-06, 5.111980044603115e-06, 5.652840627590194e-06, 6.193701665324625e-06, 6.734562248311704e-06, 7.275422831298783e-06, 7.816283869033214e-06, 8.357144906767644e-06, 8.898005035007372e-06, 9.438866072741803e-06, 9.979726200981531e-06, 1.0520587238715962e-05, 1.106144736695569e-05, 1.160230840469012e-05, 1.214316944242455e-05, 1.268402957066428e-05, 1.322489060839871e-05, 1.376575164613314e-05, 1.4306611774372868e-05, 1.4847472812107299e-05, 1.538833384984173e-05, 1.5929193978081457e-05, 1.6470054106321186e-05, 1.7010916053550318e-05, 1.7551776181790046e-05]}, "gradients/mass_u.weight": {"_type": "histogram", "values": [1.0, 0.0, 0.0, 0.0, 0.0, 0.0, 0.0, 0.0, 0.0, 0.0, 1.0, 0.0, 0.0, 0.0, 0.0, 1.0, 0.0, 0.0, 2.0, 1.0, 0.0, 0.0, 0.0, 2.0, 0.0, 0.0, 0.0, 1.0, 1.0, 0.0, 0.0, 0.0, 0.0, 1.0, 1.0, 1.0, 2.0, 0.0, 3.0, 1.0, 2.0, 2.0, 2.0, 0.0, 3.0, 0.0, 5.0, 3.0, 1.0, 1.0, 6.0, 8.0, 8.0, 3.0, 11.0, 12.0, 26.0, 19.0, 46.0, 85.0, 73.0, 142.0, 45.0, 96940.0], "bins": [-0.00021945110347587615, -0.00021602217748295516, -0.00021259325149003416, -0.0002091643400490284, -0.0002057354140561074, -0.0002023064880631864, -0.0001988775620702654, -0.00019544863607734442, -0.00019201971008442342, -0.00018859078409150243, -0.00018516185809858143, -0.00018173293210566044, -0.00017830402066465467, -0.00017487509467173368, -0.00017144616867881268, -0.0001680172426858917, -0.00016458833124488592, -0.00016115940525196493, -0.00015773047925904393, -0.00015430155326612294, -0.00015087264182511717, -0.00014744371583219618, -0.00014401478983927518, -0.0001405858638463542, -0.0001371569378534332, -0.0001337280118605122, -0.0001302990858675912, -0.00012687017442658544, -0.00012344124843366444, -0.00012001232244074345, -0.00011658339644782245, -0.00011315447045490146, -0.00010972555173793808, -0.00010629662574501708, -0.0001028677070280537, -9.94387810351327e-05, -9.600985504221171e-05, -9.258093632524833e-05, -8.915201033232734e-05, -8.572309161536396e-05, -8.229416562244296e-05, -7.886523962952197e-05, -7.543632091255859e-05, -7.200739491963759e-05, -6.85784689267166e-05, -6.514955020975322e-05, -6.172062421683222e-05, -5.829170186189003e-05, -5.486277586896904e-05, -5.143385351402685e-05, -4.8004927521105856e-05, -4.457600516616367e-05, -4.114708281122148e-05, -3.7718156818300486e-05, -3.42892344633583e-05, -3.086031210841611e-05, -2.743138793448452e-05, -2.4002463760552928e-05, -2.057354140561074e-05, -1.714461723167915e-05, -1.371569396724226e-05, -1.028677070280537e-05, -6.857846528873779e-06, -3.4289241739315912e-06, 0.0]}, "gradients/embedding_user.weight": {"_type": "histogram", "values": [1.0, 0.0, 0.0, 1.0, 0.0, 1.0, 0.0, 0.0, 1.0, 1.0, 1.0, 3.0, 2.0, 5.0, 7.0, 9.0, 7.0, 11.0, 23.0, 33.0, 41.0, 57.0, 81.0, 164.0, 289.0, 558.0, 1341.0, 3598.0, 12086.0, 6198385.0, 13834.0, 4166.0, 1507.0, 607.0, 299.0, 145.0, 91.0, 65.0, 37.0, 33.0, 18.0, 14.0, 10.0, 10.0, 6.0, 5.0, 3.0, 0.0, 3.0, 1.0, 2.0, 1.0, 1.0, 1.0, 0.0, 0.0, 1.0, 0.0, 1.0, 0.0, 0.0, 0.0, 0.0, 1.0], "bins": [-0.0014541733544319868, -0.0014049680903553963, -0.0013557628262788057, -0.0013065575622022152, -0.0012573522981256247, -0.0012081470340490341, -0.0011589417699724436, -0.001109736505895853, -0.0010605312418192625, -0.001011325977742672, -0.0009621207136660814, -0.0009129154495894909, -0.0008637101855129004, -0.0008145049214363098, -0.0007652997155673802, -0.0007160944514907897, -0.00066688924562186, -0.0006176839815452695, -0.000568478717468679, -0.0005192734533920884, -0.00047006821841932833, -0.0004208629543427378, -0.0003716577193699777, -0.0003224524552933872, -0.00027324719121679664, -0.0002240419271402061, -0.0001748366776155308, -0.00012563142809085548, -7.642616401426494e-05, -2.7220899937674403e-05, 2.1984335035085678e-05, 7.118959911167622e-05, 0.00012039486318826675, 0.0001696001272648573, 0.0002188053767895326, 0.0002680106263142079, 0.00031721589039079845, 0.000366421154467389, 0.00041562638944014907, 0.0004648316535167396, 0.0005140369175933301, 0.0005632421816699207, 0.0006124474457465112, 0.0006616526516154408, 0.0007108579156920314, 0.0007600631797686219, 0.0008092684438452125, 0.000858473707921803, 0.0009076789719983935, 0.0009568842360749841, 0.0010060895001515746, 0.0010552947642281651, 0.0011045000283047557, 0.0011537052923813462, 0.001202910440042615, 0.0012521157041192055, 0.001301320968195796, 0.0013505262322723866, 0.001399731496348977, 0.0014489367604255676, 0.0014981420245021582, 0.0015473472885787487, 0.0015965525526553392, 0.0016457578167319298, 0.0016949630808085203]}, "gradients/embedding_item.weight": {"_type": "histogram", "values": [1.0, 0.0, 0.0, 0.0, 0.0, 0.0, 1.0, 0.0, 1.0, 1.0, 2.0, 2.0, 0.0, 3.0, 3.0, 8.0, 6.0, 7.0, 8.0, 10.0, 29.0, 46.0, 65.0, 78.0, 125.0, 216.0, 300.0, 483.0, 764.0, 1336.0, 2422.0, 4636.0, 9531.0, 21924.0, 56713.0, 154824.0, 2100680.0, 516770.0, 132608.0, 49687.0, 19331.0, 8550.0, 4212.0, 2204.0, 1223.0, 786.0, 448.0, 282.0, 172.0, 102.0, 60.0, 45.0, 44.0, 24.0, 15.0, 9.0, 3.0, 4.0, 3.0, 1.0, 4.0, 2.0, 1.0, 1.0],