{"TOTAL_BEST_METRIC": 0.15995629367099173, "BEST_NDCG@10": 0.017474295240012525, "_timestamp": 1688502195.0643997, "_runtime": 1551.3935208320618, "_step": 1244, "epoch": 1000, "Train_Metric_loss": 4.652984346662249, "Train_Reg_loss": 2.042225202915558e-06, "Pos_loss": 8.041518211364746, "Neg_loss": 1.2772225141525269, "Recall@5": 0.017202649371222765, "Recall@10": 0.031639828074854236, "Recall@20": 0.056694344527513776, "NDCG@5": 0.01231941349455228, "NDCG@10": 0.017474295240012525, "NDCG@20": 0.024625762962836154, "Recall@5_total_best": 0.017202649371222765, "Recall@10_total_best": 0.031639828074854236, "Recall@20_total_best": 0.056694344527513776, "ndcg@5_total_best": 0.01231941349455228, "ndcg@10_total_best": 0.017474295240012525, "ndcg@20_total_best": 0.024625762962836154, "EPOCH_ndcg_best": 1000, "Recall@5_ndcg_best": 0.017202649371222765, "Recall@10_ndcg_best": 0.031639828074854236, "Recall@20_ndcg_best": 0.056694344527513776, "ndcg@5_ndcg_best": 0.01231941349455228, "ndcg@10_ndcg_best": 0.017474295240012525, "ndcg@20_ndcg_best": 0.024625762962836154, "gradients/mass_i.weight": {"_type": "histogram", "values": [2.0, 1.0, 0.0, 0.0, 0.0, 1.0, 0.0, 0.0, 0.0, 0.0, 0.0, 0.0, 0.0, 0.0, 0.0, 0.0, 1.0, 0.0, 1.0, 1.0, 0.0, 1.0, 3.0, 0.0, 2.0, 1.0, 2.0, 0.0, 1.0, 0.0, 1.0, 2.0, 0.0, 1.0, 2.0, 4.0, 2.0, 4.0, 2.0, 4.0, 5.0, 14.0, 6.0, 5.0, 7.0, 13.0, 27.0, 46.0, 22.0, 146.0, 79.0, 826.0, 226.0, 99.0, 6608.0, 330.0, 109.0, 51.0, 23.0, 18.0, 9.0, 3.0, 1.0, 1.0], "bins": [-0.0018983137561008334, -0.0018634006846696138, -0.001828487729653716, -0.0017935746582224965, -0.001758661586791277, -0.0017237485153600574, -0.0016888355603441596, -0.00165392248891294, -0.0016190094174817204, -0.0015840963460505009, -0.0015491833910346031, -0.0015142703196033835, -0.001479357248172164, -0.0014444441767409444, -0.0014095312217250466, -0.001374618150293827, -0.0013397051952779293, -0.0013047921238467097, -0.001269879168830812, -0.0012349660973995924, -0.0012000530259683728, -0.0011651399545371532, -0.0011302269995212555, -0.001095313928090036, -0.0010604008566588163, -0.0010254877852275968, -0.000990574830211699, -0.0009556617587804794, -0.0009207486873492599, -0.0008858356741257012, -0.0008509226609021425, -0.000816009589470923, -0.0007810966344550252, -0.0007461836212314665, -0.000711270549800247, -0.0006763575365766883, -0.0006414444651454687, -0.00060653145192191, -0.0005716184386983514, -0.0005367053672671318, -0.0005017922958359122, -0.0004668792535085231, -0.000431966211181134, -0.0003970531979575753, -0.00036214012652635574, -0.0003272271133027971, -0.00029231407097540796, -0.00025740102864801884, -0.00022248798632062972, -0.0001875749439932406, -0.00015266190166585147, -0.00011774887389037758, -8.283583156298846e-05, -4.792278923559934e-05, -1.3009761460125446e-05, 2.1903280867263675e-05, 5.6816323194652796e-05, 9.172936552204192e-05, 0.00012664240784943104, 0.00016155543562490493, 0.00019646847795229405, 0.00023138152027968317, 0.00026629454805515707, 0.0003012075903825462, 0.0003361206327099353]}, "gradients/mass_u.weight": {"_type": "histogram", "values": [1.0, 0.0, 0.0, 0.0, 0.0, 0.0, 0.0, 0.0, 0.0, 0.0, 0.0, 0.0, 0.0, 0.0, 0.0, 0.0, 0.0, 1.0, 0.0, 0.0, 0.0, 0.0, 0.0, 0.0, 0.0, 1.0, 0.0, 0.0, 0.0, 0.0, 1.0, 1.0, 0.0, 1.0, 1.0, 0.0, 0.0, 0.0, 1.0, 2.0, 2.0, 3.0, 1.0, 3.0, 4.0, 1.0, 0.0, 2.0, 5.0, 0.0, 4.0, 7.0, 6.0, 13.0, 9.0, 16.0, 20.0, 54.0, 52.0, 77.0, 85.0, 71.0, 34.0, 14202.0], "bins": [-0.003824015613645315, -0.003764265449717641, -0.003704515052959323, -0.0036447648890316486, -0.0035850147251039743, -0.0035252643283456564, -0.003465514164417982, -0.003405764000490308, -0.00334601360373199, -0.0032862634398043156, -0.0032265130430459976, -0.0031667628791183233, -0.003107012715190649, -0.003047262318432331, -0.002987512154504657, -0.0029277619905769825, -0.0028680115938186646, -0.0028082614298909903, -0.0027485110331326723, -0.002688760869204998, -0.0026290107052773237, -0.0025692603085190058, -0.0025095101445913315, -0.002449759980663657, -0.002390009816735983, -0.0023302596528083086, -0.0022705092560499907, -0.0022107590921223164, -0.002151008928194642, -0.002091258531436324, -0.00203150836750865, -0.0019717582035809755, -0.0019120078068226576, -0.0018522575264796615, -0.0017925073625519872, -0.001732757082208991, -0.001673006801865995, -0.0016132565215229988, -0.0015535063575953245, -0.0014937560772523284, -0.0014340057969093323, -0.0013742555165663362, -0.0013145053526386619, -0.0012547550722956657, -0.0011950047919526696, -0.0011352545116096735, -0.0010755043476819992, -0.001015754067339003, -0.0009560039034113288, -0.0008962536812759936, -0.0008365034009329975, -0.0007767531787976623, -0.0007170028984546661, -0.0006572526763193309, -0.0005975024541839957, -0.0005377521738409996, -0.0004780019517056644, -0.00041825170046649873, -0.00035850144922733307, -0.00029875122709199786, -0.0002390009758528322, -0.00017925072461366653, -0.00011950050247833133, -5.9750251239165664e-05, 0.0]}, "gradients/embedding_user.weight": {"_type": "histogram", "values": [1.0, 0.0, 1.0, 1.0, 3.0, 0.0, 2.0, 1.0, 0.0, 4.0, 0.0, 4.0, 1.0, 3.0, 4.0, 7.0, 11.0, 9.0, 8.0, 14.0, 18.0, 19.0, 23.0, 43.0, 79.0, 101.0, 176.0, 370.0, 669.0, 1245.0, 2259.0, 4088.0, 7373.0, 88905.0, 708161.0, 108897.0, 7695.0, 4142.0, 2420.0, 1302.0, 646.0, 356.0, 190.0, 89.0, 72.0, 49.0, 22.0, 25.0, 17.0, 18.0, 4.0, 5.0, 5.0, 11.0, 1.0, 1.0, 3.0, 2.0, 1.0, 3.0, 1.0, 1.0, 1.0, 2.0], "bins": [-0.0002100865385727957, -0.00020400137873366475, -0.00019791623344644904, -0.00019183108815923333, -0.0001857459283201024, -0.00017966076848097146, -0.00017357562319375575, -0.00016749047790654004, -0.0001614053180674091, -0.00015532015822827816, -0.00014923501294106245, -0.00014314986765384674, -0.0001370647078147158, -0.00013097954797558486, -0.00012489440268836915, -0.00011880925012519583, -0.00011272409756202251, -0.00010663894499884918, -0.00010055379243567586, -9.446863987250254e-05, -8.838348730932921e-05, -8.229833474615589e-05, -7.621318218298256e-05, -7.012802961980924e-05, -6.404287705663592e-05, -5.795772449346259e-05, -5.187257193028927e-05, -4.5787419367115945e-05, -3.970226680394262e-05, -3.36171142407693e-05, -2.7531961677595973e-05, -2.144680911442265e-05, -1.5361641999334097e-05, -9.276489436160773e-06, -3.191336872987449e-06, 2.8938156901858747e-06, 8.978968253359199e-06, 1.5064120816532522e-05, 2.1149273379705846e-05, 2.723442594287917e-05, 3.3319578506052494e-05, 3.940473106922582e-05, 4.548988363239914e-05, 5.1575036195572466e-05, 5.766018875874579e-05, 6.374534132191911e-05, 6.983049388509244e-05, 7.591564644826576e-05, 8.200079901143909e-05, 8.808595157461241e-05, 9.417110413778573e-05, 0.00010025625670095906, 0.00010634140926413238, 0.0001124265618273057, 0.00011851171439047903, 0.00012459687422960997, 0.00013068201951682568, 0.00013676716480404139, 0.00014285232464317232, 0.00014893748448230326, 0.00015502262976951897, 0.00016110777505673468, 0.00016719293489586562, 0.00017327809473499656, 0.00017936324002221227]}, "gradients/embedding_item.weight": {"_type": "histogram", "values": [1.0, 0.0, 0.0, 0.0, 1.0, 0.0, 0.0, 0.0, 0.0, 1.0, 2.0, 1.0, 2.0, 0.0, 10.0, 7.0, 11.0, 25.0, 28.0, 40.0, 60.0, 95.0, 128.0, 223.0, 342.0, 511.0, 884.0, 1473.0, 2599.0, 4548.0, 7727.0, 13883.0, 27043.0, 57330.0, 102880.0, 120239.0, 102014.0, 56217.0, 26583.0, 13915.0, 7811.0, 4328.0, 2621.0, 1552.0, 894.0, 593.0, 349.0, 255.0, 122.0, 96.0, 70.0, 43.0, 22.0, 15.0, 8.0, 11.0, 9.0, 3.0, 3.0, 1.0, 0.0, 1.0, 0.0, 2.0],