{"TOTAL_BEST_METRIC": 0.13003270972074132, "BEST_NDCG@10": 0.014020284193600697, "_timestamp": 1688514539.32641, "_runtime": 1517.6861701011658, "_step": 1208, "epoch": 1000, "Train_Metric_loss": 2.797134518623352, "Train_Reg_loss": 1.3968625337059036e-06, "Pos_loss": 8.006217002868652, "Neg_loss": 1.298392415046692, "Recall@5": 0.01427998530369251, "Recall@10": 0.026373168343421155, "Recall@20": 0.04570662688530404, "NDCG@5": 0.009608850520645822, "NDCG@10": 0.013942971229009803, "NDCG@20": 0.01953687950880858, "Recall@5_total_best": 0.01427998530369251, "Recall@10_total_best": 0.02656659634269296, "Recall@20_total_best": 0.04593418923738851, "ndcg@5_total_best": 0.009630256700968415, "ndcg@10_total_best": 0.014020284193600697, "ndcg@20_total_best": 0.01960139794239825, "EPOCH_ndcg_best": 1000, "Recall@5_ndcg_best": 0.01427998530369251, "Recall@10_ndcg_best": 0.02656659634269296, "Recall@20_ndcg_best": 0.04593418923738851, "ndcg@5_ndcg_best": 0.009630256700968415, "ndcg@10_ndcg_best": 0.014020284193600697, "ndcg@20_ndcg_best": 0.01960139794239825, "gradients/mass_i.weight": {"_type": "histogram", "values": [1.0, 0.0, 0.0, 0.0, 0.0, 0.0, 0.0, 0.0, 0.0, 0.0, 0.0, 0.0, 0.0, 0.0, 0.0, 0.0, 0.0, 0.0, 0.0, 0.0, 0.0, 0.0, 0.0, 0.0, 0.0, 1.0, 0.0, 0.0, 1.0, 2.0, 2.0, 1.0, 1.0, 0.0, 2.0, 2.0, 1.0, 3.0, 2.0, 2.0, 5.0, 4.0, 10.0, 4.0, 13.0, 11.0, 11.0, 33.0, 39.0, 60.0, 169.0, 81.0, 864.0, 207.0, 6661.0, 326.0, 151.0, 28.0, 8.0, 6.0, 0.0, 0.0, 0.0, 1.0], "bins": [-0.004160737153142691, -0.004084854386746883, -0.004008971620351076, -0.003933088853955269, -0.0038572060875594616, -0.0037813233211636543, -0.003705440554767847, -0.00362955778837204, -0.0035536750219762325, -0.0034777922555804253, -0.003401909489184618, -0.0033260267227888107, -0.0032501439563930035, -0.003174261189997196, -0.003098378423601389, -0.0030224956572055817, -0.0029466128908097744, -0.002870730124413967, -0.00279484735801816, -0.0027189645916223526, -0.0026430818252265453, -0.002567199058830738, -0.002491316292434931, -0.0024154335260391235, -0.0023395505268126726, -0.0022636677604168653, -0.002187784994021058, -0.002111902227625251, -0.0020360194612294436, -0.0019601366948336363, -0.001884253928437829, -0.0018083711620420218, -0.0017324886284768581, -0.0016566058620810509, -0.0015807230956852436, -0.0015048403292894363, -0.001428957562893629, -0.0013530747964978218, -0.0012771920301020145, -0.0012013092637062073, -0.0011254263808950782, -0.001049543614499271, -0.0009736608481034636, -0.0008977780817076564, -0.0008218953153118491, -0.0007460125489160419, -0.0006701297243125737, -0.0005942469579167664, -0.0005183641915209591, -0.00044248142512515187, -0.0003665986587293446, -0.0002907158632297069, -0.00021483309683389962, -0.00013895033043809235, -6.306753493845463e-05, 1.2815231457352638e-05, 8.86979978531599e-05, 0.00016458076424896717, 0.00024046354519668967, 0.00031634632614441216, 0.0003922290925402194, 0.0004681118589360267, 0.0005439946544356644, 0.0006198774208314717, 0.000695760187227279]}, "gradients/mass_u.weight": {"_type": "histogram", "values": [1.0, 0.0, 0.0, 0.0, 0.0, 0.0, 0.0, 0.0, 0.0, 0.0, 0.0, 0.0, 0.0, 0.0, 0.0, 0.0, 1.0, 0.0, 0.0, 0.0, 0.0, 0.0, 1.0, 0.0, 0.0, 3.0, 0.0, 0.0, 0.0, 0.0, 0.0, 1.0, 1.0, 0.0, 1.0, 1.0, 1.0, 2.0, 0.0, 0.0, 0.0, 2.0, 2.0, 1.0, 1.0, 0.0, 1.0, 2.0, 2.0, 6.0, 4.0, 4.0, 13.0, 13.0, 11.0, 11.0, 32.0, 42.0, 43.0, 84.0, 102.0, 74.0, 38.0, 14180.0], "bins": [-0.0077926041558384895, -0.007670844905078411, -0.007549085188657045, -0.007427325937896967, -0.007305566221475601, -0.007183806970715523, -0.007062047719955444, -0.006940288003534079, -0.006818528752774, -0.006696769502013922, -0.006575009785592556, -0.006453250534832478, -0.006331490818411112, -0.006209731567651033, -0.006087971851229668, -0.005966212600469589, -0.005844453349709511, -0.005722694098949432, -0.005600934382528067, -0.005479175131767988, -0.0053574154153466225, -0.005235656164586544, -0.005113896913826466, -0.0049921371974051, -0.004870377480983734, -0.004748618230223656, -0.00462685851380229, -0.0045050992630422115, -0.004383339546620846, -0.004261580295860767, -0.004139821045100689, -0.004018061328679323, -0.0038963020779192448, -0.0037745425943285227, -0.0036527831107378006, -0.003531023859977722, -0.003409264376387, -0.003287504892796278, -0.003165745409205556, -0.003043985925614834, -0.0029222266748547554, -0.0028004671912640333, -0.0026787077076733112, -0.002556948456913233, -0.0024351889733225107, -0.0023134294897317886, -0.0021916700061410666, -0.0020699105225503445, -0.0019481510389596224, -0.0018263915553689003, -0.0017046321881935, -0.001582872704602778, -0.0014611133374273777, -0.0013393538538366556, -0.0012175943702459335, -0.0010958348866552114, -0.0009740755194798112, -0.00085231609409675, -0.0007305566687136889, -0.0006087971851229668, -0.0004870377597399056, -0.0003652783343568444, -0.00024351885076612234, -0.00012175942538306117, 0.0]}, "gradients/embedding_user.weight": {"_type": "histogram", "values": [1.0, 0.0, 0.0, 0.0, 0.0, 1.0, 0.0, 2.0, 0.0, 3.0, 3.0, 1.0, 3.0, 3.0, 7.0, 5.0, 9.0, 12.0, 11.0, 24.0, 25.0, 30.0, 40.0, 41.0, 90.0, 141.0, 239.0, 522.0, 1453.0, 4948.0, 39656.0, 872255.0, 14305.0, 3610.0, 1112.0, 452.0, 191.0, 117.0, 83.0, 47.0, 21.0, 34.0, 22.0, 20.0, 9.0, 10.0, 4.0, 8.0, 5.0, 3.0, 1.0, 1.0, 2.0, 0.0, 0.0, 0.0, 0.0, 0.0, 1.0, 0.0, 0.0, 0.0, 0.0, 1.0], "bins": [-0.00034131878055632114, -0.0003304402926005423, -0.00031956180464476347, -0.00030868331668898463, -0.0002978048287332058, -0.00028692634077742696, -0.0002760478528216481, -0.0002651693648658693, -0.00025429087691009045, -0.0002434123889543116, -0.00023253390099853277, -0.00022165541304275393, -0.0002107769250869751, -0.00019989843713119626, -0.00018901994917541742, -0.00017814146121963859, -0.00016726295871194452, -0.00015638447075616568, -0.00014550598280038685, -0.000134627494844608, -0.00012374900688882917, -0.00011287051893305033, -0.00010199202370131388, -9.111353574553505e-05, -8.023504778975621e-05, -6.935655983397737e-05, -5.8478071878198534e-05, -4.759958028444089e-05, -3.672109232866205e-05, -2.5842604372883216e-05, -1.4964112779125571e-05, -4.085624823346734e-06, 6.792863132432103e-06, 1.767135108821094e-05, 2.854984086297918e-05, 3.942833063774742e-05, 5.030681859352626e-05, 6.118530291132629e-05, 7.206379814306274e-05, 8.294228609884158e-05, 9.382077405462041e-05, 0.00010469926201039925, 0.00011557774996617809, 0.00012645624519791454, 0.00013733473315369338, 0.00014821322110947222, 0.00015909170906525105, 0.0001699701970210299, 0.00018084868497680873, 0.00019172717293258756, 0.0002026056608883664, 0.00021348414884414524, 0.00022436263679992408, 0.0002352411247557029, 0.000246119627263397, 0.0002569981152191758, 0.00026787660317495465, 0.0002787550911307335, 0.00028963357908651233, 0.00030051206704229116, 0.00031139055499807, 0.00032226904295384884, 0.0003331475309096277, 0.0003440260188654065, 0.00035490450682118535]}, "gradients/embedding_item.weight": {"_type": "histogram", "values": [2.0, 1.0, 1.0, 1.0, 2.0, 3.0, 3.0, 3.0, 10.0, 11.0, 20.0, 28.0, 46.0, 69.0, 140.0, 187.0, 347.0, 544.0, 922.0, 1558.0, 2749.0, 5024.0, 9468.0, 17293.0, 31935.0, 92858.0, 232122.0, 92011.0, 32013.0, 17090.0, 9376.0, 5056.0, 2800.0, 1635.0, 928.0, 543.0, 318.0, 202.0, 116.0, 72.0, 49.0, 27.0, 17.0, 8.0, 7.0, 7.0, 2.0, 1.0, 2.0, 0.0, 0.0, 0.0, 0.0, 1.0, 1.0, 2.0, 0.0, 0.0, 0.0, 0.0, 0.0, 0.0, 0.0, 1.0],