{"TOTAL_BEST_METRIC": 1.0477344985332597, "BEST_NDCG@10": 0.1326735975425064, "_timestamp": 1688420482.717599, "_runtime": 747.810436964035, "_step": 1208, "epoch": 1000, "Train_Metric_loss": 1.6420671939849854, "Train_Reg_loss": 4.903720036963932e-05, "Pos_loss": 8.787493705749512, "Neg_loss": 0.06405129283666611, "Recall@5": 0.1468605956482795, "Recall@10": 0.21424469220976297, "Recall@20": 0.29027612341835735, "NDCG@5": 0.10923460324399724, "NDCG@10": 0.13260706310315304, "NDCG@20": 0.15451142090970957, "Recall@5_total_best": 0.1468605956482795, "Recall@10_total_best": 0.21424469220976297, "Recall@20_total_best": 0.29027612341835735, "ndcg@5_total_best": 0.10923460324399724, "ndcg@10_total_best": 0.13260706310315304, "ndcg@20_total_best": 0.15451142090970957, "EPOCH_ndcg_best": 890, "Recall@5_ndcg_best": 0.14447739416837238, "Recall@10_ndcg_best": 0.21310299335286753, "Recall@20_ndcg_best": 0.29178829743318807, "ndcg@5_ndcg_best": 0.10856631780210287, "ndcg@10_ndcg_best": 0.1326735975425064, "ndcg@20_ndcg_best": 0.15505383723746854, "gradients/mass_i.weight": {"_type": "histogram", "values": [2.0, 1.0, 0.0, 0.0, 0.0, 0.0, 0.0, 0.0, 1.0, 0.0, 1.0, 1.0, 1.0, 1.0, 1.0, 1.0, 1.0, 1.0, 2.0, 1.0, 0.0, 1.0, 4.0, 3.0, 6.0, 3.0, 5.0, 6.0, 7.0, 4.0, 10.0, 18.0, 12.0, 20.0, 27.0, 29.0, 57.0, 70.0, 43.0, 137.0, 113.0, 56.0, 121.0, 2425.0, 82.0, 94.0, 39.0, 62.0, 29.0, 14.0, 15.0, 17.0, 10.0, 5.0, 2.0, 2.0, 1.0, 2.0, 0.0, 0.0, 1.0, 0.0, 0.0, 1.0], "bins": [-0.0014955576043576002, -0.0014608047204092145, -0.0014260518364608288, -0.001391299068927765, -0.0013565461849793792, -0.0013217933010309935, -0.0012870404170826077, -0.001252287533134222, -0.0012175346491858363, -0.0011827817652374506, -0.0011480288812890649, -0.0011132759973406792, -0.0010785232298076153, -0.0010437703458592296, -0.0010090174619108438, -0.0009742645779624581, -0.0009395117522217333, -0.0009047588682733476, -0.0008700060425326228, -0.0008352531585842371, -0.0008005002746358514, -0.0007657473906874657, -0.0007309945649467409, -0.0006962416809983552, -0.0006614888552576303, -0.0006267359713092446, -0.0005919831455685198, -0.0005572302616201341, -0.0005224773776717484, -0.00048772452282719314, -0.0004529716679826379, -0.00041821878403425217, -0.00038346595829352736, -0.0003487131034489721, -0.0003139602195005864, -0.00027920736465603113, -0.0002444544807076454, -0.00020970162586309016, -0.0001749487710185349, -0.0001401959016220644, -0.00010544303222559392, -7.069016282912344e-05, -3.5937300708610564e-05, -1.1844385880976915e-06, 3.3568430808372796e-05, 6.832130020484328e-05, 0.00010307415504939854, 0.00013782702444586903, 0.00017257989384233952, 0.00020733276323881, 0.0002420856326352805, 0.00027683848747983575, 0.00031159137142822146, 0.0003463442262727767, 0.000381097081117332, 0.0004158499650657177, 0.00045060281991027296, 0.0004853556747548282, 0.0005201085587032139, 0.0005548613844439387, 0.0005896142683923244, 0.0006243671523407102, 0.0006591200362890959, 0.0006938728620298207, 0.0007286257459782064]}, "gradients/mass_u.weight": {"_type": "histogram", "values": [1.0, 0.0, 0.0, 0.0, 0.0, 0.0, 0.0, 1.0, 0.0, 0.0, 1.0, 0.0, 1.0, 0.0, 0.0, 0.0, 0.0, 1.0, 0.0, 0.0, 0.0, 0.0, 0.0, 0.0, 0.0, 0.0, 0.0, 0.0, 0.0, 0.0, 0.0, 0.0, 1.0, 1.0, 0.0, 1.0, 0.0, 1.0, 0.0, 1.0, 0.0, 0.0, 3.0, 4.0, 2.0, 1.0, 1.0, 3.0, 5.0, 1.0, 1.0, 6.0, 6.0, 13.0, 12.0, 13.0, 19.0, 23.0, 62.0, 102.0, 92.0, 72.0, 43.0, 5047.0], "bins": [-0.0018757772631943226, -0.001846468192525208, -0.0018171592382714152, -0.0017878501676023006, -0.0017585412133485079, -0.0017292321426793933, -0.0016999231884256005, -0.001670614117756486, -0.0016413051635026932, -0.0016119960928335786, -0.0015826871385797858, -0.0015533780679106712, -0.0015240691136568785, -0.0014947600429877639, -0.0014654510887339711, -0.0014361420180648565, -0.001406832947395742, -0.0013775238767266273, -0.0013482149224728346, -0.00131890585180372, -0.0012895968975499272, -0.0012602878268808126, -0.0012309788726270199, -0.0012016698019579053, -0.0011723607312887907, -0.0011430516606196761, -0.0011137427063658834, -0.0010844336356967688, -0.001055124681442976, -0.0010258156107738614, -0.0009965066565200686, -0.0009671975858509541, -0.0009378886315971613, -0.0009085796191357076, -0.0008792706066742539, -0.0008499615942128003, -0.0008206525817513466, -0.000791343511082232, -0.0007620344986207783, -0.0007327254861593246, -0.000703416473697871, -0.0006741074612364173, -0.0006447984487749636, -0.0006154894363135099, -0.0005861803656443954, -0.0005568714113906026, -0.000527562340721488, -0.0004982533282600343, -0.00046894431579858065, -0.00043963530333712697, -0.0004103262908756733, -0.00038101724931038916, -0.0003517082368489355, -0.0003223992243874818, -0.0002930901828221977, -0.000263781170360744, -0.00023447215789929032, -0.00020516314543783665, -0.00017585411842446774, -0.00014654509141109884, -0.00011723607894964516, -8.792706648819149e-05, -5.861803947482258e-05, -2.9309012461453676e-05, 0.0]}, "gradients/embedding_user.weight": {"_type": "histogram", "values": [1.0, 0.0, 0.0, 0.0, 0.0, 0.0, 1.0, 0.0, 0.0, 0.0, 0.0, 2.0, 1.0, 2.0, 1.0, 4.0, 2.0, 5.0, 9.0, 7.0, 9.0, 17.0, 23.0, 21.0, 48.0, 70.0, 129.0, 225.0, 476.0, 879.0, 1728.0, 3417.0, 8324.0, 40724.0, 141752.0, 115986.0, 28150.0, 6404.0, 3019.0, 1561.0, 754.0, 384.0, 201.0, 105.0, 71.0, 35.0, 22.0, 19.0, 6.0, 9.0, 5.0, 2.0, 3.0, 4.0, 1.0, 0.0, 3.0, 0.0, 0.0, 1.0, 1.0, 0.0, 0.0, 1.0], "bins": [-0.0021448656916618347, -0.002083397004753351, -0.0020219283178448677, -0.001960459630936384, -0.0018989908276125789, -0.0018375221407040954, -0.00177605333738029, -0.0017145846504718065, -0.001653115963563323, -0.0015916472766548395, -0.001530178589746356, -0.0014687097864225507, -0.0014072410995140672, -0.0013457724126055837, -0.0012843036092817783, -0.0012228349223732948, -0.0011613662354648113, -0.0010998975485563278, -0.0010384288616478443, -0.000976960058324039, -0.0009154913714155555, -0.000854022684507072, -0.0007925539393909276, -0.0007310851942747831, -0.0006696165073662996, -0.0006081478204578161, -0.0005466790753416717, -0.00048521035932935774, -0.0004237416433170438, -0.0003622729273047298, -0.00030080421129241586, -0.0002393354952801019, -0.0001778670120984316, -0.00011639829608611763, -5.492958007380366e-05, 6.539135938510299e-06, 6.800785195082426e-05, 0.00012947656796313822, 0.00019094528397545218, 0.00025241399998776615, 0.0003138827160000801, 0.00037535143201239407, 0.00043682014802470803, 0.0004982888931408525, 0.000559757580049336, 0.0006212262669578195, 0.0006826950120739639, 0.0007441637571901083, 0.0008056324440985918, 0.0008671011310070753, 0.0009285698761232197, 0.0009900386212393641, 0.0010515073081478477, 0.0011129759950563312, 0.0011744447983801365, 0.00123591348528862, 0.0012973821721971035, 0.001358850859105587, 0.0014203195460140705, 0.0014817883493378758, 0.0015432570362463593, 0.0016047257231548429, 0.0016661945264786482, 0.0017276632133871317, 0.0017891319002956152]}, "gradients/embedding_item.weight": {"_type": "histogram", "values": [1.0, 1.0, 1.0, 1.0, 0.0, 2.0, 2.0, 6.0, 5.0, 8.0, 9.0, 13.0, 18.0, 30.0, 22.0, 48.0, 38.0, 69.0, 107.0, 150.0, 187.0, 293.0, 397.0, 608.0, 854.0, 1202.0, 1923.0, 2802.0, 4504.0, 7403.0, 11406.0, 17897.0, 25291.0, 53257.0, 35315.0, 22404.0, 15256.0, 9706.0, 5880.0, 3727.0, 2436.0, 1647.0, 1037.0, 660.0, 510.0, 350.0, 256.0, 161.0, 107.0, 81.0, 73.0, 57.0, 39.0, 32.0, 20.0, 16.0, 4.0, 6.0, 8.0, 5.0, 0.0, 2.0, 1.0, 1.0],