{"TOTAL_BEST_METRIC": 0.13113561983397592, "BEST_NDCG@10": 0.014300923763058936, "_timestamp": 1688530101.838963, "_runtime": 1515.0499019622803, "_step": 1194, "epoch": 1000, "Train_Metric_loss": 4.637430701936994, "Train_Reg_loss": 2.7879329991264967e-06, "Pos_loss": 8.064866065979004, "Neg_loss": 1.2482975721359253, "Recall@5": 0.012565983783217929, "Recall@10": 0.025884295624180133, "Recall@20": 0.048294402091837135, "NDCG@5": 0.009359980504287355, "NDCG@10": 0.01407124845866692, "NDCG@20": 0.020503116626019172, "Recall@5_total_best": 0.012407990493056426, "Recall@10_total_best": 0.026698618056827078, "Recall@20_total_best": 0.0480327324776962, "ndcg@5_total_best": 0.009321030462495813, "ndcg@10_total_best": 0.014300923763058936, "ndcg@20_total_best": 0.02037432458084147, "EPOCH_ndcg_best": 950, "Recall@5_ndcg_best": 0.012407990493056426, "Recall@10_ndcg_best": 0.026698618056827078, "Recall@20_ndcg_best": 0.0480327324776962, "ndcg@5_ndcg_best": 0.009321030462495813, "ndcg@10_ndcg_best": 0.014300923763058936, "ndcg@20_ndcg_best": 0.02037432458084147, "gradients/mass_i.weight": {"_type": "histogram", "values": [1.0, 0.0, 0.0, 0.0, 0.0, 0.0, 0.0, 0.0, 0.0, 0.0, 0.0, 0.0, 0.0, 0.0, 0.0, 1.0, 1.0, 1.0, 0.0, 0.0, 0.0, 0.0, 0.0, 0.0, 1.0, 2.0, 0.0, 1.0, 1.0, 1.0, 1.0, 3.0, 2.0, 3.0, 1.0, 0.0, 2.0, 2.0, 5.0, 6.0, 7.0, 4.0, 5.0, 9.0, 10.0, 15.0, 38.0, 30.0, 199.0, 89.0, 889.0, 200.0, 6627.0, 316.0, 113.0, 62.0, 30.0, 14.0, 10.0, 6.0, 2.0, 2.0, 0.0, 1.0], "bins": [-0.0018994217971339822, -0.0018634481821209192, -0.0018274745671078563, -0.0017915009520947933, -0.0017555273370817304, -0.0017195537220686674, -0.0016835801070556045, -0.0016476064920425415, -0.0016116328770294785, -0.0015756592620164156, -0.0015396856470033526, -0.0015037120319902897, -0.0014677384169772267, -0.0014317648019641638, -0.0013957911869511008, -0.0013598175719380379, -0.001323843956924975, -0.001287870341911912, -0.001251896726898849, -0.001215923111885786, -0.001179949496872723, -0.0011439758818596601, -0.0011080022668465972, -0.0010720286518335342, -0.0010360550368204713, -0.0010000814218074083, -0.0009641078067943454, -0.0009281341917812824, -0.0008921605767682195, -0.0008561869617551565, -0.0008202133467420936, -0.0007842397317290306, -0.0007482661749236286, -0.0007122925599105656, -0.0006763189448975027, -0.0006403453298844397, -0.0006043717148713768, -0.0005683980998583138, -0.0005324244848452508, -0.0004964508698321879, -0.00046047725481912494, -0.000424503639806062, -0.00038853002479299903, -0.0003525564097799361, -0.0003165827947668731, -0.00028060917975381017, -0.0002446355647407472, -0.00020866194972768426, -0.0001726883347146213, -0.00013671471970155835, -0.0001007411046884954, -6.476748967543244e-05, -2.879387466236949e-05, 7.179740350693464e-06, 4.315335536375642e-05, 7.912697037681937e-05, 0.00011510058538988233, 0.00015107420040294528, 0.00018704781541600823, 0.0002230214304290712, 0.00025899504544213414, 0.0002949686604551971, 0.00033094227546826005, 0.000366915890481323, 0.00040288950549438596]}, "gradients/mass_u.weight": {"_type": "histogram", "values": [1.0, 0.0, 0.0, 0.0, 0.0, 0.0, 0.0, 0.0, 0.0, 0.0, 0.0, 0.0, 0.0, 0.0, 0.0, 0.0, 0.0, 0.0, 0.0, 0.0, 0.0, 0.0, 0.0, 0.0, 0.0, 0.0, 0.0, 0.0, 0.0, 0.0, 0.0, 0.0, 0.0, 0.0, 0.0, 0.0, 0.0, 0.0, 1.0, 0.0, 1.0, 1.0, 2.0, 0.0, 0.0, 1.0, 0.0, 1.0, 1.0, 0.0, 2.0, 4.0, 0.0, 3.0, 3.0, 6.0, 8.0, 12.0, 19.0, 23.0, 50.0, 127.0, 183.0, 14232.0], "bins": [-0.004965946078300476, -0.0048883529379963875, -0.004810760263353586, -0.004733167588710785, -0.004655574448406696, -0.004577981308102608, -0.0045003886334598064, -0.004422795958817005, -0.0043452028185129166, -0.004267609678208828, -0.004190017003566027, -0.004112424328923225, -0.004034831188619137, -0.003957238048315048, -0.003879645373672247, -0.003802052466198802, -0.003724459558725357, -0.003646866651251912, -0.003569273743778467, -0.0034916808363050222, -0.0034140879288315773, -0.0033364950213581324, -0.0032589021138846874, -0.0031813092064112425, -0.0031037162989377975, -0.0030261233914643526, -0.0029485304839909077, -0.0028709375765174627, -0.002793344669044018, -0.002715751761570573, -0.002638158854097128, -0.002560565946623683, -0.002482973039150238, -0.002405380131676793, -0.002327787224203348, -0.0022501943167299032, -0.0021726014092564583, -0.0020950085017830133, -0.0020174155943095684, -0.0019398226868361235, -0.0018622297793626785, -0.0017846368718892336, -0.0017070439644157887, -0.0016294510569423437, -0.0015518581494688988, -0.0014742652419954538, -0.001396672334522009, -0.001319079427048564, -0.001241486519575119, -0.001163893612101674, -0.0010863007046282291, -0.0010087077971547842, -0.0009311148896813393, -0.0008535219822078943, -0.0007759290747344494, -0.0006983361672610044, -0.0006207432597875595, -0.0005431503523141146, -0.00046555744484066963, -0.0003879645373672247, -0.00031037162989377975, -0.00023277872242033482, -0.00015518581494688988, -7.759290747344494e-05, 0.0]}, "gradients/embedding_user.weight": {"_type": "histogram", "values": [1.0, 2.0, 2.0, 3.0, 2.0, 5.0, 6.0, 5.0, 10.0, 8.0, 17.0, 22.0, 20.0, 47.0, 53.0, 78.0, 106.0, 144.0, 242.0, 382.0, 603.0, 992.0, 1517.0, 2346.0, 3384.0, 5097.0, 15294.0, 211932.0, 596543.0, 79884.0, 8027.0, 4314.0, 2897.0, 1965.0, 1294.0, 851.0, 454.0, 318.0, 221.0, 138.0, 97.0, 77.0, 46.0, 36.0, 25.0, 15.0, 19.0, 9.0, 12.0, 6.0, 5.0, 1.0, 2.0, 2.0, 0.0, 0.0, 0.0, 2.0, 0.0, 1.0, 0.0, 0.0, 2.0, 1.0], "bins": [-0.00011204632028238848, -0.00010808919614646584, -0.00010413206473458558, -0.00010017494059866294, -9.62178164627403e-05, -9.226068505086005e-05, -8.830356091493741e-05, -8.434643677901477e-05, -8.038930536713451e-05, -7.643218123121187e-05, -7.247504981933162e-05, -6.851792568340898e-05, -6.456080154748634e-05, -6.060367377358489e-05, -5.664654599968344e-05, -5.26894218637608e-05, -4.873229772783816e-05, -4.477516995393671e-05, -4.081804581801407e-05, -3.686091804411262e-05, -3.290379390818998e-05, -2.8946666134288535e-05, -2.4989538360387087e-05, -2.1032412405475043e-05, -1.7075286450563e-05, -1.3118160495650955e-05, -9.161033631244209e-06, -5.203906766837463e-06, -1.2467808119254187e-06, 2.7103451429866254e-06, 6.667472916888073e-06, 1.0624598871800117e-05, 1.4581717550754547e-05, 1.853884350566659e-05, 2.2495969460578635e-05, 2.6453097234480083e-05, 3.0410223189392127e-05, 3.436734914430417e-05, 3.832447691820562e-05, 4.228160105412826e-05, 4.623872882802971e-05, 5.0195856601931155e-05, 5.4152980737853795e-05, 5.811010851175524e-05, 6.206723628565669e-05, 6.602436042157933e-05, 6.998148455750197e-05, 7.393861596938223e-05, 7.789574010530487e-05, 8.185286424122751e-05, 8.580999565310776e-05, 8.97671197890304e-05, 9.372424392495304e-05, 9.76813753368333e-05, 0.00010163849947275594, 0.00010559562360867858, 0.00010955275502055883, 0.00011350987915648147, 0.00011746701056836173, 0.00012142413470428437, 0.00012538126611616462, 0.00012933838297612965, 0.0001332955143880099, 0.00013725264579989016, 0.0001412097626598552]}, "gradients/embedding_item.weight": {"_type": "histogram", "values": [1.0, 0.0, 0.0, 2.0, 3.0, 2.0, 7.0, 5.0, 10.0, 7.0, 13.0, 18.0, 26.0, 44.0, 64.0, 80.0, 117.0, 168.0, 263.0, 431.0, 637.0, 1015.0, 1598.0, 2627.0, 4354.0, 7373.0, 11802.0, 17990.0, 26113.0, 36662.0, 46548.0, 52468.0, 53126.0, 52082.0, 53182.0, 50910.0, 42507.0, 32322.0, 22679.0, 14894.0, 9662.0, 6042.0, 3630.0, 2232.0, 1378.0, 863.0, 569.0, 369.0, 247.0, 160.0, 101.0, 76.0, 42.0, 27.0, 27.0, 15.0, 13.0, 7.0, 10.0, 6.0, 1.0, 3.0, 0.0, 2.0],