{"TOTAL_BEST_METRIC": 0.8592175586874469, "BEST_NDCG@10": 0.10682247534914961, "_timestamp": 1688318403.5973115, "_runtime": 378.5820224285126, "_step": 1105, "epoch": 1000, "Train_Metric_loss": -9.371958160400391, "Train_Reg_loss": 0.04990722686052322, "Pos_loss": 18.426162719726562, "Neg_loss": -31.198486328125, "Recall@5": 0.08459033415826302, "Recall@10": 0.12606340512613232, "Recall@20": 0.18687400920677386, "NDCG@5": 0.05991498794014879, "NDCG@10": 0.07428695205944641, "NDCG@20": 0.09144842872001979, "Recall@5_total_best": 0.11544192182790537, "Recall@10_total_best": 0.17358058357135484, "Recall@20_total_best": 0.24867593836705643, "ndcg@5_total_best": 0.08645665412804858, "ndcg@10_total_best": 0.10682247534914961, "ndcg@20_total_best": 0.12823998544393211, "EPOCH_ndcg_best": 20, "Recall@5_ndcg_best": 0.11544192182790537, "Recall@10_ndcg_best": 0.17358058357135484, "Recall@20_ndcg_best": 0.24867593836705643, "ndcg@5_ndcg_best": 0.08645665412804858, "ndcg@10_ndcg_best": 0.10682247534914961, "ndcg@20_ndcg_best": 0.12823998544393211, "gradients/mass_i.weight": {"_type": "histogram", "values": [1.0, 0.0, 0.0, 0.0, 0.0, 1.0, 0.0, 0.0, 0.0, 0.0, 0.0, 0.0, 0.0, 0.0, 0.0, 0.0, 0.0, 4.0, 1.0, 1.0, 4.0, 6.0, 11.0, 6.0, 24.0, 30.0, 64.0, 63.0, 79.0, 78.0, 3111.0, 32.0, 13.0, 14.0, 7.0, 5.0, 2.0, 3.0, 1.0, 3.0, 1.0, 0.0, 0.0, 1.0, 0.0, 0.0, 1.0, 0.0, 0.0, 0.0, 0.0, 0.0, 0.0, 0.0, 0.0, 0.0, 0.0, 0.0, 0.0, 0.0, 0.0, 0.0, 0.0, 1.0], "bins": [-0.0002817508939187974, -0.0002724253572523594, -0.0002630998205859214, -0.0002537742839194834, -0.00024444874725304544, -0.00023512321058660746, -0.0002257976884720847, -0.00021647215180564672, -0.00020714661513920873, -0.00019782107847277075, -0.00018849554180633277, -0.00017917000513989478, -0.00016984448302537203, -0.00016051894635893404, -0.00015119340969249606, -0.00014186787302605808, -0.0001325423363596201, -0.0001232167996931821, -0.00011389126302674413, -0.00010456573363626376, -9.524019696982577e-05, -8.591466030338779e-05, -7.658913091290742e-05, -6.726359424646944e-05, -5.7938057580031455e-05, -4.861252091359347e-05, -3.9286987885134295e-05, -2.9961453037685715e-05, -2.0635918190237135e-05, -1.1310381523799151e-05, -1.9848484953399748e-06, 7.340684533119202e-06, 1.6666221199557185e-05, 2.5991756047005765e-05, 3.5317290894454345e-05, 4.464282392291352e-05, 5.3968360589351505e-05, 6.329389725578949e-05, 7.261942664626986e-05, 8.194496331270784e-05, 9.127049997914582e-05, 0.00010059603664558381, 0.00010992157331202179, 0.00011924710270250216, 0.00012857263209298253, 0.00013789816875942051, 0.0001472237054258585, 0.00015654924209229648, 0.00016587477875873446, 0.00017520031542517245, 0.00018452585209161043, 0.00019385138875804842, 0.0002031769254244864, 0.00021250246209092438, 0.00022182798420544714, 0.00023115352087188512, 0.0002404790575383231, 0.00024980457965284586, 0.00025913011631928384, 0.0002684556529857218, 0.0002777811896521598, 0.0002871067263185978, 0.0002964322629850358, 0.00030575779965147376, 0.00031508333631791174]}, "gradients/mass_u.weight": {"_type": "histogram", "values": [1.0, 0.0, 0.0, 0.0, 0.0, 0.0, 0.0, 0.0, 0.0, 0.0, 0.0, 0.0, 0.0, 0.0, 0.0, 0.0, 0.0, 0.0, 0.0, 0.0, 0.0, 0.0, 0.0, 0.0, 1.0, 0.0, 0.0, 0.0, 0.0, 0.0, 0.0, 0.0, 0.0, 0.0, 0.0, 0.0, 0.0, 0.0, 0.0, 0.0, 0.0, 1.0, 0.0, 1.0, 0.0, 1.0, 4.0, 0.0, 4.0, 1.0, 4.0, 3.0, 2.0, 5.0, 4.0, 2.0, 11.0, 14.0, 27.0, 43.0, 72.0, 167.0, 125.0, 5048.0], "bins": [-0.00024063955061137676, -0.0002368795539950952, -0.00023311955737881362, -0.00022935957531444728, -0.00022559957869816571, -0.00022183958208188415, -0.0002180796000175178, -0.00021431960340123624, -0.00021055960678495467, -0.0002067996101686731, -0.00020303961355239153, -0.0001992796314880252, -0.00019551963487174362, -0.00019175963825546205, -0.0001879996561910957, -0.00018423965957481414, -0.00018047966295853257, -0.000176719666342251, -0.00017295966972596943, -0.0001691996876616031, -0.00016543969104532152, -0.00016167969442903996, -0.00015791971236467361, -0.00015415971574839205, -0.00015039971913211048, -0.0001466397225158289, -0.00014287972589954734, -0.000139119743835181, -0.00013535974721889943, -0.00013159975060261786, -0.00012783976853825152, -0.00012407977192196995, -0.00012031977530568838, -0.00011655977868940681, -0.00011279978934908286, -0.0001090398000087589, -0.00010527980339247733, -0.00010151980677619576, -9.775981743587181e-05, -9.399982809554785e-05, -9.023983147926629e-05, -8.647983486298472e-05, -8.271984552266076e-05, -7.895985618233681e-05, -7.519985956605524e-05, -7.143986294977367e-05, -6.767987360944971e-05, -6.391988426912576e-05, -6.015988765284419e-05, -5.639989467454143e-05, -5.263990169623867e-05, -4.8879908717935905e-05, -4.511991573963314e-05, -4.135992276133038e-05, -3.759992978302762e-05, -3.383993680472486e-05, -3.0079943826422095e-05, -2.6319950848119333e-05, -2.255995786981657e-05, -1.879996489151381e-05, -1.5039971913211048e-05, -1.1279978934908286e-05, -7.519985956605524e-06, -3.759992978302762e-06, 0.0]}, "gradients/embedding_user.weight": {"_type": "histogram", "values": [1.0, 3.0, 1.0, 0.0, 2.0, 2.0, 3.0, 2.0, 3.0, 6.0, 16.0, 11.0, 14.0, 26.0, 22.0, 35.0, 50.0, 66.0, 101.0, 131.0, 165.0, 231.0, 331.0, 547.0, 911.0, 1544.0, 2815.0, 7190.0, 32276.0, 178662.0, 101824.0, 17123.0, 4793.0, 2209.0, 1181.0, 740.0, 470.0, 316.0, 200.0, 154.0, 99.0, 94.0, 77.0, 46.0, 41.0, 23.0, 21.0, 15.0, 6.0, 9.0, 4.0, 3.0, 2.0, 3.0, 0.0, 1.0, 1.0, 0.0, 1.0, 0.0, 0.0, 0.0, 0.0, 1.0], "bins": [-0.0008252611733041704, -0.0007975784246809781, -0.0007698956760577857, -0.0007422129856422544, -0.000714530237019062, -0.0006868474883958697, -0.0006591647397726774, -0.0006314819911494851, -0.0006037992425262928, -0.0005761164939031005, -0.0005484337452799082, -0.0005207509966567159, -0.0004930683062411845, -0.00046538555761799216, -0.00043770280899479985, -0.00041002006037160754, -0.0003823373408522457, -0.0003546545922290534, -0.0003269718727096915, -0.0002992891240864992, -0.0002716063754633069, -0.00024392364139202982, -0.00021624090732075274, -0.00018855815869756043, -0.00016087542462628335, -0.00013319269055500627, -0.00010550994193181396, -7.782720786053687e-05, -5.014446651330218e-05, -2.246172516606748e-05, 5.221008905209601e-06, 3.290375752840191e-05, 6.058649159967899e-05, 8.826923294691369e-05, 0.00011595197429414839, 0.00014363470836542547, 0.00017131745698861778, 0.00019900019105989486, 0.00022668292513117194, 0.00025436567375436425, 0.00028204842237755656, 0.00030973117100074887, 0.0003374138905201107, 0.00036509663914330304, 0.00039277938776649535, 0.0004204621072858572, 0.0004481448559090495, 0.0004758276045322418, 0.0005035103531554341, 0.0005311931017786264, 0.0005588758504018188, 0.0005865585990250111, 0.0006142412894405425, 0.0006419240380637348, 0.0006696067866869271, 0.0006972895353101194, 0.0007249722257256508, 0.0007526549743488431, 0.0007803377229720354, 0.0008080204715952277, 0.0008357031620107591, 0.0008633859106339514, 0.0008910686592571437, 0.000918751407880336, 0.0009464341565035284]}, "gradients/embedding_item.weight": {"_type": "histogram", "values": [1.0, 3.0, 2.0, 1.0, 2.0, 2.0, 4.0, 7.0, 9.0, 7.0, 16.0, 24.0, 32.0, 31.0, 54.0, 71.0, 85.0, 122.0, 161.0, 214.0, 326.0, 435.0, 617.0, 908.0, 1249.0, 1776.0, 2587.0, 4034.0, 6828.0, 14244.0, 45880.0, 98996.0, 23992.0, 9660.0, 5303.0, 3275.0, 2263.0, 1453.0, 1016.0, 705.0, 554.0, 399.0, 240.0, 186.0, 143.0, 109.0, 80.0, 78.0, 51.0, 31.0, 18.0, 11.0, 8.0, 9.0, 12.0, 7.0, 3.0, 5.0, 3.0, 3.0, 2.0, 1.0, 3.0, 1.0],