{"TOTAL_BEST_METRIC": 0.15135411320855666, "BEST_NDCG@10": 0.017164655139129903, "_timestamp": 1688429754.0647955, "_runtime": 670.5510625839233, "_step": 1288, "epoch": 1000, "Train_Metric_loss": 6.612698173522949, "Train_Reg_loss": 4.934133175993338e-06, "Pos_loss": 8.22530460357666, "Neg_loss": 1.2669094800949097, "Recall@5": 0.015465596036377401, "Recall@10": 0.030737757456254018, "Recall@20": 0.05267791337621865, "NDCG@5": 0.011952509925168718, "NDCG@10": 0.01715987284133267, "NDCG@20": 0.023353376181232316, "Recall@5_total_best": 0.015465596036377401, "Recall@10_total_best": 0.030737757456254018, "Recall@20_total_best": 0.05267791337621865, "ndcg@5_total_best": 0.011952509925168718, "ndcg@10_total_best": 0.017164655139129903, "ndcg@20_total_best": 0.023355681275407957, "EPOCH_ndcg_best": 1000, "Recall@5_ndcg_best": 0.015465596036377401, "Recall@10_ndcg_best": 0.030737757456254018, "Recall@20_ndcg_best": 0.05267791337621865, "ndcg@5_ndcg_best": 0.011952509925168718, "ndcg@10_ndcg_best": 0.017164655139129903, "ndcg@20_ndcg_best": 0.023355681275407957, "gradients/mass_i.weight": {"_type": "histogram", "values": [2.0, 0.0, 0.0, 0.0, 0.0, 0.0, 0.0, 0.0, 0.0, 0.0, 0.0, 0.0, 0.0, 0.0, 0.0, 0.0, 0.0, 2.0, 0.0, 0.0, 3.0, 0.0, 2.0, 3.0, 5.0, 6.0, 5.0, 8.0, 10.0, 13.0, 13.0, 14.0, 35.0, 35.0, 64.0, 11.0, 226.0, 37.0, 84.0, 332.0, 100.0, 2127.0, 128.0, 90.0, 41.0, 45.0, 37.0, 20.0, 10.0, 19.0, 11.0, 7.0, 4.0, 8.0, 4.0, 1.0, 1.0, 1.0, 1.0, 0.0, 2.0, 0.0, 0.0, 1.0], "bins": [-0.0010062998626381159, -0.0009820309933274984, -0.0009577620658092201, -0.0009334931382909417, -0.0009092242689803243, -0.0008849553414620459, -0.0008606864139437675, -0.0008364175446331501, -0.0008121486171148717, -0.0007878796895965934, -0.0007636108202859759, -0.0007393418927676976, -0.0007150730234570801, -0.0006908040959388018, -0.0006665352266281843, -0.000642266299109906, -0.0006179973715916276, -0.0005937284440733492, -0.0005694595747627318, -0.0005451906472444534, -0.000520921777933836, -0.0004966528504155576, -0.0004723839520011097, -0.0004481150535866618, -0.00042384618427604437, -0.00039957728586159647, -0.00037530838744714856, -0.0003510394599288702, -0.0003267705615144223, -0.0003025016630999744, -0.0002782327646855265, -0.0002539638662710786, -0.00022969493875280023, -0.00020542604033835232, -0.0001811571273719892, -0.0001568882289575413, -0.00013261931599117815, -0.00010835041757673025, -8.408151916228235e-05, -5.9812606195919216e-05, -3.554370778147131e-05, -1.1274803910055198e-05, 1.2994099961360916e-05, 3.726300201378763e-05, 6.153190770419315e-05, 8.580081339459866e-05, 0.00011006971180904657, 0.0001343386247754097, 0.0001586075231898576, 0.0001828764216043055, 0.00020714533457066864, 0.00023141423298511654, 0.0002556831459514797, 0.0002799520443659276, 0.0003042209427803755, 0.00032848987029865384, 0.0003527587396092713, 0.0003770276380237192, 0.0004012965364381671, 0.00042556546395644546, 0.00044983436237089336, 0.00047410326078534126, 0.0004983721300959587, 0.0005226410576142371, 0.0005469099851325154]}, "gradients/mass_u.weight": {"_type": "histogram", "values": [1.0, 0.0, 0.0, 0.0, 0.0, 0.0, 0.0, 0.0, 0.0, 0.0, 0.0, 0.0, 0.0, 0.0, 0.0, 0.0, 0.0, 0.0, 0.0, 0.0, 0.0, 0.0, 0.0, 0.0, 0.0, 0.0, 0.0, 0.0, 0.0, 0.0, 0.0, 0.0, 0.0, 1.0, 0.0, 1.0, 0.0, 1.0, 1.0, 0.0, 0.0, 2.0, 0.0, 0.0, 0.0, 0.0, 0.0, 1.0, 0.0, 0.0, 1.0, 0.0, 1.0, 3.0, 1.0, 4.0, 12.0, 5.0, 14.0, 25.0, 37.0, 76.0, 263.0, 5091.0], "bins": [-0.0032098726369440556, -0.003159718355163932, -0.003109564073383808, -0.0030594097916036844, -0.0030092555098235607, -0.0029591014608740807, -0.0029089469462633133, -0.0028587928973138332, -0.0028086386155337095, -0.002758484333753586, -0.002708330051973462, -0.0026581757701933384, -0.0026080214884132147, -0.002557867206633091, -0.002507713157683611, -0.002457558875903487, -0.0024074045941233635, -0.00235725031234324, -0.002307096030563116, -0.0022569417487829924, -0.0022067874670028687, -0.0021566334180533886, -0.0021064789034426212, -0.002056324854493141, -0.002006170339882374, -0.00195601605810225, -0.0019058617763221264, -0.0018557074945420027, -0.0018055533291772008, -0.001755399047397077, -0.0017052447656169534, -0.0016550904838368297, -0.0016049363184720278, -0.001554782036691904, -0.0015046277549117804, -0.0014544734731316566, -0.0014043193077668548, -0.001354165025986731, -0.0013040107442066073, -0.0012538564624264836, -0.0012037022970616817, -0.001153548015281558, -0.0011033937335014343, -0.0010532394517213106, -0.0010030852863565087, -0.000952931004576385, -0.0009027767227962613, -0.0008526224410161376, -0.0008024681592360139, -0.0007523138774558902, -0.0007021596538834274, -0.0006520053721033037, -0.0006018511485308409, -0.0005516968667507172, -0.0005015425849705935, -0.0004513883322943002, -0.00040123407961800694, -0.0003510798269417137, -0.00030092557426542044, -0.0002507712924852967, -0.00020061703980900347, -0.00015046278713271022, -0.00010030850535258651, -5.0154252676293254e-05, 0.0]}, "gradients/embedding_user.weight": {"_type": "histogram", "values": [1.0, 2.0, 1.0, 2.0, 3.0, 2.0, 5.0, 2.0, 4.0, 3.0, 11.0, 11.0, 15.0, 19.0, 16.0, 23.0, 29.0, 41.0, 58.0, 119.0, 172.0, 335.0, 762.0, 1849.0, 4989.0, 21843.0, 176618.0, 126532.0, 14422.0, 3839.0, 1464.0, 612.0, 282.0, 184.0, 108.0, 65.0, 35.0, 45.0, 19.0, 12.0, 15.0, 15.0, 10.0, 5.0, 5.0, 4.0, 3.0, 1.0, 4.0, 1.0, 1.0, 0.0, 1.0, 1.0, 1.0, 0.0, 0.0, 2.0, 0.0, 0.0, 0.0, 0.0, 0.0, 1.0], "bins": [-0.00031974600278772414, -0.0003078565641772002, -0.0002959671546705067, -0.0002840777160599828, -0.00027218827744945884, -0.0002602988388389349, -0.0002484094293322414, -0.00023651999072171748, -0.00022463056666310877, -0.00021274114260450006, -0.00020085170399397612, -0.0001889622799353674, -0.0001770728558767587, -0.00016518341726623476, -0.00015329399320762604, -0.00014140456914901733, -0.0001295151305384934, -0.00011762569920392707, -0.00010573626786936074, -9.384684381075203e-05, -8.195741247618571e-05, -7.006798114161938e-05, -5.8178557083010674e-05, -4.628912574844435e-05, -3.4399694413878024e-05, -2.2510264898301102e-05, -1.062083538272418e-05, 1.268592313863337e-06, 1.3158023648429662e-05, 2.5047454982995987e-05, 3.69368790416047e-05, 4.882631037617102e-05, 6.071574171073735e-05, 7.260517304530367e-05, 8.449460437987e-05, 9.638402843847871e-05, 0.00010827345977304503, 0.00012016289110761136, 0.00013205231516622007, 0.000143941753776744, 0.00015583117783535272, 0.00016772060189396143, 0.00017961004050448537, 0.00019149946456309408, 0.0002033888886217028, 0.00021527832723222673, 0.00022716775129083544, 0.00023905717534944415, 0.0002509466139599681, 0.00026283605257049203, 0.0002747254620771855, 0.00028661490068770945, 0.0002985043392982334, 0.00031039374880492687, 0.0003222831874154508, 0.00033417262602597475, 0.0003460620646364987, 0.00035795150324702263, 0.0003698409127537161, 0.00038173035136424005, 0.000393619789974764, 0.00040550919948145747, 0.0004173986380919814, 0.00042928807670250535, 0.00044117748620919883]}, "gradients/embedding_item.weight": {"_type": "histogram", "values": [1.0, 0.0, 2.0, 1.0, 0.0, 3.0, 4.0, 8.0, 5.0, 10.0, 7.0, 15.0, 13.0, 16.0, 29.0, 34.0, 52.0, 53.0, 67.0, 98.0, 132.0, 183.0, 268.0, 375.0, 737.0, 1395.0, 2774.0, 5710.0, 10951.0, 17933.0, 24794.0, 28634.0, 29517.0, 29034.0, 26211.0, 20577.0, 13263.0, 7416.0, 3644.0, 1758.0, 962.0, 539.0, 336.0, 195.0, 130.0, 100.0, 96.0, 54.0, 52.0, 39.0, 24.0, 21.0, 20.0, 17.0, 8.0, 11.0, 8.0, 6.0, 2.0, 2.0, 1.0, 3.0, 0.0, 2.0],