{"TOTAL_BEST_METRIC": 1.0882995364861334, "BEST_NDCG@10": 0.13879461278234792, "_timestamp": 1688426207.13481, "_runtime": 700.8424439430237, "_step": 1232, "epoch": 1000, "Train_Metric_loss": 3.5327057361602785, "Train_Reg_loss": 4.683134175138548e-05, "Pos_loss": 8.851767539978027, "Neg_loss": 0.04774570092558861, "Recall@5": 0.15014952964083225, "Recall@10": 0.21853201220685417, "Recall@20": 0.3017834855451612, "NDCG@5": 0.11362739715440065, "NDCG@10": 0.13746220631134143, "NDCG@20": 0.16125737631967596, "Recall@5_total_best": 0.15128629581479291, "Recall@10_total_best": 0.22077901344429113, "Recall@20_total_best": 0.30103812581160305, "ndcg@5_total_best": 0.11463706659465209, "ndcg@10_total_best": 0.13879461278234792, "ndcg@20_total_best": 0.1617644220384462, "EPOCH_ndcg_best": 960, "Recall@5_ndcg_best": 0.15128629581479291, "Recall@10_ndcg_best": 0.22077901344429113, "Recall@20_ndcg_best": 0.30103812581160305, "ndcg@5_ndcg_best": 0.11463706659465209, "ndcg@10_ndcg_best": 0.13879461278234792, "ndcg@20_ndcg_best": 0.1617644220384462, "gradients/mass_i.weight": {"_type": "histogram", "values": [2.0, 1.0, 0.0, 0.0, 0.0, 0.0, 2.0, 0.0, 0.0, 1.0, 4.0, 4.0, 3.0, 1.0, 3.0, 0.0, 4.0, 5.0, 7.0, 4.0, 8.0, 7.0, 8.0, 10.0, 9.0, 14.0, 19.0, 25.0, 12.0, 26.0, 50.0, 33.0, 10.0, 51.0, 142.0, 13.0, 14.0, 57.0, 2705.0, 7.0, 21.0, 81.0, 33.0, 8.0, 25.0, 48.0, 20.0, 11.0, 12.0, 16.0, 4.0, 7.0, 3.0, 7.0, 1.0, 2.0, 1.0, 1.0, 0.0, 1.0, 1.0, 3.0, 0.0, 1.0], "bins": [-0.0005487411981448531, -0.0005344698438420892, -0.0005201985477469862, -0.0005059271934442222, -0.0004916558973491192, -0.00047738454304635525, -0.00046311321784742177, -0.0004488418926484883, -0.00043457053834572434, -0.00042029921314679086, -0.0004060278879478574, -0.00039175653364509344, -0.00037748520844615996, -0.0003632138832472265, -0.000348942558048293, -0.0003346712328493595, -0.00032039990765042603, -0.00030612858245149255, -0.00029185725725255907, -0.0002775859320536256, -0.00026331457775086164, -0.00024904325255192816, -0.00023477192735299468, -0.0002205006021540612, -0.0002062292624032125, -0.000191957937204279, -0.0001776865974534303, -0.0001634152722544968, -0.00014914394705556333, -0.00013487260730471462, -0.00012060128210578114, -0.00010632994963089004, -9.20586462598294e-05, -7.77873137849383e-05, -6.351598131004721e-05, -4.924465611111373e-05, -3.497332363622263e-05, -2.0701991161331534e-05, -6.430665962398052e-06, 7.840666512493044e-06, 2.211199898738414e-05, 3.638333146227524e-05, 5.0654660299187526e-05, 6.492598913609982e-05, 7.919732161099091e-05, 9.346865408588201e-05, 0.00010773997928481549, 0.00012201131175970659, 0.00013628264423459768, 0.00015055396943353117, 0.00016482530918437988, 0.00017909663438331336, 0.00019336797413416207, 0.00020763929933309555, 0.00022191062453202903, 0.00023618194973096251, 0.00025045330403372645, 0.00026472462923265994, 0.0002789959544315934, 0.00029326730873435736, 0.00030753863393329084, 0.0003218099591322243, 0.0003360812843311578, 0.0003503526095300913, 0.00036462393472902477]}, "gradients/mass_u.weight": {"_type": "histogram", "values": [1.0, 0.0, 0.0, 0.0, 0.0, 0.0, 0.0, 0.0, 0.0, 0.0, 0.0, 0.0, 0.0, 0.0, 0.0, 0.0, 0.0, 1.0, 0.0, 0.0, 0.0, 0.0, 0.0, 0.0, 0.0, 0.0, 0.0, 0.0, 0.0, 0.0, 0.0, 1.0, 0.0, 0.0, 0.0, 1.0, 1.0, 0.0, 1.0, 0.0, 0.0, 1.0, 1.0, 1.0, 0.0, 2.0, 0.0, 0.0, 0.0, 0.0, 0.0, 1.0, 2.0, 2.0, 2.0, 3.0, 8.0, 8.0, 10.0, 9.0, 41.0, 68.0, 207.0, 5169.0], "bins": [-0.001012176275253296, -0.0009963610209524632, -0.0009805457666516304, -0.0009647305123507977, -0.0009489152580499649, -0.0009331000037491322, -0.0009172847494482994, -0.0009014694951474667, -0.0008856542408466339, -0.0008698389865458012, -0.0008540237322449684, -0.0008382084779441357, -0.0008223932236433029, -0.0008065779693424702, -0.0007907627150416374, -0.0007749474607408047, -0.0007591322064399719, -0.0007433169521391392, -0.0007275016978383064, -0.0007116864435374737, -0.0006958711892366409, -0.0006800559349358082, -0.0006642406806349754, -0.0006484254263341427, -0.0006326101720333099, -0.0006167949177324772, -0.0006009796634316444, -0.0005851644091308117, -0.0005693491548299789, -0.0005535339005291462, -0.0005377186462283134, -0.0005219033919274807, -0.000506088137626648, -0.0004902728833258152, -0.00047445762902498245, -0.0004586423747241497, -0.00044282712042331696, -0.0004270118661224842, -0.00041119661182165146, -0.0003953813575208187, -0.00037956610321998596, -0.0003637508489191532, -0.00034793559461832047, -0.0003321203403174877, -0.00031630508601665497, -0.0003004898317158222, -0.00028467457741498947, -0.0002688593231141567, -0.000253044068813324, -0.00023722881451249123, -0.00022141356021165848, -0.00020559830591082573, -0.00018978305160999298, -0.00017396779730916023, -0.00015815254300832748, -0.00014233728870749474, -0.000126522034406662, -0.00011070678010582924, -9.489152580499649e-05, -7.907627150416374e-05, -6.3261017203331e-05, -4.7445762902498245e-05, -3.16305086016655e-05, -1.581525430083275e-05, 0.0]}, "gradients/embedding_user.weight": {"_type": "histogram", "values": [1.0, 0.0, 0.0, 0.0, 1.0, 0.0, 0.0, 0.0, 0.0, 1.0, 0.0, 2.0, 2.0, 1.0, 1.0, 3.0, 6.0, 6.0, 2.0, 5.0, 9.0, 15.0, 24.0, 32.0, 58.0, 98.0, 178.0, 392.0, 1024.0, 2928.0, 9438.0, 84394.0, 205747.0, 40728.0, 6070.0, 2080.0, 749.0, 268.0, 142.0, 79.0, 38.0, 25.0, 25.0, 12.0, 4.0, 6.0, 5.0, 10.0, 3.0, 1.0, 5.0, 0.0, 1.0, 1.0, 0.0, 0.0, 2.0, 0.0, 0.0, 0.0, 0.0, 1.0, 0.0, 1.0], "bins": [-0.0020483226981014013, -0.001984998816624284, -0.0019216748187318444, -0.0018583509372547269, -0.0017950269393622875, -0.00173170305788517, -0.0016683791764080524, -0.001605055294930935, -0.0015417312970384955, -0.001478407415561378, -0.0014150834176689386, -0.001351759536191821, -0.0012884356547147036, -0.0012251116568222642, -0.0011617877753451467, -0.0010984637774527073, -0.0010351398959755898, -0.0009718159562908113, -0.0009084920166060328, -0.0008451681351289153, -0.0007818441954441369, -0.0007185202557593584, -0.0006551963742822409, -0.0005918724345974624, -0.000528548494912684, -0.0004652245552279055, -0.0004019006446469575, -0.0003385767340660095, -0.00027525279438123107, -0.00021192885469645262, -0.00014860494411550462, -8.528103353455663e-05, -2.1957093849778175e-05, 4.136683128308505e-05, 0.00010469075641594827, 0.0001680146815488115, 0.00023133860668167472, 0.00029466254636645317, 0.00035798645694740117, 0.00042131036752834916, 0.0004846343072131276, 0.0005479582468979061, 0.0006112821865826845, 0.0006746060680598021, 0.0007379300077445805, 0.000801253947429359, 0.0008645778289064765, 0.000927901768591255, 0.0009912257082760334, 0.001054549589753151, 0.0011178735876455903, 0.0011811974691227078, 0.0012445214670151472, 0.0013078453484922647, 0.0013711692299693823, 0.0014344931114464998, 0.0014978171093389392, 0.0015611409908160567, 0.001624464988708496, 0.0016877888701856136, 0.0017511127516627312, 0.0018144367495551705, 0.001877760631032288, 0.0019410846289247274, 0.002004408510401845]}, "gradients/embedding_item.weight": {"_type": "histogram", "values": [1.0, 2.0, 1.0, 1.0, 0.0, 6.0, 8.0, 9.0, 15.0, 16.0, 19.0, 24.0, 47.0, 78.0, 99.0, 156.0, 212.0, 307.0, 470.0, 699.0, 1045.0, 1565.0, 2625.0, 4376.0, 7340.0, 12752.0, 21249.0, 32611.0, 59308.0, 31782.0, 20603.0, 12374.0, 7143.0, 4296.0, 2580.0, 1561.0, 977.0, 646.0, 440.0, 289.0, 160.0, 148.0, 94.0, 79.0, 35.0, 33.0, 10.0, 15.0, 13.0, 9.0, 4.0, 4.0, 1.0, 4.0, 3.0, 2.0, 2.0, 1.0, 0.0, 0.0, 0.0, 1.0, 1.0, 1.0],