{"TOTAL_BEST_METRIC": 0.35991540972778907, "BEST_NDCG@10": 0.04235563431516347, "_timestamp": 1688380130.5933785, "_runtime": 1267.2067036628723, "_step": 1163, "epoch": 1000, "Train_Metric_loss": -0.04311874455639294, "Train_Reg_loss": 0.00027941889545348076, "Pos_loss": -0.08298680931329727, "Neg_loss": 0.04420802369713783, "Recall@5": 0.04446097965691085, "Recall@10": 0.0732542864472138, "Recall@20": 0.11435987348093186, "NDCG@5": 0.03178050763107228, "NDCG@10": 0.041699697217268294, "NDCG@20": 0.0532180089006778, "Recall@5_total_best": 0.044794548138008, "Recall@10_total_best": 0.07424508380288224, "Recall@20_total_best": 0.11340445665286132, "ndcg@5_total_best": 0.03207052057769709, "ndcg@10_total_best": 0.04223756369428822, "ndcg@20_total_best": 0.05316323686205223, "EPOCH_ndcg_best": 620, "Recall@5_ndcg_best": 0.04418587795328647, "Recall@10_ndcg_best": 0.07248843076942471, "Recall@20_ndcg_best": 0.11159532091777198, "ndcg@5_ndcg_best": 0.03250735650873543, "ndcg@10_ndcg_best": 0.04235563431516347, "ndcg@20_ndcg_best": 0.05343840344544722, "gradients/mass_i.weight": {"_type": "histogram", "values": [1.0, 1.0, 0.0, 0.0, 0.0, 0.0, 0.0, 0.0, 1.0, 0.0, 0.0, 1.0, 0.0, 3.0, 2.0, 1.0, 0.0, 5.0, 1.0, 3.0, 0.0, 2.0, 4.0, 5.0, 9.0, 4.0, 8.0, 13.0, 10.0, 2.0, 40.0, 39.0, 13.0, 7.0, 105.0, 127.0, 21.0, 1.0, 0.0, 7898.0, 0.0, 6.0, 77.0, 151.0, 3.0, 9.0, 36.0, 58.0, 4.0, 6.0, 5.0, 7.0, 4.0, 3.0, 3.0, 7.0, 3.0, 0.0, 0.0, 1.0, 1.0, 1.0, 0.0, 1.0], "bins": [-0.0013219403335824609, -0.0012881283182650805, -0.0012543164193630219, -0.0012205044040456414, -0.001186692388728261, -0.0011528803734108806, -0.001119068474508822, -0.0010852564591914415, -0.001051444443874061, -0.0010176324285566807, -0.000983820529654622, -0.0009500085143372416, -0.0009161964990198612, -0.0008823845419101417, -0.0008485725848004222, -0.0008147605694830418, -0.0007809486123733222, -0.0007471366552636027, -0.0007133246399462223, -0.0006795126828365028, -0.0006457006675191224, -0.0006118887104094028, -0.0005780766950920224, -0.0005442647379823029, -0.0005104527808725834, -0.0004766407946590334, -0.00044282880844548345, -0.00040901685133576393, -0.0003752048360183835, -0.000341392878908664, -0.000307580892695114, -0.00027376890648156404, -0.00023995694937184453, -0.00020614496315829456, -0.0001723329769447446, -0.00013852100528310984, -0.00010470901906955987, -7.08970328560099e-05, -3.708506119437516e-05, -3.2730749808251858e-06, 3.0538911232724786e-05, 6.435089744627476e-05, 9.816287638386711e-05, 0.00013197485532145947, 0.00016578684153500944, 0.00019959882774855942, 0.00023341079941019416, 0.00026722278562374413, 0.0003010347718372941, 0.0003348467580508441, 0.00036865874426439404, 0.00040247070137411356, 0.000436282716691494, 0.0004700946738012135, 0.000503906630910933, 0.0005377186462283134, 0.0005715306615456939, 0.0006053426186554134, 0.0006391546339727938, 0.0006729665910825133, 0.0007067786063998938, 0.0007405905635096133, 0.0007744025206193328, 0.0008082145359367132, 0.0008420264930464327]}, "gradients/mass_u.weight": {"_type": "histogram", "values": [0.0, 0.0, 0.0, 0.0, 0.0, 0.0, 0.0, 0.0, 0.0, 0.0, 0.0, 0.0, 0.0, 0.0, 0.0, 0.0, 0.0, 0.0, 0.0, 0.0, 0.0, 0.0, 0.0, 0.0, 0.0, 0.0, 0.0, 0.0, 0.0, 0.0, 0.0, 0.0, 14681.0, 0.0, 0.0, 0.0, 0.0, 0.0, 0.0, 0.0, 0.0, 0.0, 0.0, 0.0, 0.0, 0.0, 0.0, 0.0, 0.0, 0.0, 0.0, 0.0, 0.0, 0.0, 0.0, 0.0, 0.0, 0.0, 0.0, 0.0, 0.0, 0.0, 0.0, 0.0], "bins": [0.0, 0.0, 0.0, 0.0, 0.0, 0.0, 0.0, 0.0, 0.0, 0.0, 0.0, 0.0, 0.0, 0.0, 0.0, 0.0, 0.0, 0.0, 0.0, 0.0, 0.0, 0.0, 0.0, 0.0, 0.0, 0.0, 0.0, 0.0, 0.0, 0.0, 0.0, 0.0, 0.0, 0.0, 0.0, 0.0, 0.0, 0.0, 0.0, 0.0, 0.0, 0.0, 0.0, 0.0, 0.0, 0.0, 0.0, 0.0, 0.0, 0.0, 0.0, 0.0, 0.0, 0.0, 0.0, 0.0, 0.0, 0.0, 0.0, 0.0, 0.0, 0.0, 0.0, 0.0, 0.0]}, "gradients/embedding_user.weight": {"_type": "histogram", "values": [1.0, 1.0, 0.0, 1.0, 0.0, 2.0, 2.0, 4.0, 5.0, 7.0, 9.0, 13.0, 16.0, 31.0, 44.0, 81.0, 120.0, 189.0, 338.0, 517.0, 777.0, 1284.0, 2180.0, 4004.0, 9115.0, 227934.0, 651864.0, 28677.0, 5425.0, 2874.0, 1542.0, 962.0, 564.0, 387.0, 215.0, 136.0, 85.0, 70.0, 50.0, 26.0, 9.0, 10.0, 2.0, 3.0, 3.0, 2.0, 1.0, 0.0, 0.0, 0.0, 0.0, 0.0, 0.0, 0.0, 0.0, 0.0, 0.0, 1.0, 0.0, 0.0, 0.0, 0.0, 0.0, 1.0], "bins": [-3.7659906411136035e-06, -3.6223927963874303e-06, -3.4787951790349325e-06, -3.3351975616824348e-06, -3.1915997169562615e-06, -3.0480018722300883e-06, -2.9044042548775906e-06, -2.760806637525093e-06, -2.6172087927989196e-06, -2.4736109480727464e-06, -2.3300133307202486e-06, -2.186415713367751e-06, -2.0428178686415777e-06, -1.8992201376022422e-06, -1.7556224065629067e-06, -1.6120246755235712e-06, -1.4684269444842357e-06, -1.3248292134449002e-06, -1.1812314824055647e-06, -1.0376337513662293e-06, -8.940360203268938e-07, -7.504382892875583e-07, -6.068405582482228e-07, -4.632428272088873e-07, -3.1964509616955183e-07, -1.7604736513021635e-07, -3.2449634090880863e-08, 1.1114809694845462e-07, 2.547458279877901e-07, 3.983435590271256e-07, 5.419412900664611e-07, 6.855390211057966e-07, 8.29136752145132e-07, 9.727344831844675e-07, 1.116332214223803e-06, 1.2599299452631385e-06, 1.403527676302474e-06, 1.5471254073418095e-06, 1.690723138381145e-06, 1.8343208694204804e-06, 1.977918600459816e-06, 2.121516445185989e-06, 2.265114062538487e-06, 2.4087116798909847e-06, 2.552309524617158e-06, 2.695907369343331e-06, 2.839504986695829e-06, 2.9831026040483266e-06, 3.1267004487745e-06, 3.270298293500673e-06, 3.413895910853171e-06, 3.5574935282056686e-06, 3.7010913729318418e-06, 3.844689217658015e-06, 3.988287062384188e-06, 4.1318844523630105e-06, 4.275482297089184e-06, 4.419080141815357e-06, 4.562677531794179e-06, 4.7062753765203524e-06, 4.849873221246526e-06, 4.993471065972699e-06, 5.137068910698872e-06, 5.280666300677694e-06, 5.424264145403868e-06]}, "gradients/embedding_item.weight": {"_type": "histogram", "values": [1.0, 0.0, 0.0, 0.0, 0.0, 0.0, 0.0, 0.0, 1.0, 1.0, 1.0, 6.0, 3.0, 7.0, 18.0, 17.0, 28.0, 34.0, 44.0, 75.0, 106.0, 175.0, 247.0, 352.0, 570.0, 981.0, 1847.0, 4047.0, 9276.0, 21657.0, 49448.0, 215974.0, 167959.0, 47447.0, 20390.0, 8859.0, 3756.0, 1778.0, 921.0, 561.0, 344.0, 222.0, 151.0, 100.0, 77.0, 44.0, 30.0, 24.0, 19.0, 12.0, 7.0, 2.0, 2.0, 4.0, 1.0, 2.0, 0.0, 2.0, 0.0, 0.0, 1.0, 0.0, 0.0, 1.0], "bins": [-3.279869133621105e-06, -3.1772704005561536e-06, -3.074671440117527e-06, -2.9720727070525754e-06, -2.869473973987624e-06, -2.7668752409226727e-06, -2.664276280484046e-06, -2.5616775474190945e-06, -2.4590785869804677e-06, -2.3564798539155163e-06, -2.2538808934768895e-06, -2.151282160411938e-06, -2.0486834273469867e-06, -1.94608446690836e-06, -1.8434857338434085e-06, -1.7408870007784571e-06, -1.6382882677135058e-06, -1.5356894209617167e-06, -1.4330906878967653e-06, -1.3304918411449762e-06, -1.2278931080800248e-06, -1.1252942613282357e-06, -1.0226954145764466e-06, -9.200966246680764e-07, -8.174978347597062e-07, -7.148990448513359e-07, -6.123002549429657e-07, -5.097014081911766e-07, -4.0710261828280636e-07, -3.045038283744361e-07, -2.0190498162264703e-07, -9.930619171427679e-08, 3.2925981940934435e-09, 1.058914023133184e-07, 2.0849020643254335e-07, 3.11089024762623e-07, 4.1368781467099325e-07, 5.162866045793635e-07, 6.188854513311526e-07, 7.214842412395228e-07, 8.24083031147893e-07, 9.266818210562633e-07, 1.0292806109646335e-06, 1.1318794577164226e-06, 1.2344783044682117e-06, 1.337077037533163e-06, 1.4396758842849522e-06, 1.5422747310367413e-06, 1.6448734641016927e-06, 1.7474723108534818e-06, 1.8500710439184331e-06, 1.9526698906702222e-06, 2.0552686237351736e-06, 2.1578675841738004e-06, 2.260466317238752e-06, 2.363065050303703e-06, 2.4656637833686545e-06, 2.568262516433606e-06, 2.6708614768722327e-06, 2.773460209937184e-06, 2.8760589430021355e-06, 2.9786579034407623e-06, 3.0812566365057137e-06, 3.183855369570665e-06, 3.286454330009292e-06]}, "_wandb": {"runtime": 1266}}