{"TOTAL_BEST_METRIC": 0.615250246215335, "BEST_NDCG@10": 0.09937666993917975, "_timestamp": 1688630876.8441606, "_runtime": 18264.559549570084, "_step": 1182, "epoch": 1000, "Train_Metric_loss": 5.475742890284612, "Train_Reg_loss": 9.022160142754168e-05, "Pos_loss": 11.582061767578125, "Neg_loss": 0.4418909251689911, "Recall@5": 0.06133808171883223, "Recall@10": 0.09627539527103555, "Recall@20": 0.14545508546839994, "NDCG@5": 0.0897704817674884, "NDCG@10": 0.09756318468341482, "NDCG@20": 0.11399010148994865, "Recall@5_total_best": 0.06234420896489981, "Recall@10_total_best": 0.09842354507655499, "Recall@20_total_best": 0.14775344365802812, "ndcg@5_total_best": 0.09142593949042775, "ndcg@10_total_best": 0.09937666993917975, "ndcg@20_total_best": 0.11592643908624448, "EPOCH_ndcg_best": 620, "Recall@5_ndcg_best": 0.06234420896489981, "Recall@10_ndcg_best": 0.09842354507655499, "Recall@20_ndcg_best": 0.14775344365802812, "ndcg@5_ndcg_best": 0.09142593949042775, "ndcg@10_ndcg_best": 0.09937666993917975, "ndcg@20_ndcg_best": 0.11592643908624448, "gradients/mass_i.weight": {"_type": "histogram", "values": [1.0, 0.0, 0.0, 0.0, 0.0, 0.0, 1.0, 0.0, 0.0, 0.0, 0.0, 0.0, 0.0, 2.0, 1.0, 0.0, 0.0, 2.0, 2.0, 6.0, 3.0, 5.0, 7.0, 15.0, 18.0, 28.0, 93.0, 184.0, 492.0, 1040.0, 2061.0, 34535.0, 1561.0, 805.0, 229.0, 78.0, 48.0, 17.0, 9.0, 7.0, 3.0, 2.0, 1.0, 2.0, 0.0, 1.0, 1.0, 2.0, 0.0, 0.0, 0.0, 1.0, 0.0, 0.0, 0.0, 0.0, 0.0, 0.0, 0.0, 0.0, 0.0, 0.0, 0.0, 1.0], "bins": [-2.4032271539908834e-05, -2.3278545995708555e-05, -2.2524820451508276e-05, -2.1771094907307997e-05, -2.101736936310772e-05, -2.026364381890744e-05, -1.9509920093696564e-05, -1.8756192730506882e-05, -1.8002469005296007e-05, -1.7248743461095728e-05, -1.649501791689545e-05, -1.574129237269517e-05, -1.4987566828494892e-05, -1.4233841284294613e-05, -1.3480116649589036e-05, -1.2726391105388757e-05, -1.1972664651693776e-05, -1.1218939107493497e-05, -1.0465213563293219e-05, -9.71148801909294e-06, -8.957762474892661e-06, -8.204036930692382e-06, -7.450312295986805e-06, -6.696586751786526e-06, -5.9428612075862475e-06, -5.189135663385969e-06, -4.43541011918569e-06, -3.681685029732762e-06, -2.927959485532483e-06, -2.1742339413322043e-06, -1.4205088518792763e-06, -6.667833076789975e-07, 8.694405551068485e-08, 8.406694860241259e-07, 1.594394916537567e-06, 2.3481202333641704e-06, 3.1018457775644492e-06, 3.855571321764728e-06, 4.609296411217656e-06, 5.363021955417935e-06, 6.116747499618214e-06, 6.8704730438184924e-06, 7.624198588018771e-06, 8.377923222724348e-06, 9.131648766924627e-06, 9.885374311124906e-06, 1.0639099855325185e-05, 1.1392825399525464e-05, 1.2146550943725742e-05, 1.2900276487926021e-05, 1.36540020321263e-05, 1.4407727576326579e-05, 1.5161453120526858e-05, 1.5915178664727136e-05, 1.6668902389938012e-05, 1.7422629753127694e-05, 1.817635347833857e-05, 1.8930079022538848e-05, 1.9683804566739127e-05, 2.0437530110939406e-05, 2.1191255655139685e-05, 2.1944981199339963e-05, 2.2698706743540242e-05, 2.3452430468751118e-05, 2.42061578319408e-05]}, "gradients/mass_u.weight": {"_type": "histogram", "values": [1.0, 0.0, 0.0, 0.0, 0.0, 0.0, 0.0, 1.0, 0.0, 0.0, 0.0, 0.0, 0.0, 0.0, 0.0, 0.0, 0.0, 0.0, 0.0, 0.0, 0.0, 0.0, 0.0, 0.0, 0.0, 0.0, 0.0, 0.0, 0.0, 0.0, 0.0, 0.0, 1.0, 0.0, 0.0, 0.0, 0.0, 1.0, 0.0, 1.0, 1.0, 0.0, 0.0, 2.0, 0.0, 1.0, 0.0, 1.0, 0.0, 2.0, 3.0, 5.0, 4.0, 6.0, 9.0, 11.0, 4.0, 20.0, 15.0, 46.0, 57.0, 131.0, 166.0, 51917.0], "bins": [-0.0005091673228889704, -0.0005012115580029786, -0.0004932558513246477, -0.0004853001155424863, -0.00047734437976032495, -0.00046938861487433314, -0.0004614328790921718, -0.00045347714331001043, -0.0004455214075278491, -0.0004375656717456877, -0.00042960993596352637, -0.000421654200181365, -0.0004136984352953732, -0.00040574269951321185, -0.0003977869637310505, -0.00038983122794888914, -0.0003818754921667278, -0.0003739197563845664, -0.00036596402060240507, -0.0003580082848202437, -0.00035005254903808236, -0.00034209678415209055, -0.0003341410483699292, -0.00032618531258776784, -0.0003182295768056065, -0.00031027384102344513, -0.0003023181052412838, -0.0002943623694591224, -0.0002864066045731306, -0.00027845086879096925, -0.0002704951330088079, -0.00026253939722664654, -0.0002545836614444852, -0.00024662792566232383, -0.00023867218988016248, -0.0002307164395460859, -0.00022276070376392454, -0.00021480496798176318, -0.0002068492176476866, -0.00019889348186552525, -0.0001909377460833639, -0.00018298201030120254, -0.00017502627451904118, -0.0001670705241849646, -0.00015911478840280324, -0.0001511590526206419, -0.0001432033022865653, -0.00013524756650440395, -0.0001272918307222426, -0.00011933609494008124, -0.00011138035188196227, -0.0001034246088238433, -9.546887304168195e-05, -8.751313725952059e-05, -7.955739420140162e-05, -7.160165114328265e-05, -6.36459153611213e-05, -5.5690175940981135e-05, -4.773443652084097e-05, -3.977869710070081e-05, -3.182295768056065e-05, -2.3867218260420486e-05, -1.5911478840280324e-05, -7.955739420140162e-06, 0.0]}, "gradients/embedding_user.weight": {"_type": "histogram", "values": [1.0, 1.0, 0.0, 1.0, 0.0, 0.0, 0.0, 0.0, 2.0, 0.0, 1.0, 0.0, 4.0, 2.0, 2.0, 4.0, 6.0, 1.0, 1.0, 1.0, 3.0, 3.0, 3.0, 4.0, 6.0, 3.0, 5.0, 7.0, 17.0, 59.0, 214.0, 1495.0, 3332896.0, 18126.0, 870.0, 150.0, 32.0, 14.0, 5.0, 7.0, 5.0, 4.0, 5.0, 3.0, 4.0, 0.0, 1.0, 0.0, 3.0, 2.0, 2.0, 0.0, 1.0, 1.0, 1.0, 0.0, 1.0, 1.0, 0.0, 0.0, 0.0, 2.0, 0.0, 2.0], "bins": [-0.003991855774074793, -0.0038704571779817343, -0.0037490585818886757, -0.003627659985795617, -0.0035062613897025585, -0.0033848627936095, -0.0032634641975164413, -0.0031420656014233828, -0.003020667005330324, -0.0028992684092372656, -0.002777869813144207, -0.0026564712170511484, -0.00253507262095809, -0.0024136740248650312, -0.0022922754287719727, -0.002170876832678914, -0.0020494782365858555, -0.001928079640492797, -0.0018066810443997383, -0.0016852824483066797, -0.0015638838522136211, -0.0014424852561205626, -0.001321086660027504, -0.0011996880639344454, -0.0010782892350107431, -0.0009568906389176846, -0.000835492042824626, -0.0007140934467315674, -0.0005926948506385088, -0.0004712961963377893, -0.0003498976002447307, -0.00022849900415167212, -0.00010710046626627445, 1.4298137102741748e-05, 0.00013569674047175795, 0.00025709535111673176, 0.00037849394720979035, 0.0004998925724066794, 0.000621291168499738, 0.0007426897645927966, 0.0008640883606858552, 0.0009854870149865746, 0.0011068856110796332, 0.0012282842071726918, 0.0013496828032657504, 0.001471081399358809, 0.0015924799954518676, 0.0017138785915449262, 0.0018352771876379848, 0.001956675900146365, 0.0020780744962394238, 0.0021994730923324823, 0.002320871688425541, 0.0024422702845185995, 0.002563668880611658, 0.0026850674767047167, 0.0028064660727977753, 0.002927864668890834, 0.0030492632649838924, 0.003170661861076951, 0.0032920604571700096, 0.003413459053263068, 0.003534857649356127, 0.0036562562454491854, 0.003777654841542244]}, "gradients/embedding_item.weight": {"_type": "histogram", "values": [2.0, 0.0, 0.0, 0.0, 0.0, 0.0, 0.0, 0.0, 2.0, 2.0, 3.0, 3.0, 0.0, 1.0, 5.0, 3.0, 10.0, 6.0, 4.0, 9.0, 13.0, 18.0, 29.0, 30.0, 37.0, 68.0, 87.0, 134.0, 167.0, 251.0, 482.0, 942.0, 2491.0, 9932.0, 84792.0, 2164597.0, 344778.0, 24409.0, 4435.0, 1400.0, 632.0, 372.0, 230.0, 149.0, 100.0, 72.0, 46.0, 33.0, 33.0, 20.0, 18.0, 7.0, 6.0, 6.0, 4.0, 7.0, 8.0, 2.0, 1.0, 3.0, 1.0, 2.0, 0.0, 2.0],