{"TOTAL_BEST_METRIC": 0.2940767783133669, "BEST_NDCG@10": 0.03352609419432788, "_timestamp": 1688365400.3388383, "_runtime": 1166.2639963626862, "_step": 1110, "epoch": 1000, "Train_Metric_loss": -11.198478426252093, "Train_Reg_loss": 0.11175113916397095, "Pos_loss": 19.832063674926758, "Neg_loss": -34.49720001220703, "Recall@5": 0.024688049942350868, "Recall@10": 0.040882968031725544, "Recall@20": 0.06964493927627344, "NDCG@5": 0.018316919515717362, "NDCG@10": 0.024089284613065857, "NDCG@20": 0.03209500246523891, "Recall@5_total_best": 0.03491795293577107, "Recall@10_total_best": 0.05869630021050008, "Recall@20_total_best": 0.09932888043740254, "ndcg@5_total_best": 0.024353916841559846, "ndcg@10_total_best": 0.03273224781829271, "ndcg@20_total_best": 0.044047480069840675, "EPOCH_ndcg_best": 60, "Recall@5_ndcg_best": 0.03442967899719674, "Recall@10_ndcg_best": 0.06020234650953054, "Recall@20_ndcg_best": 0.09431074252294995, "ndcg@5_ndcg_best": 0.024454838882147858, "ndcg@10_ndcg_best": 0.03352609419432788, "ndcg@20_ndcg_best": 0.04316969184806082, "gradients/mass_i.weight": {"_type": "histogram", "values": [1.0, 2.0, 0.0, 0.0, 0.0, 0.0, 2.0, 3.0, 1.0, 2.0, 7.0, 9.0, 28.0, 34.0, 82.0, 153.0, 8194.0, 90.0, 50.0, 20.0, 15.0, 7.0, 5.0, 1.0, 2.0, 1.0, 1.0, 0.0, 1.0, 0.0, 1.0, 0.0, 0.0, 0.0, 0.0, 0.0, 0.0, 0.0, 0.0, 0.0, 0.0, 0.0, 0.0, 0.0, 0.0, 0.0, 0.0, 0.0, 0.0, 0.0, 0.0, 0.0, 0.0, 0.0, 0.0, 0.0, 0.0, 0.0, 0.0, 0.0, 0.0, 0.0, 0.0, 1.0], "bins": [-0.00011706125224009156, -0.00011007121065631509, -0.00010308117634849623, -9.609114204067737e-05, -8.91011004569009e-05, -8.211105887312442e-05, -7.512102456530556e-05, -6.81309902574867e-05, -6.114094867371023e-05, -5.415091072791256e-05, -4.716087278211489e-05, -4.0170834836317226e-05, -3.318079689051956e-05, -2.6190758944721892e-05, -1.9200720998924226e-05, -1.2210683053126559e-05, -5.220645107328892e-06, 1.7693928384687752e-06, 8.759430784266442e-06, 1.574946873006411e-05, 2.2739506675861776e-05, 2.9729544621659443e-05, 3.671958256745711e-05, 4.3709620513254777e-05, 5.0699658459052444e-05, 5.768969640485011e-05, 6.467973435064778e-05, 7.166976865846664e-05, 7.865981024224311e-05, 8.564985182601959e-05, 9.263988613383844e-05, 9.96299204416573e-05, 0.00010661996202543378, 0.00011361000360921025, 0.00012060003791702911, 0.00012759007222484797, 0.00013458011380862445, 0.00014157015539240092, 0.00014856018242426217, 0.00015555022400803864, 0.00016254026559181511, 0.0001695303071755916, 0.00017652034875936806, 0.0001835103757912293, 0.00019050041737500578, 0.00019749045895878226, 0.0002044804859906435, 0.00021147052757441998, 0.00021846056915819645, 0.00022545061074197292, 0.0002324406523257494, 0.00023943067935761064, 0.00024642073549330235, 0.00025341074797324836, 0.00026040078955702484, 0.0002673908311408013, 0.0002743808727245778, 0.00028137091430835426, 0.00028836095589213073, 0.0002953509974759072, 0.0003023410099558532, 0.0003093310515396297, 0.00031632109312340617, 0.00032331113470718265, 0.0003303011762909591]}, "gradients/mass_u.weight": {"_type": "histogram", "values": [1.0, 0.0, 0.0, 0.0, 0.0, 0.0, 0.0, 0.0, 0.0, 1.0, 0.0, 0.0, 0.0, 0.0, 0.0, 0.0, 0.0, 0.0, 0.0, 0.0, 0.0, 0.0, 0.0, 0.0, 1.0, 0.0, 0.0, 0.0, 1.0, 0.0, 0.0, 0.0, 1.0, 1.0, 0.0, 0.0, 1.0, 1.0, 0.0, 3.0, 0.0, 1.0, 0.0, 2.0, 0.0, 2.0, 4.0, 0.0, 2.0, 7.0, 4.0, 6.0, 15.0, 6.0, 8.0, 22.0, 30.0, 21.0, 29.0, 67.0, 123.0, 68.0, 40.0, 14213.0], "bins": [-7.75214284658432e-05, -7.63101561460644e-05, -7.50988838262856e-05, -7.38876115065068e-05, -7.2676339186728e-05, -7.14650668669492e-05, -7.02537945471704e-05, -6.90425222273916e-05, -6.78312499076128e-05, -6.6619977587834e-05, -6.54087052680552e-05, -6.41974329482764e-05, -6.29861606284976e-05, -6.17748883087188e-05, -6.056361598894e-05, -5.93523436691612e-05, -5.81410713493824e-05, -5.69297990296036e-05, -5.57185267098248e-05, -5.4507254390046e-05, -5.32959820702672e-05, -5.20847097504884e-05, -5.08734374307096e-05, -4.96621651109308e-05, -4.8450892791152e-05, -4.72396204713732e-05, -4.60283481515944e-05, -4.48170758318156e-05, -4.36058035120368e-05, -4.2394531192258e-05, -4.11832588724792e-05, -3.99719865527004e-05, -3.87607142329216e-05, -3.75494419131428e-05, -3.6338169593364e-05, -3.51268972735852e-05, -3.39156249538064e-05, -3.27043526340276e-05, -3.14930803142488e-05, -3.028180799447e-05, -2.90705356746912e-05, -2.78592633549124e-05, -2.66479910351336e-05, -2.54367187153548e-05, -2.4225446395576e-05, -2.30141740757972e-05, -2.18029017560184e-05, -2.05916294362396e-05, -1.93803571164608e-05, -1.8169084796682e-05, -1.69578124769032e-05, -1.57465401571244e-05, -1.45352678373456e-05, -1.33239955175668e-05, -1.2112723197788e-05, -1.09014508780092e-05, -9.6901785582304e-06, -8.4789062384516e-06, -7.2676339186728e-06, -6.056361598894e-06, -4.8450892791152e-06, -3.6338169593364e-06, -2.4225446395576e-06, -1.2112723197788e-06, 0.0]}, "gradients/embedding_user.weight": {"_type": "histogram", "values": [1.0, 2.0, 1.0, 0.0, 0.0, 0.0, 2.0, 2.0, 2.0, 3.0, 4.0, 8.0, 6.0, 18.0, 12.0, 22.0, 32.0, 49.0, 77.0, 93.0, 156.0, 312.0, 554.0, 1097.0, 3083.0, 24283.0, 862041.0, 40964.0, 3900.0, 1331.0, 654.0, 307.0, 185.0, 118.0, 68.0, 52.0, 33.0, 27.0, 17.0, 9.0, 20.0, 7.0, 6.0, 5.0, 7.0, 2.0, 2.0, 1.0, 1.0, 2.0, 0.0, 0.0, 2.0, 2.0, 0.0, 0.0, 1.0, 0.0, 0.0, 0.0, 0.0, 0.0, 0.0, 1.0], "bins": [-0.0014701015315949917, -0.001414795988239348, -0.0013594904448837042, -0.0013041849015280604, -0.0012488793581724167, -0.001193573814816773, -0.0011382682714611292, -0.0010829627281054854, -0.0010276571847498417, -0.0009723516413941979, -0.0009170460980385542, -0.0008617405546829104, -0.0008064350113272667, -0.0007511294679716229, -0.0006958239246159792, -0.0006405183812603354, -0.0005852128379046917, -0.000529907294549048, -0.0004746017511934042, -0.00041929620783776045, -0.0003639906644821167, -0.00030868512112647295, -0.0002533795777708292, -0.00019807403441518545, -0.0001427684910595417, -8.746294770389795e-05, -3.2157404348254204e-05, 2.3148139007389545e-05, 7.84536823630333e-05, 0.00013375922571867704, 0.0001890647690743208, 0.00024437031242996454, 0.0002996758557856083, 0.00035498139914125204, 0.0004102869424968958, 0.00046559248585253954, 0.0005208980292081833, 0.000576203572563827, 0.0006315091159194708, 0.0006868146592751145, 0.0007421202026307583, 0.000797425745986402, 0.0008527312893420458, 0.0009080368326976895, 0.0009633423760533333, 0.001018647919408977, 0.0010739534627646208, 0.0011292590061202645, 0.0011845645494759083, 0.001239870092831552, 0.0012951756361871958, 0.0013504811795428395, 0.0014057867228984833, 0.001461092266254127, 0.0015163978096097708, 0.0015717033529654145, 0.0016270088963210583, 0.001682314439676702, 0.0017376199830323458, 0.0017929255263879895, 0.0018482310697436333, 0.001903536613099277, 0.0019588421564549208, 0.0020141475833952427, 0.0020694532431662083]}, "gradients/embedding_item.weight": {"_type": "histogram", "values": [1.0, 0.0, 1.0, 0.0, 1.0, 2.0, 2.0, 3.0, 1.0, 2.0, 0.0, 2.0, 3.0, 8.0, 8.0, 11.0, 12.0, 20.0, 27.0, 40.0, 48.0, 70.0, 121.0, 174.0, 301.0, 588.0, 1179.0, 2546.0, 7526.0, 49008.0, 474647.0, 14222.0, 3850.0, 1502.0, 757.0, 348.0, 201.0, 120.0, 85.0, 61.0, 37.0, 20.0, 25.0, 12.0, 10.0, 6.0, 6.0, 3.0, 3.0, 0.0, 2.0, 1.0, 1.0, 1.0, 2.0, 2.0, 0.0, 1.0, 0.0, 0.0, 1.0, 0.0, 0.0, 1.0],