{"TOTAL_BEST_METRIC": 0.12033259092390058, "BEST_NDCG@10": 0.01356785359965515, "_timestamp": 1688334832.5770772, "_runtime": 364.2029891014099, "_step": 1292, "epoch": 1000, "Train_Metric_loss": 0.01386132910847664, "Train_Reg_loss": 4.085184718860546e-06, "Pos_loss": 0.0367756262421608, "Neg_loss": -0.04041176661849022, "Recall@5": 0.014920611245909082, "Recall@10": 0.023178957575456263, "Recall@20": 0.039829125917553686, "NDCG@5": 0.010571057478244389, "NDCG@10": 0.01356785359965515, "NDCG@20": 0.018264985107082018, "Recall@5_total_best": 0.014920611245909082, "Recall@10_total_best": 0.023178957575456263, "Recall@20_total_best": 0.039829125917553686, "ndcg@5_total_best": 0.010571057478244389, "ndcg@10_total_best": 0.01356785359965515, "ndcg@20_total_best": 0.018264985107082018, "EPOCH_ndcg_best": 1000, "Recall@5_ndcg_best": 0.014920611245909082, "Recall@10_ndcg_best": 0.023178957575456263, "Recall@20_ndcg_best": 0.039829125917553686, "ndcg@5_ndcg_best": 0.010571057478244389, "ndcg@10_ndcg_best": 0.01356785359965515, "ndcg@20_ndcg_best": 0.018264985107082018, "gradients/mass_i.weight": {"_type": "histogram", "values": [1.0, 0.0, 0.0, 0.0, 1.0, 0.0, 0.0, 0.0, 1.0, 0.0, 1.0, 0.0, 1.0, 0.0, 0.0, 0.0, 1.0, 2.0, 1.0, 2.0, 0.0, 2.0, 3.0, 2.0, 2.0, 4.0, 4.0, 2.0, 5.0, 8.0, 13.0, 7.0, 6.0, 10.0, 20.0, 11.0, 14.0, 29.0, 42.0, 26.0, 69.0, 111.0, 41.0, 123.0, 233.0, 76.0, 180.0, 2008.0, 99.0, 160.0, 54.0, 61.0, 42.0, 33.0, 17.0, 16.0, 3.0, 3.0, 2.0, 8.0, 2.0, 5.0, 0.0, 1.0], "bins": [-0.002829064382240176, -0.002769330982118845, -0.0027095975819975138, -0.0026498641818761826, -0.0025901307817548513, -0.00253039738163352, -0.002470663981512189, -0.0024109305813908577, -0.002351196948438883, -0.0022914635483175516, -0.0022317301481962204, -0.002171996748074889, -0.002112263347953558, -0.0020525299478322268, -0.0019927965477108955, -0.0019330630311742425, -0.0018733297474682331, -0.001813596347346902, -0.0017538629472255707, -0.0016941295471042395, -0.0016343961469829082, -0.001574662746861577, -0.001514929230324924, -0.0014551958302035928, -0.0013954624300822616, -0.0013357290299609303, -0.0012759956298395991, -0.001216262229718268, -0.0011565287131816149, -0.0010967953130602837, -0.0010370619129389524, -0.0009773285128176212, -0.0009175949962809682, -0.000857861596159637, -0.0007981281960383058, -0.0007383947377093136, -0.0006786613375879824, -0.0006189279374666512, -0.0005591944791376591, -0.0004994610790163279, -0.00043972767889499664, -0.00037999427877366543, -0.00032026084954850376, -0.0002605274203233421, -0.00020079402020201087, -0.00014106062008067966, -8.132719085551798e-05, -2.1593761630356312e-05, 3.81396384909749e-05, 9.787305316422135e-05, 0.0001576064678374678, 0.00021733988251071423, 0.0002770732971839607, 0.0003368066973052919, 0.00039654012653045356, 0.00045627355575561523, 0.0005160069558769464, 0.0005757403559982777, 0.0006354737561196089, 0.000695207214448601, 0.0007549406145699322, 0.0008146740146912634, 0.0008744074730202556, 0.0009341408731415868, 0.000993874273262918]}, "gradients/mass_u.weight": {"_type": "histogram", "values": [1.0, 0.0, 0.0, 0.0, 0.0, 0.0, 1.0, 0.0, 0.0, 0.0, 0.0, 0.0, 0.0, 0.0, 0.0, 0.0, 0.0, 0.0, 0.0, 0.0, 0.0, 0.0, 0.0, 0.0, 1.0, 0.0, 1.0, 0.0, 0.0, 0.0, 0.0, 0.0, 1.0, 0.0, 0.0, 0.0, 0.0, 1.0, 0.0, 0.0, 1.0, 0.0, 0.0, 1.0, 0.0, 1.0, 0.0, 1.0, 2.0, 2.0, 0.0, 0.0, 5.0, 4.0, 6.0, 7.0, 3.0, 14.0, 17.0, 37.0, 51.0, 116.0, 168.0, 5099.0], "bins": [-0.008796313777565956, -0.008658871054649353, -0.008521429263055325, -0.008383986540138721, -0.008246543817222118, -0.00810910202562809, -0.007971659302711487, -0.007834216579794884, -0.007696774788200855, -0.0075593325309455395, -0.007421889808028936, -0.007284447550773621, -0.007147005293518305, -0.007009563036262989, -0.006872120313346386, -0.00673467805609107, -0.006597235333174467, -0.006459793075919151, -0.006322350353002548, -0.0061849080957472324, -0.006047465838491917, -0.005910023115575314, -0.005772580858319998, -0.005635138601064682, -0.005497695878148079, -0.005360253620892763, -0.00522281089797616, -0.005085368640720844, -0.0049479263834655285, -0.004810484126210213, -0.00467304140329361, -0.004535599146038294, -0.004398156888782978, -0.004260714631527662, -0.004123271908611059, -0.003985829651355743, -0.0038483873941004276, -0.003710944904014468, -0.0035735024139285088, -0.003436060156673193, -0.0032986176665872335, -0.003161175176501274, -0.0030237329192459583, -0.002886290429159999, -0.0027488479390740395, -0.0026114056818187237, -0.0024739631917327642, -0.002336520701646805, -0.002199078444391489, -0.0020616359543055296, -0.0019241936970502138, -0.0017867512069642544, -0.0016493088332936168, -0.0015118664596229792, -0.0013744239695370197, -0.0012369815958663821, -0.0010995392221957445, -0.0009620968485251069, -0.0008246544166468084, -0.0006872119847685099, -0.0005497696110978723, -0.00041232723742723465, -0.00027488480554893613, -0.0001374423736706376, 0.0]}, "gradients/embedding_user.weight": {"_type": "histogram", "values": [1.0, 0.0, 1.0, 0.0, 0.0, 0.0, 0.0, 5.0, 1.0, 0.0, 2.0, 2.0, 3.0, 1.0, 1.0, 3.0, 1.0, 2.0, 7.0, 7.0, 10.0, 4.0, 11.0, 15.0, 19.0, 35.0, 54.0, 89.0, 258.0, 1211.0, 60557.0, 289268.0, 2408.0, 373.0, 104.0, 52.0, 29.0, 21.0, 8.0, 10.0, 6.0, 4.0, 8.0, 5.0, 5.0, 4.0, 4.0, 2.0, 4.0, 1.0, 1.0, 2.0, 0.0, 0.0, 1.0, 1.0, 1.0, 1.0, 0.0, 0.0, 0.0, 0.0, 0.0, 1.0], "bins": [-0.0018092996906489134, -0.0017511852784082294, -0.0016930709825828671, -0.0016349565703421831, -0.001576842158101499, -0.0015187278622761369, -0.0014606134500354528, -0.0014024991542100906, -0.0013443847419694066, -0.0012862703297287226, -0.0012281560339033604, -0.0011700416216626763, -0.0011119272094219923, -0.00105381291359663, -0.000995698501355946, -0.0009375841473229229, -0.0008794697350822389, -0.0008213553810492158, -0.0007632409688085318, -0.0007051266147755086, -0.0006470122607424855, -0.0005888978485018015, -0.0005307834944687784, -0.00047266914043575525, -0.0004145547572989017, -0.0003564403741620481, -0.000298326020129025, -0.0002402116369921714, -0.00018209726840723306, -0.0001239828998222947, -6.586851668544114e-05, -7.754162652418017e-06, 5.036022048443556e-05, 0.0001084745890693739, 0.00016658895765431225, 0.00022470334079116583, 0.00028281769482418895, 0.0003409320779610425, 0.0003990464610978961, 0.0004571608151309192, 0.0005152751691639423, 0.0005733895231969655, 0.0006315039354376495, 0.0006896182894706726, 0.0007477326435036957, 0.0008058469975367188, 0.0008639614097774029, 0.000922075763810426, 0.000980190234258771, 0.001038304646499455, 0.0010964189423248172, 0.0011545333545655012, 0.0012126477668061852, 0.0012707620626315475, 0.0013288764748722315, 0.0013869907706975937, 0.0014451051829382777, 0.0015032195951789618, 0.001561333891004324, 0.001619448303245008, 0.001677562715485692, 0.0017356770113110542, 0.0017937914235517383, 0.0018519058357924223, 0.0019100201316177845]}, "gradients/embedding_item.weight": {"_type": "histogram", "values": [1.0, 1.0, 0.0, 1.0, 0.0, 2.0, 1.0, 3.0, 8.0, 5.0, 7.0, 6.0, 7.0, 9.0, 10.0, 15.0, 31.0, 39.0, 47.0, 79.0, 108.0, 151.0, 268.0, 404.0, 578.0, 1057.0, 1901.0, 3667.0, 7339.0, 14488.0, 28367.0, 55646.0, 56177.0, 28134.0, 14395.0, 7047.0, 3534.0, 1972.0, 1107.0, 608.0, 362.0, 240.0, 156.0, 113.0, 70.0, 54.0, 35.0, 25.0, 14.0, 14.0, 14.0, 15.0, 5.0, 5.0, 4.0, 3.0, 0.0, 0.0, 1.0, 0.0, 1.0, 0.0, 0.0, 1.0],