{"TOTAL_BEST_METRIC": 0.21229039669592176, "BEST_NDCG@10": 0.024324577498746062, "_timestamp": 1688428706.2323816, "_runtime": 2017.9104735851288, "_step": 1105, "epoch": 1000, "Train_Metric_loss": NaN, "Train_Reg_loss": NaN, "Pos_loss": NaN, "Neg_loss": NaN, "Recall@5": 0.00013653741125068268, "Recall@10": 0.000591662115419625, "Recall@20": 0.0010172037138175861, "NDCG@5": 5.281988083486368e-05, "NDCG@10": 0.00022000096810395565, "NDCG@20": 0.00034823243471569386, "Recall@5_total_best": 0.02617856118333999, "Recall@10_total_best": 0.04130905637083956, "Recall@20_total_best": 0.0693123203636584, "ndcg@5_total_best": 0.0189033076399483, "ndcg@10_total_best": 0.024324577498746062, "ndcg@20_total_best": 0.03226257363938945, "EPOCH_ndcg_best": 20, "Recall@5_ndcg_best": 0.02617856118333999, "Recall@10_ndcg_best": 0.04130905637083956, "Recall@20_ndcg_best": 0.0693123203636584, "ndcg@5_ndcg_best": 0.0189033076399483, "ndcg@10_ndcg_best": 0.024324577498746062, "ndcg@20_ndcg_best": 0.03226257363938945, "gradients/mass_i.weight": {"_type": "histogram", "values": [1.0, 0.0, 0.0, 1.0, 1.0, 0.0, 2.0, 0.0, 3.0, 5.0, 4.0, 2.0, 3.0, 9.0, 12.0, 19.0, 31.0, 50.0, 104.0, 135.0, 136.0, 8055.0, 46.0, 29.0, 19.0, 8.0, 9.0, 7.0, 6.0, 2.0, 1.0, 4.0, 2.0, 3.0, 0.0, 0.0, 0.0, 0.0, 0.0, 0.0, 0.0, 2.0, 0.0, 0.0, 0.0, 0.0, 0.0, 0.0, 1.0, 0.0, 0.0, 0.0, 0.0, 0.0, 0.0, 0.0, 0.0, 0.0, 0.0, 0.0, 0.0, 0.0, 0.0, 1.0], "bins": [-3.1764833693159744e-05, -3.0271234209067188e-05, -2.8777634724974632e-05, -2.7284035240882076e-05, -2.579043575678952e-05, -2.4296836272696964e-05, -2.280323678860441e-05, -2.1309637304511853e-05, -1.9816037820419297e-05, -1.832243833632674e-05, -1.6828838852234185e-05, -1.533523936814163e-05, -1.3841639884049073e-05, -1.2348040399956517e-05, -1.0854440915863961e-05, -9.360841431771405e-06, -7.867241947678849e-06, -6.373642463586293e-06, -4.880042979493737e-06, -3.3864434954011813e-06, -1.8928440113086253e-06, -3.992445272160694e-07, 1.0943549568764865e-06, 2.5879544409690425e-06, 4.081553925061598e-06, 5.575153409154154e-06, 7.06875289324671e-06, 8.562352377339266e-06, 1.0055951861431822e-05, 1.1549551345524378e-05, 1.3043150829616934e-05, 1.453675031370949e-05, 1.603034615982324e-05, 1.7523945643915795e-05, 1.901754512800835e-05, 2.0511144612100907e-05, 2.2004744096193463e-05, 2.349834358028602e-05, 2.4991943064378574e-05, 2.648554254847113e-05, 2.7979142032563686e-05, 2.9472741516656242e-05, 3.09663410007488e-05, 3.245993866585195e-05, 3.395353996893391e-05, 3.544714127201587e-05, 3.694073893711902e-05, 3.8434336602222174e-05, 3.9927937905304134e-05, 4.142153920838609e-05, 4.2915136873489246e-05, 4.44087345385924e-05, 4.590233584167436e-05, 4.739593714475632e-05, 4.888953480985947e-05, 5.038313247496262e-05, 5.187673377804458e-05, 5.337033508112654e-05, 5.486393274622969e-05, 5.6357530411332846e-05, 5.7851131714414805e-05, 5.9344733017496765e-05, 6.083833068259992e-05, 6.233192834770307e-05, 6.382552965078503e-05]}, "gradients/mass_u.weight": {"_type": "histogram", "values": [1.0, 0.0, 0.0, 0.0, 0.0, 0.0, 0.0, 0.0, 0.0, 0.0, 0.0, 0.0, 1.0, 0.0, 0.0, 0.0, 1.0, 0.0, 0.0, 0.0, 0.0, 0.0, 0.0, 0.0, 0.0, 0.0, 0.0, 0.0, 0.0, 1.0, 1.0, 1.0, 1.0, 1.0, 3.0, 0.0, 0.0, 0.0, 2.0, 1.0, 2.0, 1.0, 1.0, 3.0, 1.0, 6.0, 6.0, 1.0, 6.0, 5.0, 5.0, 12.0, 12.0, 10.0, 13.0, 25.0, 18.0, 46.0, 76.0, 87.0, 111.0, 48.0, 22.0, 14150.0], "bins": [-5.0341448513790965e-05, -4.955486292601563e-05, -4.8768277338240296e-05, -4.798169175046496e-05, -4.7195106162689626e-05, -4.64085242128931e-05, -4.5621938625117764e-05, -4.483535303734243e-05, -4.4048767449567094e-05, -4.326218186179176e-05, -4.2475596274016425e-05, -4.168901068624109e-05, -4.090242873644456e-05, -4.011584314866923e-05, -3.932925756089389e-05, -3.854267197311856e-05, -3.7756086385343224e-05, -3.696950079756789e-05, -3.6182915209792554e-05, -3.539632962201722e-05, -3.4609744034241885e-05, -3.382316208444536e-05, -3.303657649667002e-05, -3.224999090889469e-05, -3.146340532111935e-05, -3.067681973334402e-05, -2.9890234145568684e-05, -2.9103650376782753e-05, -2.8317064789007418e-05, -2.7530479201232083e-05, -2.6743895432446152e-05, -2.5957309844670817e-05, -2.5170724256895483e-05, -2.4384138669120148e-05, -2.3597553081344813e-05, -2.2810969312558882e-05, -2.2024383724783547e-05, -2.1237798137008213e-05, -2.045121436822228e-05, -1.9664628780446947e-05, -1.8878043192671612e-05, -1.8091457604896277e-05, -1.7304872017120942e-05, -1.651828824833501e-05, -1.5731702660559677e-05, -1.4945117072784342e-05, -1.4158532394503709e-05, -1.3371947716223076e-05, -1.2585362128447741e-05, -1.1798776540672407e-05, -1.1012191862391774e-05, -1.022560718411114e-05, -9.439021596335806e-06, -8.652436008560471e-06, -7.865851330279838e-06, -7.0792661972518545e-06, -6.292681064223871e-06, -5.506095931195887e-06, -4.719510798167903e-06, -3.932925665139919e-06, -3.1463405321119353e-06, -2.3597553990839515e-06, -1.5731702660559677e-06, -7.865851330279838e-07, 0.0]}, "gradients/embedding_user.weight": {"_type": "histogram", "values": [0.0, 0.0, 0.0, 0.0, 0.0, 0.0, 0.0, 0.0, 0.0, 0.0, 0.0, 0.0, 0.0, 0.0, 0.0, 0.0, 0.0, 0.0, 0.0, 0.0, 0.0, 0.0, 0.0, 0.0, 0.0, 0.0, 0.0, 0.0, 0.0, 0.0, 0.0, 0.0, 5888.0, 0.0, 0.0, 0.0, 0.0, 0.0, 0.0, 0.0, 0.0, 0.0, 0.0, 0.0, 0.0, 0.0, 0.0, 0.0, 0.0, 0.0, 0.0, 0.0, 0.0, 0.0, 0.0, 0.0, 0.0, 0.0, 0.0, 0.0, 0.0, 0.0, 0.0, 0.0], "bins": [0.0, 0.0, 0.0, 0.0, 0.0, 0.0, 0.0, 0.0, 0.0, 0.0, 0.0, 0.0, 0.0, 0.0, 0.0, 0.0, 0.0, 0.0, 0.0, 0.0, 0.0, 0.0, 0.0, 0.0, 0.0, 0.0, 0.0, 0.0, 0.0, 0.0, 0.0, 0.0, 0.0, 0.0, 0.0, 0.0, 0.0, 0.0, 0.0, 0.0, 0.0, 0.0, 0.0, 0.0, 0.0, 0.0, 0.0, 0.0, 0.0, 0.0, 0.0, 0.0, 0.0, 0.0, 0.0, 0.0, 0.0, 0.0, 0.0, 0.0, 0.0, 0.0, 0.0, 0.0, 0.0]}, "_wandb": {"runtime": 2017}}