{"TOTAL_BEST_METRIC": 0.09846977639351215, "BEST_NDCG@10": 0.010883880759336452, "_timestamp": 1688335616.6298082, "_runtime": 375.81073021888733, "_step": 1281, "epoch": 1000, "Train_Metric_loss": 0.028612690046429634, "Train_Reg_loss": 3.7455496112670517e-06, "Pos_loss": 0.030110979452729225, "Neg_loss": -0.030919216573238373, "Recall@5": 0.011016737735234294, "Recall@10": 0.020208805163220957, "Recall@20": 0.034019614537260934, "NDCG@5": 0.007567065620103663, "NDCG@10": 0.010883880759336452, "NDCG@20": 0.01477367257835585, "Recall@5_total_best": 0.011016737735234294, "Recall@10_total_best": 0.020208805163220957, "Recall@20_total_best": 0.034019614537260934, "ndcg@5_total_best": 0.007567065620103663, "ndcg@10_total_best": 0.010883880759336452, "ndcg@20_total_best": 0.01477367257835585, "EPOCH_ndcg_best": 1000, "Recall@5_ndcg_best": 0.011016737735234294, "Recall@10_ndcg_best": 0.020208805163220957, "Recall@20_ndcg_best": 0.03393105626591839, "ndcg@5_ndcg_best": 0.007567065620103663, "ndcg@10_ndcg_best": 0.010883880759336452, "ndcg@20_ndcg_best": 0.014740456791671323, "gradients/mass_i.weight": {"_type": "histogram", "values": [1.0, 1.0, 0.0, 0.0, 1.0, 0.0, 0.0, 0.0, 0.0, 0.0, 0.0, 0.0, 1.0, 0.0, 0.0, 1.0, 0.0, 0.0, 1.0, 1.0, 0.0, 0.0, 0.0, 0.0, 3.0, 1.0, 1.0, 2.0, 0.0, 3.0, 1.0, 6.0, 5.0, 2.0, 4.0, 6.0, 5.0, 4.0, 12.0, 7.0, 10.0, 14.0, 17.0, 15.0, 17.0, 23.0, 27.0, 25.0, 24.0, 54.0, 61.0, 55.0, 195.0, 110.0, 261.0, 192.0, 86.0, 2022.0, 139.0, 80.0, 37.0, 22.0, 8.0, 5.0], "bins": [-0.0038903034292161465, -0.003822689177468419, -0.003755074692890048, -0.0036874604411423206, -0.0036198461893945932, -0.003552231937646866, -0.003484617453068495, -0.0034170032013207674, -0.00334938894957304, -0.0032817746978253126, -0.0032141602132469416, -0.003146545961499214, -0.0030789317097514868, -0.0030113174580037594, -0.0029437029734253883, -0.002876088721677661, -0.00280847423709929, -0.0027408599853515625, -0.0026732455007731915, -0.002605631249025464, -0.0025380169972777367, -0.0024704025126993656, -0.0024027882609516382, -0.002335174009203911, -0.0022675595246255398, -0.0021999452728778124, -0.0021323307882994413, -0.002064716536551714, -0.0019971022848039865, -0.0019294879166409373, -0.001861873548477888, -0.0017942592967301607, -0.0017266448121517897, -0.0016590304439887404, -0.001591416192241013, -0.0015238018240779638, -0.0014561875723302364, -0.0013885732041671872, -0.001320958836004138, -0.0012533445842564106, -0.0011857302160933614, -0.0011181158479303122, -0.0010505015961825848, -0.0009828872280195355, -0.0009152729180641472, -0.0008476586081087589, -0.0007800442399457097, -0.0007124299299903214, -0.0006448156200349331, -0.0005772013100795448, -0.0005095870001241565, -0.00044197263196110725, -0.00037435832200571895, -0.00030674401205033064, -0.00023912967299111187, -0.0001715153339318931, -0.0001039010239765048, -3.628669946920127e-05, 3.132762503810227e-05, 9.89419495454058e-05, 0.00016655627405270934, 0.00023417058400809765, 0.0003017849230673164, 0.0003693992621265352, 0.0004370135720819235]}, "gradients/mass_u.weight": {"_type": "histogram", "values": [1.0, 0.0, 0.0, 0.0, 0.0, 0.0, 0.0, 0.0, 0.0, 0.0, 0.0, 0.0, 0.0, 0.0, 0.0, 0.0, 0.0, 0.0, 0.0, 0.0, 0.0, 0.0, 0.0, 0.0, 0.0, 0.0, 0.0, 0.0, 0.0, 0.0, 0.0, 0.0, 0.0, 0.0, 0.0, 0.0, 0.0, 0.0, 0.0, 1.0, 0.0, 0.0, 0.0, 1.0, 0.0, 1.0, 0.0, 0.0, 0.0, 0.0, 0.0, 0.0, 1.0, 3.0, 2.0, 3.0, 7.0, 5.0, 8.0, 15.0, 31.0, 71.0, 217.0, 5174.0], "bins": [-0.024008218199014664, -0.023633088916540146, -0.023257961496710777, -0.02288283221423626, -0.02250770479440689, -0.022132575511932373, -0.021757448092103004, -0.021382318809628487, -0.021007191389799118, -0.0206320621073246, -0.02025693468749523, -0.019881805405020714, -0.019506677985191345, -0.019131548702716827, -0.01875642128288746, -0.01838129200041294, -0.018006164580583572, -0.017631035298109055, -0.017255907878279686, -0.016880778595805168, -0.0165056511759758, -0.016130521893501282, -0.015755394473671913, -0.015380265191197395, -0.015005135908722878, -0.014630007557570934, -0.014254879206418991, -0.013879750855267048, -0.013504622504115105, -0.013129494152963161, -0.012754365801811218, -0.0123792365193367, -0.012004109099507332, -0.011628980748355389, -0.011253852397203445, -0.010878724046051502, -0.010503595694899559, -0.010128467343747616, -0.009753338992595673, -0.009378209710121155, -0.009003082290291786, -0.008627953939139843, -0.0082528255879879, -0.007877697236835957, -0.007502568885684013, -0.00712744053453207, -0.00675231171771884, -0.0063771833665668964, -0.006002054549753666, -0.005626926198601723, -0.0052517978474497795, -0.004876669496297836, -0.004501541145145893, -0.00412641279399395, -0.0037512839771807194, -0.003376155626028776, -0.003001027274876833, -0.0026258989237248898, -0.0022507705725729465, -0.0018756419885903597, -0.0015005136374384165, -0.0011253852862864733, -0.0007502567023038864, -0.0003751283511519432, 0.0]}, "gradients/embedding_user.weight": {"_type": "histogram", "values": [2.0, 1.0, 0.0, 0.0, 1.0, 1.0, 6.0, 3.0, 2.0, 2.0, 5.0, 1.0, 4.0, 2.0, 6.0, 5.0, 8.0, 11.0, 16.0, 12.0, 18.0, 15.0, 38.0, 59.0, 146.0, 627.0, 6842.0, 343106.0, 2902.0, 443.0, 121.0, 55.0, 41.0, 19.0, 16.0, 19.0, 18.0, 11.0, 4.0, 2.0, 7.0, 6.0, 1.0, 5.0, 2.0, 5.0, 3.0, 1.0, 0.0, 1.0, 1.0, 0.0, 1.0, 0.0, 0.0, 0.0, 0.0, 0.0, 0.0, 0.0, 0.0, 0.0, 0.0, 1.0], "bins": [-0.00229194900020957, -0.002208246383816004, -0.0021245440002530813, -0.002040841383859515, -0.001957138767465949, -0.0018734362674877048, -0.0017897337675094604, -0.0017060311511158943, -0.00162232865113765, -0.0015386261511594057, -0.0014549235347658396, -0.0013712210347875953, -0.001287518534809351, -0.0012038159184157848, -0.0011201134184375405, -0.0010364109184592962, -0.0009527083020657301, -0.0008690057438798249, -0.0007853031856939197, -0.0007016006857156754, -0.0006178981275297701, -0.0005341955693438649, -0.0004504930693656206, -0.0003667905111797154, -0.0002830879529938102, -0.0001993854093598202, -0.0001156828657258302, -3.1980336643755436e-05, 5.172222154214978e-05, 0.000135424779728055, 0.0002191272797062993, 0.0003028298378922045, 0.0003865326289087534, 0.0004702351870946586, 0.0005539377452805638, 0.0006376402452588081, 0.0007213428034447134, 0.0008050453616306186, 0.0008887478616088629, 0.0009724504197947681, 0.0010561529779806733, 0.0011398554779589176, 0.0012235580943524837, 0.001307260594330728, 0.0013909630943089724, 0.0014746657107025385, 0.0015583682106807828, 0.001642070710659027, 0.0017257733270525932, 0.0018094758270308375, 0.0018931784434244037, 0.001976880943402648, 0.002060583559796214, 0.0021442859433591366, 0.0022279885597527027, 0.002311691176146269, 0.002395393792539835, 0.002479096408933401, 0.0025627987924963236, 0.0026465014088898897, 0.002730204025283456, 0.0028139064088463783, 0.0028976090252399445, 0.0029813116416335106, 0.003065014025196433]}, "gradients/embedding_item.weight": {"_type": "histogram", "values": [3.0, 0.0, 3.0, 1.0, 1.0, 4.0, 4.0, 7.0, 10.0, 14.0, 9.0, 9.0, 10.0, 21.0, 21.0, 37.0, 52.0, 77.0, 90.0, 117.0, 175.0, 265.0, 433.0, 701.0, 1122.0, 1910.0, 3193.0, 5574.0, 10595.0, 24972.0, 81025.0, 57313.0, 19719.0, 9008.0, 4804.0, 2696.0, 1567.0, 924.0, 609.0, 376.0, 255.0, 180.0, 115.0, 74.0, 60.0, 45.0, 28.0, 33.0, 22.0, 22.0, 14.0, 9.0, 6.0, 6.0, 2.0, 1.0, 2.0, 1.0, 0.0, 2.0, 2.0, 1.0, 0.0, 1.0],