{"TOTAL_BEST_METRIC": 0.9595618226559193, "BEST_NDCG@10": 0.12135802323138555, "_timestamp": 1688284161.952876, "_runtime": 355.46634101867676, "_step": 1188, "epoch": 1000, "Train_Metric_loss": -0.08027502596378326, "Train_Reg_loss": 0.00015093557303771376, "Recall@5": 0.1273092619896132, "Recall@10": 0.19831166941743594, "Recall@20": 0.27088927361663534, "NDCG@5": 0.09606731011854636, "NDCG@10": 0.12081184820271854, "NDCG@20": 0.14166455261046948, "Recall@5_total_best": 0.12840047180334666, "Recall@10_total_best": 0.19580672973969576, "Recall@20_total_best": 0.2756882757323218, "ndcg@5_total_best": 0.096632744081968, "ndcg@10_total_best": 0.1201463329352711, "ndcg@20_total_best": 0.142887268363316, "EPOCH_ndcg_best": 970, "Recall@5_ndcg_best": 0.12809026160164366, "Recall@10_ndcg_best": 0.1989730265829321, "Recall@20_ndcg_best": 0.27128215031131864, "ndcg@5_ndcg_best": 0.09656870720465448, "ndcg@10_ndcg_best": 0.12135802323138555, "ndcg@20_ndcg_best": 0.14212129794694936, "gradients/mass_i.weight": {"_type": "histogram", "values": [2.0, 0.0, 0.0, 1.0, 1.0, 0.0, 1.0, 2.0, 0.0, 0.0, 0.0, 0.0, 0.0, 2.0, 2.0, 0.0, 2.0, 5.0, 0.0, 4.0, 4.0, 5.0, 2.0, 8.0, 7.0, 6.0, 9.0, 11.0, 15.0, 9.0, 22.0, 3.0, 14.0, 27.0, 38.0, 63.0, 27.0, 20.0, 15.0, 10.0, 27.0, 3063.0, 10.0, 9.0, 10.0, 15.0, 14.0, 23.0, 21.0, 7.0, 4.0, 5.0, 1.0, 5.0, 1.0, 2.0, 1.0, 0.0, 3.0, 0.0, 3.0, 2.0, 2.0, 3.0], "bins": [-0.00015804069698788226, -0.00015421795251313597, -0.0001503952225903049, -0.00014657247811555862, -0.00014274974819272757, -0.00013892700371798128, -0.00013510427379515022, -0.00013128152932040393, -0.00012745879939757288, -0.0001236360549228266, -0.00011981332499999553, -0.00011599058780120686, -0.00011216785060241818, -0.00010834511340362951, -0.00010452237620484084, -0.00010069963173009455, -9.687689453130588e-05, -9.30541573325172e-05, -8.923142013372853e-05, -8.540868293493986e-05, -8.158594573615119e-05, -7.776320853736252e-05, -7.394046406261623e-05, -7.011773413978517e-05, -6.629498966503888e-05, -6.247225246625021e-05, -5.864951526746154e-05, -5.4826778068672866e-05, -5.100404086988419e-05, -4.718130367109552e-05, -4.335856283432804e-05, -3.953582563553937e-05, -3.57130920747295e-05, -3.189035487594083e-05, -2.8067617677152157e-05, -2.424487865937408e-05, -2.0422141460585408e-05, -1.6599404261796735e-05, -1.2776665244018659e-05, -8.953928045229986e-06, -5.131190846441314e-06, -1.30845319290529e-06, 2.5142844606307335e-06, 6.337022568914108e-06, 1.015975976770278e-05, 1.3982496966491453e-05, 1.780523598426953e-05, 2.1627973183058202e-05, 2.5450710381846875e-05, 2.9273447580635548e-05, 3.309618477942422e-05, 3.691892197821289e-05, 4.0741659177001566e-05, 4.456439637579024e-05, 4.838713721255772e-05, 5.220987441134639e-05, 5.6032611610135064e-05, 5.9855348808923736e-05, 6.367808964569122e-05, 6.750082684447989e-05, 7.132356404326856e-05, 7.514630124205723e-05, 7.89690384408459e-05, 8.279177563963458e-05, 8.661451283842325e-05]}, "gradients/mass_u.weight": {"_type": "histogram", "values": [2.0, 0.0, 0.0, 0.0, 0.0, 0.0, 0.0, 0.0, 0.0, 1.0, 1.0, 1.0, 0.0, 3.0, 2.0, 1.0, 0.0, 1.0, 0.0, 2.0, 5.0, 3.0, 1.0, 0.0, 1.0, 2.0, 4.0, 5.0, 3.0, 6.0, 12.0, 4.0, 12.0, 5.0, 7.0, 15.0, 13.0, 12.0, 25.0, 27.0, 19.0, 20.0, 8.0, 5280.0, 7.0, 5.0, 7.0, 2.0, 4.0, 2.0, 1.0, 3.0, 1.0, 1.0, 1.0, 2.0, 1.0, 0.0, 0.0, 0.0, 0.0, 0.0, 0.0, 1.0], "bins": [-0.0003285800339654088, -0.00032102197292260826, -0.0003134639118798077, -0.00030590585083700716, -0.0002983477897942066, -0.0002907897287514061, -0.00028323166770860553, -0.0002756735775619745, -0.00026811554562300444, -0.0002605574845802039, -0.00025299942353740335, -0.0002454413624946028, -0.00023788330145180225, -0.0002303252404090017, -0.00022276716481428593, -0.0002152091037714854, -0.00020765102817676961, -0.00020009296713396907, -0.00019253490609116852, -0.00018497684504836798, -0.00017741878400556743, -0.00016986072296276689, -0.0001623026473680511, -0.00015474458632525057, -0.00014718652528245002, -0.00013962846423964947, -0.00013207040319684893, -0.00012451234215404838, -0.00011695427383529022, -0.00010939621279248968, -0.00010183814447373152, -9.428008343093097e-05, -8.672203694004565e-05, -7.916397589724511e-05, -7.160591485444456e-05, -6.40478465356864e-05, -5.648978549288586e-05, -4.893172445008531e-05, -4.137365976930596e-05, -3.3815595088526607e-05, -2.625753404572606e-05, -1.869947118393611e-05, -1.1141408322146162e-05, -3.583345460356213e-06, 3.974717401433736e-06, 1.1532778444234282e-05, 1.9090843125013635e-05, 2.6648907805792987e-05, 3.420696884859353e-05, 4.176502989139408e-05, 4.932309457217343e-05, 5.6881159252952784e-05, 6.443922029575333e-05, 7.199728133855388e-05, 7.955534965731204e-05, 8.711341070011258e-05, 9.467147174291313e-05, 0.00010222953278571367, 0.00010978759382851422, 0.00011734566214727238, 0.0001249037159141153, 0.00013246177695691586, 0.00014001985255163163, 0.00014757791359443218, 0.00015513597463723272]}, "gradients/embedding_user.weight": {"_type": "histogram", "values": [1.0, 0.0, 1.0, 1.0, 3.0, 0.0, 1.0, 2.0, 6.0, 7.0, 13.0, 7.0, 21.0, 27.0, 33.0, 37.0, 75.0, 105.0, 141.0, 209.0, 326.0, 531.0, 778.0, 1339.0, 2042.0, 3113.0, 5136.0, 14347.0, 72077.0, 153269.0, 72941.0, 14127.0, 4977.0, 3181.0, 2128.0, 1321.0, 839.0, 466.0, 341.0, 219.0, 123.0, 92.0, 62.0, 35.0, 29.0, 22.0, 21.0, 21.0, 8.0, 7.0, 6.0, 2.0, 4.0, 0.0, 1.0, 1.0, 0.0, 0.0, 1.0, 0.0, 0.0, 0.0, 0.0, 1.0], "bins": [-3.230841684853658e-05, -3.1212948670145124e-05, -3.0117484129732475e-05, -2.902201777033042e-05, -2.792655141092837e-05, -2.6831083232536912e-05, -2.573561687313486e-05, -2.4640150513732806e-05, -2.3544684154330753e-05, -2.24492177949287e-05, -2.1353751435526647e-05, -2.0258285076124594e-05, -1.9162816897733137e-05, -1.8067352357320487e-05, -1.697188417892903e-05, -1.5876417819526978e-05, -1.4780951460124925e-05, -1.3685485100722872e-05, -1.2590018741320819e-05, -1.1494551472424064e-05, -1.039908511302201e-05, -9.303618753619958e-06, -8.208151484723203e-06, -7.11268512532115e-06, -6.017218765919097e-06, -4.921752406517044e-06, -3.82628559236764e-06, -2.7308190055919113e-06, -1.6353524188161828e-06, -5.398860594141297e-07, 5.555807547352742e-07, 1.6510475688846782e-06, 2.746510290307924e-06, 3.841976649709977e-06, 4.937443463859381e-06, 6.032910278008785e-06, 7.128376637410838e-06, 8.223842996812891e-06, 9.319310265709646e-06, 1.0414776625111699e-05, 1.1510242984513752e-05, 1.2605709343915805e-05, 1.3701175703317858e-05, 1.4796642972214613e-05, 1.5892110241111368e-05, 1.6987574781524017e-05, 1.8083042959915474e-05, 1.9178509319317527e-05, 2.027397567871958e-05, 2.1369442038121633e-05, 2.2464908397523686e-05, 2.356037475692574e-05, 2.4655841116327792e-05, 2.575130929471925e-05, 2.6846775654121302e-05, 2.7942242013523355e-05, 2.9037708372925408e-05, 3.013317473232746e-05, 3.122864291071892e-05, 3.232410745113157e-05, 3.3419575629523024e-05, 3.4515040169935673e-05, 3.561050834832713e-05, 3.670597652671859e-05, 3.7801441067131236e-05]}, "gradients/embedding_item.weight": {"_type": "histogram", "values": [1.0, 2.0, 1.0, 0.0, 1.0, 1.0, 3.0, 1.0, 2.0, 2.0, 6.0, 6.0, 11.0, 13.0, 15.0, 28.0, 19.0, 45.0, 63.0, 77.0, 121.0, 171.0, 299.0, 392.0, 684.0, 1122.0, 1856.0, 2956.0, 5071.0, 8803.0, 14564.0, 23045.0, 32973.0, 54309.0, 29554.0, 20423.0, 12843.0, 7639.0, 4496.0, 2564.0, 1479.0, 930.0, 578.0, 371.0, 252.0, 151.0, 138.0, 74.0, 62.0, 38.0, 16.0, 18.0, 16.0, 16.0, 5.0, 8.0, 3.0, 6.0, 4.0, 1.0, 1.0, 0.0, 1.0, 2.0],