{"TOTAL_BEST_METRIC": 0.17890342829776318, "BEST_NDCG@10": 0.02474396162143714, "_timestamp": 1688578413.7372782, "_runtime": 879.8106911182404, "_step": 47, "epoch": 38, "Train_Metric_loss": 3.188521331118554, "Train_Reg_loss": 6.879651677475512e-05, "Pos_loss": 10.593828201293945, "Neg_loss": 1.203922152519226, "Recall@5": 0.017156905592991156, "Recall@10": 0.03123164033421875, "Recall@20": 0.053555281216073, "NDCG@5": 0.019595528625232245, "NDCG@10": 0.02474396162143714, "NDCG@20": 0.032620110907810876, "Recall@5_total_best": 0.017156905592991156, "Recall@10_total_best": 0.03123164033421875, "Recall@20_total_best": 0.053555281216073, "ndcg@5_total_best": 0.019595528625232245, "ndcg@10_total_best": 0.02474396162143714, "ndcg@20_total_best": 0.032620110907810876, "EPOCH_ndcg_best": 30, "Recall@5_ndcg_best": 0.017156905592991156, "Recall@10_ndcg_best": 0.03123164033421875, "Recall@20_ndcg_best": 0.053555281216073, "ndcg@5_ndcg_best": 0.019595528625232245, "ndcg@10_ndcg_best": 0.02474396162143714, "ndcg@20_ndcg_best": 0.032620110907810876, "gradients/mass_i.weight": {"_type": "histogram", "values": [1.0, 0.0, 1.0, 0.0, 0.0, 0.0, 0.0, 0.0, 0.0, 3.0, 1.0, 0.0, 1.0, 2.0, 0.0, 1.0, 6.0, 2.0, 3.0, 3.0, 6.0, 4.0, 7.0, 7.0, 10.0, 7.0, 11.0, 14.0, 23.0, 25.0, 42.0, 47.0, 65.0, 81.0, 81.0, 110.0, 130.0, 207.0, 357.0, 373.0, 449.0, 414.0, 373.0, 298.0, 402.0, 22.0, 42505.0, 0.0, 42.0, 593.0, 729.0, 406.0, 122.0, 121.0, 85.0, 50.0, 22.0, 14.0, 7.0, 3.0, 2.0, 0.0, 2.0, 2.0], "bins": [-0.00018081405141856521, -0.0001769605150911957, -0.00017310699331574142, -0.00016925347154028714, -0.00016539993521291763, -0.00016154639888554811, -0.00015769287711009383, -0.00015383935533463955, -0.00014998581900727004, -0.00014613228267990053, -0.00014227876090444624, -0.00013842523912899196, -0.00013457170280162245, -0.00013071816647425294, -0.00012686464469879866, -0.00012301112292334437, -0.00011915758659597486, -0.00011530405754456297, -0.00011145052849315107, -0.00010759699944173917, -0.00010374347039032727, -9.988994133891538e-05, -9.603641228750348e-05, -9.218288323609158e-05, -8.832935418467969e-05, -8.447582513326779e-05, -8.062229608185589e-05, -7.6768767030444e-05, -7.29152379790321e-05, -6.90617089276202e-05, -6.52081798762083e-05, -6.135465082479641e-05, -5.7501129049342126e-05, -5.364759999793023e-05, -4.979407094651833e-05, -4.5940541895106435e-05, -4.208701284369454e-05, -3.823348379228264e-05, -3.4379954740870744e-05, -3.052642568945885e-05, -2.667289663804695e-05, -2.2819367586635053e-05, -1.8965838535223156e-05, -1.511230948381126e-05, -1.1258780432399362e-05, -7.405251380987465e-06, -3.5517223295755684e-06, 3.018067218363285e-07, 4.1553357732482255e-06, 8.008864824660122e-06, 1.186239387607202e-05, 1.5715922927483916e-05, 1.9569451978895813e-05, 2.342298103030771e-05, 2.7276510081719607e-05, 3.1130039133131504e-05, 3.49835681845434e-05, 3.88370972359553e-05, 4.2690626287367195e-05, 4.654415533877909e-05, 5.039768439019099e-05, 5.4251213441602886e-05, 5.810474249301478e-05, 6.195827154442668e-05, 6.581180059583858e-05]}, "gradients/mass_u.weight": {"_type": "histogram", "values": [1.0, 0.0, 0.0, 0.0, 0.0, 0.0, 0.0, 0.0, 0.0, 0.0, 0.0, 0.0, 0.0, 0.0, 0.0, 0.0, 0.0, 0.0, 0.0, 0.0, 0.0, 0.0, 0.0, 0.0, 0.0, 0.0, 1.0, 0.0, 0.0, 0.0, 1.0, 1.0, 0.0, 1.0, 0.0, 0.0, 0.0, 1.0, 0.0, 0.0, 0.0, 0.0, 1.0, 1.0, 0.0, 0.0, 2.0, 2.0, 2.0, 1.0, 2.0, 1.0, 4.0, 5.0, 7.0, 11.0, 10.0, 15.0, 20.0, 20.0, 55.0, 125.0, 203.0, 96969.0], "bins": [-0.0048262812197208405, -0.004750870633870363, -0.004675460048019886, -0.004600049462169409, -0.004524638876318932, -0.004449227824807167, -0.00437381723895669, -0.004298406653106213, -0.004222996067255735, -0.004147585481405258, -0.004072174895554781, -0.003996764309704304, -0.003921353258192539, -0.0038459429051727057, -0.0037705320864915848, -0.0036951215006411076, -0.0036197109147906303, -0.003544300328940153, -0.003468889743089676, -0.003393478924408555, -0.003318068338558078, -0.0032426577527076006, -0.0031672469340264797, -0.0030918363481760025, -0.0030164257623255253, -0.002941015176475048, -0.002865604590624571, -0.00279019377194345, -0.0027147831860929728, -0.0026393726002424955, -0.0025639617815613747, -0.0024885511957108974, -0.0024131406098604202, -0.002337730024009943, -0.002262319438159466, -0.002186908619478345, -0.0021114980336278677, -0.0020360874477773905, -0.0019606766290962696, -0.0018852660432457924, -0.0018098554573953152, -0.001734444871544838, -0.001659034169279039, -0.0015836234670132399, -0.0015082128811627626, -0.0014328022953122854, -0.0013573915930464864, -0.0012819808907806873, -0.0012065703049302101, -0.001131159719079733, -0.0010557490168139338, -0.0009803383145481348, -0.0009049277286976576, -0.0008295170846395195, -0.0007541064405813813, -0.0006786957965232432, -0.0006032851524651051, -0.0005278745084069669, -0.0004524638643488288, -0.00037705322029069066, -0.00030164257623255253, -0.0002262319321744144, -0.00015082128811627626, -7.541064405813813e-05, 0.0]}, "gradients/embedding_user.weight": {"_type": "histogram", "values": [1.0, 1.0, 2.0, 2.0, 0.0, 2.0, 1.0, 1.0, 5.0, 2.0, 3.0, 1.0, 5.0, 5.0, 6.0, 7.0, 9.0, 12.0, 9.0, 19.0, 31.0, 49.0, 59.0, 83.0, 155.0, 274.0, 513.0, 1188.0, 3072.0, 9276.0, 1921018.0, 4286706.0, 9586.0, 3001.0, 1163.0, 557.0, 261.0, 143.0, 95.0, 67.0, 53.0, 29.0, 22.0, 14.0, 10.0, 11.0, 7.0, 5.0, 8.0, 5.0, 2.0, 4.0, 0.0, 0.0, 3.0, 1.0, 1.0, 1.0, 0.0, 1.0, 0.0, 0.0, 0.0, 1.0], "bins": [-0.0023299623280763626, -0.0022548497654497623, -0.002179737202823162, -0.0021046248730272055, -0.002029512310400605, -0.001954399747774005, -0.0018792873015627265, -0.001804174855351448, -0.0017290622927248478, -0.0016539497300982475, -0.001578837283886969, -0.0015037248376756907, -0.0014286122750490904, -0.0013534997124224901, -0.0012783872662112117, -0.0012032748199999332, -0.001128162257373333, -0.0010530496947467327, -0.0009779372485354543, -0.0009028247441165149, -0.0008277122396975756, -0.0007525997352786362, -0.0006774872308596969, -0.0006023747264407575, -0.0005272622220218182, -0.0004521497176028788, -0.00037703721318393946, -0.0003019247087650001, -0.00022681220434606075, -0.0001516996999271214, -7.658719550818205e-05, -1.4746910892426968e-06, 7.3637580499053e-05, 0.00014875008491799235, 0.0002238625893369317, 0.00029897509375587106, 0.0003740875981748104, 0.00044920010259374976, 0.0005243126070126891, 0.0005994251114316285, 0.0006745376158505678, 0.0007496501202695072, 0.0008247626246884465, 0.0008998751291073859, 0.0009749876335263252, 0.0010501001961529255, 0.001125212642364204, 0.0012003250885754824, 0.0012754376512020826, 0.001350550213828683, 0.0014256626600399613, 0.0015007751062512398, 0.00157588766887784, 0.0016510002315044403, 0.0017261126777157187, 0.0018012251239269972, 0.0018763376865535975, 0.0019514502491801977, 0.0020265625789761543, 0.0021016751416027546, 0.002176787704229355, 0.002251900266855955, 0.0023270128294825554, 0.002402125159278512, 0.0024772377219051123]}, "gradients/embedding_item.weight": {"_type": "histogram", "values": [1.0, 2.0, 0.0, 1.0, 1.0, 0.0, 1.0, 3.0, 4.0, 7.0, 16.0, 14.0, 23.0, 40.0, 48.0, 72.0, 119.0, 207.0, 295.0, 450.0, 825.0, 1303.0, 2228.0, 3999.0, 7602.0, 13373.0, 25687.0, 48864.0, 99583.0, 182127.0, 527662.0, 1748216.0, 197187.0, 114268.0, 54680.0, 28335.0, 14998.0, 8066.0, 4521.0, 2434.0, 1386.0, 826.0, 515.0, 310.0, 182.0, 91.0, 75.0, 52.0, 31.0, 25.0, 18.0, 10.0, 10.0, 9.0, 5.0, 1.0, 3.0, 1.0, 2.0, 1.0, 0.0, 0.0, 0.0, 1.0],