{"R@05": 0.006784149005890294, "R@10": 0.013679819829934424, "R@20": 0.026816392479697117, "N@05": 0.046025558059083566, "N@10": 0.046286000815064336, "N@20": 0.04787967245587158, "_timestamp": 1688073664.920209, "_runtime": 11941.154995918274, "_step": 1146, "BEST_NDCG@10": 0.046955461535165534, "epoch": 999, "Tr_loss": 1175.2314920043946, "gradients/item_embeddings.weight": {"_type": "histogram", "values": [1.0, 0.0, 0.0, 0.0, 1.0, 0.0, 0.0, 1.0, 0.0, 2.0, 0.0, 0.0, 3.0, 4.0, 11.0, 7.0, 16.0, 19.0, 30.0, 56.0, 70.0, 113.0, 123.0, 156.0, 187.0, 272.0, 368.0, 443.0, 506.0, 584.0, 655.0, 688.0, 824.0, 782.0, 224711.0, 819.0, 814.0, 746.0, 734.0, 674.0, 536.0, 466.0, 404.0, 326.0, 258.0, 207.0, 160.0, 107.0, 82.0, 56.0, 41.0, 40.0, 17.0, 16.0, 15.0, 11.0, 6.0, 5.0, 4.0, 1.0, 1.0, 2.0, 1.0, 2.0], "bins": [-29.094980239868164, -28.260364532470703, -27.42574691772461, -26.59113121032715, -25.756515502929688, -24.921899795532227, -24.087284088134766, -23.252666473388672, -22.41805076599121, -21.58343505859375, -20.748817443847656, -19.914201736450195, -19.079586029052734, -18.244970321655273, -17.410354614257812, -16.57573699951172, -15.741121292114258, -14.906505584716797, -14.07188892364502, -13.237272262573242, -12.402656555175781, -11.56804084777832, -10.733424186706543, -9.898807525634766, -9.064191818237305, -8.229576110839844, -7.394959449768066, -6.560343265533447, -5.725727081298828, -4.891110897064209, -4.05649471282959, -3.2218785285949707, -2.3872623443603516, -1.5526461601257324, -0.7180299758911133, 0.11658620834350586, 0.951202392578125, 1.7858185768127441, 2.6204347610473633, 3.4550509452819824, 4.289667129516602, 5.124283313751221, 5.95889949798584, 6.793515682220459, 7.628131866455078, 8.462747573852539, 9.297364234924316, 10.131980895996094, 10.966596603393555, 11.801212310791016, 12.635828971862793, 13.47044563293457, 14.305061340332031, 15.139677047729492, 15.97429370880127, 16.808910369873047, 17.643526077270508, 18.47814178466797, 19.312759399414062, 20.147375106811523, 20.981990814208984, 21.816606521606445, 22.651222229003906, 23.48583984375, 24.32045555114746]}, "gradients/user_embeddings.weight": {"_type": "histogram", "values": [1.0, 0.0, 1.0, 1.0, 3.0, 8.0, 9.0, 4.0, 10.0, 20.0, 17.0, 24.0, 36.0, 45.0, 62.0, 72.0, 70.0, 98.0, 132.0, 127.0, 137.0, 159.0, 187.0, 224.0, 235.0, 280.0, 297.0, 318.0, 329.0, 363.0, 379879.0, 334.0, 327.0, 302.0, 318.0, 294.0, 252.0, 218.0, 213.0, 176.0, 190.0, 152.0, 140.0, 95.0, 94.0, 57.0, 71.0, 50.0, 27.0, 32.0, 12.0, 14.0, 12.0, 7.0, 7.0, 6.0, 4.0, 3.0, 3.0, 1.0, 0.0, 0.0, 0.0, 1.0], "bins": [-19.66574478149414, -19.027301788330078, -18.388858795166016, -17.750415802001953, -17.11197280883789, -16.473527908325195, -15.835084915161133, -15.19664192199707, -14.558198928833008, -13.919755935668945, -13.281312942504883, -12.642868995666504, -12.004426002502441, -11.365983009338379, -10.7275390625, -10.089096069335938, -9.450653076171875, -8.812210083007812, -8.17376708984375, -7.535323143005371, -6.896880149841309, -6.258437156677246, -5.619993686676025, -4.981550216674805, -4.343107223510742, -3.7046639919281006, -3.066220760345459, -2.4277775287628174, -1.7893342971801758, -1.1508910655975342, -0.5124478340148926, 0.12599563598632812, 0.7644367218017578, 1.4028799533843994, 2.041323184967041, 2.6797664165496826, 3.318209648132324, 3.956652879714966, 4.595096111297607, 5.233539581298828, 5.871982574462891, 6.510425567626953, 7.148869037628174, 7.7873125076293945, 8.425755500793457, 9.06419849395752, 9.702642440795898, 10.341085433959961, 10.979528427124023, 11.617971420288086, 12.256414413452148, 12.894858360290527, 13.53330135345459, 14.171744346618652, 14.810188293457031, 15.448631286621094, 16.087074279785156, 16.72551727294922, 17.36396026611328, 18.002403259277344, 18.640846252441406, 19.2792911529541, 19.917734146118164, 20.556177139282227, 21.19462013244629]}, "_wandb": {"runtime": 11940}}