{"TOTAL_BEST_METRIC": 0.6087890602169933, "BEST_NDCG@10": 0.09830457166529305, "_timestamp": 1688596588.0091496, "_runtime": 19174.824810504913, "_step": 1159, "epoch": 1000, "Train_Metric_loss": 5.471523734239431, "Train_Reg_loss": 9.217966908181552e-05, "Pos_loss": 11.619210243225098, "Neg_loss": 0.39749690890312195, "Recall@5": 0.0612473783410106, "Recall@10": 0.09591209392014352, "Recall@20": 0.14479954985091972, "NDCG@5": 0.08981119764255646, "NDCG@10": 0.09743003472293711, "NDCG@20": 0.11381285381093376, "Recall@5_total_best": 0.061533323182147236, "Recall@10_total_best": 0.09712397850064296, "Recall@20_total_best": 0.1465875962211805, "ndcg@5_total_best": 0.09040849360188212, "ndcg@10_total_best": 0.09830457166529305, "ndcg@20_total_best": 0.11483109704584743, "EPOCH_ndcg_best": 970, "Recall@5_ndcg_best": 0.061533323182147236, "Recall@10_ndcg_best": 0.09712397850064296, "Recall@20_ndcg_best": 0.1465875962211805, "ndcg@5_ndcg_best": 0.09040849360188212, "ndcg@10_ndcg_best": 0.09830457166529305, "ndcg@20_ndcg_best": 0.11483109704584743, "gradients/mass_i.weight": {"_type": "histogram", "values": [1.0, 0.0, 0.0, 0.0, 0.0, 1.0, 0.0, 0.0, 0.0, 0.0, 0.0, 0.0, 0.0, 0.0, 0.0, 0.0, 0.0, 0.0, 0.0, 0.0, 0.0, 0.0, 0.0, 2.0, 1.0, 3.0, 3.0, 0.0, 2.0, 9.0, 6.0, 9.0, 6.0, 38.0, 45.0, 108.0, 219.0, 510.0, 1134.0, 2057.0, 34417.0, 1220.0, 949.0, 298.0, 103.0, 45.0, 36.0, 18.0, 9.0, 3.0, 2.0, 2.0, 1.0, 2.0, 3.0, 0.0, 0.0, 0.0, 0.0, 1.0, 0.0, 0.0, 0.0, 1.0], "bins": [-2.727938954194542e-05, -2.6613797672325745e-05, -2.594820580270607e-05, -2.5282613933086395e-05, -2.4617023882456124e-05, -2.395143201283645e-05, -2.3285840143216774e-05, -2.26202482735971e-05, -2.1954656403977424e-05, -2.128906453435775e-05, -2.0623472664738074e-05, -1.9957882614107803e-05, -1.9292290744488128e-05, -1.8626698874868453e-05, -1.7961107005248778e-05, -1.7295515135629103e-05, -1.662992508499883e-05, -1.5964333215379156e-05, -1.529874134575948e-05, -1.4633150385634508e-05, -1.3967559425509535e-05, -1.330196755588986e-05, -1.2636375686270185e-05, -1.197078381665051e-05, -1.1305192856525537e-05, -1.0639600986905862e-05, -9.974010026780888e-06, -9.308418157161213e-06, -8.642826287541538e-06, -7.977235327416565e-06, -7.31164345779689e-06, -6.646052042924566e-06, -5.9804588090628386e-06, -5.3148673941905145e-06, -4.64927597931819e-06, -3.983684109698515e-06, -3.3180926948261913e-06, -2.652501279953867e-06, -1.9869094103341922e-06, -1.3213179954618681e-06, -6.55726580589544e-07, 9.864947969617788e-09, 6.754564765287796e-07, 1.3410481187747791e-06, 2.0066395336471032e-06, 2.6722309485194273e-06, 3.3378228181391023e-06, 4.003414233011426e-06, 4.6690056478837505e-06, 5.334597062756075e-06, 6.000188477628399e-06, 6.665780347248074e-06, 7.331371762120398e-06, 7.996963176992722e-06, 8.662555046612397e-06, 9.328146916232072e-06, 9.993737876357045e-06, 1.065932974597672e-05, 1.1324920706101693e-05, 1.1990512575721368e-05, 1.2656104445341043e-05, 1.3321695405466016e-05, 1.3987287275085691e-05, 1.4652878235210665e-05, 1.531847010483034e-05]}, "gradients/mass_u.weight": {"_type": "histogram", "values": [1.0, 0.0, 0.0, 0.0, 0.0, 0.0, 0.0, 0.0, 0.0, 0.0, 1.0, 0.0, 0.0, 0.0, 0.0, 0.0, 0.0, 0.0, 1.0, 0.0, 0.0, 0.0, 1.0, 1.0, 0.0, 0.0, 0.0, 0.0, 0.0, 0.0, 1.0, 1.0, 0.0, 2.0, 0.0, 1.0, 0.0, 2.0, 3.0, 1.0, 0.0, 3.0, 3.0, 0.0, 2.0, 2.0, 0.0, 2.0, 4.0, 1.0, 4.0, 9.0, 8.0, 8.0, 10.0, 14.0, 21.0, 26.0, 27.0, 34.0, 87.0, 126.0, 82.0, 51917.0], "bins": [-0.0003700903325807303, -0.00036430766340345144, -0.000358525023330003, -0.00035274235415272415, -0.00034695968497544527, -0.0003411770157981664, -0.000335394375724718, -0.0003296117065474391, -0.0003238290373701602, -0.00031804636819288135, -0.0003122637281194329, -0.00030648105894215405, -0.0003006983897648752, -0.0002949157205875963, -0.0002891330805141479, -0.000283350411336869, -0.0002775677421595901, -0.00027178507298231125, -0.00026600243290886283, -0.00026021976373158395, -0.0002544370945543051, -0.0002486544253770262, -0.00024287177075166255, -0.0002370891161262989, -0.00023130646150093526, -0.0002255238068755716, -0.00021974113769829273, -0.00021395848307292908, -0.0002081758138956502, -0.00020239315927028656, -0.00019661049009300768, -0.00019082783546764404, -0.00018504516629036516, -0.0001792625116650015, -0.00017347984248772264, -0.000167697187862359, -0.0001619145186850801, -0.00015613186405971646, -0.0001503491948824376, -0.00014456654025707394, -0.00013878387107979506, -0.00013300121645443141, -0.00012721854727715254, -0.00012143588537583128, -0.00011565322347451001, -0.00010987056157318875, -0.00010408789967186749, -9.830524504650384e-05, -9.252258314518258e-05, -8.673992124386132e-05, -8.095725934254006e-05, -7.51745974412188e-05, -6.939193553989753e-05, -6.360927363857627e-05, -5.7826615375233814e-05, -5.204395347391255e-05, -4.626129157259129e-05, -4.047862967127003e-05, -3.4695967769948766e-05, -2.8913307687616907e-05, -2.3130645786295645e-05, -1.7347983884974383e-05, -1.1565323802642524e-05, -5.782661901321262e-06, 0.0]}, "gradients/embedding_user.weight": {"_type": "histogram", "values": [2.0, 0.0, 1.0, 0.0, 5.0, 1.0, 2.0, 3.0, 2.0, 2.0, 2.0, 1.0, 2.0, 2.0, 3.0, 5.0, 5.0, 6.0, 8.0, 27.0, 31.0, 71.0, 113.0, 214.0, 570.0, 1785.0, 10536.0, 3332191.0, 6225.0, 1263.0, 446.0, 190.0, 109.0, 55.0, 44.0, 16.0, 10.0, 10.0, 5.0, 1.0, 3.0, 7.0, 2.0, 1.0, 0.0, 1.0, 1.0, 0.0, 1.0, 1.0, 1.0, 1.0, 0.0, 0.0, 0.0, 0.0, 0.0, 0.0, 0.0, 0.0, 0.0, 0.0, 0.0, 1.0], "bins": [-0.001152160344645381, -0.0011100786505267024, -0.0010679969564080238, -0.0010259152622893453, -0.0009838335681706667, -0.000941751932259649, -0.0008996702381409705, -0.0008575886022299528, -0.0008155069081112742, -0.0007734252139925957, -0.0007313435198739171, -0.0006892618257552385, -0.0006471801898442209, -0.0006050984957255423, -0.0005630168016068637, -0.0005209351656958461, -0.0004788534133695066, -0.00043677171925082803, -0.0003946900542359799, -0.00035260836011730134, -0.00031052669510245323, -0.00026844500098377466, -0.0002263633068650961, -0.00018428164185024798, -0.0001421999477315694, -0.00010011826816480607, -5.803658132208511e-05, -1.5954894479364157e-05, 2.6126785087399185e-05, 6.820846465416253e-05, 0.0001102901587728411, 0.0001523718237876892, 0.00019445351790636778, 0.00023653519747313112, 0.00027861687703989446, 0.00032069857115857303, 0.00036278023617342114, 0.0004048619302920997, 0.0004469436244107783, 0.0004890252603217959, 0.0005311069544404745, 0.0005731886485591531, 0.0006152703426778316, 0.0006573520367965102, 0.0006994336727075279, 0.0007415153668262064, 0.000783597060944885, 0.0008256786968559027, 0.0008677604491822422, 0.0009098421433009207, 0.0009519238374195993, 0.000994005473330617, 0.0010360871674492955, 0.001078168861567974, 0.0011202505556866527, 0.0011623322498053312, 0.0012044139439240098, 0.0012464956380426884, 0.001288577332161367, 0.0013306590262800455, 0.001372740720398724, 0.0014148224145174026, 0.0014569039922207594, 0.001498985686339438, 0.0015410673804581165]}, "gradients/embedding_item.weight": {"_type": "histogram", "values": [1.0, 1.0, 0.0, 0.0, 1.0, 0.0, 1.0, 2.0, 1.0, 0.0, 3.0, 1.0, 1.0, 5.0, 3.0, 4.0, 6.0, 12.0, 16.0, 21.0, 34.0, 54.0, 71.0, 135.0, 219.0, 391.0, 751.0, 1776.0, 5350.0, 21878.0, 141220.0, 1931102.0, 466176.0, 55093.0, 10749.0, 3246.0, 1268.0, 570.0, 302.0, 174.0, 91.0, 58.0, 33.0, 15.0, 16.0, 10.0, 7.0, 8.0, 6.0, 5.0, 0.0, 2.0, 1.0, 2.0, 0.0, 1.0, 0.0, 0.0, 1.0, 0.0, 0.0, 0.0, 1.0, 1.0],