{"TOTAL_BEST_METRIC": 0.284625907889436, "BEST_NDCG@10": 0.03326343475715731, "_timestamp": 1688367827.9663737, "_runtime": 1159.2843706607819, "_step": 1127, "epoch": 1000, "Train_Metric_loss": -2.3379543338503157, "Train_Reg_loss": 0.00024974414554890245, "Pos_loss": -1.9958281517028809, "Neg_loss": 0.14062780141830444, "Recall@5": 0.03218485494411434, "Recall@10": 0.054208674319107926, "Recall@20": 0.0862686137863816, "NDCG@5": 0.022236948965924392, "NDCG@10": 0.029948493594224693, "NDCG@20": 0.03877446562457617, "Recall@5_total_best": 0.03736848422983049, "Recall@10_total_best": 0.05870034658435805, "Recall@20_total_best": 0.08787902430720562, "ndcg@5_total_best": 0.02591197843025902, "ndcg@10_total_best": 0.03326343475715731, "ndcg@20_total_best": 0.04150263958062545, "EPOCH_ndcg_best": 980, "Recall@5_ndcg_best": 0.03736848422983049, "Recall@10_ndcg_best": 0.05870034658435805, "Recall@20_ndcg_best": 0.08787902430720562, "ndcg@5_ndcg_best": 0.02591197843025902, "ndcg@10_ndcg_best": 0.03326343475715731, "ndcg@20_ndcg_best": 0.04150263958062545, "gradients/mass_i.weight": {"_type": "histogram", "values": [1.0, 0.0, 0.0, 0.0, 0.0, 0.0, 0.0, 1.0, 0.0, 0.0, 0.0, 0.0, 0.0, 0.0, 0.0, 2.0, 0.0, 3.0, 2.0, 1.0, 0.0, 2.0, 1.0, 1.0, 3.0, 6.0, 5.0, 11.0, 8.0, 5.0, 10.0, 14.0, 17.0, 13.0, 30.0, 28.0, 37.0, 28.0, 53.0, 55.0, 85.0, 85.0, 111.0, 85.0, 80.0, 69.0, 58.0, 46.0, 7365.0, 49.0, 98.0, 70.0, 59.0, 31.0, 31.0, 20.0, 2.0, 5.0, 3.0, 9.0, 6.0, 2.0, 4.0, 3.0], "bins": [-4.20942778873723e-05, -4.1217954276362434e-05, -4.034162702737376e-05, -3.9465303416363895e-05, -3.858897616737522e-05, -3.7712652556365356e-05, -3.683632530737668e-05, -3.596000169636682e-05, -3.5083674447378144e-05, -3.420735083636828e-05, -3.3331023587379605e-05, -3.245469997636974e-05, -3.1578372727381065e-05, -3.07020491163712e-05, -2.9825721867382526e-05, -2.8949396437383257e-05, -2.8073071007383987e-05, -2.7196745577384718e-05, -2.6320420147385448e-05, -2.544409471738618e-05, -2.456776928738691e-05, -2.369144385738764e-05, -2.281511842738837e-05, -2.19387929973891e-05, -2.1062469386379234e-05, -2.0186143956379965e-05, -1.9309818526380695e-05, -1.8433493096381426e-05, -1.7557167666382156e-05, -1.6680842236382887e-05, -1.5804516806383617e-05, -1.4928191376384348e-05, -1.4051865946385078e-05, -1.3175540516385809e-05, -1.2299215086386539e-05, -1.142288965638727e-05, -1.0546564226388e-05, -9.67023879638873e-06, -8.793913366389461e-06, -7.917587936390191e-06, -7.041262961138273e-06, -6.164937531139003e-06, -5.2886121011397336e-06, -4.412287125887815e-06, -3.53596146851487e-06, -2.659636265889276e-06, -1.7833108358900063e-06, -9.069854058907367e-07, -3.0659975891467184e-08, 8.456653972643835e-07, 1.7219907704202342e-06, 2.598316086732666e-06, 3.4746415167319356e-06, 4.35096671935753e-06, 5.227292149356799e-06, 6.103617579356069e-06, 6.979943009355338e-06, 7.856267984607257e-06, 8.732593414606526e-06, 9.608918844605796e-06, 1.0485244274605066e-05, 1.1361569704604335e-05, 1.2237895134603605e-05, 1.3114220564602874e-05, 1.3990545994602144e-05]}, "gradients/mass_u.weight": {"_type": "histogram", "values": [1.0, 0.0, 0.0, 1.0, 0.0, 0.0, 0.0, 0.0, 0.0, 0.0, 0.0, 0.0, 0.0, 0.0, 1.0, 1.0, 3.0, 0.0, 0.0, 0.0, 0.0, 1.0, 0.0, 0.0, 0.0, 1.0, 0.0, 0.0, 0.0, 1.0, 3.0, 0.0, 2.0, 0.0, 2.0, 1.0, 1.0, 2.0, 1.0, 4.0, 4.0, 1.0, 1.0, 3.0, 1.0, 3.0, 3.0, 3.0, 13.0, 9.0, 11.0, 2.0, 17.0, 22.0, 1.0, 42.0, 75.0, 0.0, 105.0, 77.0, 0.0, 47.0, 14.0, 14201.0], "bins": [-0.00016677816165611148, -0.00016417224833276123, -0.0001615663495613262, -0.00015896043623797596, -0.0001563545229146257, -0.00015374862414319068, -0.00015114271081984043, -0.00014853679749649018, -0.00014593088417313993, -0.00014332497084978968, -0.00014071907207835466, -0.0001381131587550044, -0.00013550724543165416, -0.00013290134666021913, -0.00013029543333686888, -0.00012768952001351863, -0.0001250836212420836, -0.00012247770791873336, -0.00011987180187134072, -0.00011726589582394809, -0.00011465998250059783, -0.0001120540764532052, -0.00010944817040581256, -0.00010684225708246231, -0.00010423635103506967, -0.00010163044498767704, -9.902453166432679e-05, -9.641862561693415e-05, -9.381271956954151e-05, -9.120680624619126e-05, -8.860090019879863e-05, -8.599499415140599e-05, -8.338908082805574e-05, -8.07831747806631e-05, -7.817726145731285e-05, -7.557135540992022e-05, -7.296544208656996e-05, -7.035953603917733e-05, -6.775362999178469e-05, -6.514771666843444e-05, -6.25418106210418e-05, -5.993590093567036e-05, -5.732999125029892e-05, -5.472408520290628e-05, -5.211817551753484e-05, -4.9512265832163393e-05, -4.690635978477076e-05, -4.430045009939931e-05, -4.169454041402787e-05, -3.9088630728656426e-05, -3.648272104328498e-05, -3.3876814995892346e-05, -3.12709053105209e-05, -2.866499562514946e-05, -2.605908775876742e-05, -2.345317989238538e-05, -2.0847270207013935e-05, -1.824136052164249e-05, -1.563545265526045e-05, -1.302954387938371e-05, -1.0423635103506967e-05, -7.817726327630226e-06, -5.211817551753484e-06, -2.6059096853714436e-06, 0.0]}, "gradients/embedding_user.weight": {"_type": "histogram", "values": [1.0, 0.0, 0.0, 0.0, 0.0, 0.0, 0.0, 0.0, 0.0, 0.0, 0.0, 0.0, 0.0, 1.0, 1.0, 1.0, 1.0, 0.0, 1.0, 3.0, 2.0, 6.0, 5.0, 2.0, 4.0, 7.0, 5.0, 9.0, 21.0, 20.0, 40.0, 59.0, 115.0, 238.0, 631.0, 2348.0, 19419.0, 803465.0, 107100.0, 4459.0, 915.0, 339.0, 136.0, 79.0, 42.0, 25.0, 22.0, 15.0, 13.0, 8.0, 2.0, 6.0, 3.0, 2.0, 5.0, 2.0, 1.0, 2.0, 1.0, 0.0, 1.0, 0.0, 0.0, 1.0], "bins": [-0.004299378488212824, -0.004185311030596495, -0.004071244038641453, -0.003957176581025124, -0.0038431091234087944, -0.003729041898623109, -0.0036149746738374233, -0.003500907216221094, -0.0033868399914354086, -0.003272772766649723, -0.003158705309033394, -0.0030446380842477083, -0.0029305708594620228, -0.0028165034018456936, -0.002702436177060008, -0.0025883689522743225, -0.0024743014946579933, -0.0023602342698723078, -0.0022461668122559786, -0.002132099587470293, -0.002018032129853964, -0.0019039649050682783, -0.0017898976802825928, -0.0016758303390815854, -0.001561762997880578, -0.0014476956566795707, -0.0013336283154785633, -0.0012195610906928778, -0.0011054937494918704, -0.000991426408290863, -0.0008773591252975166, -0.0007632918423041701, -0.0006492245011031628, -0.0005351571599021554, -0.00042108987690880895, -0.00030702256481163204, -0.00019295525271445513, -7.888791151344776e-05, 3.517937147989869e-05, 0.00014924665447324514, 0.0002633139956742525, 0.0003773813077714294, 0.0004914486198686063, 0.0006055159028619528, 0.0007195832440629601, 0.0008336505852639675, 0.000947717868257314, 0.0010617851512506604, 0.0011758524924516678, 0.0012899198336526752, 0.0014039871748536825, 0.001518054399639368, 0.0016321217408403754, 0.0017461890820413828, 0.0018602563068270683, 0.0019743237644433975, 0.002088390989229083, 0.0022024582140147686, 0.002316525671631098, 0.0024305928964167833, 0.002544660121202469, 0.002658727578818798, 0.0027727948036044836, 0.002886862028390169, 0.0030009294860064983]}, "gradients/embedding_item.weight": {"_type": "histogram", "values": [1.0, 0.0, 0.0, 0.0, 0.0, 0.0, 0.0, 0.0, 2.0, 1.0, 4.0, 1.0, 2.0, 3.0, 3.0, 5.0, 6.0, 12.0, 16.0, 27.0, 27.0, 38.0, 59.0, 98.0, 158.0, 282.0, 471.0, 818.0, 1564.0, 3245.0, 7227.0, 17916.0, 44571.0, 297895.0, 120873.0, 36174.0, 14331.0, 6017.0, 2614.0, 1304.0, 736.0, 389.0, 260.0, 151.0, 98.0, 58.0, 48.0, 34.0, 29.0, 16.0, 18.0, 3.0, 3.0, 9.0, 2.0, 2.0, 1.0, 1.0, 2.0, 1.0, 2.0, 2.0, 0.0, 2.0],