{"TOTAL_BEST_METRIC": 0.12324314538974519, "BEST_NDCG@10": 0.014490766850985555, "_timestamp": 1688337588.6581206, "_runtime": 376.95875573158264, "_step": 1289, "epoch": 1000, "Train_Metric_loss": -0.0009672872722148896, "Train_Reg_loss": 4.363488096714719e-06, "Pos_loss": 0.04084262251853943, "Neg_loss": -0.04736028239130974, "Recall@5": 0.013685715351076948, "Recall@10": 0.02478228399281031, "Recall@20": 0.04095873586756745, "NDCG@5": 0.01029426366772071, "NDCG@10": 0.014420124280766774, "NDCG@20": 0.01889098378120108, "Recall@5_total_best": 0.013685715351076948, "Recall@10_total_best": 0.02478228399281031, "Recall@20_total_best": 0.04095873586756745, "ndcg@5_total_best": 0.010364906237939493, "ndcg@10_total_best": 0.014490766850985555, "ndcg@20_total_best": 0.018960737089365423, "EPOCH_ndcg_best": 1000, "Recall@5_ndcg_best": 0.013685715351076948, "Recall@10_ndcg_best": 0.02478228399281031, "Recall@20_ndcg_best": 0.04095873586756745, "ndcg@5_ndcg_best": 0.010364906237939493, "ndcg@10_ndcg_best": 0.014490766850985555, "ndcg@20_ndcg_best": 0.018960737089365423, "gradients/mass_i.weight": {"_type": "histogram", "values": [2.0, 1.0, 1.0, 0.0, 1.0, 0.0, 0.0, 1.0, 2.0, 3.0, 1.0, 0.0, 3.0, 0.0, 3.0, 7.0, 3.0, 6.0, 12.0, 5.0, 3.0, 20.0, 12.0, 5.0, 25.0, 34.0, 8.0, 54.0, 100.0, 17.0, 131.0, 229.0, 8.0, 227.0, 2025.0, 13.0, 195.0, 87.0, 27.0, 142.0, 7.0, 15.0, 58.0, 2.0, 23.0, 16.0, 5.0, 9.0, 2.0, 1.0, 12.0, 0.0, 1.0, 0.0, 0.0, 2.0, 0.0, 0.0, 1.0, 0.0, 0.0, 0.0, 0.0, 1.0], "bins": [-0.0016121759545058012, -0.00156514928676188, -0.0015181226190179586, -0.0014710959512740374, -0.001424069283530116, -0.0013770427322015166, -0.0013300160644575953, -0.001282989396713674, -0.0012359627289697528, -0.0011889360612258315, -0.0011419093934819102, -0.001094882725737989, -0.0010478561744093895, -0.0010008295066654682, -0.0009538028389215469, -0.0009067761711776257, -0.0008597495034337044, -0.0008127228356897831, -0.0007656961679458618, -0.0007186695584096014, -0.0006716428906656802, -0.0006246162229217589, -0.0005775896133854985, -0.0005305629456415772, -0.00048353627789765596, -0.0004365096101537347, -0.00038948297151364386, -0.00034245633287355304, -0.00029542966512963176, -0.0002484029973857105, -0.00020137635874561965, -0.00015434972010552883, -0.00010732293594628572, -6.029628275427967e-05, -1.3269629562273622e-05, 3.375702362973243e-05, 8.078367682173848e-05, 0.00012781033001374453, 0.00017483698320575058, 0.0002218636218458414, 0.0002688902895897627, 0.00031591695733368397, 0.0003629435959737748, 0.0004099702346138656, 0.0004569969023577869, 0.0005040235701017082, 0.0005510501796379685, 0.0005980768473818898, 0.0006451035151258111, 0.0006921301828697324, 0.0007391568506136537, 0.000786183460149914, 0.0008332101278938353, 0.0008802367956377566, 0.000927263405174017, 0.0009742900729179382, 0.0010213167406618595, 0.0010683434084057808, 0.001115370076149702, 0.0011623967438936234, 0.0012094234116375446, 0.001256449962966144, 0.0013034766307100654, 0.0013505032984539866, 0.001397529966197908]}, "gradients/mass_u.weight": {"_type": "histogram", "values": [1.0, 0.0, 0.0, 0.0, 0.0, 0.0, 0.0, 0.0, 0.0, 0.0, 1.0, 0.0, 0.0, 0.0, 0.0, 1.0, 0.0, 0.0, 0.0, 0.0, 0.0, 0.0, 0.0, 1.0, 0.0, 0.0, 0.0, 1.0, 0.0, 1.0, 1.0, 0.0, 0.0, 0.0, 0.0, 0.0, 0.0, 0.0, 0.0, 0.0, 0.0, 3.0, 1.0, 0.0, 1.0, 0.0, 0.0, 2.0, 2.0, 2.0, 3.0, 3.0, 4.0, 2.0, 9.0, 9.0, 10.0, 17.0, 23.0, 49.0, 127.0, 89.0, 132.0, 5046.0], "bins": [-0.0014786683022975922, -0.0014555640518665314, -0.0014324599178507924, -0.0014093557838350534, -0.0013862515334039927, -0.0013631472829729319, -0.001340043148957193, -0.001316939014941454, -0.0012938347645103931, -0.0012707305140793324, -0.0012476263800635934, -0.0012245222460478544, -0.0012014179956167936, -0.0011783137451857328, -0.0011552096111699939, -0.001132105477154255, -0.0011090012267231941, -0.0010858969762921333, -0.0010627928422763944, -0.0010396887082606554, -0.0010165844578295946, -0.0009934802073985338, -0.0009703760733827949, -0.000947271881159395, -0.0009241676889359951, -0.0009010634967125952, -0.0008779593044891953, -0.0008548551122657955, -0.0008317509200423956, -0.0008086467278189957, -0.0007855425355955958, -0.000762438343372196, -0.0007393341511487961, -0.0007162299589253962, -0.0006931257667019963, -0.0006700215744785964, -0.0006469173822551966, -0.0006238131900317967, -0.0006007089978083968, -0.0005776048055849969, -0.0005545006133615971, -0.0005313964211381972, -0.0005082922289147973, -0.00048518803669139743, -0.00046208384446799755, -0.0004389796522445977, -0.0004158754600211978, -0.0003927712677977979, -0.00036966707557439804, -0.00034656288335099816, -0.0003234586911275983, -0.0003003544989041984, -0.00027725030668079853, -0.00025414611445739865, -0.00023104192223399878, -0.0002079377300105989, -0.00018483353778719902, -0.00016172934556379914, -0.00013862515334039927, -0.00011552096111699939, -9.241676889359951e-05, -6.931257667019963e-05, -4.6208384446799755e-05, -2.3104192223399878e-05, 0.0]}, "gradients/embedding_user.weight": {"_type": "histogram", "values": [2.0, 2.0, 3.0, 4.0, 2.0, 4.0, 2.0, 13.0, 4.0, 9.0, 12.0, 7.0, 14.0, 15.0, 43.0, 44.0, 51.0, 65.0, 95.0, 144.0, 258.0, 413.0, 783.0, 1374.0, 2420.0, 4324.0, 10295.0, 62669.0, 176629.0, 72419.0, 11908.0, 4484.0, 2579.0, 1459.0, 775.0, 477.0, 242.0, 176.0, 89.0, 72.0, 69.0, 39.0, 25.0, 22.0, 15.0, 14.0, 16.0, 8.0, 6.0, 5.0, 2.0, 3.0, 2.0, 4.0, 2.0, 3.0, 2.0, 0.0, 1.0, 3.0, 0.0, 2.0, 0.0, 1.0], "bins": [-0.00026573531795293093, -0.0002564264286775142, -0.00024711753940209746, -0.0002378086355747655, -0.00022849974629934877, -0.00021919085702393204, -0.00020988195319660008, -0.00020057306392118335, -0.00019126417464576662, -0.00018195528537034988, -0.00017264639609493315, -0.0001633374922676012, -0.00015402860299218446, -0.00014471971371676773, -0.00013541080988943577, -0.00012610192061401904, -0.0001167930313386023, -0.00010748414206318557, -9.817524551181123e-05, -8.886634896043688e-05, -7.955745968502015e-05, -7.024857040960342e-05, -6.093967385822907e-05, -5.1630777306854725e-05, -4.232188803143799e-05, -3.3012995118042454e-05, -2.3704102204646915e-05, -1.4395209291251376e-05, -5.086316377855837e-06, 4.222576535539702e-06, 1.353146944893524e-05, 2.2840366000309587e-05, 3.214925527572632e-05, 4.145814818912186e-05, 5.0767041102517396e-05, 6.0075934015912935e-05, 6.938482692930847e-05, 7.86937162047252e-05, 8.800261275609955e-05, 9.73115093074739e-05, 0.00010662039858289063, 0.00011592928785830736, 0.0001252381771337241, 0.00013454708096105605, 0.00014385597023647279, 0.00015316485951188952, 0.00016247376333922148, 0.0001717826526146382, 0.00018109154189005494, 0.00019040043116547167, 0.0001997093204408884, 0.00020901822426822037, 0.0002183271135436371, 0.00022763600281905383, 0.0002369449066463858, 0.0002462537959218025, 0.00025556268519721925, 0.000264871574472636, 0.0002741804637480527, 0.00028348935302346945, 0.00029279827140271664, 0.00030210716067813337, 0.0003114160499535501, 0.00032072493922896683, 0.00033003382850438356]}, "gradients/embedding_item.weight": {"_type": "histogram", "values": [1.0, 1.0, 0.0, 2.0, 0.0, 0.0, 2.0, 3.0, 2.0, 3.0, 4.0, 10.0, 3.0, 10.0, 8.0, 8.0, 32.0, 41.0, 55.0, 95.0, 126.0, 204.0, 311.0, 533.0, 921.0, 1607.0, 2979.0, 5515.0, 10490.0, 19867.0, 32341.0, 66413.0, 36868.0, 22957.0, 12349.0, 6616.0, 3461.0, 1872.0, 1047.0, 603.0, 360.0, 215.0, 139.0, 73.0, 77.0, 44.0, 25.0, 14.0, 14.0, 9.0, 5.0, 5.0, 3.0, 1.0, 1.0, 1.0, 0.0, 1.0, 1.0, 0.0, 0.0, 2.0, 1.0, 1.0],