{"TOTAL_BEST_METRIC": 0.9755732791402683, "BEST_NDCG@10": 0.12347404532940404, "_timestamp": 1688326981.639312, "_runtime": 371.2328200340271, "_step": 1211, "epoch": 1000, "Train_Metric_loss": -0.5742003917694092, "Train_Reg_loss": 0.00011159678688272834, "Pos_loss": 1.036920189857483, "Neg_loss": -1.782969355583191, "Recall@5": 0.13332866864663945, "Recall@10": 0.20088804814950015, "Recall@20": 0.2718379179150196, "NDCG@5": 0.09909049290977591, "NDCG@10": 0.12242441183366626, "NDCG@20": 0.14273599843931312, "Recall@5_total_best": 0.13332431101741463, "Recall@10_total_best": 0.20125802492755343, "Recall@20_total_best": 0.27369762883424165, "ndcg@5_total_best": 0.09986958468867037, "ndcg@10_total_best": 0.12332442214120341, "ndcg@20_total_best": 0.14409930753118477, "EPOCH_ndcg_best": 920, "Recall@5_ndcg_best": 0.1328667599488115, "Recall@10_ndcg_best": 0.20150205216414174, "Recall@20_ndcg_best": 0.27285963501006294, "ndcg@5_ndcg_best": 0.0997423459674072, "ndcg@10_ndcg_best": 0.12347404532940404, "ndcg@20_ndcg_best": 0.1439512099584543, "gradients/mass_i.weight": {"_type": "histogram", "values": [1.0, 2.0, 0.0, 0.0, 2.0, 0.0, 0.0, 0.0, 0.0, 1.0, 1.0, 1.0, 1.0, 3.0, 1.0, 0.0, 0.0, 1.0, 2.0, 4.0, 4.0, 8.0, 8.0, 3.0, 5.0, 13.0, 6.0, 16.0, 22.0, 15.0, 19.0, 56.0, 42.0, 25.0, 124.0, 64.0, 17.0, 98.0, 2678.0, 18.0, 74.0, 67.0, 15.0, 33.0, 31.0, 12.0, 24.0, 16.0, 6.0, 4.0, 12.0, 1.0, 0.0, 4.0, 2.0, 2.0, 0.0, 1.0, 0.0, 1.0, 0.0, 1.0, 0.0, 1.0], "bins": [-0.0014045903226360679, -0.0013679007533937693, -0.0013312111841514707, -0.0012945217313244939, -0.0012578321620821953, -0.0012211425928398967, -0.001184453023597598, -0.0011477634543552995, -0.0011110738851130009, -0.0010743843158707023, -0.0010376947466284037, -0.0010010052938014269, -0.0009643157245591283, -0.0009276261553168297, -0.0008909365860745311, -0.0008542470168322325, -0.0008175575640052557, -0.0007808679947629571, -0.0007441784837283194, -0.0007074889144860208, -0.0006707994034513831, -0.0006341098342090845, -0.0005974202649667859, -0.0005607306957244873, -0.0005240411846898496, -0.00048735164455138147, -0.0004506621044129133, -0.0004139725351706147, -0.0003772829950321466, -0.0003405934548936784, -0.0003039038856513798, -0.0002672143455129117, -0.00023052480537444353, -0.00019383526523597538, -0.000157145710545592, -0.00012045616313116625, -8.376661571674049e-05, -4.707707557827234e-05, -1.0387520887888968e-05, 2.6302033802494407e-05, 6.299157394096255e-05, 9.968112135538831e-05, 0.00013637066876981407, 0.00017306022346019745, 0.0002097497635986656, 0.00024643930373713374, 0.00028312887297943234, 0.0003198184131179005, 0.00035650795325636864, 0.0003931974933948368, 0.00042988703353330493, 0.00046657660277560353, 0.0005032661138102412, 0.0005399556830525398, 0.0005766452522948384, 0.000613334821537137, 0.0006500243325717747, 0.0006867139018140733, 0.000723403412848711, 0.0007600929820910096, 0.0007967825513333082, 0.0008334720623679459, 0.0008701616316102445, 0.0009068511426448822, 0.0009435407118871808]}, "gradients/mass_u.weight": {"_type": "histogram", "values": [1.0, 0.0, 0.0, 0.0, 0.0, 0.0, 0.0, 0.0, 0.0, 0.0, 0.0, 0.0, 0.0, 0.0, 0.0, 0.0, 0.0, 0.0, 0.0, 0.0, 0.0, 0.0, 0.0, 1.0, 0.0, 1.0, 1.0, 0.0, 0.0, 1.0, 1.0, 0.0, 0.0, 1.0, 0.0, 2.0, 0.0, 1.0, 0.0, 0.0, 0.0, 1.0, 1.0, 0.0, 0.0, 1.0, 1.0, 1.0, 1.0, 1.0, 2.0, 3.0, 2.0, 7.0, 4.0, 3.0, 10.0, 11.0, 23.0, 34.0, 81.0, 168.0, 128.0, 5048.0], "bins": [-0.0013788007199764252, -0.0013572569005191326, -0.0013357131974771619, -0.0013141694944351912, -0.0012926256749778986, -0.001271081855520606, -0.0012495381524786353, -0.0012279944494366646, -0.001206450629979372, -0.0011849068105220795, -0.0011633631074801087, -0.001141819404438138, -0.0011202755849808455, -0.001098731765523553, -0.0010771880624815822, -0.0010556443594396114, -0.0010341005399823189, -0.0010125567205250263, -0.0009910130174830556, -0.000969469256233424, -0.0009479254949837923, -0.0009263817337341607, -0.000904837972484529, -0.0008832942112348974, -0.0008617504499852657, -0.0008402066887356341, -0.0008186629274860024, -0.0007971191662363708, -0.0007755754049867392, -0.0007540316437371075, -0.0007324878824874759, -0.0007109441212378442, -0.0006894003599882126, -0.0006678565987385809, -0.0006463128374889493, -0.0006247690762393177, -0.000603225314989686, -0.0005816815537400544, -0.0005601377924904227, -0.0005385940312407911, -0.0005170502699911594, -0.0004955065087415278, -0.00047396274749189615, -0.0004524189862422645, -0.00043087522499263287, -0.0004093314637430012, -0.0003877877024933696, -0.00036624394124373794, -0.0003447001799941063, -0.00032315641874447465, -0.000301612657494843, -0.00028006889624521136, -0.0002585251349955797, -0.00023698137374594808, -0.00021543761249631643, -0.0001938938512466848, -0.00017235008999705315, -0.0001508063287474215, -0.00012926256749778986, -0.00010771880624815822, -8.617504499852657e-05, -6.463128374889493e-05, -4.3087522499263287e-05, -2.1543761249631643e-05, 0.0]}, "gradients/embedding_user.weight": {"_type": "histogram", "values": [1.0, 0.0, 0.0, 1.0, 0.0, 0.0, 0.0, 0.0, 0.0, 0.0, 1.0, 2.0, 2.0, 0.0, 0.0, 1.0, 0.0, 1.0, 0.0, 0.0, 3.0, 1.0, 1.0, 3.0, 3.0, 12.0, 18.0, 46.0, 74.0, 169.0, 433.0, 1196.0, 3083.0, 7894.0, 76987.0, 229763.0, 25850.0, 5511.0, 2210.0, 780.0, 304.0, 141.0, 58.0, 28.0, 14.0, 10.0, 8.0, 4.0, 1.0, 1.0, 1.0, 2.0, 2.0, 0.0, 0.0, 1.0, 0.0, 0.0, 0.0, 0.0, 0.0, 0.0, 1.0, 2.0], "bins": [-0.0007701261201873422, -0.0007483215304091573, -0.0007265169406309724, -0.0007047123508527875, -0.0006829077610746026, -0.0006611032295040786, -0.0006392986397258937, -0.0006174940499477088, -0.000595689460169524, -0.0005738848703913391, -0.0005520802806131542, -0.0005302756908349693, -0.0005084711592644453, -0.00048666654038242996, -0.0004648619797080755, -0.00044305738992989063, -0.00042125280015170574, -0.00039944821037352085, -0.00037764362059533596, -0.0003558390599209815, -0.00033403447014279664, -0.00031222988036461174, -0.0002904253196902573, -0.0002686207299120724, -0.00024681614013388753, -0.00022501155035570264, -0.00020320697512943298, -0.00018140239990316331, -0.00015959781012497842, -0.00013779322034679353, -0.00011598864512052387, -9.418406989425421e-05, -7.237953832373023e-05, -5.0574955821502954e-05, -2.8770373319275677e-05, -6.965790817048401e-06, 1.4838791685178876e-05, 3.664337418740615e-05, 5.844795668963343e-05, 8.025253191590309e-05, 0.00010205712169408798, 0.00012386171147227287, 0.00014566628669854254, 0.0001674708619248122, 0.0001892754517029971, 0.00021108004148118198, 0.00023288461670745164, 0.0002546891919337213, 0.0002764937817119062, 0.0002982983714900911, 0.000320102961268276, 0.0003419075219426304, 0.0003637121117208153, 0.0003855167014990002, 0.0004073212621733546, 0.0004291258519515395, 0.0004509304417297244, 0.0004727350315079093, 0.0004945396212860942, 0.0005163442110642791, 0.000538148800842464, 0.000559953332412988, 0.0005817579221911728, 0.0006035625119693577, 0.0006253671017475426]}, "gradients/embedding_item.weight": {"_type": "histogram", "values": [1.0, 2.0, 3.0, 1.0, 2.0, 2.0, 2.0, 1.0, 3.0, 8.0, 2.0, 3.0, 12.0, 8.0, 20.0, 27.0, 33.0, 52.0, 63.0, 76.0, 109.0, 165.0, 287.0, 401.0, 637.0, 1037.0, 1659.0, 2658.0, 4746.0, 8543.0, 14677.0, 24106.0, 37406.0, 58163.0, 28923.0, 18644.0, 10568.0, 6249.0, 3569.0, 2026.0, 1230.0, 753.0, 509.0, 313.0, 182.0, 138.0, 101.0, 57.0, 51.0, 32.0, 21.0, 13.0, 10.0, 10.0, 11.0, 4.0, 8.0, 2.0, 4.0, 1.0, 3.0, 3.0, 0.0, 2.0],