{"TOTAL_BEST_METRIC": 0.19891118171254885, "BEST_NDCG@10": 0.022121924915558287, "_timestamp": 1688465443.1320312, "_runtime": 1492.7546212673187, "_step": 1279, "epoch": 1000, "Train_Metric_loss": 4.650461060660226, "Train_Reg_loss": 1.8407423161599063e-06, "Pos_loss": 8.096234321594238, "Neg_loss": 1.3032361268997192, "Recall@5": 0.022585412954584962, "Recall@10": 0.040464395886817495, "Recall@20": 0.0682122974860981, "NDCG@5": 0.015710543955464337, "NDCG@10": 0.02205716720254578, "NDCG@20": 0.029881364227038163, "Recall@5_total_best": 0.022585412954584962, "Recall@10_total_best": 0.040464395886817495, "Recall@20_total_best": 0.0682122974860981, "ndcg@5_total_best": 0.015710543955464337, "ndcg@10_total_best": 0.02205716720254578, "ndcg@20_total_best": 0.029881364227038163, "EPOCH_ndcg_best": 990, "Recall@5_ndcg_best": 0.022709271891933794, "Recall@10_ndcg_best": 0.0406770632485837, "Recall@20_ndcg_best": 0.06776855089953338, "ndcg@5_ndcg_best": 0.01578244205007468, "ndcg@10_ndcg_best": 0.022121924915558287, "ndcg@20_ndcg_best": 0.029785128226314527, "gradients/mass_i.weight": {"_type": "histogram", "values": [1.0, 0.0, 0.0, 0.0, 0.0, 0.0, 0.0, 0.0, 0.0, 0.0, 0.0, 0.0, 0.0, 0.0, 0.0, 0.0, 0.0, 0.0, 0.0, 0.0, 0.0, 0.0, 0.0, 0.0, 0.0, 0.0, 0.0, 0.0, 1.0, 0.0, 1.0, 0.0, 0.0, 0.0, 0.0, 1.0, 1.0, 3.0, 2.0, 4.0, 1.0, 4.0, 2.0, 4.0, 3.0, 8.0, 7.0, 11.0, 19.0, 21.0, 29.0, 46.0, 186.0, 720.0, 299.0, 6361.0, 647.0, 209.0, 29.0, 54.0, 22.0, 10.0, 6.0, 1.0], "bins": [-0.0027514095418155193, -0.0027017598040401936, -0.0026521102990955114, -0.0026024605613201857, -0.0025528110563755035, -0.0025031613186001778, -0.0024535118136554956, -0.00240386207588017, -0.0023542125709354877, -0.002304562833160162, -0.00225491332821548, -0.002205263590440154, -0.002155614085495472, -0.002105964347720146, -0.002056314842775464, -0.0020066651050001383, -0.0019570153672248125, -0.0019073657458648086, -0.0018577161245048046, -0.0018080665031448007, -0.0017584168817847967, -0.001708767144009471, -0.001659117522649467, -0.001609467901289463, -0.001559818279929459, -0.0015101686585694551, -0.0014605190372094512, -0.0014108694158494473, -0.0013612196780741215, -0.0013115701731294394, -0.0012619204353541136, -0.0012122708139941096, -0.0011626211926341057, -0.0011129715712741017, -0.0010633219499140978, -0.0010136723285540938, -0.000964022648986429, -0.000914373027626425, -0.0008647233480587602, -0.0008150737266987562, -0.0007654241635464132, -0.0007157745421864092, -0.0006661248626187444, -0.0006164752412587404, -0.0005668256198987365, -0.0005171759985387325, -0.0004675263480748981, -0.0004178766976110637, -0.00036822707625105977, -0.0003185774548910558, -0.0002689278044272214, -0.00021927816851530224, -0.00016962853260338306, -0.00011997891124337912, -7.032926077954471e-05, -2.0679610315710306e-05, 2.8970011044293642e-05, 7.861964695621282e-05, 0.000128269282868132, 0.00017791891878005117, 0.00022756855469197035, 0.0002772181760519743, 0.0003268678265158087, 0.0003765174769796431, 0.00042616709833964705]}, "gradients/mass_u.weight": {"_type": "histogram", "values": [1.0, 0.0, 0.0, 0.0, 0.0, 0.0, 0.0, 0.0, 0.0, 0.0, 0.0, 0.0, 0.0, 0.0, 0.0, 0.0, 0.0, 0.0, 0.0, 0.0, 0.0, 0.0, 0.0, 0.0, 0.0, 1.0, 0.0, 0.0, 0.0, 0.0, 0.0, 0.0, 0.0, 0.0, 0.0, 1.0, 0.0, 2.0, 2.0, 1.0, 0.0, 0.0, 0.0, 1.0, 2.0, 3.0, 0.0, 2.0, 1.0, 3.0, 3.0, 4.0, 3.0, 5.0, 6.0, 8.0, 18.0, 19.0, 22.0, 50.0, 87.0, 129.0, 109.0, 14198.0], "bins": [-0.002213828731328249, -0.002179237548261881, -0.0021446465980261564, -0.0021100554149597883, -0.002075464464724064, -0.0020408732816576958, -0.0020062823314219713, -0.0019716911483556032, -0.0019371001981198788, -0.0019025091314688325, -0.0018679180648177862, -0.00183332699816674, -0.0017987359315156937, -0.0017641448648646474, -0.0017295537982136011, -0.001694962615147233, -0.0016603715484961867, -0.0016257804818451405, -0.0015911894151940942, -0.001556598348543048, -0.0015220072818920016, -0.0014874162152409554, -0.001452825148589909, -0.0014182340819388628, -0.0013836428988724947, -0.0013490518322214484, -0.0013144607655704021, -0.0012798696989193559, -0.0012452786322683096, -0.0012106875656172633, -0.001176096498966217, -0.001141505315899849, -0.0011069143656641245, -0.0010723232990130782, -0.001037732232362032, -0.0010031411657109857, -0.0009685500990599394, -0.0009339590324088931, -0.0008993679075501859, -0.0008647768408991396, -0.0008301857742480934, -0.0007955947075970471, -0.0007610036409460008, -0.0007264125742949545, -0.0006918214494362473, -0.0006572303827852011, -0.0006226393161341548, -0.0005880482494831085, -0.0005534571828320622, -0.000518866116181016, -0.0004842750495299697, -0.00044968395377509296, -0.0004150928871240467, -0.0003805018204730004, -0.0003459107247181237, -0.0003113196580670774, -0.0002767285914160311, -0.00024213752476498485, -0.00020754644356202334, -0.00017295536235906184, -0.00013836429570801556, -0.00010377322905696929, -6.918214785400778e-05, -3.4591066651046276e-05, 0.0]}, "gradients/embedding_user.weight": {"_type": "histogram", "values": [1.0, 0.0, 1.0, 1.0, 0.0, 0.0, 1.0, 2.0, 0.0, 1.0, 3.0, 3.0, 2.0, 4.0, 2.0, 4.0, 6.0, 7.0, 17.0, 23.0, 18.0, 28.0, 36.0, 33.0, 65.0, 62.0, 111.0, 193.0, 282.0, 511.0, 1054.0, 2394.0, 5080.0, 10646.0, 506600.0, 393482.0, 9664.0, 4891.0, 2206.0, 981.0, 464.0, 231.0, 129.0, 99.0, 56.0, 40.0, 32.0, 21.0, 28.0, 17.0, 15.0, 12.0, 8.0, 5.0, 3.0, 0.0, 0.0, 0.0, 0.0, 3.0, 2.0, 1.0, 2.0, 1.0], "bins": [-0.001005972851999104, -0.0009771973127499223, -0.0009484216570854187, -0.000919646059628576, -0.0008908704621717334, -0.0008620949229225516, -0.000833319325465709, -0.0008045437280088663, -0.0007757681305520236, -0.000746992533095181, -0.0007182169356383383, -0.0006894413381814957, -0.0006606657989323139, -0.0006318901432678103, -0.0006031146040186286, -0.0005743390065617859, -0.0005455634091049433, -0.0005167878116481006, -0.00048801221419125795, -0.00045923664583824575, -0.0004304610483814031, -0.00040168545092456043, -0.0003729098825715482, -0.00034413428511470556, -0.0003153586876578629, -0.00028658309020102024, -0.0002578074927441776, -0.00022903192439116538, -0.00020025632693432271, -0.00017148072947748005, -0.00014270514657255262, -0.00011392956366762519, -8.515402441844344e-05, -5.6378434237558395e-05, -2.7602844056673348e-05, 1.1727461242116988e-06, 2.9948336305096745e-05, 5.8723933761939406e-05, 8.749951666686684e-05, 0.00011627509957179427, 0.00014505069702863693, 0.0001738262944854796, 0.00020260187739040703, 0.00023137746029533446, 0.0002601530577521771, 0.0002889286552090198, 0.000317704223562032, 0.00034647982101887465, 0.0003752554184757173, 0.00040403101593255997, 0.00043280661338940263, 0.00046158218174241483, 0.000490357750095427, 0.0005191334057599306, 0.0005479089450091124, 0.000576684542465955, 0.0006054601399227977, 0.0006342357373796403, 0.000663011334836483, 0.0006917869322933257, 0.0007205625297501683, 0.0007493380689993501, 0.0007781136664561927, 0.0008068892639130354, 0.000835664861369878]}, "gradients/embedding_item.weight": {"_type": "histogram", "values": [2.0, 1.0, 2.0, 0.0, 1.0, 1.0, 5.0, 3.0, 5.0, 11.0, 19.0, 35.0, 56.0, 74.0, 73.0, 166.0, 228.0, 300.0, 496.0, 744.0, 1188.0, 1962.0, 3200.0, 5503.0, 9899.0, 17175.0, 28748.0, 42629.0, 152010.0, 174356.0, 44559.0, 30954.0, 18426.0, 10340.0, 5821.0, 3328.0, 1995.0, 1181.0, 777.0, 482.0, 306.0, 182.0, 139.0, 88.0, 62.0, 33.0, 29.0, 7.0, 9.0, 6.0, 5.0, 3.0, 3.0, 1.0, 0.0, 2.0, 0.0, 0.0, 0.0, 1.0, 0.0, 0.0, 0.0, 1.0],