{"TOTAL_BEST_METRIC": 0.5094378912481006, "BEST_NDCG@10": 0.06237806677312803, "_timestamp": 1688391135.380758, "_runtime": 2249.2271630764008, "_step": 1137, "epoch": 1000, "Train_Metric_loss": 3.7154607602528165, "Train_Reg_loss": 0.00012089005498897418, "Pos_loss": 8.424503326416016, "Neg_loss": 0.11921606212854385, "Recall@5": 0.062201964480612174, "Recall@10": 0.10025782246751881, "Recall@20": 0.1483925103552536, "NDCG@5": 0.04576339445808023, "NDCG@10": 0.05910837989942855, "NDCG@20": 0.07285142078693066, "Recall@5_total_best": 0.06666992248300274, "Recall@10_total_best": 0.10530232322133141, "Recall@20_total_best": 0.1510016925060114, "ndcg@5_total_best": 0.04875386813753939, "ndcg@10_total_best": 0.06237806677312803, "ndcg@20_total_best": 0.07533201812708751, "EPOCH_ndcg_best": 490, "Recall@5_ndcg_best": 0.06666992248300274, "Recall@10_ndcg_best": 0.10530232322133141, "Recall@20_ndcg_best": 0.1510016925060114, "ndcg@5_ndcg_best": 0.04875386813753939, "ndcg@10_ndcg_best": 0.06237806677312803, "ndcg@20_ndcg_best": 0.07533201812708751, "gradients/mass_i.weight": {"_type": "histogram", "values": [1.0, 0.0, 0.0, 0.0, 0.0, 0.0, 0.0, 0.0, 0.0, 0.0, 0.0, 0.0, 0.0, 0.0, 0.0, 1.0, 3.0, 2.0, 2.0, 4.0, 4.0, 4.0, 3.0, 6.0, 8.0, 9.0, 9.0, 19.0, 30.0, 34.0, 49.0, 69.0, 81.0, 150.0, 200.0, 169.0, 172.0, 6979.0, 110.0, 221.0, 137.0, 64.0, 47.0, 35.0, 27.0, 19.0, 10.0, 9.0, 5.0, 3.0, 1.0, 5.0, 2.0, 2.0, 2.0, 2.0, 0.0, 2.0, 0.0, 0.0, 0.0, 0.0, 1.0, 1.0], "bins": [-0.00039130100049078465, -0.0003808388428296894, -0.00037037665606476367, -0.0003599144984036684, -0.0003494523116387427, -0.0003389901539776474, -0.00032852799631655216, -0.00031806580955162644, -0.0003076036227867007, -0.00029714146512560546, -0.00028667927836067975, -0.0002762171206995845, -0.00026575493393465877, -0.0002552927762735635, -0.00024483061861246824, -0.00023436843184754252, -0.00022390627418644726, -0.00021344410197343677, -0.00020298192976042628, -0.00019251977209933102, -0.0001820575853344053, -0.00017159542767331004, -0.00016113325546029955, -0.00015067108324728906, -0.00014020891103427857, -0.00012974673882126808, -0.00011928456660825759, -0.00010882240167120472, -9.836022945819423e-05, -8.789805724518374e-05, -7.743589230813086e-05, -6.697372009512037e-05, -5.6511518778279424e-05, -4.6049346565268934e-05, -3.558717799023725e-05, -2.5125009415205568e-05, -1.4662837202195078e-05, -4.200664989184588e-06, 6.2614999478682876e-06, 1.6723672160878778e-05, 2.7185844373889267e-05, 3.764801658689976e-05, 4.811018516193144e-05, 5.857235373696312e-05, 6.903452594997361e-05, 7.94966981629841e-05, 8.995886310003698e-05, 0.00010042103531304747, 0.00011088320752605796, 0.00012134537973906845, 0.00013180755195207894, 0.0001422697096131742, 0.00015273189637809992, 0.00016319405403919518, 0.00017365622625220567, 0.00018411839846521616, 0.00019458057067822665, 0.00020504274289123714, 0.00021550491510424763, 0.00022596708731725812, 0.00023642924497835338, 0.0002468914317432791, 0.00025735358940437436, 0.0002678157761693001, 0.00027827793383039534]}, "gradients/mass_u.weight": {"_type": "histogram", "values": [1.0, 0.0, 0.0, 0.0, 0.0, 0.0, 0.0, 0.0, 0.0, 0.0, 0.0, 0.0, 0.0, 0.0, 0.0, 0.0, 0.0, 0.0, 0.0, 0.0, 0.0, 0.0, 0.0, 0.0, 0.0, 0.0, 0.0, 0.0, 0.0, 0.0, 0.0, 0.0, 0.0, 0.0, 0.0, 0.0, 0.0, 1.0, 1.0, 0.0, 0.0, 0.0, 0.0, 0.0, 0.0, 0.0, 0.0, 1.0, 0.0, 3.0, 3.0, 6.0, 0.0, 2.0, 1.0, 8.0, 7.0, 14.0, 19.0, 31.0, 58.0, 123.0, 181.0, 14221.0], "bins": [-0.0012157338205724955, -0.001196737983264029, -0.0011777421459555626, -0.0011587463086470962, -0.0011397504713386297, -0.0011207546340301633, -0.0011017587967216969, -0.0010827629594132304, -0.001063767122104764, -0.0010447712847962976, -0.0010257754474878311, -0.0010067796101793647, -0.0009877837728708982, -0.0009687879355624318, -0.0009497920982539654, -0.0009307962609454989, -0.0009118003654293716, -0.0008928045281209052, -0.0008738086908124387, -0.0008548128535039723, -0.0008358170161955059, -0.0008168211788870394, -0.000797825341578573, -0.0007788294460624456, -0.0007598336087539792, -0.0007408377714455128, -0.0007218419341370463, -0.0007028460968285799, -0.0006838502595201135, -0.000664854422211647, -0.0006458585849031806, -0.0006268627475947142, -0.0006078669102862477, -0.0005888710729777813, -0.0005698752356693149, -0.0005508793983608484, -0.000531883561052382, -0.0005128877237439156, -0.0004938918864354491, -0.00047489602002315223, -0.0004559001827146858, -0.00043690434540621936, -0.00041790850809775293, -0.0003989126707892865, -0.0003799168043769896, -0.00036092096706852317, -0.00034192512976005673, -0.0003229292924515903, -0.00030393345514312387, -0.00028493761783465743, -0.000265941780526191, -0.00024694594321772456, -0.0002279500913573429, -0.00020895425404887646, -0.0001899584021884948, -0.00017096256488002837, -0.00015196672757156193, -0.0001329708902630955, -0.00011397504567867145, -9.49792010942474e-05, -7.598336378578097e-05, -5.698752647731453e-05, -3.799168189289048e-05, -1.8995837308466434e-05, 0.0]}, "gradients/embedding_user.weight": {"_type": "histogram", "values": [1.0, 0.0, 0.0, 0.0, 0.0, 2.0, 0.0, 1.0, 1.0, 2.0, 0.0, 3.0, 0.0, 1.0, 2.0, 5.0, 4.0, 5.0, 8.0, 8.0, 18.0, 10.0, 20.0, 23.0, 34.0, 44.0, 61.0, 104.0, 161.0, 228.0, 418.0, 742.0, 1564.0, 4121.0, 32710.0, 468978.0, 398273.0, 25146.0, 3727.0, 1407.0, 701.0, 359.0, 188.0, 132.0, 90.0, 72.0, 41.0, 49.0, 26.0, 24.0, 14.0, 15.0, 7.0, 8.0, 5.0, 4.0, 2.0, 3.0, 3.0, 3.0, 2.0, 1.0, 1.0, 2.0], "bins": [-0.0007217432139441371, -0.0007016691961325705, -0.000681595120113343, -0.0006615211023017764, -0.0006414470262825489, -0.0006213730084709823, -0.0006012989324517548, -0.0005812249146401882, -0.0005611508386209607, -0.0005410768208093941, -0.0005210027447901666, -0.0005009287269786, -0.0004808546509593725, -0.00046078063314780593, -0.0004407065862324089, -0.00042063253931701183, -0.00040055852150544524, -0.0003804844745900482, -0.00036041042767465115, -0.0003403363807592541, -0.00032026233384385705, -0.00030018831603229046, -0.0002801142691168934, -0.00026004022220149636, -0.00023996617528609931, -0.00021989212837070227, -0.00019981808145530522, -0.0001797440490918234, -0.00015967000217642635, -0.0001395959552610293, -0.00011952191562158987, -9.944787598215044e-05, -7.93738872744143e-05, -5.929984399699606e-05, -3.922580071957782e-05, -1.9151757442159578e-05, 9.222858352586627e-07, 2.099633275065571e-05, 4.1070372390095145e-05, 6.114441202953458e-05, 8.121845894493163e-05, 0.00010129250586032867, 0.00012136654549976811, 0.00014144058513920754, 0.0001615146320546046, 0.00018158867897000164, 0.00020166271133348346, 0.0002217367582488805, 0.00024181080516427755, 0.0002618848520796746, 0.00028195889899507165, 0.0003020329459104687, 0.00032210699282586575, 0.00034218101063743234, 0.0003622550575528294, 0.00038232910446822643, 0.0004024031513836235, 0.00042247719829902053, 0.0004425512452144176, 0.0004626252921298146, 0.0004826993099413812, 0.0005027733859606087, 0.0005228474037721753, 0.0005429214797914028, 0.0005629954976029694]}, "gradients/embedding_item.weight": {"_type": "histogram", "values": [3.0, 2.0, 2.0, 3.0, 2.0, 4.0, 4.0, 5.0, 9.0, 11.0, 14.0, 33.0, 35.0, 47.0, 62.0, 92.0, 133.0, 193.0, 319.0, 472.0, 739.0, 1202.0, 2016.0, 3892.0, 7861.0, 17014.0, 36757.0, 108802.0, 285223.0, 48874.0, 22040.0, 10295.0, 4924.0, 2601.0, 1458.0, 848.0, 561.0, 338.0, 222.0, 150.0, 122.0, 67.0, 53.0, 29.0, 18.0, 22.0, 21.0, 11.0, 7.0, 6.0, 6.0, 2.0, 0.0, 1.0, 1.0, 3.0, 0.0, 0.0, 0.0, 0.0, 0.0, 0.0, 0.0, 1.0],