{"TOTAL_BEST_METRIC": 1.0061408617721317, "BEST_NDCG@10": 0.12477903511539466, "_timestamp": 1688359449.8061042, "_runtime": 722.9705171585083, "_step": 1111, "epoch": 1000, "Train_Metric_loss": NaN, "Train_Reg_loss": NaN, "Pos_loss": NaN, "Neg_loss": NaN, "Recall@5": 0.0007852166725705515, "Recall@10": 0.003778486243948518, "Recall@20": 0.005806892363746774, "NDCG@5": 0.000556356529533085, "NDCG@10": 0.0016257618776651963, "NDCG@20": 0.002209725865082795, "Recall@5_total_best": 0.13973676737673604, "Recall@10_total_best": 0.201812889026939, "Recall@20_total_best": 0.28776804127774547, "ndcg@5_total_best": 0.10297376191444714, "ndcg@10_total_best": 0.12477903511539466, "ndcg@20_total_best": 0.1490703670608692, "EPOCH_ndcg_best": 70, "Recall@5_ndcg_best": 0.13973676737673604, "Recall@10_ndcg_best": 0.201812889026939, "Recall@20_ndcg_best": 0.28776804127774547, "ndcg@5_ndcg_best": 0.10297376191444714, "ndcg@10_ndcg_best": 0.12477903511539466, "ndcg@20_ndcg_best": 0.1490703670608692, "gradients/mass_i.weight": {"_type": "histogram", "values": [1.0, 0.0, 0.0, 0.0, 1.0, 0.0, 1.0, 0.0, 2.0, 5.0, 2.0, 2.0, 5.0, 5.0, 4.0, 13.0, 14.0, 23.0, 34.0, 45.0, 67.0, 97.0, 171.0, 180.0, 165.0, 2492.0, 95.0, 63.0, 24.0, 13.0, 7.0, 6.0, 3.0, 2.0, 7.0, 8.0, 3.0, 1.0, 0.0, 3.0, 0.0, 0.0, 1.0, 0.0, 1.0, 0.0, 0.0, 0.0, 0.0, 0.0, 0.0, 0.0, 0.0, 0.0, 0.0, 1.0, 0.0, 0.0, 0.0, 0.0, 0.0, 0.0, 0.0, 1.0], "bins": [-0.00018469950009603053, -0.0001774741685949266, -0.00017024883709382266, -0.00016302350559271872, -0.00015579815953969955, -0.00014857284259051085, -0.00014134749653749168, -0.00013412216503638774, -0.0001268968335352838, -0.00011967150203417987, -0.00011244617053307593, -0.00010522083175601438, -9.799550025491044e-05, -9.07701687538065e-05, -8.354482997674495e-05, -7.631949847564101e-05, -6.909416697453707e-05, -6.186883547343314e-05, -5.464350033435039e-05, -4.741816519526765e-05, -4.019283369416371e-05, -3.296750219305977e-05, -2.5742167053977028e-05, -1.8516831914894283e-05, -1.1291500413790345e-05, -4.066167093697004e-06, 3.159166226396337e-06, 1.0384499546489678e-05, 1.760983286658302e-05, 2.4835164367686957e-05, 3.20604995067697e-05, 3.9285834645852447e-05, 4.651118069887161e-05, 5.373651219997555e-05, 6.0961847339058295e-05, 6.818718247814104e-05, 7.541251397924498e-05, 8.263784548034891e-05, 8.986318425741047e-05, 9.70885157585144e-05, 0.00010431384725961834, 0.00011153917876072228, 0.00011876451026182622, 0.00012598984176293015, 0.00013321518781594932, 0.00014044050476513803, 0.0001476658508181572, 0.00015489118231926113, 0.00016211651382036507, 0.000169341845321469, 0.00017656717682257295, 0.00018379250832367688, 0.00019101783982478082, 0.0001982431858778, 0.00020546851737890393, 0.00021269384888000786, 0.0002199191803811118, 0.00022714451188221574, 0.00023436984338331968, 0.0002415951748844236, 0.0002488205209374428, 0.0002560458378866315, 0.00026327118393965065, 0.0002704965299926698, 0.00027772184694185853]}, "gradients/mass_u.weight": {"_type": "histogram", "values": [1.0, 0.0, 0.0, 0.0, 0.0, 0.0, 0.0, 0.0, 0.0, 0.0, 0.0, 0.0, 0.0, 0.0, 0.0, 0.0, 0.0, 0.0, 0.0, 0.0, 0.0, 0.0, 0.0, 0.0, 0.0, 0.0, 0.0, 0.0, 0.0, 0.0, 0.0, 1.0, 0.0, 0.0, 0.0, 1.0, 0.0, 1.0, 0.0, 1.0, 0.0, 1.0, 0.0, 0.0, 1.0, 1.0, 0.0, 0.0, 0.0, 0.0, 0.0, 1.0, 0.0, 3.0, 0.0, 4.0, 7.0, 11.0, 11.0, 15.0, 39.0, 92.0, 224.0, 5126.0], "bins": [-0.0016672001220285892, -0.0016411500982940197, -0.0016151000745594501, -0.0015890501672402024, -0.0015630001435056329, -0.0015369501197710633, -0.0015109000960364938, -0.0014848500723019242, -0.0014588001649826765, -0.001432750141248107, -0.0014067001175135374, -0.0013806502101942897, -0.0013546001864597201, -0.0013285501627251506, -0.001302500138990581, -0.0012764501152560115, -0.001250400091521442, -0.0012243500677868724, -0.0011983000440523028, -0.0011722501367330551, -0.0011462001129984856, -0.001120150089263916, -0.0010941000655293465, -0.001068050041794777, -0.0010420000180602074, -0.0010159499943256378, -0.0009898999705910683, -0.0009638500050641596, -0.000937800039537251, -0.0009117500158026814, -0.0008856999920681119, -0.0008596499683335423, -0.0008336000610142946, -0.0008075500372797251, -0.0007815000717528164, -0.0007554500480182469, -0.0007294000824913383, -0.0007033500587567687, -0.0006773000350221992, -0.0006512500112876296, -0.000625200045760721, -0.0005991500220261514, -0.0005731000564992428, -0.0005470500327646732, -0.0005210000090301037, -0.000494950043503195, -0.0004689000197686255, -0.0004428500251378864, -0.0004168000305071473, -0.0003907500358764082, -0.0003647000412456691, -0.0003386500175110996, -0.0003126000228803605, -0.0002865500282496214, -0.00026050000451505184, -0.00023445000988431275, -0.00020840001525357366, -0.00018235002062283456, -0.00015630001144018024, -0.00013025000225752592, -0.00010420000762678683, -7.815001299604774e-05, -5.2100003813393414e-05, -2.6049994630739093e-05, 0.0]}, "gradients/embedding_user.weight": {"_type": "histogram", "values": [0.0, 0.0, 0.0, 0.0, 0.0, 0.0, 0.0, 0.0, 0.0, 0.0, 0.0, 0.0, 0.0, 0.0, 0.0, 0.0, 0.0, 0.0, 0.0, 0.0, 0.0, 0.0, 0.0, 0.0, 0.0, 0.0, 0.0, 0.0, 0.0, 0.0, 0.0, 0.0, 3392.0, 0.0, 0.0, 0.0, 0.0, 0.0, 0.0, 0.0, 0.0, 0.0, 0.0, 0.0, 0.0, 0.0, 0.0, 0.0, 0.0, 0.0, 0.0, 0.0, 0.0, 0.0, 0.0, 0.0, 0.0, 0.0, 0.0, 0.0, 0.0, 0.0, 0.0, 0.0], "bins": [0.0, 0.0, 0.0, 0.0, 0.0, 0.0, 0.0, 0.0, 0.0, 0.0, 0.0, 0.0, 0.0, 0.0, 0.0, 0.0, 0.0, 0.0, 0.0, 0.0, 0.0, 0.0, 0.0, 0.0, 0.0, 0.0, 0.0, 0.0, 0.0, 0.0, 0.0, 0.0, 0.0, 0.0, 0.0, 0.0, 0.0, 0.0, 0.0, 0.0, 0.0, 0.0, 0.0, 0.0, 0.0, 0.0, 0.0, 0.0, 0.0, 0.0, 0.0, 0.0, 0.0, 0.0, 0.0, 0.0, 0.0, 0.0, 0.0, 0.0, 0.0, 0.0, 0.0, 0.0, 0.0]}, "_wandb": {"runtime": 721}}