{"TOTAL_BEST_METRIC": 0.502832523511419, "BEST_NDCG@10": 0.061528767291066454, "_timestamp": 1688589045.5872183, "_runtime": 1969.6653163433075, "_step": 1142, "epoch": 1000, "Train_Metric_loss": 3.9641063724245345, "Train_Reg_loss": 0.00012710146204751384, "Pos_loss": 8.494479179382324, "Neg_loss": 0.07665618509054184, "Recall@5": 0.06486983013489235, "Recall@10": 0.10005366652879158, "Recall@20": 0.14835406144305868, "NDCG@5": 0.04762809589662629, "NDCG@10": 0.06006506031073423, "NDCG@20": 0.0738957556745093, "Recall@5_total_best": 0.06751301390671952, "Recall@10_total_best": 0.10191246182355085, "Recall@20_total_best": 0.1492737997452131, "ndcg@5_total_best": 0.04883162104520545, "ndcg@10_total_best": 0.060957875559539756, "ndcg@20_total_best": 0.07434375143119032, "EPOCH_ndcg_best": 880, "Recall@5_ndcg_best": 0.06488198895883436, "Recall@10_ndcg_best": 0.10362191563056064, "Recall@20_ndcg_best": 0.1491629123544923, "ndcg@5_ndcg_best": 0.04781997379449318, "ndcg@10_ndcg_best": 0.061528767291066454, "ndcg@20_ndcg_best": 0.07456745104989262, "gradients/mass_i.weight": {"_type": "histogram", "values": [1.0, 0.0, 0.0, 0.0, 0.0, 0.0, 0.0, 2.0, 0.0, 0.0, 3.0, 1.0, 0.0, 2.0, 6.0, 2.0, 2.0, 5.0, 4.0, 14.0, 18.0, 14.0, 24.0, 23.0, 42.0, 40.0, 47.0, 49.0, 39.0, 21.0, 2.0, 8152.0, 4.0, 23.0, 21.0, 23.0, 24.0, 12.0, 18.0, 11.0, 20.0, 13.0, 6.0, 6.0, 2.0, 3.0, 1.0, 3.0, 0.0, 2.0, 2.0, 1.0, 0.0, 1.0, 2.0, 0.0, 1.0, 0.0, 0.0, 0.0, 0.0, 0.0, 0.0, 1.0], "bins": [-0.0001931590522872284, -0.0001869545376393944, -0.0001807500229915604, -0.0001745455083437264, -0.00016834100824780762, -0.00016213649359997362, -0.00015593197895213962, -0.0001497274643043056, -0.0001435229496564716, -0.0001373184350086376, -0.0001311139203608036, -0.00012490942026488483, -0.00011870490561705083, -0.00011250039096921682, -0.00010629587632138282, -0.00010009136167354882, -9.388686157763004e-05, -8.768234692979604e-05, -8.147783955791965e-05, -7.527332491008565e-05, -6.906881753820926e-05, -6.286430289037526e-05, -5.6659788242541254e-05, -5.045527723268606e-05, -4.425076622283086e-05, -3.8046255212975666e-05, -3.184174420312047e-05, -2.5637229555286467e-05, -1.943271854543127e-05, -1.3228207535576075e-05, -7.023692887742072e-06, -8.191818778868765e-07, 5.385343683883548e-06, 1.1589855603233445e-05, 1.7794367522583343e-05, 2.3998880351427943e-05, 3.020339136128314e-05, 3.6407902371138334e-05, 4.261241701897234e-05, 4.881692802882753e-05, 5.502143903868273e-05, 6.122595368651673e-05, 6.743046105839312e-05, 7.363497570622712e-05, 7.983949035406113e-05, 8.604399772593752e-05, 9.224851237377152e-05, 9.845301974564791e-05, 0.00010465753439348191, 0.00011086204904131591, 0.0001170665564131923, 0.00012327107833698392, 0.0001294755784329027, 0.0001356800930807367, 0.0001418846077285707, 0.0001480891223764047, 0.0001542936370242387, 0.0001604981516720727, 0.0001667026663199067, 0.00017290716641582549, 0.0001791116810636595, 0.0001853161957114935, 0.0001915207103593275, 0.0001977252250071615, 0.00020392972510308027]}, "gradients/mass_u.weight": {"_type": "histogram", "values": [0.0, 0.0, 0.0, 0.0, 0.0, 0.0, 0.0, 0.0, 0.0, 0.0, 0.0, 0.0, 0.0, 0.0, 0.0, 0.0, 0.0, 0.0, 0.0, 0.0, 0.0, 0.0, 0.0, 0.0, 0.0, 0.0, 0.0, 0.0, 0.0, 0.0, 0.0, 0.0, 14681.0, 0.0, 0.0, 0.0, 0.0, 0.0, 0.0, 0.0, 0.0, 0.0, 0.0, 0.0, 0.0, 0.0, 0.0, 0.0, 0.0, 0.0, 0.0, 0.0, 0.0, 0.0, 0.0, 0.0, 0.0, 0.0, 0.0, 0.0, 0.0, 0.0, 0.0, 0.0], "bins": [0.0, 0.0, 0.0, 0.0, 0.0, 0.0, 0.0, 0.0, 0.0, 0.0, 0.0, 0.0, 0.0, 0.0, 0.0, 0.0, 0.0, 0.0, 0.0, 0.0, 0.0, 0.0, 0.0, 0.0, 0.0, 0.0, 0.0, 0.0, 0.0, 0.0, 0.0, 0.0, 0.0, 0.0, 0.0, 0.0, 0.0, 0.0, 0.0, 0.0, 0.0, 0.0, 0.0, 0.0, 0.0, 0.0, 0.0, 0.0, 0.0, 0.0, 0.0, 0.0, 0.0, 0.0, 0.0, 0.0, 0.0, 0.0, 0.0, 0.0, 0.0, 0.0, 0.0, 0.0, 0.0]}, "gradients/embedding_user.weight": {"_type": "histogram", "values": [1.0, 1.0, 0.0, 0.0, 0.0, 0.0, 1.0, 2.0, 2.0, 2.0, 4.0, 3.0, 2.0, 5.0, 6.0, 10.0, 6.0, 12.0, 26.0, 20.0, 32.0, 54.0, 67.0, 94.0, 128.0, 193.0, 344.0, 542.0, 1106.0, 2772.0, 12402.0, 169079.0, 596439.0, 140817.0, 10446.0, 2411.0, 1050.0, 545.0, 320.0, 192.0, 130.0, 92.0, 49.0, 44.0, 28.0, 22.0, 24.0, 13.0, 7.0, 8.0, 4.0, 4.0, 6.0, 7.0, 3.0, 2.0, 0.0, 0.0, 2.0, 0.0, 0.0, 1.0, 0.0, 2.0], "bins": [-0.0005108421901240945, -0.0004951058654114604, -0.00047936956980265677, -0.0004636332450900227, -0.00044789694948121905, -0.00043216062476858497, -0.0004164243000559509, -0.0004006879753433168, -0.00038495167973451316, -0.0003692153550218791, -0.00035347905941307545, -0.00033774273470044136, -0.0003220064099878073, -0.00030627011437900364, -0.00029053378966636956, -0.00027479749405756593, -0.00025906116934493184, -0.00024332485918421298, -0.00022758854902349412, -0.00021185222431086004, -0.00019611591415014118, -0.00018037960398942232, -0.00016464327927678823, -0.00014890696911606938, -0.00013317065895535052, -0.00011743434879463166, -0.00010169803135795519, -8.596171392127872e-05, -7.022540376055986e-05, -5.4489093599841e-05, -3.8752776163164526e-05, -2.3016458726488054e-05, -7.280090358108282e-06, 8.456223440589383e-06, 2.419253723928705e-05, 3.9928851037984714e-05, 5.566516483668238e-05, 7.140147499740124e-05, 8.713779243407771e-05, 0.00010287410987075418, 0.00011861042003147304, 0.0001343467301921919, 0.00015008304035291076, 0.00016581936506554484, 0.0001815556752262637, 0.00019729198538698256, 0.00021302831009961665, 0.0002287646202603355, 0.00024450093042105436, 0.00026023725513368845, 0.0002759735507424921, 0.00029170987545512617, 0.0003074461710639298, 0.0003231824957765639, 0.00033891882048919797, 0.00035465514520183206, 0.0003703914408106357, 0.00038612776552326977, 0.0004018640611320734, 0.0004176003858447075, 0.0004333367105573416, 0.0004490730061661452, 0.0004648093308787793, 0.0004805456264875829, 0.000496281951200217]}, "gradients/embedding_item.weight": {"_type": "histogram", "values": [3.0, 1.0, 2.0, 2.0, 0.0, 4.0, 2.0, 2.0, 14.0, 13.0, 9.0, 14.0, 13.0, 16.0, 35.0, 44.0, 42.0, 69.0, 96.0, 129.0, 191.0, 253.0, 400.0, 627.0, 945.0, 1492.0, 2526.0, 4445.0, 8171.0, 15591.0, 31031.0, 65452.0, 298304.0, 63353.0, 30301.0, 15121.0, 8032.0, 4263.0, 2370.0, 1385.0, 934.0, 603.0, 395.0, 272.0, 184.0, 123.0, 93.0, 61.0, 51.0, 40.0, 19.0, 25.0, 17.0, 8.0, 11.0, 14.0, 6.0, 4.0, 1.0, 1.0, 4.0, 1.0, 0.0, 2.0], "bins": [-0.0004733544774353504, -0.0004587798030115664, -0.0004442051285877824, -0.00042963045416399837, -0.00041505577974021435, -0.00040048110531643033, -0.00038590645999647677, -0.00037133178557269275, -0.00035675711114890873, -0.0003421824367251247, -0.0003276077623013407, -0.0003130330878775567, -0.0002984584425576031, -0.0002838837681338191, -0.0002693090937100351, -0.00025473441928625107, -0.00024015974486246705, -0.00022558507043868303, -0.00021101039601489902, -0.00019643573614303023, -0.0001818610617192462, -0.0001672863872954622, -0.0001527117274235934, -0.00013813705299980938, -0.00012356237857602537, -0.00010898770415224135, -9.441303700441495e-05, -7.983836985658854e-05, -6.526369543280452e-05, -5.068902100902051e-05, -3.6114353861194104e-05, -2.15396867133677e-05, -6.964983185753226e-06, 7.609687600051984e-06, 2.2184358385857195e-05, 3.6759029171662405e-05, 5.1333699957467616e-05, 6.590837438125163e-05, 8.048304152907804e-05, 9.505770867690444e-05, 0.00010963238310068846, 0.00012420705752447248, 0.0001387817319482565, 0.00015335639182012528, 0.0001679310662439093, 0.00018250574066769332, 0.0001970804005395621, 0.00021165507496334612, 0.00022622974938713014, 0.00024080442381091416, 0.0002553790982346982, 0.0002699537726584822, 0.00028452841797843575, 0.00029910309240221977, 0.0003136777668260038, 0.0003282524412497878, 0.0003428271156735718, 0.00035740179009735584, 0.00037197646452113986, 0.0003865511389449239, 0.0004011258133687079, 0.0004157004877924919, 0.0004302751331124455, 0.0004448498075362295, 0.0004594244819600135]}, "_wandb": {"runtime": 1968}}