{"TOTAL_BEST_METRIC": 0.1938356439357904, "BEST_NDCG@10": 0.021971382521304275, "_timestamp": 1688344099.1728282, "_runtime": 1806.7685980796814, "_step": 1103, "epoch": 1000, "Train_Metric_loss": NaN, "Train_Reg_loss": NaN, "Pos_loss": NaN, "Neg_loss": NaN, "Recall@5": 0.00013653741125068268, "Recall@10": 0.000591662115419625, "Recall@20": 0.0010172037138175861, "NDCG@5": 5.281988083486368e-05, "NDCG@10": 0.00022000096810395565, "NDCG@20": 0.00034823243471569386, "Recall@5_total_best": 0.023943194526209275, "Recall@10_total_best": 0.03832979971360638, "Recall@20_total_best": 0.06358069213237152, "ndcg@5_total_best": 0.01689583412651961, "ndcg@10_total_best": 0.021971382521304275, "ndcg@20_total_best": 0.029114740915779307, "EPOCH_ndcg_best": 10, "Recall@5_ndcg_best": 0.023943194526209275, "Recall@10_ndcg_best": 0.03832979971360638, "Recall@20_ndcg_best": 0.06358069213237152, "ndcg@5_ndcg_best": 0.01689583412651961, "ndcg@10_ndcg_best": 0.021971382521304275, "ndcg@20_ndcg_best": 0.029114740915779307, "gradients/mass_i.weight": {"_type": "histogram", "values": [1.0, 1.0, 0.0, 1.0, 3.0, 2.0, 3.0, 3.0, 6.0, 8.0, 19.0, 24.0, 36.0, 87.0, 199.0, 239.0, 7946.0, 61.0, 31.0, 21.0, 13.0, 3.0, 1.0, 0.0, 1.0, 0.0, 1.0, 1.0, 0.0, 0.0, 1.0, 0.0, 0.0, 0.0, 0.0, 0.0, 0.0, 0.0, 0.0, 0.0, 0.0, 0.0, 0.0, 0.0, 0.0, 0.0, 0.0, 0.0, 0.0, 0.0, 0.0, 0.0, 0.0, 0.0, 0.0, 0.0, 0.0, 0.0, 0.0, 0.0, 0.0, 0.0, 0.0, 1.0], "bins": [-6.1561178881675e-05, -5.775425961473957e-05, -5.394734034780413e-05, -5.014042108086869e-05, -4.633350181393325e-05, -4.2526582546997815e-05, -3.871966328006238e-05, -3.491274401312694e-05, -3.11058247461915e-05, -2.7298905479256064e-05, -2.3491986212320626e-05, -1.9685066945385188e-05, -1.587814767844975e-05, -1.2071226592524908e-05, -8.26430732558947e-06, -4.457388058654033e-06, -6.504669727291912e-07, 3.156452521579922e-06, 6.9633720158890355e-06, 1.0770291737571824e-05, 1.4577211004507262e-05, 1.8384131180937402e-05, 2.219105044787284e-05, 2.5997969714808278e-05, 2.9804888981743716e-05, 3.361181006766856e-05, 3.7418729334603995e-05, 4.122564860153943e-05, 4.503256786847487e-05, 4.883948713541031e-05, 5.264640640234575e-05, 5.6453325669281185e-05, 6.026024493621662e-05, 6.406716420315206e-05, 6.78740834700875e-05, 7.168100273702294e-05, 7.548792200395837e-05, 7.929484127089381e-05, 8.310176053782925e-05, 8.690867980476469e-05, 9.071559907170013e-05, 9.452251833863556e-05, 9.8329437605571e-05, 0.00010213635687250644, 0.00010594327613944188, 0.00010975019540637732, 0.00011355711467331275, 0.00011736403394024819, 0.00012117096048314124, 0.0001249778870260343, 0.00012878479901701212, 0.00013259172555990517, 0.000136398637550883, 0.00014020556409377605, 0.00014401247608475387, 0.00014781940262764692, 0.00015162631461862475, 0.0001554332411615178, 0.00015924015315249562, 0.00016304707969538867, 0.0001668539916863665, 0.00017066091822925955, 0.00017446783022023737, 0.00017827475676313043, 0.00018208166875410825]}, "gradients/mass_u.weight": {"_type": "histogram", "values": [1.0, 0.0, 0.0, 0.0, 0.0, 0.0, 0.0, 0.0, 0.0, 2.0, 0.0, 0.0, 0.0, 0.0, 0.0, 1.0, 0.0, 0.0, 0.0, 0.0, 0.0, 1.0, 0.0, 1.0, 0.0, 0.0, 2.0, 2.0, 0.0, 0.0, 0.0, 2.0, 1.0, 2.0, 0.0, 0.0, 2.0, 2.0, 1.0, 4.0, 2.0, 2.0, 0.0, 1.0, 0.0, 5.0, 6.0, 3.0, 11.0, 21.0, 8.0, 4.0, 23.0, 32.0, 0.0, 51.0, 84.0, 1.0, 96.0, 67.0, 0.0, 41.0, 11.0, 14188.0], "bins": [-8.372103911824524e-05, -8.24128946987912e-05, -8.110475755529478e-05, -7.979661313584074e-05, -7.848847599234432e-05, -7.718033157289028e-05, -7.587219442939386e-05, -7.456405000993982e-05, -7.32559128664434e-05, -7.194776844698936e-05, -7.063963130349293e-05, -6.93314868840389e-05, -6.802334974054247e-05, -6.671520532108843e-05, -6.540706817759201e-05, -6.409892375813797e-05, -6.279077933868393e-05, -6.14826349192299e-05, -6.017449777573347e-05, -5.886635699425824e-05, -5.755821621278301e-05, -5.625007179332897e-05, -5.494193101185374e-05, -5.363379023037851e-05, -5.232564944890328e-05, -5.1017508667428046e-05, -4.9709367885952815e-05, -4.8401227104477584e-05, -4.7093082685023546e-05, -4.5784941903548315e-05, -4.4476801122073084e-05, -4.316866034059785e-05, -4.186051955912262e-05, -4.055237877764739e-05, -3.924423799617216e-05, -3.793609721469693e-05, -3.66279564332217e-05, -3.531981201376766e-05, -3.401167123229243e-05, -3.27035304508172e-05, -3.1395389669341967e-05, -3.0087248887866735e-05, -2.8779108106391504e-05, -2.747096550592687e-05, -2.616282472445164e-05, -2.4854683942976408e-05, -2.3546541342511773e-05, -2.2238400561036542e-05, -2.093025977956131e-05, -1.962211899808608e-05, -1.831397821661085e-05, -1.7005835616146214e-05, -1.5697694834670983e-05, -1.4389554053195752e-05, -1.308141236222582e-05, -1.1773270671255887e-05, -1.0465129889780656e-05, -9.156989108305424e-06, -7.848847417335492e-06, -6.54070618111291e-06, -5.232564944890328e-06, -3.924423708667746e-06, -2.616282472445164e-06, -1.308140781475231e-06, 0.0]}, "gradients/embedding_user.weight": {"_type": "histogram", "values": [0.0, 0.0, 0.0, 0.0, 0.0, 0.0, 0.0, 0.0, 0.0, 0.0, 0.0, 0.0, 0.0, 0.0, 0.0, 0.0, 0.0, 0.0, 0.0, 0.0, 0.0, 0.0, 0.0, 0.0, 0.0, 0.0, 0.0, 0.0, 0.0, 0.0, 0.0, 0.0, 5888.0, 0.0, 0.0, 0.0, 0.0, 0.0, 0.0, 0.0, 0.0, 0.0, 0.0, 0.0, 0.0, 0.0, 0.0, 0.0, 0.0, 0.0, 0.0, 0.0, 0.0, 0.0, 0.0, 0.0, 0.0, 0.0, 0.0, 0.0, 0.0, 0.0, 0.0, 0.0], "bins": [0.0, 0.0, 0.0, 0.0, 0.0, 0.0, 0.0, 0.0, 0.0, 0.0, 0.0, 0.0, 0.0, 0.0, 0.0, 0.0, 0.0, 0.0, 0.0, 0.0, 0.0, 0.0, 0.0, 0.0, 0.0, 0.0, 0.0, 0.0, 0.0, 0.0, 0.0, 0.0, 0.0, 0.0, 0.0, 0.0, 0.0, 0.0, 0.0, 0.0, 0.0, 0.0, 0.0, 0.0, 0.0, 0.0, 0.0, 0.0, 0.0, 0.0, 0.0, 0.0, 0.0, 0.0, 0.0, 0.0, 0.0, 0.0, 0.0, 0.0, 0.0, 0.0, 0.0, 0.0, 0.0]}, "_wandb": {"runtime": 1805}}