{"TOTAL_BEST_METRIC": 0.914205826244372, "BEST_NDCG@10": 0.11458727093792713, "_timestamp": 1688303087.2821934, "_runtime": 333.39475750923157, "_step": 1107, "epoch": 1000, "Train_Metric_loss": -0.2568580985069275, "Train_Reg_loss": 0.003029565652832389, "Pos_loss": -0.5556533932685852, "Neg_loss": 0.3167116641998291, "Recall@5": 0.08978872801933377, "Recall@10": 0.1358676801920272, "Recall@20": 0.18518347386362935, "NDCG@5": 0.0686506261081778, "NDCG@10": 0.08494066924784233, "NDCG@20": 0.09892646649547238, "Recall@5_total_best": 0.1275666412852497, "Recall@10_total_best": 0.18547963979475812, "Recall@20_total_best": 0.25740929688437936, "ndcg@5_total_best": 0.09424675983699979, "ndcg@10_total_best": 0.11458727093792713, "ndcg@20_total_best": 0.1349162175050579, "EPOCH_ndcg_best": 30, "Recall@5_ndcg_best": 0.1275666412852497, "Recall@10_ndcg_best": 0.18547963979475812, "Recall@20_ndcg_best": 0.25740929688437936, "ndcg@5_ndcg_best": 0.09424675983699979, "ndcg@10_ndcg_best": 0.11458727093792713, "ndcg@20_ndcg_best": 0.1349162175050579, "gradients/mass_i.weight": {"_type": "histogram", "values": [1.0, 0.0, 0.0, 0.0, 0.0, 0.0, 0.0, 0.0, 0.0, 0.0, 0.0, 0.0, 0.0, 0.0, 0.0, 0.0, 0.0, 0.0, 0.0, 0.0, 1.0, 0.0, 0.0, 0.0, 0.0, 1.0, 0.0, 0.0, 1.0, 1.0, 1.0, 1.0, 1.0, 4.0, 5.0, 10.0, 15.0, 35.0, 43.0, 53.0, 44.0, 3286.0, 24.0, 16.0, 7.0, 6.0, 4.0, 3.0, 0.0, 2.0, 0.0, 0.0, 0.0, 0.0, 0.0, 1.0, 0.0, 0.0, 0.0, 0.0, 1.0, 0.0, 0.0, 1.0], "bins": [-0.0003774428041651845, -0.0003682976239360869, -0.00035915247281081975, -0.00035000729258172214, -0.00034086211235262454, -0.0003317169612273574, -0.0003225717809982598, -0.0003134266007691622, -0.0003042814205400646, -0.00029513624031096697, -0.0002859910891856998, -0.0002768459089566022, -0.0002677007287275046, -0.00025855557760223746, -0.00024941039737313986, -0.00024026521714404225, -0.0002311200660187751, -0.00022197490034159273, -0.00021282972011249512, -0.00020368455443531275, -0.00019453937420621514, -0.00018539420852903277, -0.0001762490428518504, -0.00016710386262275279, -0.0001579586969455704, -0.00014881353126838803, -0.00013966835103929043, -0.00013052318536210805, -0.00012137801240896806, -0.00011223283945582807, -0.0001030876737786457, -9.39425008255057e-05, -8.479735697619617e-05, -7.565218402305618e-05, -6.650701106991619e-05, -5.736184539273381e-05, -4.821667243959382e-05, -3.907149948645383e-05, -2.9926330171292648e-05, -2.0781160856131464e-05, -1.1635987902991474e-05, -2.4908167688408867e-06, 6.6543543653097e-06, 1.5799525499460287e-05, 2.4944696633610874e-05, 3.4089869586750865e-05, 4.323503890191205e-05, 5.238020821707323e-05, 6.152538117021322e-05, 7.067055412335321e-05, 7.98157270764932e-05, 8.896089275367558e-05, 9.810606570681557e-05, 0.00010725123865995556, 0.00011639640433713794, 0.00012554158456623554, 0.00013468675024341792, 0.0001438319159206003, 0.0001529770961496979, 0.00016212226182688028, 0.00017126742750406265, 0.00018041260773316026, 0.00018955777341034263, 0.000198702939087525, 0.00020784811931662261]}, "gradients/mass_u.weight": {"_type": "histogram", "values": [0.0, 0.0, 0.0, 0.0, 0.0, 0.0, 0.0, 0.0, 0.0, 0.0, 0.0, 0.0, 0.0, 0.0, 0.0, 0.0, 0.0, 0.0, 0.0, 0.0, 0.0, 0.0, 0.0, 0.0, 0.0, 0.0, 0.0, 0.0, 0.0, 0.0, 0.0, 0.0, 5541.0, 0.0, 0.0, 0.0, 0.0, 0.0, 0.0, 0.0, 0.0, 0.0, 0.0, 0.0, 0.0, 0.0, 0.0, 0.0, 0.0, 0.0, 0.0, 0.0, 0.0, 0.0, 0.0, 0.0, 0.0, 0.0, 0.0, 0.0, 0.0, 0.0, 0.0, 0.0], "bins": [0.0, 0.0, 0.0, 0.0, 0.0, 0.0, 0.0, 0.0, 0.0, 0.0, 0.0, 0.0, 0.0, 0.0, 0.0, 0.0, 0.0, 0.0, 0.0, 0.0, 0.0, 0.0, 0.0, 0.0, 0.0, 0.0, 0.0, 0.0, 0.0, 0.0, 0.0, 0.0, 0.0, 0.0, 0.0, 0.0, 0.0, 0.0, 0.0, 0.0, 0.0, 0.0, 0.0, 0.0, 0.0, 0.0, 0.0, 0.0, 0.0, 0.0, 0.0, 0.0, 0.0, 0.0, 0.0, 0.0, 0.0, 0.0, 0.0, 0.0, 0.0, 0.0, 0.0, 0.0, 0.0]}, "gradients/embedding_user.weight": {"_type": "histogram", "values": [1.0, 0.0, 0.0, 0.0, 0.0, 0.0, 0.0, 0.0, 0.0, 1.0, 2.0, 1.0, 0.0, 1.0, 5.0, 5.0, 2.0, 3.0, 5.0, 8.0, 15.0, 15.0, 17.0, 43.0, 44.0, 70.0, 140.0, 219.0, 403.0, 757.0, 1425.0, 2991.0, 10494.0, 90435.0, 203881.0, 33523.0, 5469.0, 2154.0, 1093.0, 558.0, 307.0, 199.0, 108.0, 77.0, 46.0, 30.0, 19.0, 14.0, 6.0, 9.0, 7.0, 6.0, 4.0, 4.0, 3.0, 1.0, 1.0, 1.0, 0.0, 0.0, 1.0, 0.0, 0.0, 1.0], "bins": [-3.0627452360931784e-06, -2.973404662043322e-06, -2.884064315367141e-06, -2.7947237413172843e-06, -2.7053833946411032e-06, -2.6160428205912467e-06, -2.52670224654139e-06, -2.437361899865209e-06, -2.348021553189028e-06, -2.2586809791391715e-06, -2.1693406324629905e-06, -2.080000058413134e-06, -1.990659711736953e-06, -1.9013191376870964e-06, -1.8119786773240776e-06, -1.7226382169610588e-06, -1.6332976429112023e-06, -1.5439571825481835e-06, -1.4546167221851647e-06, -1.3652761481353082e-06, -1.275935801459127e-06, -1.1865952274092706e-06, -1.0972547670462518e-06, -1.007914306683233e-06, -9.185738463202142e-07, -8.292333859571954e-07, -7.398929255941766e-07, -6.50552408387739e-07, -5.612119480247202e-07, -4.718714876617014e-07, -3.8253097045526374e-07, -2.9319051009224495e-07, -2.038502771029016e-07, -1.1450980252902809e-07, -2.5169327955154586e-08, 6.417116082957364e-08, 1.5351162119259243e-07, 2.428520815556112e-07, 3.321925987620489e-07, 4.2153305912506767e-07, 5.108735194880865e-07, 6.002139798511053e-07, 6.89554440214124e-07, 7.788949574205617e-07, 8.682354177835805e-07, 9.575758213031804e-07, 1.046916395353037e-06, 1.1362568557160557e-06, 1.2255973160790745e-06, 1.3149377764420933e-06, 1.404278236805112e-06, 1.4936188108549686e-06, 1.5829591575311497e-06, 1.6722997315810062e-06, 1.761640191944025e-06, 1.8509806523070438e-06, 1.940320998983225e-06, 2.0296615730330814e-06, 2.1190019197092624e-06, 2.208342493759119e-06, 2.2976828404353e-06, 2.3870234144851565e-06, 2.476363988535013e-06, 2.565704335211194e-06, 2.6550449092610506e-06]}, "gradients/embedding_item.weight": {"_type": "histogram", "values": [1.0, 0.0, 0.0, 0.0, 0.0, 0.0, 0.0, 1.0, 0.0, 0.0, 3.0, 6.0, 4.0, 5.0, 9.0, 15.0, 18.0, 33.0, 35.0, 48.0, 68.0, 102.0, 170.0, 230.0, 300.0, 464.0, 718.0, 1017.0, 1588.0, 2595.0, 4276.0, 6866.0, 12024.0, 21650.0, 45718.0, 66245.0, 27526.0, 14587.0, 8327.0, 4964.0, 3126.0, 1855.0, 1165.0, 799.0, 536.0, 385.0, 262.0, 191.0, 121.0, 73.0, 77.0, 49.0, 29.0, 17.0, 17.0, 9.0, 13.0, 4.0, 5.0, 1.0, 2.0, 0.0, 0.0, 3.0], "bins": [-1.8916205135610653e-06, -1.837829017858894e-06, -1.7840375221567228e-06, -1.7302461401413893e-06, -1.676454644439218e-06, -1.6226631487370469e-06, -1.5688716530348756e-06, -1.5150801573327044e-06, -1.4612887753173709e-06, -1.4074972796151997e-06, -1.3537057839130284e-06, -1.299914401897695e-06, -1.2461229061955237e-06, -1.1923314104933525e-06, -1.1385399147911812e-06, -1.08474841908901e-06, -1.0309570370736765e-06, -9.771655413715052e-07, -9.233741025127529e-07, -8.695826068105816e-07, -8.157911679518293e-07, -7.61999672249658e-07, -7.082081765474868e-07, -6.544167376887344e-07, -6.006251851431443e-07, -5.468336894409731e-07, -4.930422505822207e-07, -4.392507548800495e-07, -3.8545931602129713e-07, -3.316678203191259e-07, -2.778763530386641e-07, -2.240848857582023e-07, -1.7029344689944992e-07, -1.1650197961898812e-07, -6.271050523309896e-08, -8.919030847209797e-09, 4.4872436433252005e-08, 9.866391792456852e-08, 1.5245538520503032e-07, 2.0624685248549213e-07, 2.6003831976595393e-07, 3.1382978704641573e-07, 3.6762125432687753e-07, 4.2141272160733934e-07, 4.7520421730951057e-07, 5.289956561682629e-07, 5.827871518704342e-07, 6.365786475726054e-07, 6.903700864313578e-07, 7.44161582133529e-07, 7.979530209922814e-07, 8.517445166944526e-07, 9.05535955553205e-07, 9.59327508098795e-07, 1.0131188901141286e-06, 1.0669103858162998e-06, 1.120701881518471e-06, 1.1744933772206423e-06, 1.2282848729228135e-06, 1.282076254938147e-06, 1.3358677506403183e-06, 1.3896592463424895e-06, 1.4434507420446607e-06, 1.497242237746832e-06, 1.5510336197621655e-06]}, "_wandb": {"runtime": 332}}