{"TOTAL_BEST_METRIC": 0.8535119653282358, "BEST_NDCG@10": 0.10518025013435647, "_timestamp": 1688328560.4702299, "_runtime": 370.57486176490784, "_step": 1162, "epoch": 1000, "Train_Metric_loss": -0.2605125904083252, "Train_Reg_loss": 2.2936375216886517e-07, "Pos_loss": -0.24289752542972565, "Neg_loss": 0.21152201294898987, "Recall@5": 0.07226210828901135, "Recall@10": 0.11739442178924252, "Recall@20": 0.18042930180214145, "NDCG@5": 0.05233079200563858, "NDCG@10": 0.06807782829540086, "NDCG@20": 0.08611015210620224, "Recall@5_total_best": 0.11238701503537345, "Recall@10_total_best": 0.17699296537598455, "Recall@20_total_best": 0.2504222298883634, "ndcg@5_total_best": 0.08240480664251203, "ndcg@10_total_best": 0.10518025013435647, "ndcg@20_total_best": 0.12612469825164593, "EPOCH_ndcg_best": 320, "Recall@5_ndcg_best": 0.11238701503537345, "Recall@10_ndcg_best": 0.17699296537598455, "Recall@20_ndcg_best": 0.2504222298883634, "ndcg@5_ndcg_best": 0.08240480664251203, "ndcg@10_ndcg_best": 0.10518025013435647, "ndcg@20_ndcg_best": 0.12612469825164593, "gradients/mass_i.weight": {"_type": "histogram", "values": [1.0, 0.0, 0.0, 0.0, 0.0, 1.0, 0.0, 1.0, 0.0, 0.0, 0.0, 0.0, 2.0, 0.0, 0.0, 0.0, 0.0, 4.0, 1.0, 2.0, 1.0, 1.0, 5.0, 0.0, 4.0, 0.0, 4.0, 3.0, 3.0, 0.0, 5.0, 2.0, 3.0, 4.0, 9.0, 9.0, 13.0, 7.0, 16.0, 6.0, 16.0, 17.0, 24.0, 32.0, 40.0, 58.0, 39.0, 114.0, 109.0, 65.0, 272.0, 151.0, 102.0, 2069.0, 176.0, 86.0, 48.0, 21.0, 8.0, 6.0, 4.0, 3.0, 0.0, 1.0], "bins": [-0.002968129236251116, -0.0029126210138201714, -0.002857112791389227, -0.0028016045689582825, -0.002746096346527338, -0.0026905883569270372, -0.002635080134496093, -0.0025795719120651484, -0.002524063689634204, -0.0024685554672032595, -0.002413047244772315, -0.0023575390223413706, -0.00230203103274107, -0.0022465228103101254, -0.002191014587879181, -0.0021355063654482365, -0.002079998143017292, -0.0020244899205863476, -0.001968981698155403, -0.0019134735921397805, -0.001857965369708836, -0.0018024571472778916, -0.001746949041262269, -0.0016914408188313246, -0.0016359325964003801, -0.0015804243739694357, -0.0015249161515384912, -0.0014694080455228686, -0.0014138998230919242, -0.0013583916006609797, -0.0013028834946453571, -0.0012473752722144127, -0.0011918670497834682, -0.0011363588273525238, -0.0010808506049215794, -0.0010253424989059567, -0.0009698342764750123, -0.0009143260540440679, -0.0008588178898207843, -0.0008033097255975008, -0.0007478015613742173, -0.0006922933971509337, -0.0006367851747199893, -0.0005812769522890449, -0.0005257687880657613, -0.00047026059473864734, -0.00041475240141153336, -0.00035924420808441937, -0.0003037360147573054, -0.0002482278214301914, -0.0001927196281030774, -0.00013721143477596343, -8.170324144884944e-05, -2.6195048121735454e-05, 2.9313145205378532e-05, 8.482133853249252e-05, 0.0001403295318596065, 0.0001958377251867205, 0.0002513459185138345, 0.00030685411184094846, 0.00036236230516806245, 0.00041787049849517643, 0.0004733786918222904, 0.0005288869142532349, 0.0005843950784765184]}, "gradients/mass_u.weight": {"_type": "histogram", "values": [1.0, 0.0, 0.0, 0.0, 0.0, 0.0, 0.0, 0.0, 1.0, 0.0, 0.0, 1.0, 1.0, 0.0, 0.0, 0.0, 1.0, 0.0, 0.0, 0.0, 0.0, 0.0, 0.0, 0.0, 1.0, 0.0, 0.0, 0.0, 0.0, 0.0, 0.0, 1.0, 0.0, 0.0, 0.0, 1.0, 1.0, 2.0, 0.0, 1.0, 1.0, 4.0, 1.0, 5.0, 1.0, 0.0, 6.0, 1.0, 4.0, 2.0, 6.0, 4.0, 6.0, 10.0, 12.0, 16.0, 22.0, 29.0, 38.0, 91.0, 99.0, 75.0, 40.0, 5056.0], "bins": [-0.008035648614168167, -0.007910091429948807, -0.007784534711390734, -0.007658977527171373, -0.0075334208086133, -0.00740786362439394, -0.00728230644017458, -0.007156749721616507, -0.007031192537397146, -0.006905635353177786, -0.006780078634619713, -0.0066545214504003525, -0.006528964266180992, -0.006403407547622919, -0.006277850363403559, -0.006152293644845486, -0.006026736460626125, -0.005901179276406765, -0.005775622557848692, -0.005650065373629332, -0.0055245086550712585, -0.005398951470851898, -0.005273394286632538, -0.005147837568074465, -0.0050222803838551044, -0.004896723199635744, -0.004771166481077671, -0.004645609296858311, -0.00452005211263895, -0.004394495394080877, -0.004268938209861517, -0.004143381491303444, -0.0040178243070840836, -0.003892267355695367, -0.00376671040430665, -0.00364115322008729, -0.003515596268698573, -0.0033900393173098564, -0.003264482133090496, -0.0031389251817017794, -0.0030133682303130627, -0.002887811278924346, -0.0027622543275356293, -0.002636697143316269, -0.0025111401919275522, -0.0023855832405388355, -0.002260026056319475, -0.0021344691049307585, -0.0020089121535420418, -0.001883355202153325, -0.0017577981343492866, -0.001632241066545248, -0.0015066841151565313, -0.0013811271637678146, -0.0012555700959637761, -0.0011300130281597376, -0.0010044560767710209, -0.0008788990671746433, -0.0007533420575782657, -0.0006277850479818881, -0.0005022280383855104, -0.00037667102878913283, -0.0002511140191927552, -0.0001255570095963776, 0.0]}, "gradients/embedding_user.weight": {"_type": "histogram", "values": [2.0, 0.0, 4.0, 2.0, 0.0, 1.0, 1.0, 2.0, 3.0, 1.0, 2.0, 5.0, 5.0, 10.0, 30.0, 29.0, 29.0, 64.0, 79.0, 82.0, 106.0, 151.0, 183.0, 251.0, 403.0, 578.0, 1153.0, 2716.0, 8800.0, 79608.0, 236497.0, 16457.0, 3773.0, 1429.0, 723.0, 410.0, 262.0, 184.0, 139.0, 106.0, 79.0, 61.0, 55.0, 42.0, 35.0, 22.0, 13.0, 7.0, 10.0, 2.0, 2.0, 4.0, 4.0, 2.0, 2.0, 0.0, 1.0, 0.0, 0.0, 0.0, 0.0, 1.0, 1.0, 1.0], "bins": [-0.0002451712789479643, -0.00023704349587205797, -0.00022891571279615164, -0.0002207879297202453, -0.00021266014664433897, -0.00020453237812034786, -0.00019640459504444152, -0.00018827681196853518, -0.00018014902889262885, -0.0001720212458167225, -0.00016389346274081618, -0.00015576567966490984, -0.00014763791114091873, -0.00013951011351309717, -0.00013138234498910606, -0.00012325456191319972, -0.00011512677883729339, -0.00010699899576138705, -9.887121268548071e-05, -9.074343688553199e-05, -8.261565380962566e-05, -7.448787073371932e-05, -6.63600949337706e-05, -5.823231185786426e-05, -5.0104528781957924e-05, -4.197674570605159e-05, -3.384896626812406e-05, -2.5721185011207126e-05, -1.7593403754290193e-05, -9.465620678383857e-06, -1.3378412404563278e-06, 6.789938197471201e-06, 1.4917692169547081e-05, 2.3045473426464014e-05, 3.1173254683380947e-05, 3.9301034121308476e-05, 4.742881719721481e-05, 5.555660027312115e-05, 6.368437607306987e-05, 7.181215914897621e-05, 7.993994222488254e-05, 8.806772530078888e-05, 9.619550837669522e-05, 0.00010432328417664394, 0.00011245106725255027, 0.00012057885032845661, 0.00012870662612840533, 0.00013683440920431167, 0.000144962192280218, 0.00015308997535612434, 0.00016121775843203068, 0.00016934554150793701, 0.00017747332458384335, 0.00018560109310783446, 0.0001937288761837408, 0.00020185665925964713, 0.00020998444233555347, 0.0002181122254114598, 0.00022624000848736614, 0.00023436779156327248, 0.00024249556008726358, 0.00025062335771508515, 0.00025875112623907626, 0.0002668789238668978, 0.00027500669239088893]}, "gradients/embedding_item.weight": {"_type": "histogram", "values": [1.0, 0.0, 0.0, 0.0, 2.0, 1.0, 2.0, 4.0, 7.0, 7.0, 11.0, 13.0, 18.0, 27.0, 36.0, 38.0, 69.0, 98.0, 101.0, 131.0, 174.0, 244.0, 288.0, 378.0, 495.0, 659.0, 940.0, 1180.0, 1498.0, 1869.0, 2746.0, 5838.0, 73633.0, 119267.0, 6905.0, 2800.0, 2207.0, 1604.0, 1249.0, 998.0, 718.0, 503.0, 363.0, 283.0, 216.0, 179.0, 116.0, 98.0, 75.0, 79.0, 64.0, 29.0, 24.0, 17.0, 11.0, 17.0, 5.0, 4.0, 4.0, 3.0, 2.0, 1.0, 1.0, 2.0],