{"TOTAL_BEST_METRIC": 0.19281613827546937, "BEST_NDCG@10": 0.021232958262009168, "_timestamp": 1688434100.5960846, "_runtime": 1255.8048145771027, "_step": 1278, "epoch": 1000, "Train_Metric_loss": 0.02154925891331264, "Train_Reg_loss": 1.271482501254338e-06, "Pos_loss": 0.07391795516014099, "Neg_loss": -0.09847693890333176, "Recall@5": 0.022519629469383705, "Recall@10": 0.04006954098604837, "Recall@20": 0.06529676100948628, "NDCG@5": 0.015027604285868442, "NDCG@10": 0.021221075390677913, "NDCG@20": 0.02842028294557957, "Recall@5_total_best": 0.022656166880634387, "Recall@10_total_best": 0.04017194404448638, "Recall@20_total_best": 0.06529676100948628, "ndcg@5_total_best": 0.01506003317741458, "ndcg@10_total_best": 0.021232958262009168, "ndcg@20_total_best": 0.02839827490143858, "EPOCH_ndcg_best": 1000, "Recall@5_ndcg_best": 0.022656166880634387, "Recall@10_ndcg_best": 0.04017194404448638, "Recall@20_ndcg_best": 0.06529676100948628, "ndcg@5_ndcg_best": 0.01506003317741458, "ndcg@10_ndcg_best": 0.021232958262009168, "ndcg@20_ndcg_best": 0.02839827490143858, "gradients/mass_i.weight": {"_type": "histogram", "values": [1.0, 0.0, 0.0, 0.0, 0.0, 0.0, 0.0, 0.0, 0.0, 0.0, 0.0, 0.0, 0.0, 0.0, 0.0, 1.0, 0.0, 0.0, 0.0, 1.0, 2.0, 0.0, 1.0, 0.0, 2.0, 2.0, 0.0, 0.0, 1.0, 1.0, 0.0, 2.0, 0.0, 4.0, 3.0, 1.0, 1.0, 3.0, 6.0, 5.0, 3.0, 11.0, 10.0, 17.0, 17.0, 48.0, 32.0, 179.0, 104.0, 751.0, 333.0, 6314.0, 579.0, 60.0, 158.0, 36.0, 13.0, 6.0, 2.0, 2.0, 0.0, 0.0, 0.0, 1.0], "bins": [-0.0053025465458631516, -0.005199726205319166, -0.005096905864775181, -0.004994085058569908, -0.004891264718025923, -0.004788444377481937, -0.004685624036937952, -0.004582803696393967, -0.004479983355849981, -0.004377163015305996, -0.004274342674762011, -0.004171522334218025, -0.0040687015280127525, -0.003965881187468767, -0.003863060846924782, -0.0037602405063807964, -0.0036574199330061674, -0.003554599592462182, -0.003451779019087553, -0.0033489586785435677, -0.0032461383379995823, -0.003143317997455597, -0.003040497424080968, -0.0029376770835369825, -0.0028348565101623535, -0.002732036169618368, -0.002629215596243739, -0.0025263952556997538, -0.0024235749151557684, -0.0023207543417811394, -0.002217934001237154, -0.0021151136606931686, -0.002012293552979827, -0.0019094730960205197, -0.0018066527554765344, -0.0017038322985172272, -0.0016010119579732418, -0.0014981915010139346, -0.0013953710440546274, -0.001292550703510642, -0.0011897302465513349, -0.0010869097895920277, -0.0009840894490480423, -0.0008812689920887351, -0.0007784485933370888, -0.0006756281945854425, -0.0005728077376261353, -0.00046998733887448907, -0.0003671669401228428, -0.0002643465413711965, -0.00016152611351571977, -5.8705685660243034e-05, 4.4114713091403246e-05, 0.00014693511184304953, 0.0002497555688023567, 0.000352575967554003, 0.0004553963663056493, 0.0005582167650572956, 0.0006610371638089418, 0.000763857620768249, 0.0008666780195198953, 0.0009694984182715416, 0.0010723188752308488, 0.001175139332190156, 0.0012779596727341413]}, "gradients/mass_u.weight": {"_type": "histogram", "values": [1.0, 0.0, 0.0, 0.0, 0.0, 0.0, 0.0, 0.0, 0.0, 0.0, 2.0, 0.0, 0.0, 0.0, 0.0, 0.0, 0.0, 0.0, 0.0, 0.0, 0.0, 0.0, 0.0, 0.0, 1.0, 0.0, 0.0, 0.0, 1.0, 0.0, 0.0, 2.0, 0.0, 1.0, 0.0, 0.0, 1.0, 0.0, 1.0, 0.0, 2.0, 1.0, 1.0, 3.0, 0.0, 0.0, 5.0, 0.0, 5.0, 2.0, 3.0, 4.0, 7.0, 7.0, 4.0, 11.0, 13.0, 14.0, 55.0, 43.0, 79.0, 160.0, 39.0, 14213.0], "bins": [-0.007362782955169678, -0.0072477394714951515, -0.007132695987820625, -0.007017652504146099, -0.006902609020471573, -0.006787565536797047, -0.0066725220531225204, -0.006557478569447994, -0.006442435085773468, -0.006327391602098942, -0.006212348118424416, -0.006097304634749889, -0.005982261151075363, -0.005867217667400837, -0.005752174183726311, -0.0056371307000517845, -0.005522087216377258, -0.005407043732702732, -0.005292000249028206, -0.00517695676535368, -0.0050619132816791534, -0.004946869798004627, -0.004831826314330101, -0.004716782830655575, -0.004601739346981049, -0.004486695863306522, -0.004371652379631996, -0.00425660889595747, -0.004141565412282944, -0.0040265219286084175, -0.003911478444933891, -0.003796434961259365, -0.003681391477584839, -0.0035663479939103127, -0.0034513045102357864, -0.0033362610265612602, -0.003221217542886734, -0.003106174059212208, -0.0029911305755376816, -0.0028760870918631554, -0.002761043608188629, -0.002646000124514103, -0.0025309566408395767, -0.0024159131571650505, -0.0023008696734905243, -0.002185826189815998, -0.002070782706141472, -0.0019557392224669456, -0.0018406957387924194, -0.0017256522551178932, -0.001610608771443367, -0.0014955652877688408, -0.0013805218040943146, -0.0012654783204197884, -0.0011504348367452621, -0.001035391353070736, -0.0009203478693962097, -0.0008053043857216835, -0.0006902609020471573, -0.0005752174183726311, -0.00046017393469810486, -0.00034513045102357864, -0.00023008696734905243, -0.00011504348367452621, 0.0]}, "gradients/embedding_user.weight": {"_type": "histogram", "values": [2.0, 1.0, 3.0, 1.0, 2.0, 3.0, 5.0, 3.0, 8.0, 3.0, 6.0, 5.0, 12.0, 6.0, 11.0, 21.0, 20.0, 38.0, 56.0, 54.0, 91.0, 140.0, 225.0, 410.0, 749.0, 1755.0, 4374.0, 11315.0, 651547.0, 254285.0, 8214.0, 3305.0, 1408.0, 529.0, 324.0, 194.0, 128.0, 82.0, 53.0, 41.0, 31.0, 36.0, 20.0, 8.0, 12.0, 10.0, 8.0, 10.0, 3.0, 1.0, 3.0, 1.0, 0.0, 0.0, 2.0, 3.0, 2.0, 2.0, 0.0, 2.0, 0.0, 0.0, 0.0, 1.0], "bins": [-0.0015775493811815977, -0.0015228849370032549, -0.0014682203764095902, -0.0014135559322312474, -0.0013588913716375828, -0.00130422692745924, -0.0012495624832808971, -0.0011948980391025543, -0.0011402334785088897, -0.0010855690343305469, -0.0010309044737368822, -0.0009762400295585394, -0.0009215755271725357, -0.0008669110247865319, -0.0008122465806081891, -0.0007575820782221854, -0.0007029175758361816, -0.0006482530734501779, -0.0005935885710641742, -0.0005389241268858314, -0.0004842596244998276, -0.0004295951221138239, -0.0003749306488316506, -0.00032026617554947734, -0.0002656016731634736, -0.0002109371853293851, -0.0001562726974952966, -0.00010160820966120809, -4.694372182711959e-05, 7.720780558884144e-06, 6.238525384105742e-05, 0.0001170497271232307, 0.0001717141130939126, 0.0002263786009280011, 0.0002810430887620896, 0.0003357075620442629, 0.0003903720644302666, 0.00044503656681627035, 0.0004997010109946132, 0.0005543655133806169, 0.0006090300157666206, 0.0006636945181526244, 0.0007183590205386281, 0.0007730234647169709, 0.0008276879671029747, 0.0008823524694889784, 0.0009370169136673212, 0.000991681357845664, 0.0010463459184393287, 0.0011010103626176715, 0.0011556749232113361, 0.001210339367389679, 0.0012650038115680218, 0.0013196683721616864, 0.0013743328163400292, 0.0014289973769336939, 0.0014836618211120367, 0.0015383262652903795, 0.0015929908258840442, 0.001647655270062387, 0.0017023198306560516, 0.0017569842748343945, 0.0018116487190127373, 0.00186631316319108, 0.0019209777237847447]}, "gradients/embedding_item.weight": {"_type": "histogram", "values": [1.0, 0.0, 0.0, 0.0, 0.0, 0.0, 2.0, 0.0, 1.0, 2.0, 3.0, 5.0, 8.0, 12.0, 21.0, 21.0, 35.0, 63.0, 105.0, 154.0, 278.0, 464.0, 833.0, 1271.0, 2336.0, 4417.0, 8858.0, 19341.0, 38510.0, 62699.0, 294558.0, 56591.0, 33900.0, 16522.0, 7799.0, 3824.0, 2058.0, 1127.0, 689.0, 438.0, 253.0, 153.0, 91.0, 69.0, 44.0, 24.0, 19.0, 8.0, 5.0, 7.0, 4.0, 1.0, 2.0, 2.0, 1.0, 1.0, 1.0, 0.0, 0.0, 0.0, 0.0, 0.0, 0.0, 1.0],