{"TOTAL_BEST_METRIC": 0.4953396906240167, "BEST_NDCG@10": 0.060343143289387585, "_timestamp": 1688560814.7219377, "_runtime": 1571.9162695407867, "_step": 1137, "epoch": 1000, "Train_Metric_loss": 5.257636717387608, "Train_Reg_loss": 0.0001624252597269203, "Pos_loss": 8.455554008483887, "Neg_loss": 0.06828959286212921, "Recall@5": 0.06516753538037205, "Recall@10": 0.0984755117659017, "Recall@20": 0.14465715069246357, "NDCG@5": 0.04666761707584405, "NDCG@10": 0.058337097346703774, "NDCG@20": 0.07150357995324955, "Recall@5_total_best": 0.06625448573666759, "Recall@10_total_best": 0.10144520046060403, "Recall@20_total_best": 0.14630071485480167, "ndcg@5_total_best": 0.04773596149378769, "ndcg@10_total_best": 0.060343143289387585, "ndcg@20_total_best": 0.0732601847887682, "EPOCH_ndcg_best": 440, "Recall@5_ndcg_best": 0.06625448573666759, "Recall@10_ndcg_best": 0.10144520046060403, "Recall@20_ndcg_best": 0.14630071485480167, "ndcg@5_ndcg_best": 0.04773596149378769, "ndcg@10_ndcg_best": 0.060343143289387585, "ndcg@20_ndcg_best": 0.0732601847887682, "gradients/mass_i.weight": {"_type": "histogram", "values": [1.0, 0.0, 0.0, 0.0, 1.0, 0.0, 0.0, 2.0, 0.0, 5.0, 2.0, 2.0, 3.0, 2.0, 8.0, 7.0, 4.0, 6.0, 8.0, 17.0, 22.0, 28.0, 28.0, 42.0, 50.0, 59.0, 68.0, 81.0, 56.0, 57.0, 88.0, 7662.0, 24.0, 31.0, 66.0, 64.0, 47.0, 44.0, 32.0, 25.0, 18.0, 16.0, 3.0, 3.0, 9.0, 2.0, 3.0, 4.0, 2.0, 0.0, 2.0, 0.0, 1.0, 1.0, 0.0, 0.0, 0.0, 1.0, 0.0, 1.0, 1.0, 1.0, 0.0, 3.0], "bins": [-0.0001311869127675891, -0.0001269739877898246, -0.00012276106281206012, -0.00011854813783429563, -0.00011433521285653114, -0.00011012228787876666, -0.00010590935562504455, -0.00010169643064728007, -9.748350566951558e-05, -9.327058069175109e-05, -8.90576557139866e-05, -8.484473073622212e-05, -8.063179848250002e-05, -7.641887350473553e-05, -7.220594852697104e-05, -6.799302354920655e-05, -6.378009857144207e-05, -5.956717359367758e-05, -5.535424861591309e-05, -5.11413200001698e-05, -4.692839502240531e-05, -4.2715470044640824e-05, -3.850254142889753e-05, -3.428961645113304e-05, -3.0076691473368555e-05, -2.5863766495604068e-05, -2.1650839698850177e-05, -1.7437912902096286e-05, -1.3224987924331799e-05, -9.012062946567312e-06, -4.799136149813421e-06, -5.862093530595303e-07, 3.6267010727897286e-06, 7.839626960048918e-06, 1.2052552847308107e-05, 1.6265479644061998e-05, 2.0478404621826485e-05, 2.4691329599590972e-05, 2.8904256396344863e-05, 3.3117183193098754e-05, 3.733010817086324e-05, 4.154303314862773e-05, 4.5755958126392215e-05, 4.996888674213551e-05, 5.41818117199e-05, 5.8394736697664484e-05, 6.260766531340778e-05, 6.682059029117227e-05, 7.103351526893675e-05, 7.524644024670124e-05, 7.945936522446573e-05, 8.367229020223022e-05, 8.78852151799947e-05, 9.209814015775919e-05, 9.631107241148129e-05, 0.00010052399738924578, 0.00010473692236701027, 0.00010894984734477475, 0.00011316277232253924, 0.00011737569730030373, 0.00012158862955402583, 0.00012580155453179032, 0.0001300144795095548, 0.0001342274044873193, 0.00013844032946508378]}, "gradients/mass_u.weight": {"_type": "histogram", "values": [1.0, 0.0, 0.0, 0.0, 0.0, 0.0, 0.0, 0.0, 0.0, 0.0, 0.0, 0.0, 0.0, 0.0, 0.0, 0.0, 0.0, 0.0, 0.0, 0.0, 0.0, 0.0, 0.0, 0.0, 0.0, 0.0, 0.0, 0.0, 0.0, 0.0, 0.0, 0.0, 0.0, 0.0, 1.0, 0.0, 0.0, 1.0, 0.0, 0.0, 0.0, 0.0, 0.0, 1.0, 0.0, 0.0, 0.0, 0.0, 0.0, 0.0, 1.0, 2.0, 1.0, 2.0, 5.0, 4.0, 6.0, 17.0, 12.0, 24.0, 54.0, 120.0, 176.0, 14253.0], "bins": [-0.00032359675969928503, -0.0003185405512340367, -0.0003134843718726188, -0.00030842816340737045, -0.0003033719549421221, -0.0002983157755807042, -0.00029325956711545587, -0.0002882033586502075, -0.0002831471501849592, -0.0002780909417197108, -0.00027303476235829294, -0.0002679785538930446, -0.00026292234542779624, -0.00025786616606637836, -0.00025280995760113, -0.00024775374913588166, -0.00024269756977446377, -0.00023764137586113065, -0.0002325851673958823, -0.0002275289734825492, -0.00022247276501730084, -0.00021741657110396773, -0.0002123603771906346, -0.00020730416872538626, -0.00020224797481205314, -0.00019719178089872003, -0.00019213557243347168, -0.00018707937852013856, -0.00018202318460680544, -0.0001769669761415571, -0.00017191078222822398, -0.00016685458831489086, -0.00016179837984964252, -0.0001567421859363094, -0.00015168597747106105, -0.00014662978355772793, -0.0001415735750924796, -0.00013651738117914647, -0.00013146118726581335, -0.000126404978800565, -0.00012134878488723189, -0.00011629258369794115, -0.00011123638250865042, -0.0001061801885953173, -0.00010112398740602657, -9.606778621673584e-05, -9.101159230340272e-05, -8.595539111411199e-05, -8.089918992482126e-05, -7.584298873553053e-05, -7.07867875462398e-05, -6.573059363290668e-05, -6.067439244361594e-05, -5.561819125432521e-05, -5.0561993703013286e-05, -4.550579615170136e-05, -4.044959496241063e-05, -3.53933937731199e-05, -3.033719622180797e-05, -2.5280996851506643e-05, -2.0224797481205314e-05, -1.5168598110903986e-05, -1.0112398740602657e-05, -5.056201189290732e-06, 0.0]}, "gradients/embedding_user.weight": {"_type": "histogram", "values": [2.0, 0.0, 0.0, 0.0, 1.0, 1.0, 2.0, 0.0, 1.0, 2.0, 2.0, 4.0, 5.0, 8.0, 11.0, 10.0, 22.0, 23.0, 24.0, 39.0, 63.0, 83.0, 116.0, 172.0, 261.0, 385.0, 677.0, 1137.0, 1902.0, 3842.0, 11404.0, 54675.0, 218587.0, 395094.0, 190156.0, 43344.0, 9637.0, 3409.0, 1734.0, 1001.0, 599.0, 373.0, 215.0, 168.0, 106.0, 72.0, 45.0, 44.0, 34.0, 28.0, 10.0, 10.0, 12.0, 8.0, 5.0, 6.0, 1.0, 2.0, 1.0, 1.0, 0.0, 2.0, 3.0, 3.0], "bins": [-0.0007210312178358436, -0.0006994686555117369, -0.0006779060931876302, -0.0006563435308635235, -0.0006347810267470777, -0.000613218464422971, -0.0005916559020988643, -0.0005700933397747576, -0.0005485308356583118, -0.0005269682733342052, -0.0005054057110100985, -0.0004838431777898222, -0.000462280644569546, -0.0004407180822454393, -0.0004191555199213326, -0.0003975929575972259, -0.0003760303952731192, -0.0003544678329490125, -0.0003329052997287363, -0.0003113427374046296, -0.00028978020418435335, -0.00026821764186024666, -0.00024665507953613997, -0.0002250925317639485, -0.00020352998399175704, -0.00018196743621956557, -0.0001604048884473741, -0.0001388423261232674, -0.00011727977835107595, -9.571723057888448e-05, -7.415466825477779e-05, -5.2592120482586324e-05, -3.102957271039486e-05, -9.467021300224587e-06, 1.2095530109945685e-05, 3.3658085158094764e-05, 5.522063293028623e-05, 7.67831807024777e-05, 9.834574302658439e-05, 0.00011990829079877585, 0.00014147083857096732, 0.00016303338634315878, 0.00018459593411535025, 0.00020615849643945694, 0.0002277210442116484, 0.00024928359198383987, 0.00027084615430794656, 0.0002924086875282228, 0.0003139712498523295, 0.0003355338121764362, 0.0003570963453967124, 0.0003786589077208191, 0.00040022144094109535, 0.00042178400326520205, 0.00044334656558930874, 0.00046490912791341543, 0.00048647166113369167, 0.0005080341943539679, 0.0005295967566780746, 0.0005511593190021813, 0.000572721881326288, 0.0005942843854427338, 0.0006158469477668405, 0.0006374095100909472, 0.0006589720724150538]}, "gradients/embedding_item.weight": {"_type": "histogram", "values": [1.0, 0.0, 0.0, 0.0, 2.0, 1.0, 1.0, 6.0, 8.0, 7.0, 11.0, 9.0, 12.0, 14.0, 23.0, 28.0, 58.0, 55.0, 81.0, 125.0, 160.0, 240.0, 320.0, 480.0, 772.0, 1158.0, 1869.0, 3268.0, 5911.0, 10670.0, 20664.0, 41010.0, 120607.0, 248973.0, 47783.0, 24660.0, 12299.0, 6652.0, 3683.0, 2156.0, 1298.0, 783.0, 555.0, 361.0, 246.0, 180.0, 133.0, 82.0, 56.0, 41.0, 30.0, 20.0, 21.0, 15.0, 4.0, 5.0, 9.0, 5.0, 2.0, 4.0, 3.0, 1.0, 0.0, 1.0],