{"epoch": 1000, "Train_Metric_loss": -0.6491137862205505, "Train_Reg_loss": 0.028551658615469933, "_timestamp": 1688274627.4484572, "_runtime": 299.050977230072, "_step": 1105, "Recall@5": 0.08676752754861151, "Recall@10": 0.13427645742652172, "Recall@20": 0.1867637193116806, "NDCG@5": 0.06366868910679091, "NDCG@10": 0.08022750142426315, "NDCG@20": 0.09521187229184393, "Recall@5_total_best": 0.11383724218474485, "Recall@10_total_best": 0.16736225372964003, "Recall@20_total_best": 0.24351986426836814, "ndcg@5_total_best": 0.08547230985961335, "ndcg@10_total_best": 0.10455125038864295, "ndcg@20_total_best": 0.12630328220201975, "EPOCH_ndcg_best": 30, "Recall@5_ndcg_best": 0.11500784836821527, "Recall@10_ndcg_best": 0.16743395014830775, "Recall@20_ndcg_best": 0.24015100223361313, "ndcg@5_ndcg_best": 0.08666934697188164, "ndcg@10_ndcg_best": 0.1051060696933752, "ndcg@20_ndcg_best": 0.12584870262483652, "BEST_NDCG@10": 0.1051060696933752, "gradients/mass_i.weight": {"_type": "histogram", "values": [1.0, 1.0, 0.0, 0.0, 0.0, 0.0, 0.0, 0.0, 0.0, 0.0, 0.0, 1.0, 0.0, 0.0, 0.0, 0.0, 0.0, 0.0, 0.0, 0.0, 0.0, 0.0, 0.0, 0.0, 2.0, 3.0, 3.0, 4.0, 3.0, 6.0, 8.0, 14.0, 12.0, 21.0, 37.0, 35.0, 33.0, 8.0, 3334.0, 3.0, 9.0, 10.0, 6.0, 0.0, 2.0, 3.0, 2.0, 1.0, 1.0, 2.0, 0.0, 0.0, 1.0, 0.0, 1.0, 0.0, 0.0, 0.0, 0.0, 0.0, 0.0, 0.0, 0.0, 1.0], "bins": [-0.0002613559481687844, -0.00025458078016526997, -0.00024780561216175556, -0.00024103042960632592, -0.0002342552470508963, -0.00022748007904738188, -0.00022070491104386747, -0.00021392972848843783, -0.0002071545459330082, -0.00020037937792949378, -0.00019360419537406415, -0.00018682902737054974, -0.0001800538448151201, -0.0001732786768116057, -0.00016650350880809128, -0.00015972832625266165, -0.00015295315824914724, -0.00014617799024563283, -0.0001394028076902032, -0.00013262763968668878, -0.00012585245713125914, -0.00011907728912774473, -0.00011230211384827271, -0.00010552693856880069, -9.875176328932866e-05, -9.197658800985664e-05, -8.520141273038462e-05, -7.84262374509126e-05, -7.165106944739819e-05, -6.487588689196855e-05, -5.810071888845414e-05, -5.1325543608982116e-05, -4.455038288142532e-05, -3.77752076019533e-05, -3.1000032322481275e-05, -2.422486068098806e-05, -1.7449685401516035e-05, -1.0674510122044012e-05, -3.899338480550796e-06, 2.8758367989212275e-06, 9.65101207839325e-06, 1.6426187357865274e-05, 2.3201360818347894e-05, 2.9976534278830513e-05, 3.6751709558302537e-05, 4.352688483777456e-05, 5.0302056479267776e-05, 5.70772317587398e-05, 6.385240703821182e-05, 7.062758231768385e-05, 7.740275759715587e-05, 8.417792560067028e-05, 9.095310815609992e-05, 9.772827615961432e-05, 0.00010450345143908635, 0.00011127862671855837, 0.0001180538019980304, 0.00012482897727750242, 0.00013160414528101683, 0.00013837932783644646, 0.00014515449583996087, 0.0001519296783953905, 0.00015870484639890492, 0.00016548001440241933, 0.00017225519695784897]}, "gradients/mass_u.weight": {"_type": "histogram", "values": [1.0, 0.0, 0.0, 0.0, 0.0, 0.0, 0.0, 0.0, 0.0, 0.0, 0.0, 0.0, 0.0, 0.0, 0.0, 0.0, 0.0, 0.0, 0.0, 0.0, 0.0, 0.0, 0.0, 0.0, 0.0, 0.0, 1.0, 0.0, 1.0, 0.0, 0.0, 0.0, 1.0, 0.0, 0.0, 2.0, 0.0, 1.0, 3.0, 8.0, 3.0, 8.0, 5.0, 12.0, 7.0, 22.0, 25.0, 13.0, 16.0, 24.0, 6.0, 5.0, 3.0, 5367.0, 2.0, 0.0, 1.0, 1.0, 2.0, 0.0, 0.0, 0.0, 0.0, 1.0], "bins": [-0.0003575323207769543, -0.000350894290022552, -0.0003442562883719802, -0.0003376182576175779, -0.0003309802559670061, -0.0003243422252126038, -0.000317704223562032, -0.0003110661928076297, -0.0003044281911570579, -0.0002977901604026556, -0.0002911521587520838, -0.0002845141279976815, -0.0002778761263471097, -0.0002712380955927074, -0.00026460009394213557, -0.0002579620631877333, -0.00025132406153716147, -0.0002446860307827592, -0.00023804802913218737, -0.00023141001292970031, -0.00022477199672721326, -0.0002181339805247262, -0.00021149596432223916, -0.0002048579481197521, -0.00019821991736534983, -0.00019158190116286278, -0.00018494388496037573, -0.00017830586875788867, -0.00017166785255540162, -0.00016502983635291457, -0.00015839182015042752, -0.00015175380394794047, -0.00014511578774545342, -0.00013847777154296637, -0.00013183975534047931, -0.00012520173913799226, -0.00011856372293550521, -0.00011192570673301816, -0.00010528769053053111, -9.864967432804406e-05, -9.2011658125557e-05, -8.537364192306995e-05, -7.87356257205829e-05, -7.209760951809585e-05, -6.54595933156088e-05, -5.882157347514294e-05, -5.218355727265589e-05, -4.554554107016884e-05, -3.890752122970298e-05, -3.226950502721593e-05, -2.5631488824728876e-05, -1.899347080325242e-05, -1.235545460076537e-05, -5.717436579288915e-06, 9.205796231981367e-07, 7.558595825685188e-06, 1.419661202817224e-05, 2.083462823065929e-05, 2.7472644433146343e-05, 3.41106642736122e-05, 4.074868047609925e-05, 4.7386696678586304e-05, 5.4024712881073356e-05, 6.066272908356041e-05, 6.730074528604746e-05]}, "gradients/embedding_user.weight": {"_type": "histogram", "values": [1.0, 0.0, 0.0, 0.0, 1.0, 1.0, 1.0, 1.0, 0.0, 1.0, 3.0, 1.0, 0.0, 3.0, 1.0, 2.0, 1.0, 0.0, 2.0, 1.0, 4.0, 19.0, 25.0, 35.0, 56.0, 84.0, 160.0, 346.0, 909.0, 2692.0, 14209.0, 294993.0, 35382.0, 3595.0, 1074.0, 477.0, 208.0, 128.0, 77.0, 49.0, 23.0, 11.0, 12.0, 6.0, 6.0, 2.0, 7.0, 1.0, 1.0, 3.0, 0.0, 2.0, 0.0, 1.0, 0.0, 0.0, 2.0, 0.0, 1.0, 2.0, 0.0, 0.0, 1.0, 1.0], "bins": [-3.081464456045069e-05, -2.9840388378943317e-05, -2.886613401642535e-05, -2.7891877834917977e-05, -2.691762347240001e-05, -2.5943367290892638e-05, -2.4969111109385267e-05, -2.39948567468673e-05, -2.302060238434933e-05, -2.204634620284196e-05, -2.1072091840323992e-05, -2.009783565881662e-05, -1.9123581296298653e-05, -1.814932511479128e-05, -1.717506893328391e-05, -1.6200814570765942e-05, -1.5226558389258571e-05, -1.4252303117245901e-05, -1.3278047845233232e-05, -1.230379166372586e-05, -1.1329537301207893e-05, -1.0355281119700521e-05, -9.381025847687852e-06, -8.406770575675182e-06, -7.4325153036625125e-06, -6.458260031649843e-06, -5.484004759637173e-06, -4.509749032877153e-06, -3.535493760864483e-06, -2.5612384888518136e-06, -1.5869827620917931e-06, -6.127274900791235e-07, 3.6152778193354607e-07, 1.3357831676330534e-06, 2.3100385533325607e-06, 3.2842940527189057e-06, 4.258549324731575e-06, 5.232804596744245e-06, 6.207060323504265e-06, 7.181315595516935e-06, 8.155570867529605e-06, 9.129826139542274e-06, 1.0104081411554944e-05, 1.1078336683567613e-05, 1.2052592865074985e-05, 1.3026847227592953e-05, 1.4001103409100324e-05, 1.4975358681112994e-05, 1.5949613953125663e-05, 1.6923870134633034e-05, 1.7898124497151002e-05, 1.8872380678658374e-05, 1.984663504117634e-05, 2.0820891222683713e-05, 2.179514558520168e-05, 2.2769401766709052e-05, 2.3743657948216423e-05, 2.4717914129723795e-05, 2.5692168492241763e-05, 2.6666424673749134e-05, 2.7640679036267102e-05, 2.8614935217774473e-05, 2.9589191399281844e-05, 3.056344576179981e-05, 3.153770012431778e-05]}, "gradients/embedding_item.weight": {"_type": "histogram", "values": [1.0, 1.0, 1.0, 0.0, 0.0, 1.0, 2.0, 3.0, 0.0, 2.0, 2.0, 2.0, 3.0, 4.0, 9.0, 10.0, 10.0, 17.0, 25.0, 37.0, 52.0, 78.0, 121.0, 147.0, 210.0, 306.0, 522.0, 798.0, 1177.0, 2037.0, 3420.0, 6895.0, 16423.0, 52667.0, 98047.0, 24671.0, 9465.0, 4405.0, 2446.0, 1475.0, 960.0, 589.0, 442.0, 249.0, 171.0, 132.0, 91.0, 65.0, 43.0, 31.0, 25.0, 13.0, 12.0, 9.0, 9.0, 3.0, 4.0, 7.0, 1.0, 1.0, 1.0, 0.0, 0.0, 2.0],