{"TOTAL_BEST_METRIC": 0.4909801785861512, "BEST_NDCG@10": 0.05948478758692602, "_timestamp": 1688548760.1628819, "_runtime": 1571.7205429077148, "_step": 1134, "epoch": 1000, "Train_Metric_loss": 5.144015073776245, "Train_Reg_loss": 0.0001775016706752857, "Pos_loss": 8.5247163772583, "Neg_loss": 0.05510345846414566, "Recall@5": 0.06394778911846087, "Recall@10": 0.09857672996021326, "Recall@20": 0.14573129425022263, "NDCG@5": 0.04583980255976141, "NDCG@10": 0.05807113494276788, "NDCG@20": 0.07149342289943608, "Recall@5_total_best": 0.0666185534836545, "Recall@10_total_best": 0.0986706415572221, "Recall@20_total_best": 0.14648514651946049, "ndcg@5_total_best": 0.04758451212380752, "ndcg@10_total_best": 0.059040357619060006, "ndcg@20_total_best": 0.07258096728294648, "EPOCH_ndcg_best": 270, "Recall@5_ndcg_best": 0.06368877932401962, "Recall@10_ndcg_best": 0.10031329941062546, "Recall@20_ndcg_best": 0.1440127677619234, "ndcg@5_ndcg_best": 0.046647614423887936, "ndcg@10_ndcg_best": 0.05948478758692602, "ndcg@20_ndcg_best": 0.07189691312458012, "gradients/mass_i.weight": {"_type": "histogram", "values": [1.0, 0.0, 0.0, 0.0, 0.0, 1.0, 0.0, 0.0, 0.0, 2.0, 4.0, 1.0, 1.0, 0.0, 2.0, 4.0, 5.0, 5.0, 11.0, 17.0, 22.0, 25.0, 36.0, 29.0, 44.0, 45.0, 51.0, 50.0, 19.0, 8122.0, 0.0, 7.0, 20.0, 38.0, 26.0, 31.0, 28.0, 11.0, 10.0, 13.0, 9.0, 2.0, 1.0, 1.0, 3.0, 2.0, 3.0, 3.0, 1.0, 1.0, 1.0, 0.0, 0.0, 0.0, 0.0, 0.0, 0.0, 1.0, 1.0, 1.0, 1.0, 0.0, 0.0, 1.0], "bins": [-0.00011779001215472817, -0.00011384429672034457, -0.00010989858128596097, -0.00010595286585157737, -0.00010200715041719377, -9.806144225876778e-05, -9.411572682438418e-05, -9.017001139000058e-05, -8.622429595561698e-05, -8.227858052123338e-05, -7.833286508684978e-05, -7.438714965246618e-05, -7.044144149404019e-05, -6.649571878369898e-05, -6.255001062527299e-05, -5.860429519088939e-05, -5.465857975650579e-05, -5.0712864322122186e-05, -4.6767148887738585e-05, -4.282143709133379e-05, -3.887572165695019e-05, -3.493000622256659e-05, -3.0984294426161796e-05, -2.7038578991778195e-05, -2.3092863557394594e-05, -1.9147148123010993e-05, -1.5201434507616796e-05, -1.1255719982727896e-05, -7.310005457838997e-06, -3.3642900234553963e-06, 5.814235919388011e-07, 4.5271372073329985e-06, 8.472838089801371e-06, 1.241855261469027e-05, 1.636426713957917e-05, 2.0309980754973367e-05, 2.4255696189356968e-05, 2.820141162374057e-05, 3.214712342014536e-05, 3.6092838854528964e-05, 4.0038554288912565e-05, 4.3984269723296165e-05, 4.7929985157679766e-05, 5.187569695408456e-05, 5.582141238846816e-05, 5.976712782285176e-05, 6.371283961925656e-05, 6.765855505364016e-05, 7.160427048802376e-05, 7.554998592240736e-05, 7.949570135679096e-05, 8.344141679117456e-05, 8.738713222555816e-05, 9.133284038398415e-05, 9.527855581836775e-05, 9.922427125275135e-05, 0.00010316998668713495, 0.00010711570212151855, 0.00011106141755590215, 0.00011500713299028575, 0.00011895284114871174, 0.00012289856385905296, 0.00012684427201747894, 0.00013078999472782016, 0.00013473570288624614]}, "gradients/mass_u.weight": {"_type": "histogram", "values": [0.0, 0.0, 0.0, 0.0, 0.0, 0.0, 0.0, 0.0, 0.0, 0.0, 0.0, 0.0, 0.0, 0.0, 0.0, 0.0, 0.0, 0.0, 0.0, 0.0, 0.0, 0.0, 0.0, 0.0, 0.0, 0.0, 0.0, 0.0, 0.0, 0.0, 0.0, 0.0, 14681.0, 0.0, 0.0, 0.0, 0.0, 0.0, 0.0, 0.0, 0.0, 0.0, 0.0, 0.0, 0.0, 0.0, 0.0, 0.0, 0.0, 0.0, 0.0, 0.0, 0.0, 0.0, 0.0, 0.0, 0.0, 0.0, 0.0, 0.0, 0.0, 0.0, 0.0, 0.0], "bins": [0.0, 0.0, 0.0, 0.0, 0.0, 0.0, 0.0, 0.0, 0.0, 0.0, 0.0, 0.0, 0.0, 0.0, 0.0, 0.0, 0.0, 0.0, 0.0, 0.0, 0.0, 0.0, 0.0, 0.0, 0.0, 0.0, 0.0, 0.0, 0.0, 0.0, 0.0, 0.0, 0.0, 0.0, 0.0, 0.0, 0.0, 0.0, 0.0, 0.0, 0.0, 0.0, 0.0, 0.0, 0.0, 0.0, 0.0, 0.0, 0.0, 0.0, 0.0, 0.0, 0.0, 0.0, 0.0, 0.0, 0.0, 0.0, 0.0, 0.0, 0.0, 0.0, 0.0, 0.0, 0.0]}, "gradients/embedding_user.weight": {"_type": "histogram", "values": [3.0, 1.0, 2.0, 5.0, 2.0, 7.0, 4.0, 7.0, 6.0, 11.0, 12.0, 13.0, 20.0, 24.0, 15.0, 23.0, 39.0, 60.0, 76.0, 107.0, 151.0, 221.0, 402.0, 681.0, 1543.0, 3659.0, 15283.0, 167243.0, 563346.0, 164888.0, 14741.0, 3507.0, 1561.0, 759.0, 388.0, 222.0, 138.0, 110.0, 68.0, 50.0, 37.0, 40.0, 21.0, 16.0, 11.0, 8.0, 11.0, 11.0, 9.0, 7.0, 3.0, 4.0, 0.0, 0.0, 1.0, 1.0, 3.0, 1.0, 1.0, 0.0, 0.0, 0.0, 0.0, 1.0], "bins": [-0.0009255207842215896, -0.0008930459734983742, -0.0008605711627751589, -0.0008280963520519435, -0.0007956215413287282, -0.0007631467888131738, -0.0007306719780899584, -0.0006981971673667431, -0.0006657223566435277, -0.0006332475459203124, -0.0006007727351970971, -0.0005682979244738817, -0.0005358231719583273, -0.000503348303027451, -0.0004708735505118966, -0.00043839873978868127, -0.00040592392906546593, -0.0003734491183422506, -0.00034097430761903524, -0.00030849952599965036, -0.000276024715276435, -0.00024354990455321968, -0.00021107510838191956, -0.00017860031221061945, -0.0001461255014874041, -0.00011365069804014638, -8.117589459288865e-05, -4.8701091145630926e-05, -1.62262876983732e-05, 1.6248523024842143e-05, 4.8723319196142256e-05, 8.119811536744237e-05, 0.00011367280967533588, 0.00014614762039855123, 0.00017862241656985134, 0.00021109721274115145, 0.0002435720234643668, 0.00027604683418758214, 0.000308521615806967, 0.00034099642653018236, 0.0003734712372533977, 0.00040594604797661304, 0.0004384208586998284, 0.00047089564031921327, 0.0005033704219385982, 0.0005358452908694744, 0.0005683200433850288, 0.0006007948541082442, 0.0006332696648314595, 0.0006657444755546749, 0.0006982192862778902, 0.0007306940970011055, 0.0007631689077243209, 0.0007956436602398753, 0.0008281184709630907, 0.000860593281686306, 0.0008930680924095213, 0.0009255429031327367, 0.000958017713855952, 0.0009904925245791674, 0.0010229672770947218, 0.001055442146025598, 0.0010879168985411525, 0.0011203917674720287, 0.0011528665199875832]}, "gradients/embedding_item.weight": {"_type": "histogram", "values": [1.0, 0.0, 0.0, 2.0, 0.0, 0.0, 1.0, 1.0, 1.0, 2.0, 9.0, 6.0, 12.0, 9.0, 18.0, 19.0, 42.0, 53.0, 96.0, 136.0, 166.0, 231.0, 399.0, 625.0, 1075.0, 1855.0, 3508.0, 7058.0, 14926.0, 34916.0, 85283.0, 308641.0, 54435.0, 23062.0, 10238.0, 4760.0, 2406.0, 1426.0, 794.0, 475.0, 304.0, 214.0, 136.0, 90.0, 61.0, 44.0, 24.0, 22.0, 12.0, 10.0, 9.0, 3.0, 6.0, 2.0, 3.0, 4.0, 0.0, 0.0, 0.0, 0.0, 0.0, 0.0, 0.0, 1.0], "bins": [-0.0012274294858798385, -0.0011881557293236256, -0.0011488819727674127, -0.0011096082162111998, -0.001070334343239665, -0.0010310605866834521, -0.0009917868301272392, -0.0009525130735710263, -0.0009132393170148134, -0.0008739655604586005, -0.0008346918039023876, -0.0007954179891385138, -0.0007561442325823009, -0.000716870476026088, -0.0006775966612622142, -0.0006383229047060013, -0.0005990491481497884, -0.0005597753915935755, -0.0005205016350373626, -0.00048122782027348876, -0.00044195406371727586, -0.00040268030716106296, -0.0003634065215010196, -0.00032413273584097624, -0.00028485897928476334, -0.00024558522272855043, -0.00020631143706850708, -0.00016703766596037894, -0.00012776389485225081, -8.849012374412268e-05, -4.9216352635994554e-05, -9.942566975951195e-06, 2.9331305995583534e-05, 6.860507710371166e-05, 0.0001078788482118398, 0.00014715261931996793, 0.00018642639042809606, 0.00022570016153622419, 0.0002649739326443523, 0.0003042477183043957, 0.0003435214748606086, 0.0003827952314168215, 0.00042206901707686484, 0.0004613428027369082, 0.0005006165592931211, 0.000539890315849334, 0.0005791641306132078, 0.0006184378871694207, 0.0006577116437256336, 0.0006969854002818465, 0.0007362591568380594, 0.0007755329716019332, 0.0008148067281581461, 0.000854080484714359, 0.0008933542994782329, 0.0009326280560344458, 0.0009719018125906587, 0.0010111755691468716, 0.0010504493257030845, 0.0010897230822592974, 0.001128996955230832, 0.001168270711787045, 0.001207544468343258, 0.0012468182248994708, 0.0012860919814556837]}, "_wandb": {"runtime": 1570}}