{"TOTAL_BEST_METRIC": 0.21221196689221095, "BEST_NDCG@10": 0.02957059884422685, "_timestamp": 1688541740.1770468, "_runtime": 2164.1614446640015, "_step": 133, "epoch": 103, "Train_Metric_loss": 4.482175350189209, "Train_Reg_loss": 8.632929620006573e-05, "Pos_loss": 9.194075584411621, "Neg_loss": 0.596815824508667, "Recall@5": 0.020387651966828478, "Recall@10": 0.03655090777316656, "Recall@20": 0.06292314142082311, "NDCG@5": 0.02378938428473772, "NDCG@10": 0.02957059884422685, "NDCG@20": 0.0387826011265218, "Recall@5_total_best": 0.020263435681556856, "Recall@10_total_best": 0.036612159944984485, "Recall@20_total_best": 0.06359568838589269, "ndcg@5_total_best": 0.023445671904501374, "ndcg@10_total_best": 0.029407148297806922, "ndcg@20_total_best": 0.03888786267746862, "EPOCH_ndcg_best": 100, "Recall@5_ndcg_best": 0.020387651966828478, "Recall@10_ndcg_best": 0.03655090777316656, "Recall@20_ndcg_best": 0.06292314142082311, "ndcg@5_ndcg_best": 0.02378938428473772, "ndcg@10_ndcg_best": 0.02957059884422685, "ndcg@20_ndcg_best": 0.0387826011265218, "gradients/mass_i.weight": {"_type": "histogram", "values": [1.0, 1.0, 1.0, 0.0, 1.0, 2.0, 0.0, 0.0, 2.0, 2.0, 3.0, 4.0, 1.0, 2.0, 2.0, 6.0, 11.0, 13.0, 21.0, 21.0, 23.0, 31.0, 48.0, 55.0, 76.0, 85.0, 108.0, 160.0, 152.0, 207.0, 242.0, 322.0, 346.0, 365.0, 406.0, 382.0, 292.0, 95.0, 42715.0, 0.0, 189.0, 470.0, 409.0, 294.0, 219.0, 170.0, 113.0, 96.0, 40.0, 26.0, 13.0, 8.0, 13.0, 5.0, 7.0, 4.0, 5.0, 0.0, 0.0, 1.0, 3.0, 1.0, 2.0, 2.0], "bins": [-5.523143772734329e-05, -5.380921720643528e-05, -5.238700032350607e-05, -5.096477980259806e-05, -4.954256291966885e-05, -4.812034239876084e-05, -4.669812187785283e-05, -4.527590499492362e-05, -4.385368447401561e-05, -4.2431463953107595e-05, -4.100924707017839e-05, -3.9587026549270377e-05, -3.816480966634117e-05, -3.674258914543316e-05, -3.532037226250395e-05, -3.389815174159594e-05, -3.2475931220687926e-05, -3.105371069977991e-05, -2.9631493816850707e-05, -2.8209273295942694e-05, -2.6787054594024085e-05, -2.5364835892105475e-05, -2.3942617190186866e-05, -2.2520398488268256e-05, -2.109818160533905e-05, -1.967596290342044e-05, -1.825374420150183e-05, -1.683152368059382e-05, -1.540930497867521e-05, -1.39870862767566e-05, -1.256486757483799e-05, -1.1142647963424679e-05, -9.720428352011368e-06, -8.298209650092758e-06, -6.875990038679447e-06, -5.453771336760838e-06, -4.031552180094877e-06, -2.609333023428917e-06, -1.1871143215103075e-06, 2.3510528990300372e-07, 1.6573239918216132e-06, 3.0795431484875735e-06, 4.501762305153534e-06, 5.923981007072143e-06, 7.346200163738104e-06, 8.768419320404064e-06, 1.0190638022322673e-05, 1.1612857633735985e-05, 1.3035076335654594e-05, 1.4457295037573203e-05, 1.5879513739491813e-05, 1.7301732441410422e-05, 1.8723952962318435e-05, 2.0146171664237045e-05, 2.1568390366155654e-05, 2.2990610887063667e-05, 2.4412827769992873e-05, 2.5835046471911483e-05, 2.7257265173830092e-05, 2.8679485694738105e-05, 3.0101704396656714e-05, 3.1523923098575324e-05, 3.294613998150453e-05, 3.436836050241254e-05, 3.5790581023320556e-05]}, "gradients/mass_u.weight": {"_type": "histogram", "values": [1.0, 0.0, 0.0, 1.0, 0.0, 0.0, 0.0, 0.0, 0.0, 0.0, 0.0, 0.0, 0.0, 0.0, 1.0, 0.0, 0.0, 1.0, 0.0, 0.0, 0.0, 1.0, 1.0, 0.0, 1.0, 0.0, 1.0, 2.0, 0.0, 0.0, 0.0, 3.0, 0.0, 1.0, 1.0, 1.0, 0.0, 0.0, 1.0, 0.0, 2.0, 1.0, 1.0, 0.0, 1.0, 1.0, 2.0, 2.0, 6.0, 2.0, 2.0, 8.0, 9.0, 7.0, 11.0, 13.0, 14.0, 18.0, 46.0, 85.0, 47.0, 176.0, 37.0, 96954.0], "bins": [-0.001371411606669426, -0.0013499832712113857, -0.0013285549357533455, -0.001307126716710627, -0.0012856983812525868, -0.0012642700457945466, -0.0012428418267518282, -0.001221413491293788, -0.0011999851558357477, -0.0011785568203777075, -0.0011571284849196672, -0.0011357002658769488, -0.0011142719304189086, -0.0010928435949608684, -0.00107141537591815, -0.0010499870404601097, -0.0010285587050020695, -0.0010071303695440292, -0.000985702034085989, -0.0009642738150432706, -0.0009428454795852304, -0.0009214171441271901, -0.0008999888668768108, -0.0008785605896264315, -0.0008571322541683912, -0.000835703918710351, -0.0008142756414599717, -0.0007928473642095923, -0.0007714190287515521, -0.0007499906932935119, -0.0007285624160431325, -0.0007071341387927532, -0.000685705803334713, -0.0006642774678766727, -0.0006428491906262934, -0.0006214209133759141, -0.0005999925779178739, -0.0005785642424598336, -0.0005571359652094543, -0.000535707687959075, -0.0005142793525010347, -0.0004928510170429945, -0.0004714227397926152, -0.0004499944334384054, -0.0004285661270841956, -0.00040713782072998583, -0.00038570951437577605, -0.00036428120802156627, -0.0003428529016673565, -0.0003214245953131467, -0.00029999628895893693, -0.00027856798260472715, -0.00025713967625051737, -0.0002357113698963076, -0.0002142830635420978, -0.00019285475718788803, -0.00017142645083367825, -0.00014999814447946846, -0.00012856983812525868, -0.0001071415317710489, -8.571322541683912e-05, -6.428491906262934e-05, -4.285661270841956e-05, -2.142830635420978e-05, 0.0]}, "gradients/embedding_user.weight": {"_type": "histogram", "values": [2.0, 0.0, 0.0, 1.0, 0.0, 2.0, 2.0, 4.0, 5.0, 1.0, 8.0, 6.0, 6.0, 12.0, 16.0, 6.0, 21.0, 20.0, 43.0, 66.0, 117.0, 146.0, 257.0, 427.0, 715.0, 1189.0, 2220.0, 3886.0, 6533.0, 95939.0, 6077716.0, 33718.0, 6404.0, 3639.0, 1954.0, 1098.0, 583.0, 318.0, 179.0, 91.0, 65.0, 40.0, 30.0, 26.0, 13.0, 12.0, 6.0, 4.0, 6.0, 1.0, 3.0, 2.0, 3.0, 3.0, 2.0, 0.0, 0.0, 1.0, 0.0, 0.0, 0.0, 0.0, 0.0, 1.0], "bins": [-0.00043184697278775275, -0.0004176562651991844, -0.00040346558671444654, -0.0003892748791258782, -0.0003750841715373099, -0.000360893493052572, -0.0003467027854640037, -0.00033251207787543535, -0.0003183213993906975, -0.00030413069180212915, -0.0002899400133173913, -0.00027574930572882295, -0.0002615586272440851, -0.00024736791965551674, -0.00023317721206694841, -0.0002189865190302953, -0.0002047958259936422, -0.0001906051329569891, -0.000176414439920336, -0.00016222373233176768, -0.00014803303929511458, -0.00013384234625846148, -0.00011965164594585076, -0.00010546094563324004, -9.127025259658694e-05, -7.707955955993384e-05, -6.288885924732313e-05, -4.869816257269122e-05, -3.450746589805931e-05, -2.0316772861406207e-05, -6.1260725487954915e-06, 8.064627763815224e-06, 2.225529169663787e-05, 3.644598837126978e-05, 5.0636685045901686e-05, 6.48273853585124e-05, 7.90180783951655e-05, 9.32087714318186e-05, 0.00010739947174442932, 0.00012159017205704004, 0.00013578086509369314, 0.00014997155813034624, 0.00016416225116699934, 0.00017835295875556767, 0.00019254365179222077, 0.00020673434482887387, 0.0002209250524174422, 0.0002351157454540953, 0.0002493064384907484, 0.00026349714607931674, 0.0002776878245640546, 0.00029187853215262294, 0.0003060692106373608, 0.00032025991822592914, 0.00033445062581449747, 0.00034864130429923534, 0.0003628320118878037, 0.000377022719476372, 0.0003912133979611099, 0.0004054041055496782, 0.00041959481313824654, 0.0004337854916229844, 0.00044797619921155274, 0.00046216690680012107, 0.00047635758528485894]}, "gradients/embedding_item.weight": {"_type": "histogram", "values": [1.0, 4.0, 4.0, 2.0, 5.0, 5.0, 13.0, 19.0, 24.0, 31.0, 38.0, 59.0, 103.0, 141.0, 205.0, 254.0, 395.0, 607.0, 855.0, 1259.0, 1942.0, 3105.0, 4801.0, 7652.0, 12809.0, 21356.0, 35626.0, 60999.0, 106940.0, 170768.0, 718538.0, 1493039.0, 174691.0, 113640.0, 64763.0, 38147.0, 22387.0, 13511.0, 8005.0, 4903.0, 3097.0, 1983.0, 1334.0, 888.0, 608.0, 371.0, 266.0, 172.0, 127.0, 107.0, 55.0, 43.0, 34.0, 25.0, 8.0, 11.0, 9.0, 10.0, 10.0, 2.0, 5.0, 1.0, 1.0, 3.0],