{"TOTAL_BEST_METRIC": 0.3533993082206559, "BEST_NDCG@10": 0.04164719665534876, "_timestamp": 1688384516.293626, "_runtime": 1971.5158920288086, "_step": 1115, "epoch": 1000, "Train_Metric_loss": NaN, "Train_Reg_loss": NaN, "Pos_loss": NaN, "Neg_loss": NaN, "Recall@5": 0.00013653741125068268, "Recall@10": 0.000591662115419625, "Recall@20": 0.0010172037138175861, "NDCG@5": 5.281988083486368e-05, "NDCG@10": 0.00022000096810395565, "NDCG@20": 0.00034823243471569386, "Recall@5_total_best": 0.044879965292308276, "Recall@10_total_best": 0.07007811200875098, "Recall@20_total_best": 0.11082677120038069, "ndcg@5_total_best": 0.03277993122422984, "ndcg@10_total_best": 0.04164719665534876, "ndcg@20_total_best": 0.05318733183963735, "EPOCH_ndcg_best": 120, "Recall@5_ndcg_best": 0.044879965292308276, "Recall@10_ndcg_best": 0.07007811200875098, "Recall@20_ndcg_best": 0.11082677120038069, "ndcg@5_ndcg_best": 0.03277993122422984, "ndcg@10_ndcg_best": 0.04164719665534876, "ndcg@20_ndcg_best": 0.05318733183963735, "gradients/mass_i.weight": {"_type": "histogram", "values": [1.0, 0.0, 0.0, 2.0, 1.0, 1.0, 1.0, 9.0, 5.0, 16.0, 25.0, 37.0, 51.0, 64.0, 8464.0, 7.0, 4.0, 10.0, 2.0, 0.0, 2.0, 0.0, 0.0, 2.0, 1.0, 2.0, 1.0, 1.0, 1.0, 1.0, 0.0, 0.0, 0.0, 1.0, 0.0, 0.0, 0.0, 0.0, 0.0, 0.0, 0.0, 0.0, 0.0, 0.0, 0.0, 0.0, 0.0, 0.0, 0.0, 0.0, 0.0, 0.0, 0.0, 0.0, 0.0, 0.0, 0.0, 0.0, 0.0, 0.0, 0.0, 0.0, 0.0, 1.0], "bins": [-2.7849571779370308e-05, -2.5892753910738975e-05, -2.3935936042107642e-05, -2.197911817347631e-05, -2.0022300304844975e-05, -1.8065482436213642e-05, -1.610866456758231e-05, -1.4151846698950976e-05, -1.2195028830319643e-05, -1.023821096168831e-05, -8.281393093056977e-06, -6.324575224425644e-06, -4.3677573557943106e-06, -2.4109394871629775e-06, -4.5412161853164434e-07, 1.5026962500996888e-06, 3.459514118731022e-06, 5.416331987362355e-06, 7.373149855993688e-06, 9.329967724625021e-06, 1.1286785593256354e-05, 1.3243603461887687e-05, 1.520042133051902e-05, 1.7157239199150354e-05, 1.9114057067781687e-05, 2.107087493641302e-05, 2.3027692805044353e-05, 2.4984510673675686e-05, 2.694132854230702e-05, 2.8898146410938352e-05, 3.0854964279569685e-05, 3.281178214820102e-05, 3.476860001683235e-05, 3.6725417885463685e-05, 3.868223575409502e-05, 4.063905362272635e-05, 4.2595871491357684e-05, 4.455268935998902e-05, 4.650950722862035e-05, 4.8466325097251683e-05, 5.0423142965883017e-05, 5.237996083451435e-05, 5.433677870314568e-05, 5.6293596571777016e-05, 5.825041444040835e-05, 6.020723230903968e-05, 6.216405017767102e-05, 6.412086804630235e-05, 6.607768591493368e-05, 6.803450378356501e-05, 6.999132165219635e-05, 7.194813952082768e-05, 7.390495738945901e-05, 7.586177525809035e-05, 7.781859312672168e-05, 7.977541099535301e-05, 8.173222886398435e-05, 8.368904673261568e-05, 8.564586460124701e-05, 8.760268246987835e-05, 8.955950033850968e-05, 9.151631820714101e-05, 9.347313607577235e-05, 9.542995394440368e-05, 9.738677181303501e-05]}, "gradients/mass_u.weight": {"_type": "histogram", "values": [1.0, 0.0, 0.0, 0.0, 0.0, 0.0, 0.0, 0.0, 0.0, 0.0, 0.0, 0.0, 0.0, 0.0, 0.0, 0.0, 0.0, 0.0, 0.0, 0.0, 0.0, 0.0, 1.0, 0.0, 0.0, 0.0, 0.0, 0.0, 0.0, 0.0, 0.0, 0.0, 0.0, 0.0, 1.0, 0.0, 1.0, 1.0, 2.0, 0.0, 1.0, 1.0, 2.0, 0.0, 1.0, 4.0, 0.0, 2.0, 2.0, 4.0, 2.0, 3.0, 7.0, 11.0, 10.0, 12.0, 15.0, 21.0, 71.0, 93.0, 95.0, 81.0, 41.0, 14195.0], "bins": [-2.0905223209410906e-05, -2.0578580006258562e-05, -2.0251934984116815e-05, -1.9925289961975068e-05, -1.9598646758822724e-05, -1.927200355567038e-05, -1.8945358533528633e-05, -1.8618713511386886e-05, -1.8292070308234543e-05, -1.79654271050822e-05, -1.7638782082940452e-05, -1.7312137060798705e-05, -1.698549385764636e-05, -1.6658850654494017e-05, -1.633220563235227e-05, -1.6005560610210523e-05, -1.567891740705818e-05, -1.5352274203905836e-05, -1.5025629181764089e-05, -1.4698985069117043e-05, -1.4372340956469998e-05, -1.4045696843822952e-05, -1.3719052731175907e-05, -1.3392408618528862e-05, -1.3065764505881816e-05, -1.273912039323477e-05, -1.2412476280587725e-05, -1.208583216794068e-05, -1.1759188055293635e-05, -1.1432543942646589e-05, -1.1105899829999544e-05, -1.0779255717352498e-05, -1.0452611604705453e-05, -1.0125967492058408e-05, -9.799323379411362e-06, -9.472679266764317e-06, -9.146035154117271e-06, -8.819391041470226e-06, -8.49274692882318e-06, -8.166102816176135e-06, -7.83945870352909e-06, -7.512814590882044e-06, -7.186170478234999e-06, -6.8595263655879535e-06, -6.532882252940908e-06, -6.206238140293863e-06, -5.879594027646817e-06, -5.552949914999772e-06, -5.2263058023527265e-06, -4.899661689705681e-06, -4.573017577058636e-06, -4.24637346441159e-06, -3.919729351764545e-06, -3.5930852391174994e-06, -3.266441126470454e-06, -2.9397970138234086e-06, -2.6131529011763632e-06, -2.286508788529318e-06, -1.9598646758822724e-06, -1.633220563235227e-06, -1.3065764505881816e-06, -9.799323379411362e-07, -6.532882252940908e-07, -3.266441126470454e-07, 0.0]}, "gradients/embedding_user.weight": {"_type": "histogram", "values": [0.0, 0.0, 0.0, 0.0, 0.0, 0.0, 0.0, 0.0, 0.0, 0.0, 0.0, 0.0, 0.0, 0.0, 0.0, 0.0, 0.0, 0.0, 0.0, 0.0, 0.0, 0.0, 0.0, 0.0, 0.0, 0.0, 0.0, 0.0, 0.0, 0.0, 0.0, 0.0, 5888.0, 0.0, 0.0, 0.0, 0.0, 0.0, 0.0, 0.0, 0.0, 0.0, 0.0, 0.0, 0.0, 0.0, 0.0, 0.0, 0.0, 0.0, 0.0, 0.0, 0.0, 0.0, 0.0, 0.0, 0.0, 0.0, 0.0, 0.0, 0.0, 0.0, 0.0, 0.0], "bins": [0.0, 0.0, 0.0, 0.0, 0.0, 0.0, 0.0, 0.0, 0.0, 0.0, 0.0, 0.0, 0.0, 0.0, 0.0, 0.0, 0.0, 0.0, 0.0, 0.0, 0.0, 0.0, 0.0, 0.0, 0.0, 0.0, 0.0, 0.0, 0.0, 0.0, 0.0, 0.0, 0.0, 0.0, 0.0, 0.0, 0.0, 0.0, 0.0, 0.0, 0.0, 0.0, 0.0, 0.0, 0.0, 0.0, 0.0, 0.0, 0.0, 0.0, 0.0, 0.0, 0.0, 0.0, 0.0, 0.0, 0.0, 0.0, 0.0, 0.0, 0.0, 0.0, 0.0, 0.0, 0.0]}, "gradients/embedding_item.weight": {"_type": "histogram", "values": [1.0, 0.0, 0.0, 0.0, 0.0, 1.0, 0.0, 1.0, 0.0, 2.0, 0.0, 1.0, 1.0, 4.0, 2.0, 1.0, 5.0, 11.0, 5.0, 13.0, 22.0, 30.0, 44.0, 49.0, 62.0, 76.0, 126.0, 210.0, 290.0, 554.0, 1141.0, 3463.0, 13831.0, 118417.0, 390785.0, 20900.0, 4452.0, 1482.0, 629.0, 331.0, 187.0, 113.0, 82.0, 80.0, 54.0, 34.0, 30.0, 27.0, 17.0, 11.0, 16.0, 9.0, 8.0, 5.0, 3.0, 3.0, 2.0, 4.0, 1.0, 2.0, 1.0, 0.0, 0.0, 1.0], "bins": [-0.0011010346934199333, -0.0010687682079151273, -0.0010365016059949994, -0.0010042351204901934, -0.0009719685767777264, -0.0009397020330652595, -0.0009074355475604534, -0.0008751690038479865, -0.0008429024601355195, -0.0008106359164230525, -0.0007783693727105856, -0.0007461028872057796, -0.0007138363434933126, -0.0006815697997808456, -0.0006493033142760396, -0.0006170367705635726, -0.0005847702268511057, -0.0005525036831386387, -0.0005202371394261718, -0.00048797065392136574, -0.0004557041102088988, -0.00042343756649643183, -0.00039117105188779533, -0.00035890453727915883, -0.0003266379935666919, -0.0002943714498542249, -0.0002621049352455884, -0.0002298384060850367, -0.00019757187692448497, -0.00016530534776393324, -0.00013303881860338151, -0.00010077228944282979, -6.850587669759989e-05, -3.623934753704816e-05, -3.972818376496434e-06, 2.8293710784055293e-05, 6.056023994460702e-05, 9.282676910515875e-05, 0.00012509329826571047, 0.0001573598274262622, 0.00018962635658681393, 0.00022189288574736565, 0.0002541594149079174, 0.0002864259295165539, 0.00031869247322902083, 0.0003509590169414878, 0.0003832255315501243, 0.0004154920461587608, 0.00044775858987122774, 0.0004800251335836947, 0.0005122916772961617, 0.0005445581628009677, 0.0005768247065134346, 0.0006090912502259016, 0.0006413577357307076, 0.0006736242794431746, 0.0007058908231556416, 0.0007381573668681085, 0.0007704239105805755, 0.0008026903960853815, 0.0008349569397978485, 0.0008672234835103154, 0.0008994899690151215, 0.0009317565127275884, 0.0009640230564400554]}, "_wandb": {"runtime": 1970}}