{"TOTAL_BEST_METRIC": 0.8870159638359766, "BEST_NDCG@10": 0.11149116639758276, "_timestamp": 1688281211.1168885, "_runtime": 385.21530747413635, "_step": 1105, "epoch": 1000, "Train_Metric_loss": -8.22160358428955, "Train_Reg_loss": 0.09863442927598953, "Recall@5": 0.07722017093346586, "Recall@10": 0.12565907262688403, "Recall@20": 0.1839861563706577, "NDCG@5": 0.056589218178185866, "NDCG@10": 0.0735723125420845, "NDCG@20": 0.08988638849400937, "Recall@5_total_best": 0.11693269696373897, "Recall@10_total_best": 0.18085089584614164, "Recall@20_total_best": 0.2560082388449468, "ndcg@5_total_best": 0.08886243936663961, "ndcg@10_total_best": 0.11149116639758276, "ndcg@20_total_best": 0.13287052641692687, "EPOCH_ndcg_best": 20, "Recall@5_ndcg_best": 0.11693269696373897, "Recall@10_ndcg_best": 0.18085089584614164, "Recall@20_ndcg_best": 0.2560082388449468, "ndcg@5_ndcg_best": 0.08886243936663961, "ndcg@10_ndcg_best": 0.11149116639758276, "ndcg@20_ndcg_best": 0.13287052641692687, "gradients/mass_i.weight": {"_type": "histogram", "values": [1.0, 0.0, 0.0, 1.0, 0.0, 0.0, 0.0, 0.0, 0.0, 0.0, 0.0, 0.0, 0.0, 0.0, 0.0, 0.0, 4.0, 0.0, 3.0, 3.0, 5.0, 5.0, 16.0, 16.0, 21.0, 45.0, 59.0, 22.0, 3329.0, 8.0, 9.0, 9.0, 1.0, 1.0, 3.0, 2.0, 0.0, 0.0, 0.0, 0.0, 1.0, 0.0, 2.0, 0.0, 0.0, 0.0, 0.0, 1.0, 0.0, 0.0, 0.0, 0.0, 0.0, 0.0, 0.0, 0.0, 0.0, 0.0, 0.0, 0.0, 0.0, 0.0, 0.0, 1.0], "bins": [-0.00029105067369528115, -0.0002806966076605022, -0.0002703425707295537, -0.0002599885337986052, -0.00024963446776382625, -0.00023928041628096253, -0.0002289263647980988, -0.00021857231331523508, -0.00020821826183237135, -0.00019786421034950763, -0.0001875101588666439, -0.00017715610738378018, -0.00016680205590091646, -0.00015644800441805273, -0.000146093952935189, -0.00013573990145232528, -0.00012538584996946156, -0.00011503179848659784, -0.00010467774700373411, -9.432369552087039e-05, -8.396964403800666e-05, -7.361559255514294e-05, -6.326154107227921e-05, -5.290748958941549e-05, -4.2553438106551766e-05, -3.219938662368804e-05, -2.1845335140824318e-05, -1.1491283657960594e-05, -1.1372321750968695e-06, 9.216819307766855e-06, 1.957087079063058e-05, 2.9924922273494303e-05, 4.027894465252757e-05, 5.0632996135391295e-05, 6.098704761825502e-05, 7.134109910111874e-05, 8.169515058398247e-05, 9.204920206684619e-05, 0.00010240325354970992, 0.00011275730503257364, 0.00012311135651543736, 0.0001334654079983011, 0.0001438194594811648, 0.00015417351096402854, 0.00016452756244689226, 0.00017488161392975599, 0.0001852356654126197, 0.00019558971689548343, 0.00020594376837834716, 0.00021629781986121088, 0.0002266518713440746, 0.00023700592282693833, 0.00024735997430980206, 0.00025771401124075055, 0.0002680680772755295, 0.00027842214331030846, 0.00028877618024125695, 0.00029913021717220545, 0.0003094842832069844, 0.00031983834924176335, 0.00033019238617271185, 0.00034054642310366035, 0.0003509004891384393, 0.00036125455517321825, 0.00037160859210416675]}, "gradients/mass_u.weight": {"_type": "histogram", "values": [2.0, 0.0, 0.0, 1.0, 1.0, 0.0, 0.0, 0.0, 0.0, 0.0, 0.0, 0.0, 2.0, 1.0, 0.0, 2.0, 1.0, 2.0, 2.0, 3.0, 3.0, 3.0, 3.0, 13.0, 12.0, 10.0, 26.0, 17.0, 18.0, 23.0, 6.0, 12.0, 5365.0, 3.0, 5.0, 0.0, 0.0, 1.0, 0.0, 1.0, 2.0, 0.0, 0.0, 0.0, 0.0, 0.0, 0.0, 0.0, 0.0, 0.0, 0.0, 0.0, 0.0, 0.0, 0.0, 0.0, 0.0, 0.0, 0.0, 0.0, 0.0, 0.0, 0.0, 1.0], "bins": [-0.0002629167283885181, -0.00025478180032223463, -0.0002466468431521207, -0.00023851191508583724, -0.00023037697246763855, -0.00022224202984943986, -0.0002141071017831564, -0.0002059721591649577, -0.000197837216546759, -0.00018970227392856032, -0.00018156733131036162, -0.00017343240324407816, -0.00016529746062587947, -0.00015716251800768077, -0.0001490275899413973, -0.00014089264732319862, -0.00013275770470499992, -0.00012462276208680123, -0.00011648782674456015, -0.00010835289140231907, -0.00010021794878412038, -9.208300616592169e-05, -8.394807082368061e-05, -7.581313548143953e-05, -6.767819286324084e-05, -5.954325388302095e-05, -5.140831490280107e-05, -4.327337592258118e-05, -3.5138436942361295e-05, -2.700349796214141e-05, -1.8868558981921524e-05, -1.0733620001701638e-05, -2.5986810214817524e-06, 5.536257958738133e-06, 1.3671196938958019e-05, 2.1806135919177905e-05, 2.994107489939779e-05, 3.8076013879617676e-05, 4.621095285983756e-05, 5.434589184005745e-05, 6.248083082027733e-05, 7.061577343847603e-05, 7.87507087807171e-05, 8.688564412295818e-05, 9.502058674115688e-05, 0.00010315552935935557, 0.00011129046470159665, 0.00011942540004383773, 0.00012756034266203642, 0.0001356952852802351, 0.0001438302278984338, 0.00015196515596471727, 0.00016010009858291596, 0.00016823504120111465, 0.00017636996926739812, 0.0001845049118855968, 0.0001926398545037955, 0.0002007747971219942, 0.0002089097397401929, 0.00021704466780647635, 0.00022517961042467505, 0.00023331455304287374, 0.0002414494811091572, 0.0002495844382792711, 0.0002577193663455546]}, "gradients/embedding_user.weight": {"_type": "histogram", "values": [1.0, 1.0, 1.0, 2.0, 0.0, 1.0, 1.0, 3.0, 4.0, 4.0, 2.0, 1.0, 5.0, 8.0, 6.0, 17.0, 21.0, 18.0, 26.0, 48.0, 65.0, 102.0, 154.0, 316.0, 787.0, 2040.0, 8118.0, 227697.0, 107112.0, 5157.0, 1588.0, 603.0, 280.0, 137.0, 91.0, 57.0, 29.0, 38.0, 25.0, 15.0, 12.0, 4.0, 8.0, 3.0, 3.0, 2.0, 2.0, 1.0, 0.0, 0.0, 1.0, 1.0, 2.0, 0.0, 1.0, 1.0, 0.0, 0.0, 0.0, 0.0, 0.0, 0.0, 0.0, 2.0], "bins": [-0.00065250089392066, -0.0006291011814028025, -0.0006057014688849449, -0.0005823017563670874, -0.0005589020438492298, -0.0005355023313313723, -0.0005121026188135147, -0.0004887029062956572, -0.0004653031937777996, -0.00044190348125994205, -0.0004185037687420845, -0.00039510405622422695, -0.0003717043437063694, -0.00034830463118851185, -0.0003249049186706543, -0.00030150520615279675, -0.0002781054936349392, -0.00025470578111708164, -0.0002313060685992241, -0.00020790635608136654, -0.000184506643563509, -0.00016110693104565144, -0.00013770721852779388, -0.00011430750600993633, -9.090779349207878e-05, -6.750808097422123e-05, -4.410836845636368e-05, -2.0708655938506126e-05, 2.691056579351425e-06, 2.6090769097208977e-05, 4.949048161506653e-05, 7.289019413292408e-05, 9.628990665078163e-05, 0.00011968961916863918, 0.00014308933168649673, 0.00016648904420435429, 0.00018988875672221184, 0.0002132884692400694, 0.00023668818175792694, 0.0002600878942757845, 0.00028348760679364204, 0.0003068873193114996, 0.00033028703182935715, 0.0003536867443472147, 0.00037708645686507225, 0.0004004861693829298, 0.00042388588190078735, 0.0004472855944186449, 0.00047068530693650246, 0.00049408501945436, 0.0005174847319722176, 0.0005408844444900751, 0.0005642841570079327, 0.0005876838695257902, 0.0006110835820436478, 0.0006344832945615053, 0.0006578830070793629, 0.0006812827195972204, 0.000704682432115078, 0.0007280821446329355, 0.0007514818571507931, 0.0007748815696686506, 0.0007982812821865082, 0.0008216809947043657, 0.0008450807072222233]}, "gradients/embedding_item.weight": {"_type": "histogram", "values": [2.0, 1.0, 0.0, 0.0, 1.0, 0.0, 1.0, 1.0, 3.0, 1.0, 0.0, 1.0, 4.0, 4.0, 5.0, 7.0, 11.0, 13.0, 44.0, 53.0, 80.0, 133.0, 179.0, 324.0, 531.0, 1027.0, 2205.0, 4658.0, 13343.0, 69587.0, 108794.0, 16529.0, 5639.0, 2370.0, 1207.0, 623.0, 354.0, 206.0, 149.0, 78.0, 66.0, 44.0, 15.0, 12.0, 9.0, 3.0, 9.0, 6.0, 2.0, 5.0, 4.0, 1.0, 0.0, 4.0, 0.0, 0.0, 0.0, 1.0, 2.0, 0.0, 0.0, 0.0, 0.0, 1.0],