{"TOTAL_BEST_METRIC": 1.0973313909035187, "BEST_NDCG@10": 0.13979310274500203, "_timestamp": 1688395953.1205256, "_runtime": 1077.2906215190887, "_step": 1231, "epoch": 1000, "Train_Metric_loss": 2.557038450241089, "Train_Reg_loss": 3.2605140586383643e-05, "Pos_loss": 8.473386764526367, "Neg_loss": 0.3159971833229065, "Recall@5": 0.15312331963640757, "Recall@10": 0.21872101252030224, "Recall@20": 0.30366568610877576, "NDCG@5": 0.116437937037466, "NDCG@10": 0.13934819749258326, "NDCG@20": 0.16364939897070419, "Recall@5_total_best": 0.15231990570865786, "Recall@10_total_best": 0.22207238591194634, "Recall@20_total_best": 0.30462281761012117, "ndcg@5_total_best": 0.1153321955216386, "ndcg@10_total_best": 0.13979310274500203, "ndcg@20_total_best": 0.16319098340615273, "EPOCH_ndcg_best": 970, "Recall@5_ndcg_best": 0.15231990570865786, "Recall@10_ndcg_best": 0.22207238591194634, "Recall@20_ndcg_best": 0.30462281761012117, "ndcg@5_ndcg_best": 0.1153321955216386, "ndcg@10_ndcg_best": 0.13979310274500203, "ndcg@20_ndcg_best": 0.16319098340615273, "gradients/mass_i.weight": {"_type": "histogram", "values": [1.0, 2.0, 0.0, 0.0, 0.0, 1.0, 0.0, 0.0, 1.0, 0.0, 0.0, 0.0, 1.0, 1.0, 0.0, 1.0, 1.0, 2.0, 0.0, 0.0, 3.0, 2.0, 0.0, 1.0, 0.0, 0.0, 2.0, 3.0, 2.0, 4.0, 4.0, 7.0, 3.0, 5.0, 5.0, 4.0, 8.0, 8.0, 14.0, 10.0, 12.0, 13.0, 22.0, 29.0, 29.0, 45.0, 38.0, 48.0, 97.0, 115.0, 85.0, 238.0, 219.0, 37.0, 2090.0, 48.0, 156.0, 77.0, 31.0, 22.0, 11.0, 5.0, 2.0, 3.0], "bins": [-0.0014949241885915399, -0.0014676392311230302, -0.0014403542736545205, -0.0014130693161860108, -0.001385784475132823, -0.0013584995176643133, -0.0013312145601958036, -0.001303929602727294, -0.0012766446452587843, -0.0012493596877902746, -0.001222074730321765, -0.0011947897728532553, -0.0011675049318000674, -0.0011402199743315578, -0.001112935016863048, -0.0010856500593945384, -0.0010583651019260287, -0.001031080144457519, -0.0010037951869890094, -0.0009765102877281606, -0.0009492253302596509, -0.0009219404309988022, -0.0008946554735302925, -0.0008673705160617828, -0.0008400856168009341, -0.0008128006593324244, -0.0007855157600715756, -0.000758230802603066, -0.0007309458451345563, -0.0007036608876660466, -0.0006763759884051979, -0.0006490910309366882, -0.0006218060152605176, -0.0005945210577920079, -0.0005672361585311592, -0.0005399512010626495, -0.0005126662435941398, -0.0004853813152294606, -0.0004580963868647814, -0.0004308114293962717, -0.00040352653013542295, -0.00037624160177074373, -0.00034895664430223405, -0.00032167171593755484, -0.00029438675846904516, -0.00026710183010436594, -0.0002398168871877715, -0.00021253194427117705, -0.00018524698680266738, -0.00015796204388607293, -0.0001306771009694785, -0.00010339216532884166, -7.610722241224721e-05, -4.882228677161038e-05, -2.1537343855015934e-05, 5.747599061578512e-06, 3.303254197817296e-05, 6.0317484894767404e-05, 8.760242781136185e-05, 0.00011488736345199868, 0.0001421722990926355, 0.00016945724200922996, 0.0001967421849258244, 0.00022402712784241885, 0.0002513120707590133]}, "gradients/mass_u.weight": {"_type": "histogram", "values": [1.0, 0.0, 0.0, 0.0, 0.0, 0.0, 0.0, 0.0, 0.0, 0.0, 1.0, 0.0, 0.0, 0.0, 0.0, 0.0, 0.0, 0.0, 0.0, 0.0, 0.0, 0.0, 0.0, 0.0, 0.0, 0.0, 0.0, 0.0, 0.0, 1.0, 0.0, 0.0, 0.0, 0.0, 0.0, 0.0, 1.0, 0.0, 0.0, 1.0, 0.0, 0.0, 0.0, 0.0, 1.0, 1.0, 0.0, 3.0, 0.0, 3.0, 2.0, 1.0, 4.0, 2.0, 8.0, 5.0, 6.0, 9.0, 15.0, 29.0, 42.0, 133.0, 175.0, 5097.0], "bins": [-0.007747626397758722, -0.007626569829881191, -0.00750551326200366, -0.007384456228464842, -0.007263399660587311, -0.00714234309270978, -0.007021286524832249, -0.006900229956954718, -0.006779172923415899, -0.006658116355538368, -0.006537059787660837, -0.006416002754122019, -0.006294946186244488, -0.006173889618366957, -0.006052833050489426, -0.005931776482611895, -0.0058107199147343636, -0.0056896633468568325, -0.0055686067789793015, -0.005447549745440483, -0.005326493177562952, -0.005205436609685421, -0.00508438004180789, -0.004963323473930359, -0.0048422664403915405, -0.0047212098725140095, -0.004600153304636478, -0.00447909627109766, -0.004358039703220129, -0.004236983135342598, -0.004115926567465067, -0.003994869999587536, -0.003873813198879361, -0.00375275663100183, -0.0036316998302936554, -0.0035106432624161243, -0.0033895864617079496, -0.0032685298938304186, -0.003147473093122244, -0.003026416525244713, -0.0029053599573671818, -0.0027843033894896507, -0.002663246588781476, -0.002542190020903945, -0.0024211332201957703, -0.002300076652318239, -0.002179020084440708, -0.0020579632837325335, -0.0019369065994396806, -0.0018158499151468277, -0.0016947932308539748, -0.001573736546561122, -0.0014526799786835909, -0.001331623294390738, -0.0012105666100978851, -0.001089510042220354, -0.0009684532997198403, -0.0008473966154269874, -0.0007263399893417954, -0.0006052833050489426, -0.00048422664985992014, -0.0003631699946708977, -0.00024211331037804484, -0.00012105668429285288, 0.0]}, "gradients/embedding_user.weight": {"_type": "histogram", "values": [3.0, 1.0, 1.0, 0.0, 0.0, 1.0, 1.0, 4.0, 2.0, 2.0, 1.0, 3.0, 4.0, 6.0, 3.0, 12.0, 16.0, 25.0, 36.0, 40.0, 71.0, 93.0, 150.0, 282.0, 483.0, 947.0, 1797.0, 4082.0, 14596.0, 64555.0, 140631.0, 91789.0, 24266.0, 5821.0, 2274.0, 1170.0, 598.0, 318.0, 189.0, 102.0, 62.0, 49.0, 32.0, 28.0, 21.0, 8.0, 15.0, 6.0, 3.0, 4.0, 4.0, 2.0, 5.0, 1.0, 1.0, 1.0, 3.0, 0.0, 1.0, 2.0, 0.0, 0.0, 0.0, 1.0], "bins": [-0.0003611650026869029, -0.00034938755561597645, -0.00033761010854505, -0.0003258326614741236, -0.00031405521440319717, -0.00030227776733227074, -0.00029050029115751386, -0.00027872284408658743, -0.000266945397015661, -0.0002551679499447346, -0.00024339050287380815, -0.00023161305580288172, -0.0002198356087319553, -0.00020805816166102886, -0.0001962807000381872, -0.00018450325296726078, -0.00017272582044824958, -0.00016094837337732315, -0.00014917092630639672, -0.0001373934792354703, -0.00012561603216454387, -0.00011383857781765983, -0.00010206112347077578, -9.028367639984936e-05, -7.850622932892293e-05, -6.67287822579965e-05, -5.4951331549091265e-05, -4.317388084018603e-05, -3.13964337692596e-05, -1.9618986698333174e-05, -7.841532351449132e-06, 3.935914719477296e-06, 1.5713361790403724e-05, 2.7490810680319555e-05, 3.9268259570235386e-05, 5.104571027914062e-05, 6.282315735006705e-05, 7.460060442099348e-05, 8.637805876787752e-05, 9.815550583880395e-05, 0.00010993295290973037, 0.0001217103999806568, 0.00013348784705158323, 0.0001452653086744249, 0.00015704275574535131, 0.00016882020281627774, 0.00018059764988720417, 0.0001923750969581306, 0.00020415254402905703, 0.00021592999109998345, 0.00022770743817090988, 0.0002394848852418363, 0.00025126233231276274, 0.00026303977938368917, 0.0002748172264546156, 0.000286594673525542, 0.00029837212059646845, 0.0003101495676673949, 0.0003219270147383213, 0.00033370446180924773, 0.00034548190888017416, 0.0003572593559511006, 0.000369036803022027, 0.00038081425009295344, 0.00039259172626771033]}, "gradients/embedding_item.weight": {"_type": "histogram", "values": [1.0, 1.0, 4.0, 2.0, 3.0, 4.0, 6.0, 8.0, 9.0, 9.0, 11.0, 26.0, 30.0, 45.0, 54.0, 69.0, 112.0, 172.0, 219.0, 320.0, 456.0, 632.0, 948.0, 1545.0, 2283.0, 3549.0, 5851.0, 9555.0, 15563.0, 24965.0, 45932.0, 47890.0, 25676.0, 16064.0, 9779.0, 5823.0, 3650.0, 2331.0, 1459.0, 984.0, 699.0, 472.0, 316.0, 233.0, 165.0, 134.0, 86.0, 69.0, 36.0, 37.0, 19.0, 15.0, 9.0, 6.0, 7.0, 1.0, 2.0, 2.0, 1.0, 1.0, 1.0, 0.0, 0.0, 1.0],