{"TOTAL_BEST_METRIC": 0.9385417281801405, "BEST_NDCG@10": 0.119257078719936, "_timestamp": 1688283413.0461457, "_runtime": 343.83262372016907, "_step": 1120, "epoch": 1000, "Train_Metric_loss": -8.025042915344239, "Train_Reg_loss": 0.003482871688902378, "Recall@5": 0.11129164191555822, "Recall@10": 0.15173582039598035, "Recall@20": 0.21210914085655405, "NDCG@5": 0.0846966776271863, "NDCG@10": 0.09872087027376932, "NDCG@20": 0.11601059560516841, "Recall@5_total_best": 0.1260651524564495, "Recall@10_total_best": 0.19513229003762592, "Recall@20_total_best": 0.26389792069849677, "ndcg@5_total_best": 0.0950691435560617, "ndcg@10_total_best": 0.119257078719936, "ndcg@20_total_best": 0.1391201427115707, "EPOCH_ndcg_best": 100, "Recall@5_ndcg_best": 0.1260651524564495, "Recall@10_ndcg_best": 0.19513229003762592, "Recall@20_ndcg_best": 0.26389792069849677, "ndcg@5_ndcg_best": 0.0950691435560617, "ndcg@10_ndcg_best": 0.119257078719936, "ndcg@20_ndcg_best": 0.1391201427115707, "gradients/mass_i.weight": {"_type": "histogram", "values": [1.0, 0.0, 0.0, 0.0, 0.0, 0.0, 0.0, 2.0, 0.0, 0.0, 2.0, 1.0, 1.0, 3.0, 5.0, 8.0, 7.0, 17.0, 20.0, 22.0, 37.0, 47.0, 57.0, 13.0, 3210.0, 16.0, 14.0, 23.0, 17.0, 12.0, 12.0, 7.0, 8.0, 1.0, 0.0, 0.0, 0.0, 1.0, 0.0, 1.0, 0.0, 0.0, 0.0, 0.0, 0.0, 0.0, 0.0, 0.0, 0.0, 1.0, 0.0, 0.0, 0.0, 0.0, 0.0, 0.0, 0.0, 0.0, 1.0, 0.0, 0.0, 0.0, 0.0, 1.0], "bins": [-0.00041073773172684014, -0.0003941369941458106, -0.0003775362856686115, -0.000360935548087582, -0.00034433481050655246, -0.0003277341020293534, -0.00031113336444832385, -0.0002945326268672943, -0.00027793191839009523, -0.0002613311808090657, -0.0002447304723318666, -0.0002281297347508371, -0.00021152899716980755, -0.00019492827414069325, -0.00017832755111157894, -0.0001617268135305494, -0.00014512607594951987, -0.00012852535292040557, -0.00011192461533937603, -9.532389231026173e-05, -7.87231620051898e-05, -6.212243170011789e-05, -4.552170867100358e-05, -2.892097836593166e-05, -1.232024806085974e-05, 4.280480425222777e-06, 2.0881208911305293e-05, 3.7481935578398407e-05, 5.408266588347033e-05, 7.068339618854225e-05, 8.728411921765655e-05, 0.00010388484952272847, 0.00012048560893163085, 0.00013708633196074516, 0.0001536870695417747, 0.000170287792570889, 0.00018688853015191853, 0.00020348925318103284, 0.00022008997621014714, 0.00023669071379117668, 0.0002532914513722062, 0.00026989218895323575, 0.0002864928974304348, 0.00030309363501146436, 0.0003196943725924939, 0.0003362951101735234, 0.0003528958186507225, 0.00036949655623175204, 0.0003860972647089511, 0.00040269800228998065, 0.00041929871076717973, 0.00043589944834820926, 0.0004525001859292388, 0.0004691008944064379, 0.0004857016319874674, 0.0005023023695684969, 0.000518903078045696, 0.0005355037865228951, 0.0005521045532077551, 0.0005687052616849542, 0.0005853059701621532, 0.0006019067368470132, 0.0006185074453242123, 0.0006351081538014114, 0.0006517089204862714]}, "gradients/mass_u.weight": {"_type": "histogram", "values": [1.0, 0.0, 0.0, 0.0, 0.0, 0.0, 0.0, 1.0, 0.0, 3.0, 0.0, 0.0, 1.0, 0.0, 0.0, 0.0, 2.0, 0.0, 0.0, 0.0, 3.0, 3.0, 0.0, 3.0, 1.0, 5.0, 3.0, 3.0, 4.0, 7.0, 3.0, 15.0, 10.0, 6.0, 9.0, 15.0, 22.0, 14.0, 13.0, 5.0, 5.0, 5.0, 5.0, 5350.0, 2.0, 2.0, 6.0, 0.0, 2.0, 2.0, 1.0, 0.0, 0.0, 1.0, 1.0, 2.0, 1.0, 1.0, 0.0, 0.0, 1.0, 0.0, 1.0, 1.0], "bins": [-0.0004932369338348508, -0.0004819503810722381, -0.0004706638283096254, -0.0004593772755470127, -0.0004480907227844, -0.0004368041700217873, -0.0004255176172591746, -0.0004142310644965619, -0.0004029445117339492, -0.0003916579589713365, -0.0003803714062087238, -0.0003690848534461111, -0.0003577983006834984, -0.0003465117479208857, -0.000335225195158273, -0.0003239386423956603, -0.0003126520896330476, -0.0003013655368704349, -0.0002900789841078222, -0.0002787924313452095, -0.0002675058785825968, -0.0002562193258199841, -0.0002449327730573714, -0.00023364622029475868, -0.00022235966753214598, -0.00021107311476953328, -0.00019978656200692058, -0.00018850000924430788, -0.00017721345648169518, -0.00016592690371908247, -0.00015464035095646977, -0.00014335379819385707, -0.00013206721632741392, -0.00012078066356480122, -0.00010949411080218852, -9.820755803957582e-05, -8.692100527696311e-05, -7.563445251435041e-05, -6.434789975173771e-05, -5.306134698912501e-05, -4.177479422651231e-05, -3.0488241463899612e-05, -1.9201688701286912e-05, -7.915135938674212e-06, 3.371416823938489e-06, 1.465796958655119e-05, 2.594452234916389e-05, 3.723107511177659e-05, 4.851762787438929e-05, 5.980418063700199e-05, 7.109073339961469e-05, 8.237728616222739e-05, 9.366383892484009e-05, 0.00010495039168745279, 0.0001162369444500655, 0.0001275234972126782, 0.0001388100499752909, 0.0001500966027379036, 0.0001613831555005163, 0.000172669708263129, 0.0001839562610257417, 0.0001952428137883544, 0.0002065293665509671, 0.0002178159193135798, 0.0002291024720761925]}, "gradients/embedding_user.weight": {"_type": "histogram", "values": [2.0, 0.0, 1.0, 0.0, 3.0, 3.0, 6.0, 7.0, 17.0, 18.0, 26.0, 26.0, 36.0, 71.0, 95.0, 170.0, 259.0, 392.0, 774.0, 1221.0, 2084.0, 4173.0, 11782.0, 57583.0, 174529.0, 76498.0, 14344.0, 4634.0, 2366.0, 1301.0, 794.0, 514.0, 272.0, 186.0, 117.0, 87.0, 72.0, 37.0, 34.0, 25.0, 17.0, 12.0, 13.0, 11.0, 4.0, 4.0, 1.0, 0.0, 1.0, 0.0, 0.0, 0.0, 0.0, 0.0, 0.0, 0.0, 0.0, 0.0, 0.0, 1.0, 0.0, 0.0, 0.0, 1.0], "bins": [-0.0007318083080463111, -0.0007020469638518989, -0.0006722856196574867, -0.0006425242754630744, -0.0006127629312686622, -0.00058300158707425, -0.0005532401846721768, -0.0005234788404777646, -0.0004937174962833524, -0.00046395615208894014, -0.0004341948078945279, -0.0004044334637001157, -0.00037467211950570345, -0.0003449107753112912, -0.00031514940201304853, -0.0002853880578186363, -0.0002556267427280545, -0.0002258653985336423, -0.00019610405433923006, -0.0001663426955929026, -0.00013658135139849037, -0.00010682000720407814, -7.705864845775068e-05, -4.729730426333845e-05, -1.7535960068926215e-05, 1.2225387763464823e-05, 4.198673559585586e-05, 7.174808706622571e-05, 0.00010150943126063794, 0.00013127077545505017, 0.00016103213420137763, 0.00019079347839578986, 0.00022055476438254118, 0.0002503161085769534, 0.00028007745277136564, 0.0003098387969657779, 0.0003396001411601901, 0.00036936148535460234, 0.000399122858652845, 0.00042888420284725726, 0.0004586455470416695, 0.0004884069203399122, 0.0005181682645343244, 0.0005479296087287366, 0.0005776909529231489, 0.0006074522971175611, 0.0006372136413119733, 0.0006669749855063856, 0.0006967363297007978, 0.00072649767389521, 0.0007562590180896223, 0.0007860203622840345, 0.0008157817064784467, 0.000845543050672859, 0.0008753044530749321, 0.0009050657972693443, 0.0009348271414637566, 0.0009645884856581688, 0.000994349829852581, 0.0010241111740469933, 0.0010538725182414055, 0.0010836338624358177, 0.00111339520663023, 0.0011431565508246422, 0.0011729178950190544]}, "gradients/embedding_item.weight": {"_type": "histogram", "values": [1.0, 0.0, 0.0, 0.0, 2.0, 0.0, 1.0, 0.0, 3.0, 3.0, 4.0, 9.0, 6.0, 6.0, 14.0, 18.0, 23.0, 45.0, 59.0, 68.0, 115.0, 141.0, 198.0, 257.0, 344.0, 468.0, 757.0, 1114.0, 1681.0, 2638.0, 4394.0, 7652.0, 14187.0, 27033.0, 59278.0, 50622.0, 24985.0, 13251.0, 7137.0, 4104.0, 2616.0, 1591.0, 1048.0, 715.0, 497.0, 348.0, 262.0, 179.0, 105.0, 97.0, 71.0, 51.0, 49.0, 39.0, 20.0, 12.0, 10.0, 11.0, 7.0, 2.0, 0.0, 2.0, 0.0, 2.0],