{"TOTAL_BEST_METRIC": 0.2001991562148169, "BEST_NDCG@10": 0.022890901943015737, "_timestamp": 1688351302.5769506, "_runtime": 1740.0919456481934, "_step": 1103, "epoch": 1000, "Train_Metric_loss": NaN, "Train_Reg_loss": NaN, "Pos_loss": NaN, "Neg_loss": NaN, "Recall@5": 0.00013653741125068268, "Recall@10": 0.000591662115419625, "Recall@20": 0.0010172037138175861, "NDCG@5": 5.281988083486368e-05, "NDCG@10": 0.00022000096810395565, "NDCG@20": 0.00034823243471569386, "Recall@5_total_best": 0.021544172610871135, "Recall@10_total_best": 0.04199333193052473, "Recall@20_total_best": 0.06790936152111737, "ndcg@5_total_best": 0.01551936173551216, "ndcg@10_total_best": 0.022890901943015737, "ndcg@20_total_best": 0.030342026473775766, "EPOCH_ndcg_best": 10, "Recall@5_ndcg_best": 0.021544172610871135, "Recall@10_ndcg_best": 0.04199333193052473, "Recall@20_ndcg_best": 0.06790936152111737, "ndcg@5_ndcg_best": 0.01551936173551216, "ndcg@10_ndcg_best": 0.022890901943015737, "ndcg@20_ndcg_best": 0.030342026473775766, "gradients/mass_i.weight": {"_type": "histogram", "values": [1.0, 1.0, 0.0, 2.0, 0.0, 1.0, 2.0, 1.0, 0.0, 1.0, 1.0, 1.0, 0.0, 2.0, 1.0, 0.0, 0.0, 1.0, 1.0, 4.0, 4.0, 5.0, 6.0, 8.0, 7.0, 11.0, 7.0, 15.0, 10.0, 10.0, 12.0, 31.0, 17.0, 64.0, 83.0, 118.0, 179.0, 190.0, 227.0, 161.0, 6881.0, 256.0, 165.0, 39.0, 30.0, 38.0, 39.0, 21.0, 5.0, 4.0, 10.0, 8.0, 8.0, 2.0, 5.0, 4.0, 2.0, 2.0, 2.0, 2.0, 2.0, 0.0, 1.0, 2.0], "bins": [-2.4918823328334838e-05, -2.430240965622943e-05, -2.3685994165134616e-05, -2.3069580493029207e-05, -2.2453166820923798e-05, -2.183675314881839e-05, -2.1220337657723576e-05, -2.0603923985618167e-05, -1.9987510313512757e-05, -1.9371096641407348e-05, -1.8754681150312535e-05, -1.8138267478207126e-05, -1.7521853806101717e-05, -1.6905440133996308e-05, -1.6289024642901495e-05, -1.5672610970796086e-05, -1.5056195479701273e-05, -1.4439780898101162e-05, -1.3823367225995753e-05, -1.3206952644395642e-05, -1.2590538972290233e-05, -1.1974124390690122e-05, -1.135770980909001e-05, -1.0741296136984602e-05, -1.012488155538449e-05, -9.50846697378438e-06, -8.89205330167897e-06, -8.27563872007886e-06, -7.659224138478749e-06, -7.042810466373339e-06, -6.426395884773228e-06, -5.809981757920468e-06, -5.19356854056241e-06, -4.57715441370965e-06, -3.96074028685689e-06, -3.3443257052567787e-06, -2.7279115784040187e-06, -2.1114974515512586e-06, -1.495083097324823e-06, -8.786687430983875e-07, -2.622546162456274e-07, 3.541596242939704e-07, 9.705738648335682e-07, 1.586988105373166e-06, 2.203402345912764e-06, 2.819816472765524e-06, 3.4362308269919595e-06, 4.052645181218395e-06, 4.669059308071155e-06, 5.285473434923915e-06, 5.901887561776675e-06, 6.518302143376786e-06, 7.134716270229546e-06, 7.751130397082306e-06, 8.367544978682417e-06, 8.983959560282528e-06, 9.600373232387938e-06, 1.0216787813988049e-05, 1.0833201486093458e-05, 1.1449616067693569e-05, 1.2066029739798978e-05, 1.2682444321399089e-05, 1.32988589029992e-05, 1.3915272575104609e-05, 1.453168715670472e-05]}, "gradients/mass_u.weight": {"_type": "histogram", "values": [1.0, 0.0, 0.0, 0.0, 0.0, 0.0, 0.0, 0.0, 0.0, 0.0, 0.0, 0.0, 0.0, 0.0, 0.0, 0.0, 0.0, 0.0, 0.0, 0.0, 0.0, 0.0, 0.0, 0.0, 0.0, 0.0, 0.0, 0.0, 1.0, 1.0, 0.0, 2.0, 0.0, 0.0, 1.0, 0.0, 0.0, 0.0, 0.0, 1.0, 0.0, 0.0, 0.0, 2.0, 3.0, 0.0, 3.0, 4.0, 3.0, 3.0, 6.0, 3.0, 7.0, 9.0, 7.0, 8.0, 18.0, 50.0, 45.0, 85.0, 110.0, 73.0, 35.0, 14200.0], "bins": [-0.00012167930253781378, -0.0001197780657093972, -0.000117876821605023, -0.00011597558477660641, -0.00011407434794818982, -0.00011217310384381562, -0.00011027186701539904, -0.00010837063018698245, -0.00010646939335856587, -0.00010456815653014928, -0.00010266691242577508, -0.0001007656755973585, -9.886443876894191e-05, -9.696319466456771e-05, -9.506195783615112e-05, -9.316072100773454e-05, -9.125947690336034e-05, -8.935824007494375e-05, -8.745699597056955e-05, -8.555575914215297e-05, -8.365452231373638e-05, -8.17532854853198e-05, -7.985204138094559e-05, -7.795080455252901e-05, -7.604956044815481e-05, -7.414832361973822e-05, -7.224707951536402e-05, -7.034584268694744e-05, -6.844460585853085e-05, -6.654336175415665e-05, -6.464212492574006e-05, -6.274088809732348e-05, -6.083965126890689e-05, -5.89384108025115e-05, -5.703717397409491e-05, -5.513593350769952e-05, -5.3234696679282933e-05, -5.133345621288754e-05, -4.943221574649215e-05, -4.753097891807556e-05, -4.562973845168017e-05, -4.3728497985284775e-05, -4.182726115686819e-05, -3.9926020690472797e-05, -3.8024780224077404e-05, -3.612354339566082e-05, -3.4222302929265425e-05, -3.232106246287003e-05, -3.0419825634453446e-05, -2.8518586987047456e-05, -2.6617348339641467e-05, -2.4716107873246074e-05, -2.2814869225840084e-05, -2.0913630578434095e-05, -1.9012390112038702e-05, -1.7111151464632712e-05, -1.5209912817226723e-05, -1.3308674169820733e-05, -1.1407434612920042e-05, -9.506195056019351e-06, -7.604956408613361e-06, -5.703717761207372e-06, -3.8024782043066807e-06, -1.9012386474059895e-06, 0.0]}, "gradients/embedding_user.weight": {"_type": "histogram", "values": [0.0, 0.0, 0.0, 0.0, 0.0, 0.0, 0.0, 0.0, 0.0, 0.0, 0.0, 0.0, 0.0, 0.0, 0.0, 0.0, 0.0, 0.0, 0.0, 0.0, 0.0, 0.0, 0.0, 0.0, 0.0, 0.0, 0.0, 0.0, 0.0, 0.0, 0.0, 0.0, 5888.0, 0.0, 0.0, 0.0, 0.0, 0.0, 0.0, 0.0, 0.0, 0.0, 0.0, 0.0, 0.0, 0.0, 0.0, 0.0, 0.0, 0.0, 0.0, 0.0, 0.0, 0.0, 0.0, 0.0, 0.0, 0.0, 0.0, 0.0, 0.0, 0.0, 0.0, 0.0], "bins": [0.0, 0.0, 0.0, 0.0, 0.0, 0.0, 0.0, 0.0, 0.0, 0.0, 0.0, 0.0, 0.0, 0.0, 0.0, 0.0, 0.0, 0.0, 0.0, 0.0, 0.0, 0.0, 0.0, 0.0, 0.0, 0.0, 0.0, 0.0, 0.0, 0.0, 0.0, 0.0, 0.0, 0.0, 0.0, 0.0, 0.0, 0.0, 0.0, 0.0, 0.0, 0.0, 0.0, 0.0, 0.0, 0.0, 0.0, 0.0, 0.0, 0.0, 0.0, 0.0, 0.0, 0.0, 0.0, 0.0, 0.0, 0.0, 0.0, 0.0, 0.0, 0.0, 0.0, 0.0, 0.0]}, "_wandb": {"runtime": 1739}}