{"TOTAL_BEST_METRIC": 0.4807063647781013, "BEST_NDCG@10": 0.057687645778146404, "_timestamp": 1688555729.3230565, "_runtime": 1463.5785355567932, "_step": 1136, "epoch": 1000, "Train_Metric_loss": 3.1471342188971385, "Train_Reg_loss": 0.00020862140497359048, "Pos_loss": 8.50088882446289, "Neg_loss": 0.1006510779261589, "Recall@5": 0.06168360282232483, "Recall@10": 0.09530819600471642, "Recall@20": 0.14323068199913253, "NDCG@5": 0.04381859874146836, "NDCG@10": 0.05581939369375814, "NDCG@20": 0.06945154621177549, "Recall@5_total_best": 0.06284592679151661, "Recall@10_total_best": 0.0979904988284972, "Recall@20_total_best": 0.14575962133002435, "ndcg@5_total_best": 0.045235913110313476, "ndcg@10_total_best": 0.057687645778146404, "ndcg@20_total_best": 0.07118675893960323, "EPOCH_ndcg_best": 310, "Recall@5_ndcg_best": 0.06284592679151661, "Recall@10_ndcg_best": 0.0979904988284972, "Recall@20_ndcg_best": 0.14575962133002435, "ndcg@5_ndcg_best": 0.045235913110313476, "ndcg@10_ndcg_best": 0.057687645778146404, "ndcg@20_ndcg_best": 0.07118675893960323, "gradients/mass_i.weight": {"_type": "histogram", "values": [1.0, 0.0, 0.0, 0.0, 0.0, 0.0, 0.0, 0.0, 1.0, 0.0, 0.0, 1.0, 4.0, 1.0, 1.0, 0.0, 3.0, 3.0, 2.0, 7.0, 7.0, 11.0, 7.0, 14.0, 13.0, 27.0, 38.0, 53.0, 66.0, 109.0, 128.0, 170.0, 155.0, 7340.0, 44.0, 130.0, 121.0, 88.0, 50.0, 36.0, 25.0, 10.0, 3.0, 11.0, 10.0, 0.0, 5.0, 3.0, 2.0, 4.0, 1.0, 4.0, 0.0, 0.0, 0.0, 0.0, 1.0, 0.0, 2.0, 0.0, 0.0, 0.0, 0.0, 1.0], "bins": [-0.0003437010745983571, -0.0003335304500069469, -0.00032335982541553676, -0.00031318917172029614, -0.000303018547128886, -0.0002928479225374758, -0.00028267729794606566, -0.0002725066733546555, -0.00026233604876324534, -0.0002521654241718352, -0.0002419947850285098, -0.00023182416043709964, -0.00022165352129377425, -0.0002114828967023641, -0.00020131227211095393, -0.00019114164751954377, -0.00018097099382430315, -0.000170800369232893, -0.0001606297300895676, -0.00015045910549815744, -0.00014028846635483205, -0.0001301178417634219, -0.00011994721717201173, -0.00010977658530464396, -9.960595343727618e-05, -8.943532156990841e-05, -7.926468970254064e-05, -6.909406511113048e-05, -5.89234332437627e-05, -4.875280137639493e-05, -3.858217314700596e-05, -2.8411544917616993e-05, -1.8240883946418762e-05, -8.070253898040392e-06, 2.100376150337979e-06, 1.227100619871635e-05, 2.244163624709472e-05, 3.2612268114462495e-05, 4.278289634385146e-05, 5.295352457324043e-05, 6.31241564406082e-05, 7.329478830797598e-05, 8.346542017534375e-05, 9.363604476675391e-05, 0.00010380667663412169, 0.00011397730850148946, 0.00012414793309289962, 0.000134318572236225, 0.00014448919682763517, 0.00015465982141904533, 0.00016483046056237072, 0.00017500108515378088, 0.00018517172429710627, 0.00019534234888851643, 0.00020551297347992659, 0.00021568359807133675, 0.00022585423721466213, 0.0002360248618060723, 0.0002461955009493977, 0.00025636612554080784, 0.000266536750132218, 0.0002767074038274586, 0.0002868780284188688, 0.00029704865301027894, 0.0003072192776016891]}, "gradients/mass_u.weight": {"_type": "histogram", "values": [1.0, 1.0, 0.0, 0.0, 0.0, 1.0, 0.0, 0.0, 0.0, 0.0, 1.0, 1.0, 1.0, 0.0, 0.0, 1.0, 1.0, 0.0, 1.0, 0.0, 0.0, 0.0, 0.0, 0.0, 1.0, 1.0, 1.0, 1.0, 3.0, 0.0, 1.0, 2.0, 0.0, 3.0, 0.0, 1.0, 0.0, 4.0, 0.0, 12.0, 0.0, 5.0, 0.0, 5.0, 4.0, 7.0, 13.0, 2.0, 17.0, 1.0, 33.0, 0.0, 56.0, 0.0, 79.0, 0.0, 106.0, 0.0, 69.0, 0.0, 28.0, 0.0, 15.0, 14202.0], "bins": [-0.0001853746362030506, -0.00018247816478833556, -0.00017958167882170528, -0.000176685192855075, -0.00017378872144035995, -0.0001708922500256449, -0.00016799576405901462, -0.00016509927809238434, -0.0001622028066776693, -0.00015930633526295424, -0.00015640984929632396, -0.00015351336332969368, -0.00015061689191497862, -0.00014772042050026357, -0.0001448239345336333, -0.000141927448567003, -0.00013903097715228796, -0.0001361345057375729, -0.00013323801977094263, -0.00013034153380431235, -0.0001274450623895973, -0.00012454859097488225, -0.00012165210500825197, -0.0001187556263175793, -0.00011585914762690663, -0.00011296266893623397, -0.0001100661902455613, -0.00010716971155488864, -0.00010427323286421597, -0.0001013767541735433, -9.848027548287064e-05, -9.558379679219797e-05, -9.26873181015253e-05, -8.979083941085264e-05, -8.689436072017998e-05, -8.399788202950731e-05, -8.110140333883464e-05, -7.820492464816198e-05, -7.530844595748931e-05, -7.241196726681665e-05, -6.951548857614398e-05, -6.661900988547131e-05, -6.372253119479865e-05, -6.082605250412598e-05, -5.792957381345332e-05, -5.503309512278065e-05, -5.2136616432107985e-05, -4.924013774143532e-05, -4.634365905076265e-05, -4.344718036008999e-05, -4.055070166941732e-05, -3.7654222978744656e-05, -3.475774428807199e-05, -3.1861265597399324e-05, -2.896478690672666e-05, -2.6068308216053993e-05, -2.3171829525381327e-05, -2.027535083470866e-05, -1.7378872144035995e-05, -1.448239345336333e-05, -1.1585914762690663e-05, -8.689436072017998e-06, -5.792957381345332e-06, -2.896478690672666e-06, 0.0]}, "gradients/embedding_user.weight": {"_type": "histogram", "values": [1.0, 0.0, 0.0, 0.0, 1.0, 0.0, 0.0, 0.0, 1.0, 2.0, 1.0, 3.0, 3.0, 5.0, 5.0, 7.0, 6.0, 10.0, 21.0, 31.0, 45.0, 53.0, 100.0, 184.0, 270.0, 521.0, 1220.0, 2881.0, 9005.0, 109186.0, 611247.0, 186053.0, 12532.0, 3326.0, 1423.0, 620.0, 308.0, 197.0, 118.0, 59.0, 38.0, 28.0, 23.0, 11.0, 15.0, 4.0, 4.0, 5.0, 2.0, 0.0, 1.0, 1.0, 1.0, 2.0, 0.0, 2.0, 1.0, 0.0, 0.0, 0.0, 0.0, 0.0, 0.0, 1.0], "bins": [-0.0015908050118014216, -0.0015388126485049725, -0.001486820401623845, -0.0014348281547427177, -0.0013828357914462686, -0.0013308434281498194, -0.001278851181268692, -0.0012268589343875647, -0.0011748665710911155, -0.0011228742077946663, -0.001070881960913539, -0.0010188897140324116, -0.0009668973507359624, -0.0009149050456471741, -0.0008629127405583858, -0.0008109204354695976, -0.0007589281303808093, -0.000706935825292021, -0.0006549435202032328, -0.0006029512151144445, -0.0005509589100256562, -0.000498966604936868, -0.0004469742998480797, -0.0003949819947592914, -0.00034298968967050314, -0.00029099738458171487, -0.0002390050794929266, -0.00018701277440413833, -0.00013502046931535006, -8.302816422656178e-05, -3.1035859137773514e-05, 2.0956445951014757e-05, 7.294886745512486e-05, 0.00012494117254391313, 0.0001769334776327014, 0.00022892578272148967, 0.00028091808781027794, 0.0003329103928990662, 0.0003849026979878545, 0.00043689500307664275, 0.000488887308165431, 0.0005408796132542193, 0.0005928719183430076, 0.0006448642234317958, 0.0006968565285205841, 0.0007488488336093724, 0.0008008411386981606, 0.0008528334437869489, 0.0009048257488757372, 0.0009568180539645255, 0.0010088103590533137, 0.001060802722349763, 0.0011127949692308903, 0.0011647872161120176, 0.0012167795794084668, 0.001268771942704916, 0.0013207641895860434, 0.0013727564364671707, 0.00142474879976362, 0.001476741163060069, 0.0015287334099411964, 0.0015807256568223238, 0.001632718020118773, 0.0016847103834152222, 0.0017367026302963495]}, "gradients/embedding_item.weight": {"_type": "histogram", "values": [3.0, 1.0, 0.0, 3.0, 1.0, 3.0, 2.0, 5.0, 10.0, 5.0, 13.0, 21.0, 33.0, 24.0, 36.0, 63.0, 75.0, 114.0, 140.0, 215.0, 287.0, 410.0, 611.0, 902.0, 1379.0, 2254.0, 3674.0, 6447.0, 11446.0, 20582.0, 38096.0, 74973.0, 278428.0, 50018.0, 29261.0, 15947.0, 8803.0, 4980.0, 3014.0, 1727.0, 1126.0, 779.0, 515.0, 319.0, 268.0, 167.0, 127.0, 76.0, 65.0, 51.0, 39.0, 27.0, 13.0, 7.0, 10.0, 11.0, 6.0, 5.0, 5.0, 4.0, 3.0, 0.0, 1.0, 2.0],