{"TOTAL_BEST_METRIC": 1.1171216680397718, "BEST_NDCG@10": 0.14363628247524982, "_timestamp": 1688394857.9791296, "_runtime": 925.9697456359863, "_step": 1231, "epoch": 1000, "Train_Metric_loss": 4.31002025604248, "Train_Reg_loss": 3.4092977875843645e-05, "Pos_loss": 8.51669692993164, "Neg_loss": 0.20852649211883545, "Recall@5": 0.15442409358595946, "Recall@10": 0.2259328595784773, "Recall@20": 0.30767898000125754, "NDCG@5": 0.11808490246640525, "NDCG@10": 0.14363628247524982, "NDCG@20": 0.1669788033451913, "Recall@5_total_best": 0.1555317531952131, "Recall@10_total_best": 0.22540741383517823, "Recall@20_total_best": 0.3072049057227199, "ndcg@5_total_best": 0.11860267745542372, "ndcg@10_total_best": 0.14349285594206487, "ndcg@20_total_best": 0.166882061889172, "EPOCH_ndcg_best": 1000, "Recall@5_ndcg_best": 0.15442409358595946, "Recall@10_ndcg_best": 0.2259328595784773, "Recall@20_ndcg_best": 0.30767898000125754, "ndcg@5_ndcg_best": 0.11808490246640525, "ndcg@10_ndcg_best": 0.14363628247524982, "ndcg@20_ndcg_best": 0.1669788033451913, "gradients/mass_i.weight": {"_type": "histogram", "values": [1.0, 0.0, 0.0, 0.0, 0.0, 0.0, 0.0, 0.0, 0.0, 0.0, 2.0, 1.0, 1.0, 0.0, 1.0, 0.0, 1.0, 0.0, 0.0, 1.0, 0.0, 2.0, 1.0, 0.0, 0.0, 4.0, 1.0, 1.0, 0.0, 2.0, 4.0, 4.0, 6.0, 3.0, 3.0, 5.0, 14.0, 5.0, 11.0, 12.0, 13.0, 21.0, 15.0, 24.0, 27.0, 30.0, 42.0, 53.0, 113.0, 75.0, 79.0, 165.0, 126.0, 188.0, 117.0, 2037.0, 193.0, 58.0, 48.0, 34.0, 10.0, 9.0, 4.0, 1.0], "bins": [-0.0011054467177018523, -0.0010854511056095362, -0.00106545549351722, -0.0010454598814249039, -0.0010254642693325877, -0.0010054686572402716, -0.0009854730451479554, -0.0009654774330556393, -0.0009454818209633231, -0.000925486208871007, -0.0009054905967786908, -0.0008854949846863747, -0.0008654993725940585, -0.0008455037605017424, -0.0008255081484094262, -0.0008055125363171101, -0.0007855169242247939, -0.0007655213121324778, -0.0007455257000401616, -0.0007255300879478455, -0.0007055344758555293, -0.0006855388637632132, -0.000665543251670897, -0.0006455476395785809, -0.0006255520274862647, -0.0006055564153939486, -0.0005855608033016324, -0.0005655651912093163, -0.0005455695791170001, -0.000525573967024684, -0.0005055783549323678, -0.00048558274284005165, -0.0004655871307477355, -0.00044559151865541935, -0.0004255959065631032, -0.00040560029447078705, -0.0003856046823784709, -0.00036560907028615475, -0.0003456134581938386, -0.00032561784610152245, -0.0003056222340092063, -0.00028562662191689014, -0.000265631009824574, -0.00024563539773225784, -0.0002256397856399417, -0.00020564417354762554, -0.0001856485614553094, -0.00016565294936299324, -0.00014565732271876186, -0.0001256617106264457, -0.00010566609853412956, -8.567048644181341e-05, -6.567487434949726e-05, -4.567926225718111e-05, -2.5683650164864957e-05, -5.688038072548807e-06, 1.4307574019767344e-05, 3.4303186112083495e-05, 5.4298798204399645e-05, 7.42944102967158e-05, 9.429002238903195e-05, 0.0001142856344813481, 0.00013428124657366425, 0.0001542768586659804, 0.00017427247075829655]}, "gradients/mass_u.weight": {"_type": "histogram", "values": [1.0, 0.0, 0.0, 0.0, 0.0, 0.0, 0.0, 0.0, 0.0, 0.0, 0.0, 1.0, 0.0, 0.0, 0.0, 0.0, 0.0, 0.0, 0.0, 0.0, 0.0, 0.0, 1.0, 0.0, 0.0, 0.0, 1.0, 1.0, 0.0, 0.0, 1.0, 0.0, 0.0, 0.0, 0.0, 0.0, 0.0, 0.0, 0.0, 1.0, 1.0, 1.0, 1.0, 2.0, 0.0, 1.0, 4.0, 2.0, 4.0, 1.0, 4.0, 8.0, 5.0, 2.0, 14.0, 4.0, 20.0, 9.0, 42.0, 37.0, 125.0, 88.0, 116.0, 5043.0], "bins": [-0.0038108460139483213, -0.0037513014394789934, -0.003691757097840309, -0.003632212523370981, -0.003572668181732297, -0.003513123607262969, -0.0034535792656242847, -0.003394034691154957, -0.0033344903495162725, -0.0032749457750469446, -0.0032154014334082603, -0.0031558568589389324, -0.003096312517300248, -0.0030367679428309202, -0.002977223601192236, -0.002917679026722908, -0.00285813445225358, -0.002798589877784252, -0.002739045536145568, -0.00267950096167624, -0.0026199566200375557, -0.0025604120455682278, -0.0025008677039295435, -0.0024413231294602156, -0.0023817787878215313, -0.0023222342133522034, -0.002262689871713519, -0.002203145297244191, -0.002143600955605507, -0.002084056381136179, -0.0020245120394974947, -0.0019649674650281668, -0.0019054230069741607, -0.0018458785489201546, -0.0017863340908661485, -0.0017267896328121424, -0.0016672451747581363, -0.0016077007167041302, -0.0015481561422348022, -0.0014886116841807961, -0.00142906722612679, -0.001369522768072784, -0.0013099783100187778, -0.0012504338519647717, -0.0011908893939107656, -0.0011313448194414377, -0.0010718004778027534, -0.0010122559033334255, -0.0009527115034870803, -0.0008931670454330742, -0.0008336225873790681, -0.0007740780711174011, -0.000714533613063395, -0.0006549891550093889, -0.0005954446969553828, -0.0005359002389013767, -0.00047635575174354017, -0.00041681129368953407, -0.0003572668065316975, -0.0002977223484776914, -0.00023817787587177008, -0.00017863340326584876, -0.00011908894521184266, -5.95444580540061e-05, 0.0]}, "gradients/embedding_user.weight": {"_type": "histogram", "values": [2.0, 2.0, 0.0, 0.0, 0.0, 0.0, 0.0, 1.0, 1.0, 1.0, 5.0, 9.0, 4.0, 5.0, 20.0, 23.0, 20.0, 34.0, 61.0, 87.0, 143.0, 196.0, 315.0, 530.0, 983.0, 1956.0, 4887.0, 23480.0, 115385.0, 152354.0, 41679.0, 7038.0, 2416.0, 1216.0, 674.0, 427.0, 225.0, 149.0, 80.0, 73.0, 32.0, 29.0, 15.0, 21.0, 11.0, 3.0, 5.0, 9.0, 4.0, 5.0, 1.0, 1.0, 1.0, 1.0, 2.0, 0.0, 0.0, 0.0, 1.0, 0.0, 0.0, 1.0, 0.0, 1.0], "bins": [-0.00047144878772087395, -0.0004552766913548112, -0.000439104565884918, -0.0004229324695188552, -0.00040676037315279245, -0.00039058824768289924, -0.0003744161513168365, -0.0003582440549507737, -0.0003420719294808805, -0.00032589983311481774, -0.0003097277076449245, -0.00029355561127886176, -0.00027738348580896854, -0.0002612113894429058, -0.000245039293076843, -0.00022886718215886503, -0.00021269507124088705, -0.00019652296032290906, -0.00018035084940493107, -0.0001641787530388683, -0.00014800664212089032, -0.00013183453120291233, -0.00011566242756089196, -9.949032391887158e-05, -8.331821300089359e-05, -6.71461020829156e-05, -5.097399844089523e-05, -3.480189116089605e-05, -1.8629783880896866e-05, -2.4576729629188776e-06, 1.3714430679101497e-05, 2.988653432112187e-05, 4.605867434293032e-05, 6.22307852609083e-05, 7.840288890292868e-05, 9.457499254494905e-05, 0.00011074710346292704, 0.00012691921438090503, 0.0001430913107469678, 0.00015926342166494578, 0.00017543553258292377, 0.00019160764350090176, 0.00020777975441887975, 0.0002239518507849425, 0.0002401239617029205, 0.0002562960726208985, 0.00027246816898696125, 0.000288640265353024, 0.0003048123908229172, 0.00032098448718898, 0.0003371566126588732, 0.00035332870902493596, 0.0003695008344948292, 0.00038567293086089194, 0.0004018450272269547, 0.0004180171526968479, 0.0004341892490629107, 0.00045036134542897344, 0.00046653347089886665, 0.0004827055672649294, 0.0004988776636309922, 0.0005150497891008854, 0.0005312219145707786, 0.0005473939818330109, 0.0005635661073029041]}, "gradients/embedding_item.weight": {"_type": "histogram", "values": [2.0, 1.0, 0.0, 0.0, 2.0, 2.0, 3.0, 3.0, 4.0, 8.0, 19.0, 15.0, 23.0, 36.0, 52.0, 70.0, 76.0, 120.0, 182.0, 231.0, 359.0, 522.0, 803.0, 1150.0, 1869.0, 2912.0, 4981.0, 8537.0, 14841.0, 25481.0, 50628.0, 52238.0, 25803.0, 15116.0, 8633.0, 5066.0, 2963.0, 1820.0, 1167.0, 824.0, 525.0, 403.0, 231.0, 187.0, 114.0, 80.0, 69.0, 49.0, 44.0, 21.0, 20.0, 15.0, 6.0, 3.0, 7.0, 3.0, 6.0, 2.0, 1.0, 1.0, 2.0, 0.0, 0.0, 1.0],