{"TOTAL_BEST_METRIC": 0.3398686956942933, "BEST_NDCG@10": 0.04061439617263704, "_timestamp": 1688375131.3595214, "_runtime": 1144.0279474258423, "_step": 1143, "epoch": 1000, "Train_Metric_loss": -0.4625596446650369, "Train_Reg_loss": 2.385450912356646e-07, "Pos_loss": -0.44066083431243896, "Neg_loss": 0.40223050117492676, "Recall@5": 0.04152131464922505, "Recall@10": 0.06633229505482587, "Recall@20": 0.10206571397213554, "NDCG@5": 0.029695008984963488, "NDCG@10": 0.03831742851663077, "NDCG@20": 0.04827024581689526, "Recall@5_total_best": 0.042902916124695996, "Recall@10_total_best": 0.07066198131908558, "Recall@20_total_best": 0.10455697498674446, "ndcg@5_total_best": 0.03103789501826778, "ndcg@10_total_best": 0.04061439617263704, "ndcg@20_total_best": 0.05009453207286245, "EPOCH_ndcg_best": 920, "Recall@5_ndcg_best": 0.042902916124695996, "Recall@10_ndcg_best": 0.07066198131908558, "Recall@20_ndcg_best": 0.10455697498674446, "ndcg@5_ndcg_best": 0.03103789501826778, "ndcg@10_ndcg_best": 0.04061439617263704, "ndcg@20_ndcg_best": 0.05009453207286245, "gradients/mass_i.weight": {"_type": "histogram", "values": [1.0, 0.0, 0.0, 0.0, 0.0, 0.0, 0.0, 0.0, 1.0, 0.0, 0.0, 0.0, 0.0, 0.0, 0.0, 0.0, 0.0, 0.0, 0.0, 0.0, 1.0, 1.0, 0.0, 1.0, 0.0, 0.0, 2.0, 1.0, 2.0, 1.0, 1.0, 0.0, 4.0, 3.0, 3.0, 3.0, 3.0, 2.0, 3.0, 3.0, 7.0, 11.0, 7.0, 8.0, 17.0, 15.0, 25.0, 50.0, 75.0, 141.0, 110.0, 490.0, 440.0, 163.0, 6231.0, 589.0, 202.0, 77.0, 11.0, 3.0, 1.0, 1.0, 1.0, 2.0], "bins": [-0.002928958972916007, -0.002875344129279256, -0.0028217292856425047, -0.0027681144420057535, -0.0027144995983690023, -0.002660884754732251, -0.0026072699110955, -0.0025536553002893925, -0.0025000404566526413, -0.00244642561301589, -0.002392810769379139, -0.0023391959257423878, -0.0022855810821056366, -0.0022319662384688854, -0.0021783513948321342, -0.002124736551195383, -0.002071121707558632, -0.0020175068639218807, -0.0019638920202851295, -0.0019102771766483784, -0.0018566623330116272, -0.001803047489374876, -0.0017494327621534467, -0.0016958179185166955, -0.0016422030748799443, -0.0015885882312431931, -0.001534973387606442, -0.0014813585439696908, -0.0014277438167482615, -0.0013741289731115103, -0.001320514129474759, -0.001266899285838008, -0.0012132844422012568, -0.0011596695985645056, -0.0011060547549277544, -0.0010524399112910032, -0.000998825067654252, -0.0009452102822251618, -0.0008915954967960715, -0.0008379806531593204, -0.0007843658677302301, -0.0007307510240934789, -0.0006771362386643887, -0.0006235213950276375, -0.0005699065513908863, -0.0005162917077541351, -0.0004626768932212144, -0.0004090620786882937, -0.0003554472350515425, -0.00030183239141479135, -0.00024821757688187063, -0.00019460274779703468, -0.00014098791871219873, -8.737307507544756e-05, -3.375826054252684e-05, 1.9856553990393877e-05, 7.347139762714505e-05, 0.000127086226711981, 0.00018070105579681695, 0.0002343158848816529, 0.00028793071396648884, 0.00034154555760324, 0.00039516037213616073, 0.00044877518666908145, 0.0005023900303058326]}, "gradients/mass_u.weight": {"_type": "histogram", "values": [1.0, 0.0, 0.0, 0.0, 0.0, 0.0, 0.0, 0.0, 0.0, 0.0, 0.0, 0.0, 0.0, 0.0, 0.0, 0.0, 0.0, 0.0, 0.0, 0.0, 0.0, 0.0, 0.0, 0.0, 0.0, 0.0, 0.0, 0.0, 0.0, 0.0, 0.0, 0.0, 0.0, 1.0, 0.0, 0.0, 0.0, 0.0, 0.0, 1.0, 1.0, 2.0, 0.0, 2.0, 2.0, 2.0, 0.0, 0.0, 0.0, 1.0, 2.0, 1.0, 3.0, 2.0, 2.0, 3.0, 4.0, 11.0, 17.0, 31.0, 45.0, 126.0, 162.0, 14259.0], "bins": [-0.014568567276000977, -0.014340933412313461, -0.014113299548625946, -0.01388566568493843, -0.013658031821250916, -0.0134303979575634, -0.013202764093875885, -0.01297513023018837, -0.012747496366500854, -0.01251986250281334, -0.012292228639125824, -0.012064594775438309, -0.011836960911750793, -0.011609327048063278, -0.011381693184375763, -0.011154059320688248, -0.010926425457000732, -0.010698791593313217, -0.010471157729625702, -0.010243523865938187, -0.010015890002250671, -0.009788256138563156, -0.009560622274875641, -0.009332988411188126, -0.00910535454750061, -0.008877720683813095, -0.00865008682012558, -0.008422452956438065, -0.00819481909275055, -0.007967185229063034, -0.007739551365375519, -0.0075119175016880035, -0.007284283638000488, -0.007056649774312973, -0.006829015910625458, -0.0066013820469379425, -0.006373748183250427, -0.006146114319562912, -0.005918480455875397, -0.0056908465921878815, -0.005463212728500366, -0.005235578864812851, -0.005007945001125336, -0.0047803111374378204, -0.004552677273750305, -0.00432504341006279, -0.004097409546375275, -0.0038697756826877594, -0.003642141819000244, -0.003414507955312729, -0.0031868740916252136, -0.0029592402279376984, -0.002731606364250183, -0.002503972500562668, -0.0022763386368751526, -0.0020487047731876373, -0.001821070909500122, -0.0015934370458126068, -0.0013658031821250916, -0.0011381693184375763, -0.000910535454750061, -0.0006829015910625458, -0.0004552677273750305, -0.00022763386368751526, 0.0]}, "gradients/embedding_user.weight": {"_type": "histogram", "values": [3.0, 5.0, 6.0, 4.0, 1.0, 4.0, 1.0, 3.0, 4.0, 2.0, 3.0, 7.0, 6.0, 8.0, 6.0, 11.0, 18.0, 12.0, 31.0, 28.0, 38.0, 49.0, 75.0, 120.0, 112.0, 139.0, 274.0, 622.0, 1355.0, 4267.0, 24439.0, 552801.0, 333501.0, 15406.0, 3381.0, 1188.0, 628.0, 287.0, 162.0, 116.0, 117.0, 79.0, 61.0, 39.0, 37.0, 27.0, 16.0, 19.0, 6.0, 11.0, 1.0, 10.0, 7.0, 4.0, 0.0, 1.0, 0.0, 5.0, 3.0, 4.0, 2.0, 6.0, 2.0, 4.0], "bins": [-3.2883139056139044e-07, -3.1852570714363537e-07, -3.0822005214758974e-07, -2.979143687298347e-07, -2.8760871373378905e-07, -2.77303030316034e-07, -2.669973468982789e-07, -2.566916919022333e-07, -2.4638603690618766e-07, -2.360803676992873e-07, -2.2577469849238696e-07, -2.154690150746319e-07, -2.0516336007858627e-07, -1.948576766608312e-07, -1.8455200745393086e-07, -1.742463382470305e-07, -1.6394065482927545e-07, -1.536349856223751e-07, -1.4332931641547475e-07, -1.330236329977197e-07, -1.2271797800167406e-07, -1.1241230168934635e-07, -1.0210662537701864e-07, -9.18009561701183e-08, -8.149528696321795e-08, -7.11896177563176e-08, -6.088394854941725e-08, -5.057827223708955e-08, -4.02726030301892e-08, -2.9966933823288855e-08, -1.966125751096115e-08, -9.355588304060802e-09, 9.501093245489756e-10, 1.1255780307806162e-08, 2.156145129106335e-08, 3.1867124050677376e-08, 4.217279325757772e-08, 5.247846246447807e-08, 6.278413877680578e-08, 7.308980798370612e-08, 8.339547719060647e-08, 9.370114639750682e-08, 1.0400681560440717e-07, 1.1431249191673487e-07, 1.2461816822906258e-07, 1.349238232251082e-07, 1.4522950664286327e-07, 1.5553517584976362e-07, 1.6584084505666397e-07, 1.7614651426356431e-07, 1.8645218347046466e-07, 1.9675786688821972e-07, 2.0706352188426536e-07, 2.1736920530202042e-07, 2.2767487450892077e-07, 2.3798054371582111e-07, 2.4828619871186675e-07, 2.585918821296218e-07, 2.6889753712566744e-07, 2.792032205434225e-07, 2.8950887553946814e-07, 2.998145589572232e-07, 3.1012024237497826e-07, 3.204258973710239e-07, 3.3073158078877896e-07]}, "gradients/embedding_item.weight": {"_type": "histogram", "values": [2.0, 4.0, 4.0, 6.0, 5.0, 2.0, 2.0, 2.0, 3.0, 0.0, 1.0, 0.0, 1.0, 3.0, 12.0, 21.0, 22.0, 40.0, 19.0, 46.0, 82.0, 97.0, 103.0, 140.0, 198.0, 356.0, 434.0, 811.0, 2321.0, 7293.0, 29108.0, 163741.0, 303908.0, 34869.0, 8615.0, 2730.0, 895.0, 452.0, 421.0, 216.0, 164.0, 117.0, 84.0, 92.0, 37.0, 20.0, 35.0, 24.0, 17.0, 16.0, 7.0, 4.0, 2.0, 2.0, 0.0, 0.0, 0.0, 4.0, 2.0, 5.0, 3.0, 8.0, 2.0, 2.0],