{"TOTAL_BEST_METRIC": 0.30861804657865577, "BEST_NDCG@10": 0.036012413485443116, "_timestamp": 1688390801.734161, "_runtime": 2212.9006810188293, "_step": 1107, "epoch": 1000, "Train_Metric_loss": NaN, "Train_Reg_loss": NaN, "Pos_loss": NaN, "Neg_loss": NaN, "Recall@5": 0.00013653741125068268, "Recall@10": 0.000591662115419625, "Recall@20": 0.0010172037138175861, "NDCG@5": 5.281988083486368e-05, "NDCG@10": 0.00022000096810395565, "NDCG@20": 0.00034823243471569386, "Recall@5_total_best": 0.038350703926209116, "Recall@10_total_best": 0.06338924668389442, "Recall@20_total_best": 0.09785082874071135, "ndcg@5_total_best": 0.027258584876342803, "ndcg@10_total_best": 0.036012413485443116, "ndcg@20_total_best": 0.045756268866054925, "EPOCH_ndcg_best": 30, "Recall@5_ndcg_best": 0.038350703926209116, "Recall@10_ndcg_best": 0.06338924668389442, "Recall@20_ndcg_best": 0.09785082874071135, "ndcg@5_ndcg_best": 0.027258584876342803, "ndcg@10_ndcg_best": 0.036012413485443116, "ndcg@20_ndcg_best": 0.045756268866054925, "gradients/mass_i.weight": {"_type": "histogram", "values": [2.0, 0.0, 1.0, 0.0, 0.0, 0.0, 1.0, 0.0, 0.0, 0.0, 0.0, 0.0, 2.0, 0.0, 0.0, 0.0, 1.0, 0.0, 3.0, 0.0, 4.0, 2.0, 4.0, 2.0, 5.0, 4.0, 10.0, 12.0, 13.0, 16.0, 6.0, 27.0, 26.0, 36.0, 76.0, 98.0, 134.0, 185.0, 184.0, 7519.0, 111.0, 62.0, 53.0, 14.0, 29.0, 27.0, 11.0, 6.0, 0.0, 6.0, 5.0, 5.0, 5.0, 3.0, 0.0, 0.0, 1.0, 0.0, 0.0, 0.0, 0.0, 0.0, 1.0, 1.0], "bins": [-3.602510332711972e-05, -3.5114419006276876e-05, -3.4203738323412836e-05, -3.329305400256999e-05, -3.238236968172714e-05, -3.1471685360884294e-05, -3.056100104004145e-05, -2.9650320357177407e-05, -2.873963603633456e-05, -2.7828951715491712e-05, -2.691826921363827e-05, -2.6007586711784825e-05, -2.5096902390941978e-05, -2.418621807009913e-05, -2.3275535568245687e-05, -2.2364853066392243e-05, -2.1454168745549396e-05, -2.054348442470655e-05, -1.9632801922853105e-05, -1.872211942099966e-05, -1.7811435100156814e-05, -1.6900750779313967e-05, -1.5990068277460523e-05, -1.5079384866112377e-05, -1.4168701454764232e-05, -1.3258018043416087e-05, -1.2347334632067941e-05, -1.1436651220719796e-05, -1.052596780937165e-05, -9.615284398023505e-06, -8.70460098667536e-06, -7.793917575327214e-06, -6.883232344989665e-06, -5.972548933641519e-06, -5.061865522293374e-06, -4.1511821109452285e-06, -3.240498699597083e-06, -2.3298152882489376e-06, -1.4191318769007921e-06, -5.084484655526467e-07, 4.022349457954988e-07, 1.3129183571436442e-06, 2.2236017684917897e-06, 3.134285179839935e-06, 4.044968591188081e-06, 4.955652002536226e-06, 5.8663354138843715e-06, 6.777018825232517e-06, 7.687702236580662e-06, 8.598385647928808e-06, 9.509069059276953e-06, 1.0419752470625099e-05, 1.1330435881973244e-05, 1.224111929332139e-05, 1.3151802704669535e-05, 1.406248611601768e-05, 1.4973169527365826e-05, 1.588385202921927e-05, 1.6794536350062117e-05, 1.7705220670904964e-05, 1.8615903172758408e-05, 1.952658567461185e-05, 2.04372699954547e-05, 2.1347954316297546e-05, 2.225863681815099e-05]}, "gradients/mass_u.weight": {"_type": "histogram", "values": [1.0, 0.0, 0.0, 0.0, 0.0, 0.0, 2.0, 0.0, 1.0, 0.0, 0.0, 0.0, 0.0, 0.0, 0.0, 0.0, 0.0, 0.0, 0.0, 0.0, 0.0, 0.0, 0.0, 1.0, 0.0, 0.0, 1.0, 0.0, 0.0, 0.0, 0.0, 1.0, 1.0, 0.0, 1.0, 0.0, 0.0, 1.0, 2.0, 1.0, 2.0, 1.0, 3.0, 3.0, 1.0, 4.0, 2.0, 5.0, 10.0, 2.0, 8.0, 11.0, 12.0, 24.0, 19.0, 17.0, 14.0, 49.0, 89.0, 88.0, 79.0, 36.0, 16.0, 14173.0], "bins": [-7.667819591006264e-05, -7.548010034952313e-05, -7.428200478898361e-05, -7.30839092284441e-05, -7.188580639194697e-05, -7.068771083140746e-05, -6.948961527086794e-05, -6.829151971032843e-05, -6.709342414978892e-05, -6.58953285892494e-05, -6.469723302870989e-05, -6.349913019221276e-05, -6.230103463167325e-05, -6.110293907113373e-05, -5.990484351059422e-05, -5.8706747950054705e-05, -5.750864511355758e-05, -5.631054955301806e-05, -5.511245035449974e-05, -5.391435479396023e-05, -5.2716259233420715e-05, -5.1518160034902394e-05, -5.032006447436288e-05, -4.9121968913823366e-05, -4.792387335328385e-05, -4.672577779274434e-05, -4.552767859422602e-05, -4.4329583033686504e-05, -4.313148747314699e-05, -4.193338827462867e-05, -4.0735292714089155e-05, -3.953719715354964e-05, -3.833909795503132e-05, -3.714100239449181e-05, -3.5942903195973486e-05, -3.474480763543397e-05, -3.354671207489446e-05, -3.234861287637614e-05, -3.115051731583662e-05, -2.9952419936307706e-05, -2.875432255677879e-05, -2.755622517724987e-05, -2.6358129616710357e-05, -2.516003223718144e-05, -2.3961934857652523e-05, -2.2763837478123605e-05, -2.156574191758409e-05, -2.0367644538055174e-05, -1.916954897751566e-05, -1.7971451597986743e-05, -1.677335603744723e-05, -1.557525865791831e-05, -1.4377161278389394e-05, -1.3179064808355179e-05, -1.1980968338320963e-05, -1.0782870958792046e-05, -9.58477448875783e-06, -8.386678018723615e-06, -7.188580639194697e-06, -5.9904841691604815e-06, -4.792387244378915e-06, -3.5942903195973486e-06, -2.396193849563133e-06, -1.1980964700342156e-06, 0.0]}, "gradients/embedding_user.weight": {"_type": "histogram", "values": [0.0, 0.0, 0.0, 0.0, 0.0, 0.0, 0.0, 0.0, 0.0, 0.0, 0.0, 0.0, 0.0, 0.0, 0.0, 0.0, 0.0, 0.0, 0.0, 0.0, 0.0, 0.0, 0.0, 0.0, 0.0, 0.0, 0.0, 0.0, 0.0, 0.0, 0.0, 0.0, 5888.0, 0.0, 0.0, 0.0, 0.0, 0.0, 0.0, 0.0, 0.0, 0.0, 0.0, 0.0, 0.0, 0.0, 0.0, 0.0, 0.0, 0.0, 0.0, 0.0, 0.0, 0.0, 0.0, 0.0, 0.0, 0.0, 0.0, 0.0, 0.0, 0.0, 0.0, 0.0], "bins": [0.0, 0.0, 0.0, 0.0, 0.0, 0.0, 0.0, 0.0, 0.0, 0.0, 0.0, 0.0, 0.0, 0.0, 0.0, 0.0, 0.0, 0.0, 0.0, 0.0, 0.0, 0.0, 0.0, 0.0, 0.0, 0.0, 0.0, 0.0, 0.0, 0.0, 0.0, 0.0, 0.0, 0.0, 0.0, 0.0, 0.0, 0.0, 0.0, 0.0, 0.0, 0.0, 0.0, 0.0, 0.0, 0.0, 0.0, 0.0, 0.0, 0.0, 0.0, 0.0, 0.0, 0.0, 0.0, 0.0, 0.0, 0.0, 0.0, 0.0, 0.0, 0.0, 0.0, 0.0, 0.0]}, "_wandb": {"runtime": 2212}}