{"TOTAL_BEST_METRIC": 1.109434668922538, "BEST_NDCG@10": 0.14170983332433404, "_timestamp": 1688418947.125375, "_runtime": 742.5360779762268, "_step": 1222, "epoch": 1000, "Train_Metric_loss": 5.763916301727295, "Train_Reg_loss": 3.789143593166955e-05, "Pos_loss": 8.631514549255371, "Neg_loss": 0.11748673766851425, "Recall@5": 0.15511060941593968, "Recall@10": 0.22228643957977254, "Recall@20": 0.30611043111462594, "NDCG@5": 0.11813381896352258, "NDCG@10": 0.14170983332433404, "NDCG@20": 0.16569194373625107, "Recall@5_total_best": 0.15564195904399494, "Recall@10_total_best": 0.22156843636442608, "Recall@20_total_best": 0.30646466419999613, "ndcg@5_total_best": 0.11840097791845547, "ndcg@10_total_best": 0.14153981571902827, "ndcg@20_total_best": 0.16581881567663723, "EPOCH_ndcg_best": 1000, "Recall@5_ndcg_best": 0.15511060941593968, "Recall@10_ndcg_best": 0.22228643957977254, "Recall@20_ndcg_best": 0.30611043111462594, "ndcg@5_ndcg_best": 0.11813381896352258, "ndcg@10_ndcg_best": 0.14170983332433404, "ndcg@20_ndcg_best": 0.16569194373625107, "gradients/mass_i.weight": {"_type": "histogram", "values": [1.0, 1.0, 1.0, 0.0, 0.0, 0.0, 0.0, 0.0, 0.0, 0.0, 2.0, 2.0, 0.0, 1.0, 4.0, 2.0, 0.0, 0.0, 2.0, 3.0, 2.0, 9.0, 4.0, 2.0, 1.0, 9.0, 10.0, 7.0, 9.0, 14.0, 21.0, 22.0, 28.0, 30.0, 43.0, 50.0, 47.0, 61.0, 170.0, 51.0, 49.0, 93.0, 2441.0, 80.0, 102.0, 25.0, 44.0, 41.0, 16.0, 22.0, 14.0, 2.0, 8.0, 3.0, 7.0, 2.0, 4.0, 2.0, 2.0, 0.0, 0.0, 0.0, 1.0, 1.0], "bins": [-0.0005291317356750369, -0.0005165580660104752, -0.0005039844545535743, -0.0004914107848890126, -0.00047883717343211174, -0.00046626350376755, -0.00045368989231064916, -0.0004411162226460874, -0.0004285425820853561, -0.0004159689415246248, -0.00040339530096389353, -0.00039082166040316224, -0.00037824801984243095, -0.00036567437928169966, -0.0003531007096171379, -0.0003405270690564066, -0.0003279534284956753, -0.00031537978793494403, -0.00030280614737421274, -0.00029023250681348145, -0.00027765886625275016, -0.0002650851965881884, -0.0002525115851312876, -0.00023993791546672583, -0.000227364304009825, -0.0002147906634490937, -0.0002022170228883624, -0.00018964338232763112, -0.0001770697272149846, -0.0001644960866542533, -0.000151922446093522, -0.0001393487909808755, -0.0001267751504201442, -0.00011420150985941291, -0.000101627862022724, -8.905422146199271e-05, -7.64805736253038e-05, -6.390693306457251e-05, -5.133329250384122e-05, -3.8759644667152315e-05, -2.6186004106421024e-05, -1.3612360817205627e-05, -1.0387175279902294e-06, 1.1534924851730466e-05, 2.4108569050440565e-05, 3.6682213249150664e-05, 4.9255853809881955e-05, 6.182950164657086e-05, 7.440314220730215e-05, 8.697678276803344e-05, 9.955043060472235e-05, 0.00011212407116545364, 0.00012469771900214255, 0.00013727135956287384, 0.00014984500012360513, 0.00016241864068433642, 0.00017499228124506772, 0.000187565921805799, 0.0002001395623665303, 0.0002127132029272616, 0.0002252868580399081, 0.0002378604986006394, 0.0002504341537132859, 0.0002630077942740172, 0.0002755814348347485]}, "gradients/mass_u.weight": {"_type": "histogram", "values": [1.0, 0.0, 0.0, 0.0, 0.0, 0.0, 0.0, 0.0, 0.0, 0.0, 0.0, 0.0, 0.0, 0.0, 0.0, 0.0, 0.0, 0.0, 0.0, 0.0, 0.0, 0.0, 1.0, 0.0, 0.0, 0.0, 0.0, 0.0, 0.0, 0.0, 0.0, 1.0, 0.0, 0.0, 0.0, 0.0, 0.0, 1.0, 0.0, 0.0, 0.0, 1.0, 0.0, 1.0, 0.0, 0.0, 0.0, 0.0, 0.0, 2.0, 1.0, 1.0, 1.0, 5.0, 0.0, 5.0, 6.0, 8.0, 5.0, 17.0, 27.0, 69.0, 228.0, 5160.0], "bins": [-0.00192941352725029, -0.0018992663826793432, -0.0018691193545237184, -0.0018389723263680935, -0.0018088251817971468, -0.0017786780372262, -0.0017485310090705752, -0.0017183839809149504, -0.0016882368363440037, -0.001658089691773057, -0.0016279426636174321, -0.0015977956354618073, -0.0015676484908908606, -0.0015375013463199139, -0.001507354318164289, -0.0014772072900086641, -0.0014470601454377174, -0.0014169130008667707, -0.0013867659727111459, -0.001356618944555521, -0.0013264717999845743, -0.0012963246554136276, -0.0012661776272580028, -0.0012360305991023779, -0.0012058834545314312, -0.0011757363099604845, -0.0011455892818048596, -0.0011154422536492348, -0.001085295109078288, -0.0010551479645073414, -0.0010250009363517165, -0.0009948539081960917, -0.000964706763625145, -0.0009345596772618592, -0.0009044125908985734, -0.0008742655045352876, -0.0008441184181720018, -0.0008139713318087161, -0.0007838242454454303, -0.0007536771590821445, -0.0007235300727188587, -0.0006933829863555729, -0.0006632358999922872, -0.0006330888136290014, -0.0006029417272657156, -0.0005727946409024298, -0.000542647554539144, -0.0005125004681758583, -0.0004823533818125725, -0.0004522062954492867, -0.0004220592090860009, -0.00039191212272271514, -0.00036176503635942936, -0.0003316179499961436, -0.0003014708636328578, -0.000271323777269572, -0.00024117669090628624, -0.00021102960454300046, -0.00018088251817971468, -0.0001507354318164289, -0.00012058834545314312, -9.044125908985734e-05, -6.029417272657156e-05, -3.014708636328578e-05, 0.0]}, "gradients/embedding_user.weight": {"_type": "histogram", "values": [1.0, 0.0, 0.0, 1.0, 0.0, 0.0, 0.0, 0.0, 0.0, 0.0, 1.0, 0.0, 1.0, 2.0, 2.0, 1.0, 0.0, 2.0, 0.0, 1.0, 2.0, 2.0, 1.0, 2.0, 13.0, 4.0, 7.0, 6.0, 11.0, 17.0, 24.0, 50.0, 103.0, 263.0, 742.0, 2464.0, 12254.0, 163414.0, 159223.0, 12313.0, 2431.0, 696.0, 277.0, 127.0, 57.0, 32.0, 20.0, 10.0, 13.0, 3.0, 5.0, 5.0, 5.0, 4.0, 3.0, 3.0, 2.0, 2.0, 1.0, 0.0, 0.0, 0.0, 0.0, 1.0], "bins": [-0.002385176019743085, -0.0023224065080285072, -0.002259637229144573, -0.0021968677174299955, -0.0021340984385460615, -0.002071328926831484, -0.00200855964794755, -0.0019457901362329721, -0.0018830206245183945, -0.0018202512292191386, -0.0017574818339198828, -0.001694712322205305, -0.0016319429269060493, -0.0015691735316067934, -0.0015064041363075376, -0.0014436347410082817, -0.0013808653457090259, -0.00131809595040977, -0.0012553265551105142, -0.0011925571598112583, -0.0011297876480966806, -0.0010670182527974248, -0.001004248857498169, -0.0009414794621989131, -0.0008787100086919963, -0.0008159406133927405, -0.0007531711598858237, -0.0006904017645865679, -0.000627632369287312, -0.0005648629157803953, -0.0005020935204811394, -0.0004393240960780531, -0.00037655478809028864, -0.00031378536368720233, -0.00025101593928411603, -0.00018824654398486018, -0.00012547711958177388, -6.270769517868757e-05, 6.170012056827545e-08, 6.283112452365458e-05, 0.00012560054892674088, 0.0001883699733298272, 0.0002511393977329135, 0.00031390879303216934, 0.00037667821743525565, 0.00043944764183834195, 0.0005022170371375978, 0.0005649864906445146, 0.0006277558859437704, 0.0006905252812430263, 0.000753294734749943, 0.0008160641300491989, 0.0008788335835561156, 0.0009416029788553715, 0.0010043723741546273, 0.0010671417694538832, 0.0011299112811684608, 0.0011926806764677167, 0.0012554500717669725, 0.0013182195834815502, 0.001380988978780806, 0.001443758374080062, 0.0015065277693793178, 0.0015692971646785736, 0.0016320665599778295]}, "gradients/embedding_item.weight": {"_type": "histogram", "values": [1.0, 0.0, 1.0, 0.0, 1.0, 1.0, 1.0, 0.0, 7.0, 7.0, 6.0, 9.0, 8.0, 20.0, 22.0, 30.0, 41.0, 58.0, 91.0, 134.0, 186.0, 267.0, 440.0, 622.0, 894.0, 1450.0, 2298.0, 3960.0, 6834.0, 11779.0, 20649.0, 34182.0, 64997.0, 32319.0, 19416.0, 11233.0, 6450.0, 3568.0, 2265.0, 1342.0, 885.0, 617.0, 391.0, 235.0, 176.0, 128.0, 103.0, 57.0, 45.0, 28.0, 30.0, 17.0, 11.0, 14.0, 7.0, 3.0, 6.0, 3.0, 4.0, 2.0, 0.0, 0.0, 0.0, 1.0],