{"TOTAL_BEST_METRIC": 1.111240820680814, "BEST_NDCG@10": 0.14381865387051473, "_timestamp": 1688392059.742499, "_runtime": 701.4113500118256, "_step": 1229, "epoch": 1000, "Train_Metric_loss": 4.249572467803955, "Train_Reg_loss": 3.654488318716176e-05, "Pos_loss": 8.666351318359375, "Neg_loss": 0.14082103967666626, "Recall@5": 0.1538736049908375, "Recall@10": 0.22402275281980522, "Recall@20": 0.30281950846579736, "NDCG@5": 0.11793139751624938, "NDCG@10": 0.14248606365086533, "NDCG@20": 0.16501214941796635, "Recall@5_total_best": 0.1548819149789562, "Recall@10_total_best": 0.22388177650147, "Recall@20_total_best": 0.3061420537915308, "ndcg@5_total_best": 0.11829549438929718, "ndcg@10_total_best": 0.1422387053461782, "ndcg@20_total_best": 0.1658008756733816, "EPOCH_ndcg_best": 990, "Recall@5_ndcg_best": 0.15375721411993015, "Recall@10_ndcg_best": 0.22587712409500538, "Recall@20_ndcg_best": 0.3028337321334692, "ndcg@5_ndcg_best": 0.11877298450389685, "ndcg@10_ndcg_best": 0.14381865387051473, "ndcg@20_ndcg_best": 0.1657910095545505, "gradients/mass_i.weight": {"_type": "histogram", "values": [1.0, 0.0, 0.0, 1.0, 0.0, 0.0, 1.0, 0.0, 0.0, 0.0, 0.0, 0.0, 1.0, 1.0, 1.0, 0.0, 1.0, 1.0, 3.0, 3.0, 2.0, 3.0, 1.0, 4.0, 3.0, 2.0, 6.0, 6.0, 10.0, 8.0, 12.0, 5.0, 9.0, 15.0, 23.0, 17.0, 27.0, 39.0, 65.0, 43.0, 51.0, 109.0, 108.0, 77.0, 129.0, 2376.0, 39.0, 90.0, 98.0, 24.0, 53.0, 26.0, 16.0, 19.0, 9.0, 6.0, 6.0, 5.0, 3.0, 2.0, 2.0, 1.0, 2.0, 3.0], "bins": [-0.0008718011667951941, -0.0008526539895683527, -0.0008335068705491722, -0.0008143596933223307, -0.0007952125743031502, -0.0007760653970763087, -0.0007569182198494673, -0.0007377710426226258, -0.0007186239236034453, -0.0006994767463766038, -0.0006803296273574233, -0.0006611824501305819, -0.0006420352729037404, -0.0006228881538845599, -0.0006037409766577184, -0.0005845938576385379, -0.0005654466804116964, -0.000546299503184855, -0.0005271523841656744, -0.000508005206938833, -0.0004888580879196525, -0.000469710910692811, -0.00045056373346596956, -0.00043141658534295857, -0.0004122694372199476, -0.0003931222890969366, -0.0003739751409739256, -0.00035482796374708414, -0.00033568081562407315, -0.00031653366750106215, -0.0002973864902742207, -0.0002782393421512097, -0.0002590921358205378, -0.0002399449876975268, -0.0002207978250226006, -0.00020165066234767437, -0.00018250351422466338, -0.00016335636610165238, -0.00014420920342672616, -0.00012506204075179994, -0.00010591489262878895, -8.676773722982034e-05, -6.762058183085173e-05, -4.8473426431883126e-05, -2.932627103291452e-05, -1.0179115633945912e-05, 8.968039765022695e-06, 2.8115202439948916e-05, 4.726235056295991e-05, 6.640950596192852e-05, 8.555666136089712e-05, 0.00010470381675986573, 0.00012385097215883434, 0.00014299812028184533, 0.00016214528295677155, 0.00018129244563169777, 0.00020043959375470877, 0.00021958674187771976, 0.00023873390455264598, 0.0002578810672275722, 0.0002770282153505832, 0.0002961753634735942, 0.00031532254070043564, 0.00033446968882344663, 0.0003536168369464576]}, "gradients/mass_u.weight": {"_type": "histogram", "values": [1.0, 0.0, 0.0, 0.0, 0.0, 0.0, 0.0, 0.0, 0.0, 0.0, 0.0, 0.0, 0.0, 0.0, 0.0, 0.0, 0.0, 0.0, 0.0, 0.0, 0.0, 1.0, 1.0, 0.0, 1.0, 0.0, 1.0, 0.0, 1.0, 0.0, 1.0, 0.0, 0.0, 1.0, 0.0, 0.0, 0.0, 0.0, 0.0, 0.0, 0.0, 0.0, 1.0, 0.0, 2.0, 2.0, 1.0, 1.0, 2.0, 1.0, 0.0, 2.0, 3.0, 10.0, 5.0, 11.0, 11.0, 12.0, 22.0, 31.0, 67.0, 185.0, 107.0, 5057.0], "bins": [-0.001872494351118803, -0.0018432366196066141, -0.0018139788880944252, -0.0017847211565822363, -0.0017554634250700474, -0.0017262056935578585, -0.0016969479620456696, -0.0016676902305334806, -0.0016384324990212917, -0.0016091747675091028, -0.001579917035996914, -0.001550659304484725, -0.001521401572972536, -0.0014921438414603472, -0.0014628861099481583, -0.0014336283784359694, -0.0014043707633391023, -0.0013751130318269134, -0.0013458553003147244, -0.0013165975688025355, -0.0012873398372903466, -0.0012580821057781577, -0.0012288243742659688, -0.0011995667591691017, -0.0011703090276569128, -0.001141051296144724, -0.001111793564632535, -0.001082535833120346, -0.0010532781016081572, -0.0010240203700959682, -0.0009947626385837793, -0.0009655049652792513, -0.0009362471755594015, -0.0009069894440472126, -0.0008777317125350237, -0.0008484739810228348, -0.0008192162495106459, -0.000789958517998457, -0.000760700844693929, -0.00073144311318174, -0.0007021853816695511, -0.0006729276501573622, -0.0006436699186451733, -0.0006144121871329844, -0.0005851545138284564, -0.0005558967823162675, -0.0005266390508040786, -0.0004973813192918897, -0.00046812358777970076, -0.00043886585626751184, -0.00040960812475532293, -0.0003803504223469645, -0.00035109269083477557, -0.00032183495932258666, -0.0002925772569142282, -0.0002633195254020393, -0.00023406179388985038, -0.00020480406237766147, -0.00017554634541738778, -0.0001462886284571141, -0.00011703089694492519, -8.777316543273628e-05, -5.8515448472462595e-05, -2.925773151218891e-05, 0.0]}, "gradients/embedding_user.weight": {"_type": "histogram", "values": [1.0, 0.0, 0.0, 0.0, 0.0, 0.0, 1.0, 1.0, 0.0, 0.0, 0.0, 0.0, 0.0, 0.0, 1.0, 1.0, 2.0, 0.0, 2.0, 0.0, 2.0, 0.0, 1.0, 5.0, 3.0, 9.0, 16.0, 38.0, 70.0, 126.0, 409.0, 1329.0, 6315.0, 150200.0, 186085.0, 7667.0, 1534.0, 458.0, 184.0, 63.0, 48.0, 25.0, 8.0, 4.0, 3.0, 1.0, 2.0, 2.0, 1.0, 1.0, 2.0, 1.0, 0.0, 1.0, 1.0, 0.0, 0.0, 0.0, 0.0, 0.0, 0.0, 0.0, 0.0, 1.0], "bins": [-0.0012607338139787316, -0.0012237003538757563, -0.001186666893772781, -0.0011496334336698055, -0.0011125999735668302, -0.0010755665134638548, -0.0010385330533608794, -0.001001499593257904, -0.0009644661331549287, -0.0009274326730519533, -0.000890399212948978, -0.0008533657528460026, -0.0008163322927430272, -0.0007792988326400518, -0.0007422653725370765, -0.0007052319124341011, -0.0006681983941234648, -0.0006311649340204895, -0.0005941314739175141, -0.0005570980138145387, -0.0005200645537115633, -0.000483031093608588, -0.00044599760440178216, -0.0004089641442988068, -0.0003719306841958314, -0.00033489722409285605, -0.0002978637639898807, -0.00026083027478307486, -0.00022379682923201472, -0.00018676336912903935, -0.00014972989447414875, -0.00011269643437117338, -7.566297426819801e-05, -3.862951052724384e-05, -1.5960467862896621e-06, 3.543742059264332e-05, 7.247088069561869e-05, 0.00010950434079859406, 0.00014653781545348465, 0.00018357127555646002, 0.0002206047356594354, 0.00025763819576241076, 0.00029467165586538613, 0.00033170514507219195, 0.0003687386051751673, 0.0004057720652781427, 0.00044280552538111806, 0.00047983898548409343, 0.0005168724455870688, 0.0005539059056900442, 0.0005909393657930195, 0.0006279728258959949, 0.0006650062859989703, 0.0007020397461019456, 0.0007390732644125819, 0.0007761067245155573, 0.0008131401846185327, 0.000850173644721508, 0.0008872071048244834, 0.0009242405649274588, 0.0009612740250304341, 0.0009983074851334095, 0.0010353409452363849, 0.0010723744053393602, 0.0011094078654423356]}, "gradients/embedding_item.weight": {"_type": "histogram", "values": [1.0, 2.0, 5.0, 3.0, 5.0, 3.0, 5.0, 5.0, 6.0, 15.0, 10.0, 23.0, 31.0, 74.0, 69.0, 113.0, 154.0, 213.0, 297.0, 482.0, 646.0, 1105.0, 1674.0, 2610.0, 4333.0, 7305.0, 12995.0, 22281.0, 39430.0, 60911.0, 30232.0, 17766.0, 10160.0, 5717.0, 3469.0, 2093.0, 1280.0, 888.0, 597.0, 416.0, 280.0, 187.0, 126.0, 87.0, 83.0, 44.0, 38.0, 24.0, 15.0, 11.0, 11.0, 3.0, 3.0, 6.0, 0.0, 3.0, 3.0, 3.0, 0.0, 0.0, 0.0, 0.0, 0.0, 1.0],