{"TOTAL_BEST_METRIC": 1.1053706085580095, "BEST_NDCG@10": 0.14202364545356186, "_timestamp": 1688370280.8319507, "_runtime": 759.8375656604767, "_step": 1252, "epoch": 1000, "Train_Metric_loss": 2.5893985748291017, "Train_Reg_loss": 3.626251491368748e-05, "Pos_loss": 8.595870971679688, "Neg_loss": 0.1487242430448532, "Recall@5": 0.15545502431933442, "Recall@10": 0.22589857163239344, "Recall@20": 0.30119952028755653, "NDCG@5": 0.11741393950535936, "NDCG@10": 0.14202364545356186, "NDCG@20": 0.16337990735980382, "Recall@5_total_best": 0.15545502431933442, "Recall@10_total_best": 0.22589857163239344, "Recall@20_total_best": 0.30119952028755653, "ndcg@5_total_best": 0.11741393950535936, "ndcg@10_total_best": 0.14202364545356186, "ndcg@20_total_best": 0.16337990735980382, "EPOCH_ndcg_best": 1000, "Recall@5_ndcg_best": 0.15545502431933442, "Recall@10_ndcg_best": 0.22589857163239344, "Recall@20_ndcg_best": 0.30119952028755653, "ndcg@5_ndcg_best": 0.11741393950535936, "ndcg@10_ndcg_best": 0.14202364545356186, "ndcg@20_ndcg_best": 0.16337990735980382, "gradients/mass_i.weight": {"_type": "histogram", "values": [1.0, 0.0, 0.0, 0.0, 0.0, 0.0, 0.0, 0.0, 0.0, 0.0, 0.0, 0.0, 0.0, 0.0, 0.0, 0.0, 0.0, 0.0, 0.0, 0.0, 2.0, 3.0, 2.0, 0.0, 1.0, 1.0, 1.0, 2.0, 0.0, 1.0, 1.0, 1.0, 7.0, 6.0, 9.0, 6.0, 7.0, 9.0, 14.0, 20.0, 24.0, 29.0, 75.0, 28.0, 86.0, 132.0, 58.0, 2694.0, 26.0, 103.0, 71.0, 38.0, 47.0, 17.0, 15.0, 7.0, 5.0, 5.0, 5.0, 5.0, 1.0, 2.0, 0.0, 1.0], "bins": [-0.0017952241469174623, -0.0017577118705958128, -0.0017201994778588414, -0.0016826872015371919, -0.0016451749252155423, -0.001607662532478571, -0.0015701502561569214, -0.0015326379798352718, -0.0014951257035136223, -0.0014576134271919727, -0.0014201010344550014, -0.0013825887581333518, -0.0013450764818117023, -0.0013075640890747309, -0.0012700518127530813, -0.0012325395364314318, -0.0011950271436944604, -0.0011575148673728108, -0.0011200024746358395, -0.00108249019831419, -0.0010449779219925404, -0.0010074656456708908, -0.0009699532529339194, -0.0009324409766122699, -0.0008949286420829594, -0.000857416307553649, -0.0008199040312319994, -0.0007823916967026889, -0.0007448793621733785, -0.0007073670858517289, -0.0006698547513224185, -0.000632342416793108, -0.0005948300240561366, -0.0005573176895268261, -0.0005198054132051766, -0.0004822930786758661, -0.0004447807732503861, -0.0004072684678249061, -0.00036975613329559565, -0.00033224382787011564, -0.00029473152244463563, -0.0002572192170191556, -0.00021970689704176039, -0.00018219457706436515, -0.00014468227163888514, -0.00010716996621340513, -6.96576462360099e-05, -3.214532625861466e-05, 5.366979166865349e-06, 4.287929186830297e-05, 8.03916045697406e-05, 0.00011790391727117822, 0.00015541622997261584, 0.00019292853539809585, 0.00023044085537549108, 0.0002679531753528863, 0.00030546548077836633, 0.00034297778620384634, 0.00038049009162932634, 0.0004180024261586368, 0.0004555147315841168, 0.0004930270370095968, 0.0005305393715389073, 0.0005680517060682178, 0.0006055639823898673]}, "gradients/mass_u.weight": {"_type": "histogram", "values": [1.0, 0.0, 0.0, 0.0, 0.0, 0.0, 0.0, 0.0, 0.0, 0.0, 0.0, 0.0, 0.0, 0.0, 0.0, 0.0, 0.0, 0.0, 0.0, 0.0, 0.0, 0.0, 0.0, 0.0, 0.0, 0.0, 0.0, 1.0, 0.0, 0.0, 0.0, 0.0, 0.0, 0.0, 1.0, 0.0, 1.0, 1.0, 1.0, 0.0, 0.0, 0.0, 0.0, 1.0, 0.0, 0.0, 0.0, 0.0, 0.0, 0.0, 3.0, 2.0, 1.0, 2.0, 3.0, 2.0, 3.0, 4.0, 14.0, 22.0, 29.0, 89.0, 253.0, 5107.0], "bins": [-0.0026656771078705788, -0.0026240258011966944, -0.0025823747273534536, -0.0025407234206795692, -0.0024990723468363285, -0.002457421040162444, -0.0024157699663192034, -0.002374118659645319, -0.0023324675858020782, -0.002290816279128194, -0.002249165205284953, -0.0022075138986110687, -0.002165862824767828, -0.0021242115180939436, -0.002082560444250703, -0.0020409091375768185, -0.001999257830902934, -0.0019576065242290497, -0.001915955450385809, -0.0018743042601272464, -0.0018326530698686838, -0.0017910017631947994, -0.0017493505729362369, -0.0017076993826776743, -0.0016660481924191117, -0.0016243970021605492, -0.0015827458119019866, -0.001541094621643424, -0.0014994433149695396, -0.001457792124710977, -0.0014161409344524145, -0.001374489744193852, -0.0013328385539352894, -0.0012911873636767268, -0.0012495361734181643, -0.0012078849831596017, -0.0011662337929010391, -0.0011245824862271547, -0.0010829312959685922, -0.0010412801057100296, -0.000999628915451467, -0.0009579777251929045, -0.0009163265349343419, -0.0008746752864681184, -0.0008330240962095559, -0.0007913729059509933, -0.0007497216574847698, -0.0007080704672262073, -0.0006664192769676447, -0.0006247680867090821, -0.0005831168964505196, -0.0005414656479842961, -0.0004998144577257335, -0.00045816326746717095, -0.00041651204810477793, -0.0003748608287423849, -0.00033320963848382235, -0.0002915584482252598, -0.00024990722886286676, -0.00020825602405238897, -0.00016660481924191117, -0.00012495361443143338, -8.330240962095559e-05, -4.1651190258562565e-05, 0.0]}, "gradients/embedding_user.weight": {"_type": "histogram", "values": [1.0, 0.0, 0.0, 0.0, 1.0, 0.0, 1.0, 1.0, 3.0, 1.0, 3.0, 5.0, 3.0, 6.0, 3.0, 9.0, 9.0, 10.0, 20.0, 27.0, 44.0, 51.0, 92.0, 153.0, 236.0, 396.0, 716.0, 1440.0, 3137.0, 11751.0, 83233.0, 181990.0, 57810.0, 8213.0, 2499.0, 1136.0, 627.0, 369.0, 201.0, 119.0, 106.0, 54.0, 41.0, 30.0, 23.0, 12.0, 11.0, 8.0, 3.0, 7.0, 1.0, 4.0, 0.0, 1.0, 3.0, 1.0, 0.0, 0.0, 1.0, 0.0, 1.0, 0.0, 0.0, 1.0], "bins": [-0.0002079453697660938, -0.00020132177451159805, -0.00019469816470518708, -0.00018807456945069134, -0.0001814509741961956, -0.00017482736438978463, -0.0001682037691352889, -0.00016158015932887793, -0.00015495656407438219, -0.00014833296881988645, -0.00014170935901347548, -0.00013508576375897974, -0.00012846215395256877, -0.00012183855869807303, -0.00011521496344357729, -0.00010859136091312394, -0.00010196775838267058, -9.534415585221723e-05, -8.872055332176387e-05, -8.209695806726813e-05, -7.547335553681478e-05, -6.884975300636142e-05, -6.222615775186568e-05, -5.560255522141233e-05, -4.897895269095898e-05, -4.235535016050562e-05, -3.5731751268031076e-05, -2.9108150556567125e-05, -2.2484549845103174e-05, -1.586094731464982e-05, -9.237348422175273e-06, -2.6137495297007263e-06, 4.0098384488373995e-06, 1.063343916030135e-05, 1.72570398717653e-05, 2.388064058322925e-05, 3.0504241294693202e-05, 3.7127843825146556e-05, 4.37514427176211e-05, 5.037504161009565e-05, 5.6998644140549004e-05, 6.362224667100236e-05, 7.024584920145571e-05, 7.686944445595145e-05, 8.34930469864048e-05, 9.011664951685816e-05, 9.67402447713539e-05, 0.00010336384730180725, 0.00010998744983226061, 0.00011661105236271396, 0.00012323465489316732, 0.00012985825014766306, 0.00013648185995407403, 0.00014310545520856977, 0.0001497290504630655, 0.00015635264571756124, 0.0001629762555239722, 0.00016959985077846795, 0.00017622346058487892, 0.00018284705583937466, 0.0001894706510938704, 0.00019609426090028137, 0.0002027178561547771, 0.00020934146596118808, 0.00021596506121568382]}, "gradients/embedding_item.weight": {"_type": "histogram", "values": [2.0, 0.0, 0.0, 1.0, 3.0, 2.0, 3.0, 3.0, 5.0, 2.0, 5.0, 21.0, 18.0, 26.0, 50.0, 69.0, 76.0, 96.0, 168.0, 224.0, 322.0, 480.0, 734.0, 1141.0, 1841.0, 2982.0, 5077.0, 9469.0, 18501.0, 37041.0, 72428.0, 36649.0, 18191.0, 9432.0, 5096.0, 2947.0, 1691.0, 1190.0, 741.0, 498.0, 331.0, 249.0, 152.0, 123.0, 72.0, 71.0, 35.0, 27.0, 15.0, 12.0, 10.0, 7.0, 8.0, 5.0, 2.0, 3.0, 3.0, 0.0, 1.0, 0.0, 0.0, 0.0, 0.0, 1.0],