{"TOTAL_BEST_METRIC": 0.823642998108024, "BEST_NDCG@10": 0.09935920704789701, "_timestamp": 1688319211.8433046, "_runtime": 393.12164974212646, "_step": 1113, "epoch": 1000, "Train_Metric_loss": -1.8955578565597535, "Train_Reg_loss": 2.9079196974635124e-05, "Pos_loss": -2.310821294784546, "Neg_loss": 1.7596006393432617, "Recall@5": 0.10114954219630097, "Recall@10": 0.16144486436868558, "Recall@20": 0.23959795533499326, "NDCG@5": 0.0741452978362868, "NDCG@10": 0.09525705187798145, "NDCG@20": 0.11762744644813918, "Recall@5_total_best": 0.1087000281921698, "Recall@10_total_best": 0.1692731593033623, "Recall@20_total_best": 0.2468644440329098, "ndcg@5_total_best": 0.07797789889077336, "ndcg@10_total_best": 0.09935920704789701, "ndcg@20_total_best": 0.12146826064091168, "EPOCH_ndcg_best": 90, "Recall@5_ndcg_best": 0.1087000281921698, "Recall@10_ndcg_best": 0.1692731593033623, "Recall@20_ndcg_best": 0.2468644440329098, "ndcg@5_ndcg_best": 0.07797789889077336, "ndcg@10_ndcg_best": 0.09935920704789701, "ndcg@20_ndcg_best": 0.12146826064091168, "gradients/mass_i.weight": {"_type": "histogram", "values": [1.0, 0.0, 0.0, 0.0, 1.0, 0.0, 1.0, 3.0, 0.0, 0.0, 0.0, 1.0, 3.0, 2.0, 5.0, 0.0, 1.0, 2.0, 4.0, 0.0, 3.0, 9.0, 8.0, 9.0, 14.0, 12.0, 17.0, 21.0, 24.0, 24.0, 25.0, 31.0, 45.0, 48.0, 48.0, 60.0, 88.0, 87.0, 69.0, 107.0, 84.0, 73.0, 85.0, 2248.0, 58.0, 68.0, 59.0, 26.0, 27.0, 20.0, 8.0, 11.0, 9.0, 1.0, 5.0, 2.0, 3.0, 1.0, 0.0, 2.0, 1.0, 2.0, 0.0, 2.0], "bins": [-9.893378592096269e-05, -9.665403194958344e-05, -9.43742852541618e-05, -9.209453128278255e-05, -8.981478458736092e-05, -8.753503061598167e-05, -8.525528392056003e-05, -8.297552994918078e-05, -8.069578325375915e-05, -7.84160292823799e-05, -7.613628258695826e-05, -7.385652861557901e-05, -7.157678192015737e-05, -6.929702794877812e-05, -6.701728125335649e-05, -6.473752728197724e-05, -6.24577805865556e-05, -6.017803025315516e-05, -5.7898279919754714e-05, -5.561852958635427e-05, -5.333877925295383e-05, -5.1059028919553384e-05, -4.877927858615294e-05, -4.649952461477369e-05, -4.421977064339444e-05, -4.1940020309994e-05, -3.9660269976593554e-05, -3.738051964319311e-05, -3.510076930979267e-05, -3.2821018976392224e-05, -3.054126864299178e-05, -2.8261516490601934e-05, -2.5981771614169702e-05, -2.370202128076926e-05, -2.1422270947368816e-05, -1.9142520613968372e-05, -1.686277028056793e-05, -1.4583019037672784e-05, -1.230326779477764e-05, -1.0023517461377196e-05, -7.743767127976753e-06, -5.46401679457631e-06, -3.1842660064285155e-06, -9.045152182807215e-07, 1.3752351151197217e-06, 3.654985448520165e-06, 5.93473669141531e-06, 8.214487024815753e-06, 1.0494237358216196e-05, 1.277398769161664e-05, 1.5053738025017083e-05, 1.7333488358417526e-05, 1.961323869181797e-05, 2.1892989025218412e-05, 2.417274117760826e-05, 2.6452491511008702e-05, 2.8732241844409145e-05, 3.101199399679899e-05, 3.3291744330199435e-05, 3.557149466359988e-05, 3.785124499700032e-05, 4.0130995330400765e-05, 4.241074566380121e-05, 4.469049599720165e-05, 4.6970246330602095e-05]}, "gradients/mass_u.weight": {"_type": "histogram", "values": [1.0, 1.0, 0.0, 0.0, 0.0, 0.0, 0.0, 0.0, 1.0, 0.0, 0.0, 0.0, 0.0, 0.0, 0.0, 0.0, 0.0, 0.0, 1.0, 0.0, 0.0, 0.0, 1.0, 0.0, 1.0, 0.0, 0.0, 0.0, 0.0, 0.0, 0.0, 0.0, 0.0, 1.0, 0.0, 0.0, 0.0, 0.0, 0.0, 0.0, 0.0, 0.0, 1.0, 0.0, 0.0, 3.0, 1.0, 4.0, 2.0, 2.0, 4.0, 5.0, 1.0, 8.0, 3.0, 4.0, 13.0, 18.0, 27.0, 39.0, 64.0, 157.0, 121.0, 5057.0], "bins": [-0.0007708530174568295, -0.0007588084554299712, -0.000746763835195452, -0.0007347192731685936, -0.0007226747111417353, -0.000710630149114877, -0.0006985855288803577, -0.0006865409668534994, -0.0006744964048266411, -0.0006624518427997828, -0.0006504072225652635, -0.0006383626605384052, -0.0006263180985115469, -0.0006142735364846885, -0.0006022289162501693, -0.000590184354223311, -0.0005781397921964526, -0.0005660952301695943, -0.000554050609935075, -0.0005420060479082167, -0.0005299614858813584, -0.0005179169238545001, -0.0005058723036199808, -0.0004938277415931225, -0.00048178312135860324, -0.00046973853022791445, -0.0004576939682010561, -0.00044564937707036734, -0.000433604815043509, -0.0004215602239128202, -0.00040951563278213143, -0.0003974710707552731, -0.0003854265087284148, -0.000373381917597726, -0.00036133735557086766, -0.00034929276444017887, -0.00033724820241332054, -0.00032520361128263175, -0.00031315902015194297, -0.00030111445812508464, -0.0002890698960982263, -0.0002770253049675375, -0.0002649807429406792, -0.0002529361518099904, -0.00024089158978313208, -0.0002288469986524433, -0.00021680242207366973, -0.00020475784549489617, -0.0001927132543642074, -0.00018066867778543383, -0.00016862410120666027, -0.00015657951007597148, -0.00014453494804911315, -0.00013249035691842437, -0.00012044578033965081, -0.00010840120376087725, -9.63566271821037e-05, -8.431205060333014e-05, -7.226747402455658e-05, -6.0222890169825405e-05, -4.817831359105185e-05, -3.613373701227829e-05, -2.4089153157547116e-05, -1.2044576578773558e-05, 0.0]}, "gradients/embedding_user.weight": {"_type": "histogram", "values": [2.0, 0.0, 0.0, 0.0, 0.0, 0.0, 0.0, 0.0, 0.0, 0.0, 1.0, 0.0, 0.0, 0.0, 1.0, 2.0, 1.0, 5.0, 0.0, 1.0, 2.0, 3.0, 6.0, 5.0, 4.0, 10.0, 12.0, 24.0, 33.0, 76.0, 189.0, 721.0, 14812.0, 334474.0, 3515.0, 377.0, 164.0, 56.0, 38.0, 27.0, 19.0, 8.0, 8.0, 4.0, 5.0, 1.0, 3.0, 3.0, 0.0, 2.0, 2.0, 0.0, 0.0, 0.0, 2.0, 1.0, 1.0, 0.0, 1.0, 1.0, 0.0, 1.0, 0.0, 1.0], "bins": [-0.007218079641461372, -0.007001557853072882, -0.006785035599023104, -0.006568513810634613, -0.006351991556584835, -0.006135469768196344, -0.005918947979807854, -0.005702425725758076, -0.005485903471708298, -0.005269381683319807, -0.005052859429270029, -0.004836337640881538, -0.00461981538683176, -0.00440329359844327, -0.004186771810054779, -0.003970249556005001, -0.0037537277676165104, -0.003537205746397376, -0.0033206837251782417, -0.003104161936789751, -0.002887639682739973, -0.0026711178943514824, -0.002454595873132348, -0.0022380738519132137, -0.0020215518306940794, -0.001805029809474945, -0.0015885077882558107, -0.0013719858834519982, -0.001155463862232864, -0.0009389418410137296, -0.0007224199362099171, -0.0005058979149907827, -0.0002893758937716484, -7.285390165634453e-05, 0.00014366809045895934, 0.00036019005347043276, 0.0005767120746895671, 0.0007932340959087014, 0.001009756000712514, 0.0012262780219316483, 0.0014428000431507826, 0.001659322064369917, 0.0018758440855890512, 0.0020923661068081856, 0.0023088878951966763, 0.0025254101492464542, 0.002741931937634945, 0.0029584539588540792, 0.0031749759800732136, 0.003391498001292348, 0.0036080200225114822, 0.003824541810899973, 0.004041064064949751, 0.004257585853338242, 0.0044741081073880196, 0.00469062989577651, 0.004907151684165001, 0.005123673472553492, 0.00534019572660327, 0.00555671751499176, 0.005773239769041538, 0.005989761557430029, 0.00620628334581852, 0.006422805599868298, 0.0066393278539180756]}, "gradients/embedding_item.weight": {"_type": "histogram", "values": [1.0, 0.0, 0.0, 0.0, 0.0, 0.0, 0.0, 0.0, 0.0, 0.0, 1.0, 0.0, 0.0, 0.0, 1.0, 1.0, 3.0, 3.0, 3.0, 4.0, 12.0, 16.0, 18.0, 25.0, 27.0, 52.0, 72.0, 158.0, 270.0, 520.0, 1000.0, 2051.0, 5176.0, 16487.0, 117953.0, 64358.0, 12274.0, 4186.0, 1758.0, 897.0, 431.0, 260.0, 133.0, 67.0, 38.0, 24.0, 24.0, 13.0, 12.0, 7.0, 4.0, 4.0, 2.0, 1.0, 1.0, 1.0, 1.0, 0.0, 0.0, 0.0, 1.0, 0.0, 0.0, 1.0],