{"TOTAL_BEST_METRIC": 0.9470401368797015, "BEST_NDCG@10": 0.11837148393234911, "_timestamp": 1688282683.1091397, "_runtime": 341.06864166259766, "_step": 1119, "epoch": 1000, "Train_Metric_loss": -1.6160801887512206, "Train_Reg_loss": 0.0034111093264073133, "Recall@5": 0.11243882719356738, "Recall@10": 0.15589420119315528, "Recall@20": 0.2082719768356549, "NDCG@5": 0.08665978566285625, "NDCG@10": 0.10195003928065315, "NDCG@20": 0.11677741311619583, "Recall@5_total_best": 0.12683696072867726, "Recall@10_total_best": 0.1923514293976848, "Recall@20_total_best": 0.2742998096618266, "ndcg@5_total_best": 0.09474150327654168, "ndcg@10_total_best": 0.11779234201161896, "ndcg@20_total_best": 0.14101809180335215, "EPOCH_ndcg_best": 170, "Recall@5_ndcg_best": 0.1286118569425801, "Recall@10_ndcg_best": 0.1955866048964097, "Recall@20_ndcg_best": 0.267350726450788, "ndcg@5_ndcg_best": 0.09536361508161027, "ndcg@10_ndcg_best": 0.11837148393234911, "ndcg@20_ndcg_best": 0.13861883868732433, "gradients/mass_i.weight": {"_type": "histogram", "values": [1.0, 0.0, 0.0, 0.0, 0.0, 0.0, 0.0, 0.0, 0.0, 0.0, 3.0, 0.0, 4.0, 0.0, 2.0, 1.0, 2.0, 6.0, 3.0, 6.0, 5.0, 10.0, 13.0, 17.0, 22.0, 26.0, 28.0, 30.0, 37.0, 41.0, 11.0, 12.0, 3185.0, 10.0, 11.0, 17.0, 10.0, 11.0, 12.0, 10.0, 4.0, 3.0, 3.0, 2.0, 0.0, 1.0, 0.0, 0.0, 1.0, 0.0, 1.0, 0.0, 1.0, 1.0, 2.0, 1.0, 0.0, 0.0, 0.0, 1.0, 0.0, 0.0, 0.0, 1.0], "bins": [-0.0003664099203888327, -0.00035510334419086576, -0.00034379673888906837, -0.00033249016269110143, -0.0003211835864931345, -0.0003098769811913371, -0.0002985704049933702, -0.00028726382879540324, -0.00027595722349360585, -0.0002646506472956389, -0.00025334404199384153, -0.0002420374657958746, -0.00023073088959790766, -0.0002194242988480255, -0.00020811770809814334, -0.0001968111319001764, -0.00018550455570220947, -0.0001741979649523273, -0.00016289138875436038, -0.00015158479800447822, -0.00014027822180651128, -0.00012897163105662912, -0.00011766504030674696, -0.00010635845683282241, -9.505187335889786e-05, -8.374528988497332e-05, -7.243870641104877e-05, -6.113211566116661e-05, -4.982553218724206e-05, -3.8518948713317513e-05, -2.7212357963435352e-05, -1.5905774489510804e-05, -4.599220119416714e-06, 6.707365173497237e-06, 1.8013950466411188e-05, 2.9320537578314543e-05, 4.062712105223909e-05, 5.193370452616364e-05, 6.32402952760458e-05, 7.454687874997035e-05, 8.58534622238949e-05, 9.716004569781944e-05, 0.00010846662917174399, 0.00011977321992162615, 0.0001310798106715083, 0.00014238638686947525, 0.0001536929776193574, 0.00016499956836923957, 0.0001763061445672065, 0.00018761273531708866, 0.0001989193115150556, 0.00021022590226493776, 0.0002215324784629047, 0.00023283906921278685, 0.000244145659962669, 0.00025545223616063595, 0.00026675884146243334, 0.00027806541766040027, 0.00028937202296219766, 0.0003006785991601646, 0.00031198517535813153, 0.00032329175155609846, 0.00033459835685789585, 0.0003459049330558628, 0.0003572115092538297]}, "gradients/mass_u.weight": {"_type": "histogram", "values": [1.0, 0.0, 0.0, 0.0, 0.0, 0.0, 0.0, 0.0, 0.0, 0.0, 0.0, 0.0, 0.0, 0.0, 0.0, 0.0, 0.0, 0.0, 0.0, 0.0, 0.0, 0.0, 0.0, 1.0, 0.0, 0.0, 0.0, 0.0, 0.0, 1.0, 0.0, 1.0, 1.0, 0.0, 0.0, 1.0, 1.0, 3.0, 1.0, 1.0, 2.0, 1.0, 12.0, 18.0, 24.0, 29.0, 27.0, 39.0, 26.0, 12.0, 5316.0, 7.0, 5.0, 2.0, 3.0, 2.0, 1.0, 1.0, 0.0, 1.0, 0.0, 0.0, 0.0, 1.0], "bins": [-0.0011997607070952654, -0.0011760647175833583, -0.001152368844486773, -0.001128672854974866, -0.0011049769818782806, -0.0010812809923663735, -0.0010575851192697883, -0.0010338891297578812, -0.0010101932566612959, -0.0009864972671493888, -0.0009628013940528035, -0.0009391054627485573, -0.0009154095314443111, -0.000891713600140065, -0.0008680176688358188, -0.0008443216793239117, -0.0008206257480196655, -0.0007969298167154193, -0.0007732338854111731, -0.0007495379541069269, -0.0007258420228026807, -0.0007021460914984345, -0.0006784501019865274, -0.0006547542288899422, -0.0006310582393780351, -0.0006073623080737889, -0.0005836663767695427, -0.0005599704454652965, -0.0005362745141610503, -0.0005125785828568041, -0.0004888826515525579, -0.0004651866911444813, -0.00044149073073640466, -0.00041779479943215847, -0.0003940988681279123, -0.0003704029368236661, -0.0003467070055194199, -0.0003230110742151737, -0.0002993151138070971, -0.0002756191825028509, -0.0002519232511986047, -0.00022822731989435852, -0.00020453138859011233, -0.0001808354427339509, -0.00015713951142970473, -0.00013344358012545854, -0.00010974763426929712, -8.605170296505094e-05, -6.235577166080475e-05, -3.8659836718579754e-05, -1.496390177635476e-05, 8.732036803849041e-06, 3.242796810809523e-05, 5.6123899412341416e-05, 7.981984526850283e-05, 0.00010351577657274902, 0.0001272117078769952, 0.0001509076391812414, 0.00017460357048548758, 0.000198299516341649, 0.00022199544764589518, 0.0002456913935020566, 0.0002693873248063028, 0.000293083256110549, 0.00031677918741479516]}, "gradients/embedding_user.weight": {"_type": "histogram", "values": [1.0, 0.0, 0.0, 1.0, 1.0, 3.0, 3.0, 5.0, 15.0, 9.0, 18.0, 33.0, 55.0, 97.0, 229.0, 468.0, 1014.0, 2498.0, 6991.0, 46946.0, 233678.0, 50570.0, 7344.0, 2546.0, 1090.0, 499.0, 243.0, 114.0, 52.0, 37.0, 21.0, 11.0, 5.0, 7.0, 7.0, 1.0, 3.0, 2.0, 0.0, 2.0, 1.0, 0.0, 0.0, 0.0, 0.0, 1.0, 0.0, 0.0, 0.0, 2.0, 0.0, 0.0, 0.0, 0.0, 0.0, 0.0, 0.0, 0.0, 0.0, 0.0, 0.0, 0.0, 0.0, 1.0], "bins": [-0.0001778556761564687, -0.00016918880282901227, -0.00016052192950155586, -0.00015185505617409945, -0.00014318819739855826, -0.00013452132407110184, -0.00012585445074364543, -0.00011718757741618901, -0.00010852071136469021, -9.98538380372338e-05, -9.1186971985735e-05, -8.252009865827858e-05, -7.385322533082217e-05, -6.518635927932337e-05, -5.6519485951866955e-05, -4.785261626238935e-05, -3.918574657291174e-05, -3.051887688343413e-05, -2.185200537496712e-05, -1.318513386650011e-05, -4.518264177022502e-06, 4.148605512455106e-06, 1.281547883991152e-05, 2.1482348529389128e-05, 3.0149218218866736e-05, 3.881608790834434e-05, 4.748295759782195e-05, 5.6149830925278366e-05, 6.481670425273478e-05, 7.348357030423358e-05, 8.215044363169e-05, 9.08173096831888e-05, 9.948416845872998e-05, 0.0001081510417861864, 0.0001168179078376852, 0.000125484773889184, 0.0001341516472166404, 0.00014281852054409683, 0.00015148539387155324, 0.00016015226719900966, 0.00016881912597455084, 0.00017748599930200726, 0.00018615287262946367, 0.00019481973140500486, 0.00020348660473246127, 0.0002121534780599177, 0.0002208203513873741, 0.00022948722471483052, 0.00023815409804228693, 0.00024682097136974335, 0.00025548783014528453, 0.0002641547180246562, 0.00027282157680019736, 0.000281488464679569, 0.0002901553234551102, 0.0002988221822306514, 0.000307489070110023, 0.0003161559288855642, 0.00032482281676493585, 0.00033348967554047704, 0.0003421565634198487, 0.00035082342219538987, 0.00035949028097093105, 0.0003681571688503027, 0.0003768240276258439]}, "gradients/embedding_item.weight": {"_type": "histogram", "values": [1.0, 1.0, 1.0, 0.0, 0.0, 2.0, 0.0, 1.0, 0.0, 3.0, 1.0, 3.0, 5.0, 11.0, 11.0, 17.0, 21.0, 24.0, 48.0, 72.0, 74.0, 111.0, 146.0, 256.0, 365.0, 566.0, 1009.0, 1405.0, 2660.0, 4937.0, 9968.0, 21742.0, 50577.0, 76633.0, 29868.0, 13100.0, 6486.0, 3341.0, 1864.0, 1090.0, 659.0, 427.0, 256.0, 165.0, 114.0, 85.0, 70.0, 42.0, 35.0, 25.0, 11.0, 13.0, 9.0, 6.0, 3.0, 2.0, 2.0, 2.0, 1.0, 2.0, 1.0, 0.0, 1.0, 1.0],