{"TOTAL_BEST_METRIC": 0.11534227772616884, "BEST_NDCG@10": 0.01288084653557793, "_timestamp": 1688338880.2023778, "_runtime": 439.3055908679962, "_step": 1286, "epoch": 1000, "Train_Metric_loss": 0.13241697549819947, "Train_Reg_loss": 4.007166717201472e-06, "Pos_loss": 0.24632087349891663, "Neg_loss": -0.2633330821990967, "Recall@5": 0.013940566376384933, "Recall@10": 0.022895571107160125, "Recall@20": 0.03868537031885094, "NDCG@5": 0.009488154061339332, "NDCG@10": 0.012731019748092952, "NDCG@20": 0.0172224080550183, "Recall@5_total_best": 0.013940566376384933, "Recall@10_total_best": 0.023114014843138398, "Recall@20_total_best": 0.03850825377616585, "ndcg@5_total_best": 0.009609372565280263, "ndcg@10_total_best": 0.01288084653557793, "ndcg@20_total_best": 0.017289223629621455, "EPOCH_ndcg_best": 990, "Recall@5_ndcg_best": 0.013940566376384933, "Recall@10_ndcg_best": 0.023114014843138398, "Recall@20_ndcg_best": 0.03850825377616585, "ndcg@5_ndcg_best": 0.009609372565280263, "ndcg@10_ndcg_best": 0.01288084653557793, "ndcg@20_ndcg_best": 0.017289223629621455, "gradients/mass_i.weight": {"_type": "histogram", "values": [1.0, 0.0, 0.0, 1.0, 0.0, 0.0, 0.0, 0.0, 1.0, 0.0, 1.0, 0.0, 0.0, 2.0, 0.0, 1.0, 1.0, 3.0, 1.0, 2.0, 0.0, 1.0, 3.0, 2.0, 2.0, 2.0, 1.0, 6.0, 4.0, 3.0, 8.0, 11.0, 12.0, 12.0, 10.0, 4.0, 9.0, 24.0, 20.0, 23.0, 47.0, 45.0, 23.0, 124.0, 80.0, 41.0, 271.0, 167.0, 43.0, 2133.0, 64.0, 148.0, 97.0, 18.0, 48.0, 9.0, 19.0, 4.0, 7.0, 6.0, 2.0, 0.0, 0.0, 1.0], "bins": [-0.0032912311144173145, -0.003224317217245698, -0.0031574033200740814, -0.003090489422902465, -0.0030235755257308483, -0.0029566616285592318, -0.002889747731387615, -0.0028228338342159986, -0.002755919937044382, -0.0026890060398727655, -0.002622092142701149, -0.0025551782455295324, -0.002488264348357916, -0.0024213504511862993, -0.0023544365540146828, -0.002287522656843066, -0.0022206087596714497, -0.002153694862499833, -0.0020867809653282166, -0.0020198670681566, -0.0019529531709849834, -0.0018860392738133669, -0.0018191253766417503, -0.0017522114794701338, -0.0016852978151291609, -0.0016183839179575443, -0.0015514700207859278, -0.0014845561236143112, -0.0014176422264426947, -0.0013507283292710781, -0.0012838144320994616, -0.001216900534927845, -0.0011499867541715503, -0.0010830728569999337, -0.0010161589598283172, -0.0009492450626567006, -0.0008823311654850841, -0.0008154172683134675, -0.0007485034293495119, -0.0006815895321778953, -0.0006146756350062788, -0.0005477617378346622, -0.00048084784066304564, -0.00041393397259525955, -0.000347020075423643, -0.00028010617825202644, -0.00021319231018424034, -0.0001462784130126238, -7.936451584100723e-05, -1.2450625945348293e-05, 5.446326395031065e-05, 0.00012137714657001197, 0.00018829104374162853, 0.0002552049409132451, 0.0003221188089810312, 0.00038903270615264773, 0.0004559466033242643, 0.0005228605004958808, 0.0005897743976674974, 0.000656688236631453, 0.0007236021338030696, 0.0007905160309746861, 0.0008574299281463027, 0.0009243438253179193, 0.0009912577224895358]}, "gradients/mass_u.weight": {"_type": "histogram", "values": [1.0, 0.0, 0.0, 0.0, 0.0, 0.0, 0.0, 0.0, 0.0, 0.0, 0.0, 0.0, 0.0, 0.0, 0.0, 0.0, 0.0, 0.0, 0.0, 0.0, 0.0, 2.0, 0.0, 0.0, 0.0, 0.0, 1.0, 0.0, 0.0, 0.0, 0.0, 0.0, 0.0, 1.0, 1.0, 0.0, 0.0, 0.0, 0.0, 0.0, 0.0, 0.0, 1.0, 0.0, 2.0, 3.0, 1.0, 2.0, 2.0, 1.0, 2.0, 3.0, 5.0, 6.0, 4.0, 9.0, 9.0, 12.0, 22.0, 32.0, 71.0, 180.0, 117.0, 5051.0], "bins": [-0.009760151617228985, -0.00960764940828085, -0.009455147199332714, -0.009302644059062004, -0.009150141850113869, -0.008997639641165733, -0.008845137432217598, -0.008692635223269463, -0.008540133014321327, -0.008387630805373192, -0.008235128596425056, -0.008082626387476921, -0.007930123247206211, -0.007777621038258076, -0.00762511882930994, -0.007472616620361805, -0.007320113480091095, -0.00716761127114296, -0.007015108596533537, -0.0068626063875854015, -0.006710104178637266, -0.0065576015040278435, -0.006405099295079708, -0.006252597086131573, -0.006100094877183437, -0.005947592668235302, -0.005795089993625879, -0.005642587784677744, -0.0054900855757296085, -0.005337582901120186, -0.0051850806921720505, -0.005032578483223915, -0.004880075808614492, -0.004727573599666357, -0.004575070925056934, -0.004422568716108799, -0.004270066507160664, -0.004117563832551241, -0.0039650616236031055, -0.0038125591818243265, -0.0036600567400455475, -0.0035075542982667685, -0.003355052089318633, -0.003202549647539854, -0.003050047205761075, -0.002897544763982296, -0.0027450425550341606, -0.0025925401132553816, -0.002440037904307246, -0.002287535462528467, -0.002135033253580332, -0.0019825308118015528, -0.0018300283700227737, -0.0016775260446593165, -0.0015250237192958593, -0.0013725212775170803, -0.001220018952153623, -0.001067516626790166, -0.0009150141850113869, -0.0007625118596479297, -0.0006100094760768116, -0.00045750709250569344, -0.00030500476714223623, -0.0001525023253634572, 0.0]}, "gradients/embedding_user.weight": {"_type": "histogram", "values": [1.0, 0.0, 0.0, 0.0, 1.0, 0.0, 2.0, 0.0, 2.0, 2.0, 2.0, 2.0, 2.0, 4.0, 2.0, 2.0, 5.0, 6.0, 6.0, 4.0, 14.0, 11.0, 12.0, 19.0, 17.0, 25.0, 49.0, 69.0, 100.0, 180.0, 358.0, 708.0, 2559.0, 14495.0, 294371.0, 36041.0, 3612.0, 968.0, 393.0, 204.0, 133.0, 53.0, 33.0, 40.0, 30.0, 21.0, 5.0, 12.0, 9.0, 5.0, 5.0, 3.0, 1.0, 3.0, 6.0, 5.0, 2.0, 1.0, 3.0, 1.0, 3.0, 0.0, 1.0, 1.0], "bins": [-0.004898581188172102, -0.00475706672295928, -0.004615552723407745, -0.004474038258194923, -0.0043325237929821014, -0.004191009793430567, -0.004049495328217745, -0.00390798132866621, -0.003766466863453388, -0.00362495263107121, -0.0034834383986890316, -0.0033419239334762096, -0.0032004097010940313, -0.003058895468711853, -0.002917381003499031, -0.0027758667711168528, -0.0026343525387346745, -0.002492838306352496, -0.002351324073970318, -0.002209809608757496, -0.0020682953763753176, -0.0019267811439931393, -0.0017852667951956391, -0.001643752446398139, -0.0015022382140159607, -0.0013607239816337824, -0.0012192096328362823, -0.0010776952840387821, -0.0009361810516566038, -0.0007946667610667646, -0.0006531524704769254, -0.0005116381216794252, -0.0003701234236359596, -0.0002286091330461204, -8.709484245628119e-05, 5.4419448133558035e-05, 0.00019593373872339725, 0.0003374480293132365, 0.0004789623199030757, 0.0006204766687005758, 0.0007619909010827541, 0.0009035051916725934, 0.0010450194822624326, 0.0011865338310599327, 0.001328048063442111, 0.0014695622958242893, 0.0016110766446217895, 0.0017525909934192896, 0.001894105225801468, 0.002035619458183646, 0.0021771336905658245, 0.0023186481557786465, 0.0024601623881608248, 0.002601676620543003, 0.002743191085755825, 0.0028847053181380033, 0.0030262195505201817, 0.00316773378290236, 0.0033092480152845383, 0.0034507624804973602, 0.0035922767128795385, 0.003733790945261717, 0.003875305410474539, 0.0040168194100260735, 0.004158333875238895]}, "gradients/embedding_item.weight": {"_type": "histogram", "values": [1.0, 1.0, 1.0, 0.0, 1.0, 0.0, 1.0, 0.0, 1.0, 3.0, 2.0, 3.0, 3.0, 7.0, 11.0, 14.0, 13.0, 21.0, 30.0, 47.0, 65.0, 126.0, 177.0, 252.0, 418.0, 747.0, 1319.0, 2458.0, 5342.0, 13317.0, 36097.0, 92883.0, 44127.0, 17430.0, 6753.0, 3041.0, 1470.0, 784.0, 466.0, 300.0, 207.0, 112.0, 84.0, 64.0, 48.0, 35.0, 20.0, 12.0, 12.0, 10.0, 4.0, 6.0, 2.0, 0.0, 0.0, 0.0, 0.0, 1.0, 1.0, 0.0, 0.0, 1.0, 0.0, 1.0],