{"TOTAL_BEST_METRIC": 0.4777308465137752, "BEST_NDCG@10": 0.05727033027251294, "_timestamp": 1688572238.9747188, "_runtime": 1507.0611608028412, "_step": 1134, "epoch": 1000, "Train_Metric_loss": 3.119511195591518, "Train_Reg_loss": 0.00019907887534437968, "Pos_loss": 8.466236114501953, "Neg_loss": 0.12311392277479172, "Recall@5": 0.060644645231278216, "Recall@10": 0.09242663846552647, "Recall@20": 0.14003226604982905, "NDCG@5": 0.0443894780776101, "NDCG@10": 0.05557873940034026, "NDCG@20": 0.06910305458692123, "Recall@5_total_best": 0.06279421546352185, "Recall@10_total_best": 0.09725754338347402, "Recall@20_total_best": 0.14437126194227937, "ndcg@5_total_best": 0.045247113210123195, "ndcg@10_total_best": 0.05727033027251294, "ndcg@20_total_best": 0.07079038224186385, "EPOCH_ndcg_best": 300, "Recall@5_ndcg_best": 0.06279421546352185, "Recall@10_ndcg_best": 0.09725754338347402, "Recall@20_ndcg_best": 0.14437126194227937, "ndcg@5_ndcg_best": 0.045247113210123195, "ndcg@10_ndcg_best": 0.05727033027251294, "ndcg@20_ndcg_best": 0.07079038224186385, "gradients/mass_i.weight": {"_type": "histogram", "values": [1.0, 0.0, 0.0, 0.0, 1.0, 1.0, 1.0, 1.0, 2.0, 1.0, 1.0, 3.0, 2.0, 6.0, 14.0, 4.0, 9.0, 9.0, 6.0, 14.0, 11.0, 22.0, 33.0, 29.0, 50.0, 59.0, 65.0, 89.0, 127.0, 122.0, 141.0, 111.0, 134.0, 59.0, 6876.0, 46.0, 106.0, 146.0, 104.0, 71.0, 38.0, 55.0, 33.0, 26.0, 15.0, 10.0, 7.0, 6.0, 6.0, 7.0, 5.0, 7.0, 4.0, 7.0, 3.0, 0.0, 2.0, 0.0, 2.0, 0.0, 0.0, 0.0, 1.0, 2.0], "bins": [-0.00025423921761102974, -0.00024681660579517484, -0.00023939399397931993, -0.00023197139671538025, -0.00022454878489952534, -0.00021712617308367044, -0.00020970356126781553, -0.00020228096400387585, -0.00019485835218802094, -0.00018743574037216604, -0.00018001312855631113, -0.00017259053129237145, -0.00016516791947651654, -0.00015774530766066164, -0.00015032269584480673, -0.00014290009858086705, -0.00013547748676501215, -0.00012805487494915724, -0.00012063227040925995, -0.00011320965859340504, -0.00010578705405350775, -9.836444223765284e-05, -9.094183042179793e-05, -8.351922588190064e-05, -7.609660679008812e-05, -6.867399497423321e-05, -6.125139043433592e-05, -5.382877861848101e-05, -4.640617407858372e-05, -3.898356226272881e-05, -3.156095408485271e-05, -2.413834590697661e-05, -1.6715741367079318e-05, -9.293133189203218e-06, -1.870524101832416e-06, 5.552084985538386e-06, 1.2974693163414486e-05, 2.039730316027999e-05, 2.781991133815609e-05, 3.524251951603219e-05, 4.266512769390829e-05, 5.008773587178439e-05, 5.751034404966049e-05, 6.493295222753659e-05, 7.23555640433915e-05, 7.977816858328879e-05, 8.72007803991437e-05, 9.46233922149986e-05, 0.0001020459967548959, 0.0001094686085707508, 0.0001168912131106481, 0.000124313824926503, 0.0001317364367423579, 0.0001391590340062976, 0.0001465816458221525, 0.0001540042576380074, 0.0001614268694538623, 0.00016884948126971722, 0.00017627209308557212, 0.0001836946903495118, 0.0001911173021653667, 0.00019853991398122162, 0.00020596252579707652, 0.0002133851230610162, 0.0002208077348768711]}, "gradients/mass_u.weight": {"_type": "histogram", "values": [1.0, 0.0, 0.0, 0.0, 0.0, 0.0, 0.0, 0.0, 0.0, 0.0, 0.0, 0.0, 1.0, 0.0, 0.0, 1.0, 0.0, 0.0, 0.0, 1.0, 0.0, 1.0, 0.0, 0.0, 0.0, 0.0, 0.0, 0.0, 0.0, 1.0, 0.0, 0.0, 2.0, 1.0, 0.0, 1.0, 1.0, 1.0, 1.0, 0.0, 3.0, 2.0, 1.0, 2.0, 4.0, 4.0, 1.0, 2.0, 4.0, 5.0, 9.0, 13.0, 8.0, 13.0, 12.0, 14.0, 30.0, 38.0, 73.0, 98.0, 83.0, 46.0, 14.0, 14189.0], "bins": [-0.0005733880680054426, -0.0005644288612529635, -0.0005554697127081454, -0.0005465105059556663, -0.0005375512992031872, -0.0005285921506583691, -0.00051963294390589, -0.0005106737371534109, -0.0005017145304009318, -0.0004927553236484528, -0.00048379614599980414, -0.0004748369683511555, -0.00046587776159867644, -0.0004569185839500278, -0.0004479594063013792, -0.00043900019954890013, -0.00043004105100408196, -0.00042108187335543334, -0.00041212266660295427, -0.00040316348895430565, -0.00039420428220182657, -0.00038524510455317795, -0.00037628592690452933, -0.00036732672015205026, -0.00035836754250340164, -0.000349408364854753, -0.00034044915810227394, -0.0003314899804536253, -0.0003225308028049767, -0.0003135715960524976, -0.000304612418403849, -0.0002956532407552004, -0.0002866940340027213, -0.0002777348563540727, -0.0002687756496015936, -0.000259816471952945, -0.0002508572652004659, -0.0002418980875518173, -0.00023293890990316868, -0.00022397971770260483, -0.00021502052550204098, -0.00020606133330147713, -0.00019710214110091329, -0.00018814296345226467, -0.00017918377125170082, -0.00017022457905113697, -0.00016126540140248835, -0.0001523062092019245, -0.00014334701700136065, -0.0001343878248007968, -0.00012542863260023296, -0.00011646945495158434, -0.00010751026275102049, -9.855107055045664e-05, -8.959188562585041e-05, -8.063270070124418e-05, -7.167350850068033e-05, -6.271431630011648e-05, -5.3755131375510246e-05, -4.4795942812925205e-05, -3.5836754250340164e-05, -2.6877565687755123e-05, -1.7918377125170082e-05, -8.959192200563848e-06, 0.0]}, "gradients/embedding_user.weight": {"_type": "histogram", "values": [1.0, 0.0, 0.0, 0.0, 0.0, 0.0, 0.0, 1.0, 0.0, 1.0, 0.0, 0.0, 2.0, 5.0, 2.0, 3.0, 5.0, 0.0, 4.0, 8.0, 13.0, 26.0, 26.0, 56.0, 77.0, 153.0, 251.0, 524.0, 1179.0, 2862.0, 10268.0, 129742.0, 605012.0, 171220.0, 12391.0, 3182.0, 1308.0, 591.0, 258.0, 174.0, 89.0, 48.0, 39.0, 16.0, 13.0, 7.0, 6.0, 5.0, 2.0, 4.0, 0.0, 3.0, 2.0, 0.0, 1.0, 0.0, 1.0, 1.0, 0.0, 0.0, 0.0, 1.0, 0.0, 1.0], "bins": [-0.0018824141006916761, -0.001824591658078134, -0.0017667690990492702, -0.001708946656435728, -0.0016511240974068642, -0.001593301654793322, -0.00153547921217978, -0.001477656653150916, -0.001419834210537374, -0.001362011767923832, -0.001304189208894968, -0.001246366766281426, -0.0011885443236678839, -0.00113072176463902, -0.0010728993220254779, -0.0010150768794119358, -0.0009572543203830719, -0.0008994318195618689, -0.0008416093187406659, -0.0007837868761271238, -0.0007259643753059208, -0.0006681418744847178, -0.0006103194318711758, -0.0005524969310499728, -0.0004946744302287698, -0.0004368519294075668, -0.00037902945769019425, -0.0003212069859728217, -0.0002633844851516187, -0.00020556198433041573, -0.0001477395126130432, -8.991704089567065e-05, -3.209454007446766e-05, 2.5727946194820106e-05, 8.355043246410787e-05, 0.00014137291873339564, 0.0001991954050026834, 0.0002570179058238864, 0.00031484037754125893, 0.00037266284925863147, 0.00043048535007983446, 0.0004883078509010375, 0.0005461303517222404, 0.0006039527943357825, 0.0006617752951569855, 0.0007195977959781885, 0.0007774202385917306, 0.0008352427394129336, 0.0008930652402341366, 0.0009508877410553396, 0.0010087102418765426, 0.0010665326844900846, 0.0011243552435189486, 0.0011821776861324906, 0.0012400001287460327, 0.0012978226877748966, 0.0013556451303884387, 0.0014134675730019808, 0.0014712901320308447, 0.0015291125746443868, 0.0015869350172579288, 0.0016447575762867928, 0.0017025800189003348, 0.001760402461513877, 0.0018182250205427408]}, "gradients/embedding_item.weight": {"_type": "histogram", "values": [2.0, 0.0, 0.0, 0.0, 1.0, 3.0, 2.0, 5.0, 4.0, 4.0, 8.0, 9.0, 11.0, 16.0, 26.0, 40.0, 52.0, 84.0, 118.0, 160.0, 268.0, 355.0, 592.0, 871.0, 1422.0, 2453.0, 4492.0, 8450.0, 16096.0, 31218.0, 56553.0, 289966.0, 66523.0, 36525.0, 18774.0, 9980.0, 5249.0, 2808.0, 1650.0, 984.0, 630.0, 387.0, 271.0, 187.0, 109.0, 92.0, 47.0, 39.0, 33.0, 14.0, 18.0, 8.0, 5.0, 5.0, 5.0, 4.0, 1.0, 0.0, 1.0, 0.0, 1.0, 0.0, 0.0, 1.0],