{"TOTAL_BEST_METRIC": 0.9635872631964639, "BEST_NDCG@10": 0.12104908679771981, "_timestamp": 1688323103.3047278, "_runtime": 370.9643087387085, "_step": 1179, "epoch": 1000, "Train_Metric_loss": -0.022425070777535437, "Train_Reg_loss": 0.00013913462462369352, "Pos_loss": -0.056447792798280716, "Neg_loss": 0.030343571677803993, "Recall@5": 0.13174834437768607, "Recall@10": 0.1963160829554364, "Recall@20": 0.27064271614372293, "NDCG@5": 0.09860961707605821, "NDCG@10": 0.12095267402385398, "NDCG@20": 0.142287433606952, "Recall@5_total_best": 0.1309092771199153, "Recall@10_total_best": 0.19607175608559918, "Recall@20_total_best": 0.2738312356181085, "ndcg@5_total_best": 0.09869723844718893, "ndcg@10_total_best": 0.12087981437375614, "ndcg@20_total_best": 0.14319794155189583, "EPOCH_ndcg_best": 770, "Recall@5_ndcg_best": 0.13069190681752904, "Recall@10_ndcg_best": 0.19615785440495995, "Recall@20_ndcg_best": 0.2711115127070997, "ndcg@5_ndcg_best": 0.09862656065354865, "ndcg@10_ndcg_best": 0.12104908679771981, "ndcg@20_ndcg_best": 0.1426170255684649, "gradients/mass_i.weight": {"_type": "histogram", "values": [1.0, 1.0, 0.0, 0.0, 0.0, 0.0, 1.0, 1.0, 0.0, 1.0, 1.0, 0.0, 3.0, 1.0, 2.0, 5.0, 5.0, 6.0, 2.0, 4.0, 6.0, 5.0, 8.0, 12.0, 7.0, 15.0, 20.0, 16.0, 10.0, 33.0, 47.0, 13.0, 0.0, 172.0, 4.0, 0.0, 2941.0, 0.0, 0.0, 43.0, 61.0, 0.0, 19.0, 44.0, 0.0, 10.0, 7.0, 9.0, 2.0, 5.0, 8.0, 4.0, 2.0, 6.0, 0.0, 1.0, 1.0, 1.0, 0.0, 0.0, 0.0, 0.0, 0.0, 2.0], "bins": [-0.0013790195807814598, -0.0013414431596174836, -0.0013038667384535074, -0.0012662903172895312, -0.001228713896125555, -0.0011911374749615788, -0.0011535610537976027, -0.0011159847490489483, -0.0010784082114696503, -0.001040831790305674, -0.0010032553691416979, -0.0009656789479777217, -0.0009281025268137455, -0.0008905261056497693, -0.000852949742693454, -0.0008153733215294778, -0.0007777969585731626, -0.0007402205374091864, -0.0007026441162452102, -0.000665067695081234, -0.0006274912739172578, -0.0005899148527532816, -0.0005523384897969663, -0.0005147620686329901, -0.00047718564746901393, -0.00043960922630503774, -0.00040203280514106154, -0.0003644564130809158, -0.0003268799919169396, -0.0002893035707529634, -0.0002517271786928177, -0.0002141507575288415, -0.00017657445278018713, -0.00013899803161621094, -0.00010142162500414997, -6.38452111161314e-05, -2.6268797228112817e-05, 1.1307623935863376e-05, 4.888403054792434e-05, 8.64604371599853e-05, 0.0001240368583239615, 0.0001616132794879377, 0.00019918968609999865, 0.00023676609271205962, 0.0002743425138760358, 0.000311918935040012, 0.00034949532710015774, 0.00038707174826413393, 0.0004246481694281101, 0.0004622245905920863, 0.0004998010117560625, 0.0005373774329200387, 0.0005749538540840149, 0.0006125302752479911, 0.0006501066382043064, 0.0006876830593682826, 0.0007252594805322587, 0.0007628359016962349, 0.0008004123228602111, 0.0008379887440241873, 0.0008755651069805026, 0.0009131415281444788, 0.000950717949308455, 0.0009882943704724312, 0.0010258707916364074]}, "gradients/mass_u.weight": {"_type": "histogram", "values": [0.0, 0.0, 0.0, 0.0, 0.0, 0.0, 0.0, 0.0, 0.0, 0.0, 0.0, 0.0, 0.0, 0.0, 0.0, 0.0, 0.0, 0.0, 0.0, 0.0, 0.0, 0.0, 0.0, 0.0, 0.0, 0.0, 0.0, 0.0, 0.0, 0.0, 0.0, 0.0, 5541.0, 0.0, 0.0, 0.0, 0.0, 0.0, 0.0, 0.0, 0.0, 0.0, 0.0, 0.0, 0.0, 0.0, 0.0, 0.0, 0.0, 0.0, 0.0, 0.0, 0.0, 0.0, 0.0, 0.0, 0.0, 0.0, 0.0, 0.0, 0.0, 0.0, 0.0, 0.0], "bins": [0.0, 0.0, 0.0, 0.0, 0.0, 0.0, 0.0, 0.0, 0.0, 0.0, 0.0, 0.0, 0.0, 0.0, 0.0, 0.0, 0.0, 0.0, 0.0, 0.0, 0.0, 0.0, 0.0, 0.0, 0.0, 0.0, 0.0, 0.0, 0.0, 0.0, 0.0, 0.0, 0.0, 0.0, 0.0, 0.0, 0.0, 0.0, 0.0, 0.0, 0.0, 0.0, 0.0, 0.0, 0.0, 0.0, 0.0, 0.0, 0.0, 0.0, 0.0, 0.0, 0.0, 0.0, 0.0, 0.0, 0.0, 0.0, 0.0, 0.0, 0.0, 0.0, 0.0, 0.0, 0.0]}, "gradients/embedding_user.weight": {"_type": "histogram", "values": [1.0, 1.0, 0.0, 1.0, 0.0, 0.0, 0.0, 0.0, 0.0, 1.0, 0.0, 2.0, 0.0, 1.0, 1.0, 1.0, 1.0, 2.0, 1.0, 8.0, 29.0, 51.0, 166.0, 418.0, 1164.0, 3304.0, 8359.0, 98346.0, 220181.0, 15252.0, 4606.0, 1708.0, 662.0, 214.0, 81.0, 31.0, 14.0, 3.0, 3.0, 1.0, 0.0, 2.0, 1.0, 0.0, 1.0, 1.0, 0.0, 1.0, 0.0, 2.0, 0.0, 0.0, 1.0, 0.0, 0.0, 0.0, 0.0, 0.0, 0.0, 0.0, 0.0, 0.0, 0.0, 1.0], "bins": [-7.05787215338205e-06, -6.807551926613087e-06, -6.557231699844124e-06, -6.306911473075161e-06, -6.056591246306198e-06, -5.806271019537235e-06, -5.555950792768272e-06, -5.305630565999309e-06, -5.0553103392303456e-06, -4.8049901124613825e-06, -4.5546698856924195e-06, -4.3043496589234564e-06, -4.054029432154493e-06, -3.8037092053855304e-06, -3.5533889786165673e-06, -3.3030687518476043e-06, -3.0527485250786413e-06, -2.8024282983096782e-06, -2.552108071540715e-06, -2.301787844771752e-06, -2.051467618002789e-06, -1.801147391233826e-06, -1.550827164464863e-06, -1.3005069376959e-06, -1.050186710926937e-06, -7.998664841579739e-07, -5.495462573890109e-07, -2.992260306200478e-07, -4.8905803851084784e-08, 2.0141442291787826e-07, 4.517346496868413e-07, 7.020548764558043e-07, 9.523746484774165e-07, 1.2026948752463795e-06, 1.4530151020153426e-06, 1.7033353287843056e-06, 1.9536555555532686e-06, 2.2039757823222317e-06, 2.4542960090911947e-06, 2.7046162358601578e-06, 2.954936462629121e-06, 3.205256689398084e-06, 3.455576916167047e-06, 3.70589714293601e-06, 3.956217369704973e-06, 4.206537596473936e-06, 4.456857823242899e-06, 4.707178050011862e-06, 4.957498276780825e-06, 5.207818503549788e-06, 5.458138730318751e-06, 5.708458957087714e-06, 5.958779183856677e-06, 6.20909941062564e-06, 6.459419637394603e-06, 6.709739864163566e-06, 6.960060090932529e-06, 7.2103803177014925e-06, 7.4607005444704555e-06, 7.711020771239419e-06, 7.961340998008382e-06, 8.211661224777345e-06, 8.461981451546308e-06, 8.71230167831527e-06, 8.962621905084234e-06]}, "gradients/embedding_item.weight": {"_type": "histogram", "values": [1.0, 0.0, 0.0, 3.0, 1.0, 4.0, 3.0, 2.0, 4.0, 11.0, 9.0, 23.0, 27.0, 38.0, 29.0, 62.0, 74.0, 103.0, 155.0, 205.0, 338.0, 480.0, 750.0, 1090.0, 1749.0, 2773.0, 4600.0, 7861.0, 12859.0, 20677.0, 29240.0, 55033.0, 31350.0, 21992.0, 14171.0, 8792.0, 5155.0, 3132.0, 1924.0, 1163.0, 780.0, 554.0, 323.0, 256.0, 168.0, 107.0, 89.0, 58.0, 42.0, 30.0, 13.0, 15.0, 15.0, 3.0, 4.0, 5.0, 3.0, 2.0, 1.0, 0.0, 0.0, 0.0, 0.0, 1.0], "bins": [-2.9770221772196237e-06, -2.8827987534896238e-06, -2.7885751023859484e-06, -2.6943516786559485e-06, -2.6001282549259486e-06, -2.5059048311959486e-06, -2.4116811800922733e-06, -2.3174577563622734e-06, -2.2232343326322734e-06, -2.1290109089022735e-06, -2.034787257798598e-06, -1.9405638340685982e-06, -1.8463404103385983e-06, -1.7521168729217607e-06, -1.657893335504923e-06, -1.563669911774923e-06, -1.4694462606712477e-06, -1.37522272325441e-06, -1.2809992995244102e-06, -1.1867757621075725e-06, -1.0925523383775726e-06, -9.98328800960735e-07, -9.041052635438973e-07, -8.098817829704785e-07, -7.156583023970597e-07, -6.21434821823641e-07, -5.272113412502222e-07, -4.3298780383338453e-07, -3.3876432325996575e-07, -2.4454084268654697e-07, -1.5031730526970932e-07, -5.609382469629054e-08, 3.8129883250803687e-08, 1.3235337803507718e-07, 2.2657687281935068e-07, 3.208003818144789e-07, 4.150238623878977e-07, 5.092473429613165e-07, 6.034708803781541e-07, 6.976943609515729e-07, 7.919178415249917e-07, 8.861413220984105e-07, 9.803648026718292e-07, 1.0745883400886669e-06, 1.1688118775055045e-06, 1.2630353012355044e-06, 1.357258838652342e-06, 1.4514823760691797e-06, 1.5457057997991797e-06, 1.6399293372160173e-06, 1.7341527609460172e-06, 1.8283762983628549e-06, 1.922599722092855e-06, 2.0168231458228547e-06, 2.11104679692653e-06, 2.20527022065653e-06, 2.29949364438653e-06, 2.39371706811653e-06, 2.487940719220205e-06, 2.582164142950205e-06, 2.676387566680205e-06, 2.770610990410205e-06, 2.8648346415138803e-06, 2.9590580652438803e-06, 3.0532817163475556e-06]}, "_wandb": {"runtime": 370}}