{"TOTAL_BEST_METRIC": 0.5020280858844115, "BEST_NDCG@10": 0.061650687426796615, "_timestamp": 1688608127.4756083, "_runtime": 1697.673323392868, "_step": 1141, "epoch": 1000, "Train_Metric_loss": 5.775469779968262, "Train_Reg_loss": 0.00010396116340416484, "Pos_loss": 8.471050262451172, "Neg_loss": 0.10784798115491867, "Recall@5": 0.06610533116217385, "Recall@10": 0.10088350564713426, "Recall@20": 0.14909209491422984, "NDCG@5": 0.04874416120390111, "NDCG@10": 0.06094487393258153, "NDCG@20": 0.07467121516948175, "Recall@5_total_best": 0.0660098020266644, "Recall@10_total_best": 0.1012623427818425, "Recall@20_total_best": 0.1503123460493247, "ndcg@5_total_best": 0.048552168805860156, "ndcg@10_total_best": 0.060963870896638794, "ndcg@20_total_best": 0.07492755532408095, "EPOCH_ndcg_best": 480, "Recall@5_ndcg_best": 0.06739587568046275, "Recall@10_ndcg_best": 0.10144425228413706, "Recall@20_ndcg_best": 0.14484734776260114, "ndcg@5_ndcg_best": 0.049731706519686836, "ndcg@10_ndcg_best": 0.061650687426796615, "ndcg@20_ndcg_best": 0.07409236408299913, "gradients/mass_i.weight": {"_type": "histogram", "values": [1.0, 0.0, 0.0, 0.0, 0.0, 0.0, 0.0, 0.0, 1.0, 0.0, 0.0, 0.0, 0.0, 0.0, 0.0, 0.0, 1.0, 2.0, 0.0, 3.0, 2.0, 1.0, 5.0, 4.0, 1.0, 4.0, 7.0, 2.0, 3.0, 8.0, 23.0, 29.0, 41.0, 57.0, 56.0, 88.0, 109.0, 64.0, 60.0, 7747.0, 12.0, 20.0, 67.0, 93.0, 61.0, 33.0, 29.0, 16.0, 12.0, 7.0, 7.0, 8.0, 9.0, 2.0, 3.0, 2.0, 4.0, 3.0, 1.0, 3.0, 1.0, 0.0, 0.0, 1.0], "bins": [-0.0001883003715192899, -0.00018358329543843865, -0.0001788662193575874, -0.00017414914327673614, -0.00016943206719588488, -0.00016471499111503363, -0.00015999791503418237, -0.0001552808389533311, -0.00015056377742439508, -0.00014584670134354383, -0.00014112962526269257, -0.00013641254918184131, -0.00013169547310099006, -0.0001269783970201388, -0.00012226132093928754, -0.0001175442521343939, -0.00011282716877758503, -0.00010811009269673377, -0.00010339301661588252, -9.867594053503126e-05, -9.395886445418e-05, -8.924178837332875e-05, -8.45247195684351e-05, -7.980764348758385e-05, -7.509056740673259e-05, -7.037349132588133e-05, -6.565641524503008e-05, -6.0939342802157626e-05, -5.622226672130637e-05, -5.150519064045511e-05, -4.678811819758266e-05, -4.2071042116731405e-05, -3.7353958759922534e-05, -3.263688267907128e-05, -2.7919808417209424e-05, -2.320273415534757e-05, -1.8485658074496314e-05, -1.3768581993645057e-05, -9.051507731783204e-06, -4.3344334699213505e-06, 3.8264261092990637e-07, 5.0997177822864614e-06, 9.816792953643017e-06, 1.4533868124999572e-05, 1.9250943296356127e-05, 2.3968019377207384e-05, 2.8685093639069237e-05, 3.340216790093109e-05, 3.811924398178235e-05, 4.2836320062633604e-05, 4.755339614348486e-05, 5.227046858635731e-05, 5.698754466720857e-05, 6.170461711008102e-05, 6.642169319093227e-05, 7.113876927178353e-05, 7.585584535263479e-05, 8.057292143348604e-05, 8.52899975143373e-05, 9.000707359518856e-05, 9.472414967603981e-05, 9.944122575689107e-05, 0.00010415829456178471, 0.00010887537064263597, 0.00011359244672348723]}, "gradients/mass_u.weight": {"_type": "histogram", "values": [1.0, 0.0, 0.0, 0.0, 0.0, 0.0, 0.0, 0.0, 1.0, 0.0, 0.0, 0.0, 0.0, 0.0, 0.0, 0.0, 0.0, 0.0, 0.0, 0.0, 1.0, 0.0, 0.0, 0.0, 0.0, 1.0, 0.0, 0.0, 0.0, 0.0, 0.0, 1.0, 0.0, 0.0, 1.0, 1.0, 1.0, 0.0, 1.0, 1.0, 0.0, 0.0, 1.0, 4.0, 2.0, 3.0, 3.0, 2.0, 4.0, 3.0, 5.0, 10.0, 4.0, 9.0, 16.0, 18.0, 24.0, 23.0, 49.0, 85.0, 108.0, 66.0, 38.0, 14194.0], "bins": [-0.00014954910147935152, -0.00014721239858772606, -0.0001448756956961006, -0.00014253899280447513, -0.00014020228991284966, -0.00013786557246930897, -0.0001355288695776835, -0.00013319216668605804, -0.00013085546379443258, -0.00012851876090280712, -0.00012618205801118165, -0.0001238453551195562, -0.00012150864495197311, -0.00011917194206034765, -0.00011683523189276457, -0.0001144985290011391, -0.00011216182610951364, -0.00010982512321788818, -0.00010748842032626271, -0.00010515171015867963, -0.00010281500726705417, -0.0001004783043754287, -9.814159420784563e-05, -9.580489131622016e-05, -9.34681884245947e-05, -9.113148553296924e-05, -8.879478264134377e-05, -8.64580724737607e-05, -8.412136958213523e-05, -8.178466669050977e-05, -7.944795652292669e-05, -7.711125363130122e-05, -7.477455073967576e-05, -7.24378478480503e-05, -7.010114495642483e-05, -6.776443478884175e-05, -6.542773189721629e-05, -6.309102900559083e-05, -6.0754322475986555e-05, -5.8417615946382284e-05, -5.608091305475682e-05, -5.3744210163131356e-05, -5.1407503633527085e-05, -4.9070797103922814e-05, -4.673409421229735e-05, -4.4397391320671886e-05, -4.2060684791067615e-05, -3.9723978261463344e-05, -3.738727536983788e-05, -3.5050572478212416e-05, -3.2713865948608145e-05, -3.0377161237993278e-05, -2.804045652737841e-05, -2.5703751816763543e-05, -2.3367047106148675e-05, -2.1030342395533808e-05, -1.869363768491894e-05, -1.6356932974304073e-05, -1.4020228263689205e-05, -1.1683523553074338e-05, -9.34681884245947e-06, -7.0101141318446025e-06, -4.673409421229735e-06, -2.3367047106148675e-06, 0.0]}, "gradients/embedding_user.weight": {"_type": "histogram", "values": [1.0, 0.0, 0.0, 0.0, 0.0, 0.0, 0.0, 0.0, 0.0, 2.0, 0.0, 0.0, 3.0, 1.0, 6.0, 4.0, 3.0, 7.0, 9.0, 15.0, 15.0, 29.0, 42.0, 48.0, 67.0, 84.0, 131.0, 168.0, 298.0, 439.0, 818.0, 1888.0, 6739.0, 136781.0, 688431.0, 94431.0, 5366.0, 1719.0, 744.0, 449.0, 253.0, 175.0, 106.0, 88.0, 70.0, 44.0, 35.0, 27.0, 12.0, 11.0, 6.0, 3.0, 4.0, 2.0, 3.0, 2.0, 3.0, 0.0, 1.0, 0.0, 0.0, 0.0, 0.0, 1.0], "bins": [-0.0006981693441048265, -0.0006778981769457459, -0.0006576270097866654, -0.000637355784419924, -0.0006170846172608435, -0.000596813450101763, -0.0005765422247350216, -0.0005562710575759411, -0.0005359998904168606, -0.0005157287232577801, -0.0004954575560986996, -0.00047518633073195815, -0.00045491516357287765, -0.00043464399641379714, -0.0004143728001508862, -0.0003941016038879752, -0.0003738304367288947, -0.0003535592695698142, -0.00033328807330690324, -0.0003130168770439923, -0.0002927457098849118, -0.00027247454272583127, -0.0002522033464629203, -0.00023193216475192457, -0.00021166098304092884, -0.0001913898013299331, -0.00017111861961893737, -0.00015084743790794164, -0.0001305762561969459, -0.00011030507448595017, -9.003389277495444e-05, -6.97627110639587e-05, -4.949147114530206e-05, -2.9220289434306324e-05, -8.94910772331059e-06, 1.1322073987685144e-05, 3.159325569868088e-05, 5.186443740967661e-05, 7.213561912067235e-05, 9.240680083166808e-05, 0.00011267798254266381, 0.00013294916425365955, 0.00015322034596465528, 0.00017349152767565101, 0.00019376270938664675, 0.00021403389109764248, 0.00023430507280863822, 0.0002545762690715492, 0.0002748474362306297, 0.0002951186033897102, 0.00031538979965262115, 0.0003356609959155321, 0.0003559321630746126, 0.0003762033302336931, 0.0003964745264966041, 0.00041674572275951505, 0.00043701688991859555, 0.00045728805707767606, 0.000477559253340587, 0.000497830449603498, 0.0005181016167625785, 0.000538372783921659, 0.0005586439510807395, 0.0005789151764474809, 0.0005991863436065614]}, "gradients/embedding_item.weight": {"_type": "histogram", "values": [1.0, 0.0, 2.0, 2.0, 1.0, 0.0, 0.0, 3.0, 5.0, 1.0, 3.0, 5.0, 9.0, 12.0, 21.0, 27.0, 40.0, 47.0, 115.0, 122.0, 217.0, 349.0, 564.0, 945.0, 1705.0, 3621.0, 8012.0, 20712.0, 57714.0, 357381.0, 66446.0, 22785.0, 8479.0, 3795.0, 1868.0, 1048.0, 578.0, 359.0, 219.0, 137.0, 78.0, 73.0, 33.0, 27.0, 16.0, 17.0, 8.0, 11.0, 7.0, 4.0, 2.0, 2.0, 1.0, 0.0, 0.0, 1.0, 0.0, 0.0, 1.0, 0.0, 0.0, 0.0, 0.0, 1.0],