{"TOTAL_BEST_METRIC": 0.5080963963986409, "BEST_NDCG@10": 0.06204107651632221, "_timestamp": 1688606411.3694544, "_runtime": 1698.9473524093628, "_step": 1141, "epoch": 1000, "Train_Metric_loss": 3.8718837329319546, "Train_Reg_loss": 0.00012479090375044116, "Pos_loss": 8.46591854095459, "Neg_loss": 0.10218057781457901, "Recall@5": 0.06640197494256965, "Recall@10": 0.10286841554115336, "Recall@20": 0.14900546087945482, "NDCG@5": 0.04841340116655388, "NDCG@10": 0.061270702733884845, "NDCG@20": 0.07445172745243413, "Recall@5_total_best": 0.06796170306565114, "Recall@10_total_best": 0.10415807371211742, "Recall@20_total_best": 0.1497949695094446, "ndcg@5_total_best": 0.04925317354571193, "ndcg@10_total_best": 0.06198386366839214, "ndcg@20_total_best": 0.07494461289732374, "EPOCH_ndcg_best": 440, "Recall@5_ndcg_best": 0.0661697409256803, "Recall@10_ndcg_best": 0.10429167819255201, "Recall@20_ndcg_best": 0.14853297100056134, "ndcg@5_ndcg_best": 0.04862263995405317, "ndcg@10_ndcg_best": 0.06204107651632221, "ndcg@20_ndcg_best": 0.07478377437392184, "gradients/mass_i.weight": {"_type": "histogram", "values": [2.0, 2.0, 0.0, 1.0, 0.0, 0.0, 1.0, 0.0, 1.0, 0.0, 1.0, 3.0, 0.0, 2.0, 7.0, 3.0, 5.0, 1.0, 5.0, 2.0, 3.0, 8.0, 15.0, 15.0, 16.0, 31.0, 28.0, 53.0, 51.0, 78.0, 81.0, 97.0, 52.0, 89.0, 7664.0, 14.0, 19.0, 69.0, 76.0, 55.0, 45.0, 28.0, 20.0, 17.0, 14.0, 6.0, 7.0, 3.0, 2.0, 5.0, 7.0, 3.0, 1.0, 2.0, 0.0, 0.0, 0.0, 0.0, 1.0, 0.0, 1.0, 0.0, 0.0, 1.0], "bins": [-0.0002562695590313524, -0.000248866097535938, -0.00024146265059243888, -0.0002340591890970245, -0.00022665572760161012, -0.00021925228065811098, -0.0002118488191626966, -0.00020444535766728222, -0.00019704189617186785, -0.00018963843467645347, -0.00018223498773295432, -0.00017483152623753995, -0.00016742806474212557, -0.00016002461779862642, -0.00015262115630321205, -0.00014521769480779767, -0.00013781424786429852, -0.00013041078636888415, -0.000123007339425385, -0.00011560387792997062, -0.00010820041643455625, -0.00010079696221509948, -9.339350799564272e-05, -8.599004650022835e-05, -7.858659228077158e-05, -7.118313806131482e-05, -6.377967656590044e-05, -5.637622234644368e-05, -4.8972764489008114e-05, -4.1569306631572545e-05, -3.416585241211578e-05, -2.6762394554680213e-05, -1.9358922145329416e-05, -1.1955465197388548e-05, -4.552008249447681e-06, 2.8514477889984846e-06, 1.0254905646434054e-05, 1.7658363503869623e-05, 2.5061817723326385e-05, 3.2465275580761954e-05, 3.986873343819752e-05, 4.727219129563309e-05, 5.467564915306866e-05, 6.207910337252542e-05, 6.948255759198219e-05, 7.688601908739656e-05, 8.428947330685332e-05, 9.169292752631009e-05, 9.909638902172446e-05, 0.00010649984324118122, 0.0001139033047365956, 0.00012130675895605236, 0.00012871022045146674, 0.0001361136673949659, 0.00014351712889038026, 0.00015092059038579464, 0.00015832405188120902, 0.0001657275133766234, 0.00017313096032012254, 0.00018053442181553692, 0.0001879378833109513, 0.00019534133025445044, 0.00020274479174986482, 0.0002101482532452792, 0.00021755170018877834]}, "gradients/mass_u.weight": {"_type": "histogram", "values": [1.0, 0.0, 0.0, 0.0, 0.0, 0.0, 0.0, 0.0, 0.0, 0.0, 0.0, 0.0, 0.0, 0.0, 0.0, 0.0, 0.0, 1.0, 0.0, 0.0, 0.0, 0.0, 0.0, 0.0, 0.0, 1.0, 0.0, 0.0, 0.0, 0.0, 1.0, 1.0, 0.0, 1.0, 1.0, 0.0, 0.0, 0.0, 1.0, 2.0, 2.0, 3.0, 1.0, 3.0, 3.0, 2.0, 0.0, 2.0, 5.0, 1.0, 4.0, 6.0, 6.0, 13.0, 9.0, 16.0, 24.0, 51.0, 51.0, 77.0, 85.0, 71.0, 34.0, 14202.0], "bins": [-0.00025792617816478014, -0.00025389608344994485, -0.00024986598873510957, -0.0002458358940202743, -0.000241805799305439, -0.00023777569003868848, -0.0002337455953238532, -0.0002297155006090179, -0.00022568540589418262, -0.00022165531117934734, -0.00021762521646451205, -0.00021359512174967676, -0.00020956501248292625, -0.00020553491776809096, -0.00020150482305325568, -0.0001974747283384204, -0.0001934446336235851, -0.00018941453890874982, -0.00018538444419391453, -0.00018135434947907925, -0.00017732425476424396, -0.00017329414549749345, -0.00016926405078265816, -0.00016523395606782287, -0.0001612038613529876, -0.0001571737666381523, -0.00015314367192331702, -0.00014911357720848173, -0.00014508346794173121, -0.00014105337322689593, -0.00013702327851206064, -0.00013299318379722536, -0.00012896308908239007, -0.00012493299436755478, -0.0001209028996527195, -0.0001168727976619266, -0.00011284270294709131, -0.00010881260823225603, -0.00010478250624146312, -0.00010075241152662784, -9.672231681179255e-05, -9.269222209695727e-05, -8.866212738212198e-05, -8.463202539132908e-05, -8.06019306764938e-05, -7.657183596165851e-05, -7.254173397086561e-05, -6.851163925603032e-05, -6.448154454119503e-05, -6.045144982635975e-05, -5.6421351473545656e-05, -5.239125312073156e-05, -4.8361158405896276e-05, -4.433106369106099e-05, -4.03009653382469e-05, -3.6270866985432804e-05, -3.224077227059752e-05, -2.8210675736772828e-05, -2.4180579202948138e-05, -2.015048266912345e-05, -1.612038613529876e-05, -1.2090289601474069e-05, -8.06019306764938e-06, -4.03009653382469e-06, 0.0]}, "gradients/embedding_user.weight": {"_type": "histogram", "values": [1.0, 0.0, 0.0, 0.0, 1.0, 0.0, 0.0, 0.0, 0.0, 0.0, 1.0, 0.0, 1.0, 1.0, 1.0, 3.0, 3.0, 3.0, 5.0, 8.0, 10.0, 16.0, 16.0, 49.0, 83.0, 130.0, 215.0, 399.0, 933.0, 2858.0, 34705.0, 811141.0, 83170.0, 3653.0, 1130.0, 429.0, 254.0, 129.0, 93.0, 51.0, 29.0, 17.0, 12.0, 7.0, 5.0, 2.0, 5.0, 2.0, 3.0, 1.0, 2.0, 1.0, 0.0, 1.0, 0.0, 1.0, 1.0, 0.0, 1.0, 0.0, 1.0, 0.0, 0.0, 1.0], "bins": [-0.0009727540309540927, -0.0009419661364518106, -0.0009111782419495285, -0.0008803903474472463, -0.0008496024529449642, -0.000818814558442682, -0.000788026605732739, -0.0007572387112304568, -0.0007264508167281747, -0.0006956629222258925, -0.0006648750277236104, -0.0006340871332213283, -0.0006032992387190461, -0.000572511344216764, -0.0005417234497144818, -0.0005109355552121997, -0.00048014766070991755, -0.0004493597662076354, -0.00041857187170535326, -0.0003877839772030711, -0.000356996082700789, -0.00032620818819850683, -0.00029542026459239423, -0.0002646323700901121, -0.00023384447558782995, -0.0002030565810855478, -0.00017226868658326566, -0.0001414807775290683, -0.00011069288302678615, -7.9904988524504e-05, -4.9117079470306635e-05, -1.8329184968024492e-05, 1.2458767741918564e-05, 4.3246665882179514e-05, 7.403456402244046e-05, 0.00010482246580068022, 0.00013561036030296236, 0.0001663982548052445, 0.00019718616385944188, 0.00022797405836172402, 0.00025876195286400616, 0.0002895498473662883, 0.00032033774186857045, 0.00035112566547468305, 0.0003819135599769652, 0.00041270145447924733, 0.0004434893489815295, 0.0004742772434838116, 0.0005050651379860938, 0.0005358530324883759, 0.000566640926990658, 0.0005974288214929402, 0.0006282167159952223, 0.0006590046104975045, 0.0006897925632074475, 0.0007205804577097297, 0.0007513683522120118, 0.000782156246714294, 0.0008129441412165761, 0.0008437320357188582, 0.0008745199302211404, 0.0009053078247234225, 0.0009360957192257047, 0.0009668836137279868, 0.000997671508230269]}, "gradients/embedding_item.weight": {"_type": "histogram", "values": [3.0, 1.0, 3.0, 3.0, 1.0, 5.0, 3.0, 12.0, 12.0, 10.0, 26.0, 22.0, 40.0, 69.0, 84.0, 125.0, 200.0, 265.0, 437.0, 718.0, 1098.0, 1980.0, 3773.0, 7983.0, 18098.0, 44658.0, 259539.0, 149471.0, 38311.0, 15896.0, 6905.0, 3350.0, 1806.0, 986.0, 616.0, 358.0, 253.0, 167.0, 95.0, 69.0, 50.0, 49.0, 21.0, 11.0, 6.0, 11.0, 11.0, 2.0, 7.0, 2.0, 3.0, 3.0, 1.0, 1.0, 0.0, 1.0, 0.0, 0.0, 1.0, 0.0, 0.0, 0.0, 0.0, 1.0],