{"R@05": 0.002652572978638083, "R@10": 0.006898329747272349, "R@20": 0.012353572178186691, "N@05": 0.01690804097486597, "N@10": 0.021608846224037147, "N@20": 0.021730412526516613, "_timestamp": 1688058099.213886, "_runtime": 18.665812015533447, "_step": 1, "BEST_NDCG@10": 0.021608846224037147}