{"TOTAL_BEST_METRIC": 0.8730827329466541, "BEST_NDCG@10": 0.10938330548768578, "_timestamp": 1688308140.6029854, "_runtime": 292.57434129714966, "_step": 1105, "epoch": 1000, "Train_Metric_loss": -2.921060085296631, "Train_Reg_loss": 0.08788235634565353, "Pos_loss": 4.427939414978027, "Neg_loss": -7.270467281341553, "Recall@5": 0.08174370364509632, "Recall@10": 0.12670897620069832, "Recall@20": 0.1832289243001531, "NDCG@5": 0.0589800298107422, "NDCG@10": 0.07493365053028196, "NDCG@20": 0.09104861095872044, "Recall@5_total_best": 0.11859277412020852, "Recall@10_total_best": 0.17598032688641785, "Recall@20_total_best": 0.24943563235553842, "ndcg@5_total_best": 0.08920121904890745, "ndcg@10_total_best": 0.10938330548768578, "ndcg@20_total_best": 0.130489475047896, "EPOCH_ndcg_best": 20, "Recall@5_ndcg_best": 0.11859277412020852, "Recall@10_ndcg_best": 0.17598032688641785, "Recall@20_ndcg_best": 0.24943563235553842, "ndcg@5_ndcg_best": 0.08920121904890745, "ndcg@10_ndcg_best": 0.10938330548768578, "ndcg@20_ndcg_best": 0.130489475047896, "gradients/mass_i.weight": {"_type": "histogram", "values": [1.0, 0.0, 1.0, 0.0, 0.0, 0.0, 0.0, 0.0, 0.0, 0.0, 1.0, 3.0, 0.0, 1.0, 12.0, 9.0, 11.0, 30.0, 41.0, 50.0, 49.0, 3284.0, 28.0, 15.0, 9.0, 4.0, 2.0, 6.0, 0.0, 1.0, 2.0, 2.0, 0.0, 0.0, 1.0, 2.0, 0.0, 1.0, 0.0, 0.0, 0.0, 1.0, 0.0, 0.0, 0.0, 0.0, 0.0, 0.0, 0.0, 0.0, 0.0, 0.0, 0.0, 0.0, 0.0, 0.0, 0.0, 0.0, 0.0, 0.0, 0.0, 0.0, 0.0, 1.0], "bins": [-0.00020332781423348933, -0.00019381119636818767, -0.000184294578502886, -0.00017477796063758433, -0.00016526134277228266, -0.000155744724906981, -0.00014622812159359455, -0.00013671148917637765, -0.00012719488586299121, -0.00011767826799768955, -0.00010816165013238788, -9.864503226708621e-05, -8.912841440178454e-05, -7.961179653648287e-05, -7.009518594713882e-05, -6.057856808183715e-05, -5.1061942940577865e-05, -4.1545325075276196e-05, -3.202870720997453e-05, -2.2512092982651666e-05, -1.2995475117349997e-05, -3.4788572520483285e-06, 6.037756975274533e-06, 1.55543748405762e-05, 2.507099270587787e-05, 3.458761057117954e-05, 4.410422843648121e-05, 5.362084266380407e-05, 6.313745689112693e-05, 7.26540747564286e-05, 8.217069262173027e-05, 9.168731048703194e-05, 0.00010120394290424883, 0.0001107205607695505, 0.00012023717863485217, 0.00012975379650015384, 0.0001392704143654555, 0.00014878703223075718, 0.00015830365009605885, 0.00016782025340944529, 0.00017733688582666218, 0.00018685350369196385, 0.00019637012155726552, 0.0002058867394225672, 0.00021540335728786886, 0.00022491997515317053, 0.0002344365930184722, 0.00024395319633185863, 0.0002534697996452451, 0.0002629864029586315, 0.0002725030353758484, 0.00028201963868923485, 0.00029153627110645175, 0.0003010528744198382, 0.0003105695068370551, 0.00032008611015044153, 0.0003296027425676584, 0.00033911934588104486, 0.00034863597829826176, 0.0003581525816116482, 0.0003676692140288651, 0.00037718581734225154, 0.00038670244975946844, 0.0003962190530728549, 0.0004057356854900718]}, "gradients/mass_u.weight": {"_type": "histogram", "values": [0.0, 0.0, 0.0, 0.0, 0.0, 0.0, 0.0, 0.0, 0.0, 0.0, 0.0, 0.0, 0.0, 0.0, 0.0, 0.0, 0.0, 0.0, 0.0, 0.0, 0.0, 0.0, 0.0, 0.0, 0.0, 0.0, 0.0, 0.0, 0.0, 0.0, 0.0, 0.0, 5541.0, 0.0, 0.0, 0.0, 0.0, 0.0, 0.0, 0.0, 0.0, 0.0, 0.0, 0.0, 0.0, 0.0, 0.0, 0.0, 0.0, 0.0, 0.0, 0.0, 0.0, 0.0, 0.0, 0.0, 0.0, 0.0, 0.0, 0.0, 0.0, 0.0, 0.0, 0.0], "bins": [0.0, 0.0, 0.0, 0.0, 0.0, 0.0, 0.0, 0.0, 0.0, 0.0, 0.0, 0.0, 0.0, 0.0, 0.0, 0.0, 0.0, 0.0, 0.0, 0.0, 0.0, 0.0, 0.0, 0.0, 0.0, 0.0, 0.0, 0.0, 0.0, 0.0, 0.0, 0.0, 0.0, 0.0, 0.0, 0.0, 0.0, 0.0, 0.0, 0.0, 0.0, 0.0, 0.0, 0.0, 0.0, 0.0, 0.0, 0.0, 0.0, 0.0, 0.0, 0.0, 0.0, 0.0, 0.0, 0.0, 0.0, 0.0, 0.0, 0.0, 0.0, 0.0, 0.0, 0.0, 0.0]}, "gradients/embedding_user.weight": {"_type": "histogram", "values": [2.0, 1.0, 0.0, 0.0, 2.0, 0.0, 2.0, 2.0, 1.0, 0.0, 6.0, 2.0, 4.0, 5.0, 8.0, 7.0, 11.0, 17.0, 16.0, 21.0, 59.0, 93.0, 174.0, 289.0, 645.0, 1462.0, 4684.0, 67486.0, 265258.0, 10229.0, 2292.0, 905.0, 405.0, 206.0, 113.0, 69.0, 39.0, 35.0, 20.0, 14.0, 6.0, 7.0, 6.0, 4.0, 4.0, 2.0, 0.0, 2.0, 2.0, 1.0, 0.0, 4.0, 0.0, 0.0, 0.0, 0.0, 0.0, 1.0, 0.0, 0.0, 0.0, 0.0, 0.0, 1.0], "bins": [-0.0002271230478072539, -0.0002190744417021051, -0.0002110258355969563, -0.00020297722949180752, -0.00019492862338665873, -0.00018688001728150994, -0.00017883141117636114, -0.00017078280507121235, -0.00016273419896606356, -0.00015468559286091477, -0.00014663698675576597, -0.00013858838065061718, -0.0001305397745454684, -0.0001224911684403196, -0.0001144425623351708, -0.00010639395623002201, -9.834535012487322e-05, -9.029674401972443e-05, -8.224813791457564e-05, -7.419953180942684e-05, -6.615092570427805e-05, -5.810231959912926e-05, -5.005371349398047e-05, -4.2005107388831675e-05, -3.395650128368288e-05, -2.590789517853409e-05, -1.7859289073385298e-05, -9.810682968236506e-06, -1.7620768630877137e-06, 6.2865292420610785e-06, 1.433513534720987e-05, 2.2383741452358663e-05, 3.0432333005592227e-05, 3.848093911074102e-05, 4.652954521588981e-05, 5.4578151321038604e-05, 6.26267574261874e-05, 7.067536353133619e-05, 7.872396963648498e-05, 8.677257574163377e-05, 9.482118184678257e-05, 0.00010286978795193136, 0.00011091839405708015, 0.00011896700016222894, 0.00012701560626737773, 0.00013506421237252653, 0.00014311281847767532, 0.0001511614245828241, 0.0001592100306879729, 0.0001672586367931217, 0.0001753072428982705, 0.00018335584900341928, 0.00019140445510856807, 0.00019945306121371686, 0.00020750166731886566, 0.00021555027342401445, 0.00022359887952916324, 0.00023164748563431203, 0.00023969609173946083, 0.0002477446978446096, 0.0002557933039497584, 0.0002638419100549072, 0.000271890516160056, 0.0002799391222652048, 0.0002879877283703536]}, "gradients/embedding_item.weight": {"_type": "histogram", "values": [1.0, 0.0, 1.0, 0.0, 2.0, 3.0, 7.0, 1.0, 2.0, 3.0, 6.0, 7.0, 10.0, 5.0, 13.0, 28.0, 27.0, 37.0, 56.0, 80.0, 98.0, 148.0, 188.0, 296.0, 377.0, 579.0, 862.0, 1306.0, 2136.0, 3788.0, 7790.0, 20484.0, 98393.0, 60274.0, 15822.0, 6536.0, 3278.0, 1965.0, 1189.0, 794.0, 527.0, 386.0, 264.0, 151.0, 113.0, 77.0, 60.0, 39.0, 43.0, 28.0, 17.0, 16.0, 9.0, 7.0, 7.0, 4.0, 2.0, 1.0, 5.0, 0.0, 1.0, 2.0, 0.0, 1.0], "bins": [-0.00011995988461421803, -0.00011630967492237687, -0.00011265947250649333, -0.00010900926281465217, -0.00010535905312281102, -0.00010170885070692748, -9.805864101508632e-05, -9.440843132324517e-05, -9.075822890736163e-05, -8.710801921552047e-05, -8.345781679963693e-05, -7.980760710779577e-05, -7.615739741595462e-05, -7.250718772411346e-05, -6.885698530822992e-05, -6.520677561638877e-05, -6.155656592454761e-05, -5.7906359870685264e-05, -5.425615017884411e-05, -5.060594412498176e-05, -4.6955734433140606e-05, -4.330552837927826e-05, -3.965532232541591e-05, -3.6005112633574754e-05, -3.2354906579712406e-05, -2.8704698706860654e-05, -2.5054490834008902e-05, -2.1404284780146554e-05, -1.7754076907294802e-05, -1.410386903444305e-05, -1.0453662980580702e-05, -6.803455107728951e-06, -3.153254510834813e-06, 4.969529072695877e-07, 4.147160325373989e-06, 7.797367288731039e-06, 1.144757516158279e-05, 1.5097783034434542e-05, 1.874798908829689e-05, 2.2398196961148642e-05, 2.6048404834000394e-05, 2.9698612706852145e-05, 3.33488205797039e-05, 3.6999026633566245e-05, 4.0649232687428594e-05, 4.429944237926975e-05, 4.79496484331321e-05, 5.1599854486994445e-05, 5.52500641788356e-05, 5.890027023269795e-05, 6.25504762865603e-05, 6.620068597840145e-05, 6.985089567024261e-05, 7.350109808612615e-05, 7.71513077779673e-05, 8.080151746980846e-05, 8.4451719885692e-05, 8.810192957753316e-05, 9.17521319934167e-05, 9.540234168525785e-05, 9.905255137709901e-05, 0.00010270276106894016, 0.0001063529634848237, 0.00011000317317666486, 0.00011365338286850601]}, "_wandb": {"runtime": 291}}