{"TOTAL_BEST_METRIC": 1.0050264949086345, "BEST_NDCG@10": 0.12753688397731186, "_timestamp": 1688375700.8801057, "_runtime": 773.3255796432495, "_step": 1111, "epoch": 1000, "Train_Metric_loss": NaN, "Train_Reg_loss": NaN, "Pos_loss": NaN, "Neg_loss": NaN, "Recall@5": 0.0007852166725705515, "Recall@10": 0.003778486243948518, "Recall@20": 0.005806892363746774, "NDCG@5": 0.000556356529533085, "NDCG@10": 0.0016257618776651963, "NDCG@20": 0.002209725865082795, "Recall@5_total_best": 0.14033681755660052, "Recall@10_total_best": 0.20171562778461932, "Recall@20_total_best": 0.28317823860569535, "ndcg@5_total_best": 0.10488944033320033, "ndcg@10_total_best": 0.12588086129548492, "ndcg@20_total_best": 0.14902550933303407, "EPOCH_ndcg_best": 40, "Recall@5_ndcg_best": 0.13890630116859212, "Recall@10_ndcg_best": 0.2020674046689204, "Recall@20_ndcg_best": 0.2772818639009421, "ndcg@5_ndcg_best": 0.10567851072264973, "ndcg@10_ndcg_best": 0.12753688397731186, "ndcg@20_ndcg_best": 0.1488910469321259, "gradients/mass_i.weight": {"_type": "histogram", "values": [2.0, 0.0, 0.0, 1.0, 1.0, 4.0, 8.0, 8.0, 11.0, 24.0, 41.0, 70.0, 112.0, 147.0, 116.0, 2942.0, 35.0, 19.0, 8.0, 5.0, 3.0, 2.0, 1.0, 1.0, 0.0, 2.0, 0.0, 1.0, 0.0, 0.0, 0.0, 0.0, 1.0, 0.0, 0.0, 2.0, 0.0, 0.0, 0.0, 0.0, 0.0, 0.0, 0.0, 0.0, 0.0, 0.0, 0.0, 0.0, 0.0, 0.0, 0.0, 0.0, 0.0, 0.0, 0.0, 0.0, 0.0, 0.0, 0.0, 0.0, 0.0, 0.0, 0.0, 1.0], "bins": [-9.62125341175124e-05, -8.98076468729414e-05, -8.34027596283704e-05, -7.699787965975702e-05, -7.05929851392284e-05, -6.418810517061502e-05, -5.778321792604402e-05, -5.137833068147302e-05, -4.4973443436902016e-05, -3.8568556192331016e-05, -3.2163668947760016e-05, -2.5758785341167822e-05, -1.9353898096596822e-05, -1.2949010852025822e-05, -6.5441272454336286e-06, -1.3924000086262822e-07, 6.265647243708372e-06, 1.267053357878467e-05, 1.907541991386097e-05, 2.5480305339442566e-05, 3.1885192584013566e-05, 3.829007982858457e-05, 4.469496343517676e-05, 5.109985067974776e-05, 5.750473792431876e-05, 6.390962516888976e-05, 7.031451241346076e-05, 7.671939965803176e-05, 8.312427962664515e-05, 8.952917414717376e-05, 9.593405411578715e-05, 0.00010233894136035815, 0.00010874384315684438, 0.00011514873040141538, 0.00012155361764598638, 0.00012795849761459976, 0.00013436339213512838, 0.00014076827210374177, 0.00014717315207235515, 0.00015357804659288377, 0.00015998294111341238, 0.00016638782108202577, 0.00017279271560255438, 0.00017919759557116777, 0.00018560249009169638, 0.00019200737006030977, 0.00019841225002892315, 0.00020481714454945177, 0.00021122202451806515, 0.00021762690448667854, 0.00022403179900720716, 0.00023043667897582054, 0.00023684157349634916, 0.00024324645346496254, 0.00024965134798549116, 0.00025605622795410454, 0.00026246110792271793, 0.0002688659878913313, 0.0002752708678599447, 0.00028167577693238854, 0.00028808065690100193, 0.0002944855368696153, 0.0003008904168382287, 0.0003072952968068421, 0.00031370020587928593]}, "gradients/mass_u.weight": {"_type": "histogram", "values": [2.0, 0.0, 0.0, 0.0, 0.0, 0.0, 0.0, 0.0, 0.0, 0.0, 0.0, 1.0, 0.0, 0.0, 1.0, 0.0, 0.0, 0.0, 0.0, 0.0, 2.0, 0.0, 0.0, 0.0, 0.0, 0.0, 0.0, 0.0, 0.0, 1.0, 0.0, 0.0, 0.0, 0.0, 0.0, 0.0, 1.0, 1.0, 0.0, 0.0, 1.0, 1.0, 1.0, 1.0, 1.0, 1.0, 1.0, 6.0, 2.0, 2.0, 2.0, 2.0, 7.0, 6.0, 7.0, 10.0, 13.0, 17.0, 31.0, 37.0, 135.0, 86.0, 103.0, 5059.0], "bins": [-0.00025140540674328804, -0.0002474772045388818, -0.0002435489877825603, -0.0002396207710262388, -0.00023569256882183254, -0.00023176436661742628, -0.00022783614986110479, -0.0002239079331047833, -0.00021997973090037704, -0.00021605152869597077, -0.00021212331193964928, -0.0002081950951833278, -0.00020426689297892153, -0.00020033869077451527, -0.00019641047401819378, -0.0001924822572618723, -0.00018855405505746603, -0.00018462585285305977, -0.00018069763609673828, -0.0001767694193404168, -0.00017284121713601053, -0.00016891301493160427, -0.00016498479817528278, -0.0001610565814189613, -0.00015712837921455503, -0.00015320017701014876, -0.00014927196025382727, -0.00014534374349750578, -0.00014141554129309952, -0.00013748733908869326, -0.00013355912233237177, -0.00012963090557605028, -0.00012570270337164402, -0.00012177449389128014, -0.00011784628441091627, -0.00011391807493055239, -0.00010998986545018852, -0.00010606165596982464, -0.00010213344648946077, -9.820523700909689e-05, -9.427702752873302e-05, -9.034881804836914e-05, -8.642060856800526e-05, -8.249239908764139e-05, -7.856418960727751e-05, -7.463598012691364e-05, -7.070777064654976e-05, -6.677956116618589e-05, -6.285135168582201e-05, -5.8923142205458134e-05, -5.499493272509426e-05, -5.106672324473038e-05, -4.713851376436651e-05, -4.321030428400263e-05, -3.9282094803638756e-05, -3.535388532327488e-05, -3.1425675842911005e-05, -2.749746636254713e-05, -2.3569256882183254e-05, -1.9641047401819378e-05, -1.5712837921455503e-05, -1.1784628441091627e-05, -7.856418960727751e-06, -3.928209480363876e-06, 0.0]}, "gradients/embedding_user.weight": {"_type": "histogram", "values": [0.0, 0.0, 0.0, 0.0, 0.0, 0.0, 0.0, 0.0, 0.0, 0.0, 0.0, 0.0, 0.0, 0.0, 0.0, 0.0, 0.0, 0.0, 0.0, 0.0, 0.0, 0.0, 0.0, 0.0, 0.0, 0.0, 0.0, 0.0, 0.0, 0.0, 0.0, 0.0, 3392.0, 0.0, 0.0, 0.0, 0.0, 0.0, 0.0, 0.0, 0.0, 0.0, 0.0, 0.0, 0.0, 0.0, 0.0, 0.0, 0.0, 0.0, 0.0, 0.0, 0.0, 0.0, 0.0, 0.0, 0.0, 0.0, 0.0, 0.0, 0.0, 0.0, 0.0, 0.0], "bins": [0.0, 0.0, 0.0, 0.0, 0.0, 0.0, 0.0, 0.0, 0.0, 0.0, 0.0, 0.0, 0.0, 0.0, 0.0, 0.0, 0.0, 0.0, 0.0, 0.0, 0.0, 0.0, 0.0, 0.0, 0.0, 0.0, 0.0, 0.0, 0.0, 0.0, 0.0, 0.0, 0.0, 0.0, 0.0, 0.0, 0.0, 0.0, 0.0, 0.0, 0.0, 0.0, 0.0, 0.0, 0.0, 0.0, 0.0, 0.0, 0.0, 0.0, 0.0, 0.0, 0.0, 0.0, 0.0, 0.0, 0.0, 0.0, 0.0, 0.0, 0.0, 0.0, 0.0, 0.0, 0.0]}, "_wandb": {"runtime": 772}}