{"TOTAL_BEST_METRIC": 1.0964731996726897, "BEST_NDCG@10": 0.14075678055085206, "_timestamp": 1688416553.4431229, "_runtime": 864.53262591362, "_step": 1214, "epoch": 1000, "Train_Metric_loss": 5.628760147094726, "Train_Reg_loss": 3.8988017331575973e-05, "Pos_loss": 8.762104988098145, "Neg_loss": 0.11309629678726196, "Recall@5": 0.15075088247385354, "Recall@10": 0.2207183421478125, "Recall@20": 0.30393675038929246, "NDCG@5": 0.11605415654354329, "NDCG@10": 0.14064881587414993, "NDCG@20": 0.1643642522440381, "Recall@5_total_best": 0.15075088247385354, "Recall@10_total_best": 0.2207183421478125, "Recall@20_total_best": 0.30393675038929246, "ndcg@5_total_best": 0.11605415654354329, "ndcg@10_total_best": 0.14064881587414993, "ndcg@20_total_best": 0.1643642522440381, "EPOCH_ndcg_best": 830, "Recall@5_ndcg_best": 0.14932551601129262, "Recall@10_ndcg_best": 0.222653412626985, "Recall@20_ndcg_best": 0.3042213554644339, "ndcg@5_ndcg_best": 0.11515810491536739, "ndcg@10_ndcg_best": 0.14075678055085206, "ndcg@20_ndcg_best": 0.16377138117703902, "gradients/mass_i.weight": {"_type": "histogram", "values": [2.0, 0.0, 0.0, 1.0, 0.0, 0.0, 3.0, 0.0, 2.0, 0.0, 2.0, 0.0, 0.0, 1.0, 2.0, 1.0, 1.0, 2.0, 4.0, 1.0, 1.0, 4.0, 5.0, 3.0, 15.0, 10.0, 5.0, 10.0, 14.0, 20.0, 15.0, 26.0, 49.0, 56.0, 33.0, 63.0, 149.0, 33.0, 48.0, 85.0, 2555.0, 35.0, 112.0, 38.0, 18.0, 46.0, 21.0, 16.0, 14.0, 8.0, 13.0, 7.0, 5.0, 1.0, 4.0, 2.0, 0.0, 2.0, 2.0, 1.0, 0.0, 0.0, 0.0, 2.0], "bins": [-0.0004570842138491571, -0.00044566221185959876, -0.00043424018076620996, -0.0004228181787766516, -0.0004113961767870933, -0.00039997417479753494, -0.00038855214370414615, -0.0003771301417145878, -0.00036570813972502947, -0.00035428613773547113, -0.00034286410664208233, -0.000331442104652524, -0.00032002010266296566, -0.0003085981006734073, -0.0002971760695800185, -0.0002857540675904602, -0.0002743320364970714, -0.00026291003450751305, -0.00025148800341412425, -0.0002400660014245659, -0.00022864399943500757, -0.000217221982893534, -0.00020579996635206044, -0.0001943779643625021, -0.00018295594782102853, -0.00017153393127955496, -0.00016011192928999662, -0.00014868991274852306, -0.0001372678962070495, -0.00012584589421749115, -0.00011442387767601758, -0.00010300186841050163, -9.157988824881613e-05, -8.015787898330018e-05, -6.873586971778423e-05, -5.731385317631066e-05, -4.5891843910794705e-05, -3.446983464527875e-05, -2.3047818103805184e-05, -1.1625808838289231e-05, -2.0379957277327776e-07, 1.1218211511732079e-05, 2.2640222596237436e-05, 3.4062235499732196e-05, 4.548424476524815e-05, 5.69062540307641e-05, 6.832827057223767e-05, 7.975027983775362e-05, 9.117228910326958e-05, 0.00010259429836878553, 0.00011401630763430148, 0.00012543832417577505, 0.0001368603261653334, 0.00014828234270680696, 0.00015970435924828053, 0.00017112636123783886, 0.00018254837777931243, 0.000193970394320786, 0.00020539239631034434, 0.0002168144128518179, 0.00022823642939329147, 0.0002396584313828498, 0.00025108043337240815, 0.00026250246446579695, 0.0002739244664553553]}, "gradients/mass_u.weight": {"_type": "histogram", "values": [1.0, 0.0, 0.0, 0.0, 0.0, 0.0, 0.0, 1.0, 0.0, 0.0, 0.0, 0.0, 0.0, 0.0, 0.0, 0.0, 0.0, 1.0, 0.0, 0.0, 0.0, 0.0, 0.0, 0.0, 0.0, 0.0, 0.0, 0.0, 0.0, 0.0, 0.0, 0.0, 0.0, 0.0, 0.0, 0.0, 0.0, 0.0, 0.0, 0.0, 0.0, 0.0, 0.0, 1.0, 0.0, 2.0, 0.0, 0.0, 0.0, 0.0, 0.0, 2.0, 0.0, 3.0, 1.0, 3.0, 4.0, 9.0, 9.0, 17.0, 26.0, 65.0, 231.0, 5165.0], "bins": [-0.0011784574016928673, -0.001160043990239501, -0.0011416305787861347, -0.0011232171673327684, -0.0011048037558794022, -0.0010863904608413577, -0.0010679770493879914, -0.0010495636379346251, -0.0010311502264812589, -0.0010127368150278926, -0.0009943234035745263, -0.0009759100503288209, -0.0009574966388754547, -0.0009390832274220884, -0.000920669874176383, -0.0009022564627230167, -0.0008838430512696505, -0.0008654296398162842, -0.0008470162283629179, -0.0008286028751172125, -0.0008101894636638463, -0.00079177605221048, -0.0007733626989647746, -0.0007549492875114083, -0.000736535876058042, -0.0007181224646046758, -0.0006997090531513095, -0.0006812956999056041, -0.0006628822884522378, -0.0006444688769988716, -0.0006260555237531662, -0.0006076421122997999, -0.0005892287008464336, -0.0005708152893930674, -0.0005524018779397011, -0.0005339885246939957, -0.0005155751132406294, -0.0004971617017872632, -0.00047874831943772733, -0.0004603349370881915, -0.00044192152563482523, -0.00042350811418145895, -0.00040509473183192313, -0.0003866813494823873, -0.000368267938029021, -0.00034985452657565475, -0.0003314411442261189, -0.0003130277618765831, -0.0002946143504232168, -0.00027620093896985054, -0.0002577875566203147, -0.00023937415971886367, -0.00022096076281741261, -0.00020254736591596156, -0.0001841339690145105, -0.00016572057211305946, -0.0001473071752116084, -0.00012889377831015736, -0.00011048038140870631, -9.206698450725526e-05, -7.36535876058042e-05, -5.5240190704353154e-05, -3.68267938029021e-05, -1.841339690145105e-05, 0.0]}, "gradients/embedding_user.weight": {"_type": "histogram", "values": [2.0, 0.0, 1.0, 1.0, 0.0, 2.0, 0.0, 0.0, 1.0, 1.0, 0.0, 2.0, 0.0, 1.0, 2.0, 3.0, 3.0, 4.0, 12.0, 4.0, 10.0, 14.0, 25.0, 43.0, 100.0, 186.0, 539.0, 1630.0, 6722.0, 100831.0, 223359.0, 16918.0, 2818.0, 799.0, 311.0, 116.0, 65.0, 29.0, 18.0, 11.0, 13.0, 7.0, 3.0, 4.0, 2.0, 3.0, 2.0, 1.0, 1.0, 0.0, 0.0, 0.0, 0.0, 0.0, 0.0, 0.0, 0.0, 2.0, 1.0, 0.0, 1.0, 0.0, 0.0, 1.0], "bins": [-0.002114375587552786, -0.0020443859975785017, -0.001974396640434861, -0.001904407050460577, -0.0018344175769016147, -0.0017644281033426523, -0.00169443862978369, -0.0016244491562247276, -0.0015544595662504435, -0.0014844700926914811, -0.0014144806191325188, -0.0013444910291582346, -0.0012745015555992723, -0.00120451208204031, -0.0011345226084813476, -0.0010645331349223852, -0.0009945436613634229, -0.0009245541878044605, -0.0008545646560378373, -0.0007845751824788749, -0.0007145856507122517, -0.0006445961771532893, -0.000574606703594327, -0.0005046171718277037, -0.00043462769826874137, -0.00036463819560594857, -0.00029464869294315577, -0.00022465921938419342, -0.00015466971672140062, -8.468021405860782e-05, -1.4690740499645472e-05, 5.529879126697779e-05, 0.00012528826482594013, 0.00019527776748873293, 0.00026526727015152574, 0.0003352567437104881, 0.0004052462463732809, 0.0004752357490360737, 0.000545225222595036, 0.0006152147543616593, 0.0006852042279206216, 0.000755193701479584, 0.0008251832332462072, 0.0008951727068051696, 0.0009651621803641319, 0.001035151770338416, 0.0011051411274820566, 0.0011751307174563408, 0.0012451201910153031, 0.0013151096645742655, 0.0013850991381332278, 0.0014550886116921902, 0.0015250782016664743, 0.0015950676752254367, 0.001665057148784399, 0.0017350467387586832, 0.0018050360959023237, 0.001875025569461286, 0.0019450150430202484, 0.0020150046329945326, 0.002084993990138173, 0.0021549835801124573, 0.002224972937256098, 0.002294962527230382, 0.002364952117204666]}, "gradients/embedding_item.weight": {"_type": "histogram", "values": [1.0, 2.0, 2.0, 0.0, 1.0, 3.0, 6.0, 9.0, 5.0, 4.0, 9.0, 16.0, 21.0, 28.0, 51.0, 51.0, 78.0, 132.0, 173.0, 245.0, 388.0, 640.0, 986.0, 1622.0, 2811.0, 5217.0, 9306.0, 17263.0, 30957.0, 66481.0, 40392.0, 23000.0, 12465.0, 6792.0, 3640.0, 2144.0, 1246.0, 755.0, 464.0, 293.0, 191.0, 145.0, 101.0, 57.0, 57.0, 23.0, 17.0, 17.0, 17.0, 7.0, 2.0, 5.0, 7.0, 2.0, 0.0, 1.0, 1.0, 0.0, 1.0, 1.0, 0.0, 0.0, 0.0, 1.0],