{"TOTAL_BEST_METRIC": 1.109789459954199, "BEST_NDCG@10": 0.1427244476401929, "_timestamp": 1688458477.0033817, "_runtime": 751.1097786426544, "_step": 1143, "epoch": 1000, "Train_Metric_loss": 8.707595062255859, "Train_Reg_loss": 6.014081300236285e-05, "Pos_loss": 8.498208045959473, "Neg_loss": 0.12115078419446945, "Recall@5": 0.1544973048042291, "Recall@10": 0.22157905568960437, "Recall@20": 0.2988565782842589, "NDCG@5": 0.11576073863258148, "NDCG@10": 0.13941991915847793, "NDCG@20": 0.16128107348680837, "Recall@5_total_best": 0.15544402801450177, "Recall@10_total_best": 0.22381059566514572, "Recall@20_total_best": 0.30480960260869655, "ndcg@5_total_best": 0.11840171059489492, "ndcg@10_total_best": 0.1420237329946777, "ndcg@20_total_best": 0.16529979007628257, "EPOCH_ndcg_best": 750, "Recall@5_ndcg_best": 0.15358380593642632, "Recall@10_ndcg_best": 0.2260050671559984, "Recall@20_ndcg_best": 0.3044141088634629, "ndcg@5_ndcg_best": 0.11738488178444861, "ndcg@10_ndcg_best": 0.1427244476401929, "ndcg@20_ndcg_best": 0.1650586811179212, "gradients/embedding_user.weight": {"_type": "histogram", "values": [1.0, 0.0, 2.0, 0.0, 3.0, 1.0, 3.0, 5.0, 4.0, 6.0, 8.0, 12.0, 16.0, 16.0, 20.0, 27.0, 35.0, 40.0, 87.0, 76.0, 141.0, 137.0, 210.0, 343.0, 462.0, 901.0, 1481.0, 3621.0, 14235.0, 66211.0, 147949.0, 88350.0, 20970.0, 4655.0, 1833.0, 939.0, 568.0, 348.0, 230.0, 179.0, 107.0, 102.0, 65.0, 53.0, 40.0, 35.0, 26.0, 16.0, 10.0, 10.0, 9.0, 8.0, 5.0, 5.0, 2.0, 1.0, 1.0, 1.0, 1.0, 0.0, 1.0, 0.0, 0.0, 1.0], "bins": [-0.0005175007390789688, -0.0005006091087125242, -0.0004837174201384187, -0.0004668257897719741, -0.00044993413030169904, -0.000433042470831424, -0.0004161508404649794, -0.00039925918099470437, -0.0003823675215244293, -0.0003654758620541543, -0.00034858420258387923, -0.00033169257221743464, -0.0003148009127471596, -0.00029790925327688456, -0.00028101762291043997, -0.0002641259634401649, -0.0002472343039698899, -0.00023034264449961483, -0.00021345099958125502, -0.0001965593546628952, -0.00017966769519262016, -0.00016277603572234511, -0.0001458843908039853, -0.00012899274588562548, -0.00011210108641535044, -9.520943422103301e-05, -7.831778202671558e-05, -6.142612983239815e-05, -4.4534477638080716e-05, -2.7642825443763286e-05, -1.0751173249445856e-05, 6.140478944871575e-06, 2.303218934684992e-05, 3.992384154116735e-05, 5.681549373548478e-05, 7.370714592980221e-05, 9.059879812411964e-05, 0.00010749045031843707, 0.0001243821025127545, 0.00014127374743111432, 0.00015816540690138936, 0.0001750570663716644, 0.00019194871129002422, 0.00020884035620838404, 0.00022573201567865908, 0.00024262367514893413, 0.0002595153055153787, 0.00027640696498565376, 0.0002932986244559288, 0.00031019028392620385, 0.0003270819433964789, 0.0003439735737629235, 0.0003608652332331985, 0.00037775689270347357, 0.00039464852306991816, 0.0004115401825401932, 0.00042843184201046824, 0.0004453235014807433, 0.00046221516095101833, 0.0004791067913174629, 0.0004959984216839075, 0.000512890110258013, 0.0005297817406244576, 0.0005466734291985631, 0.0005635650595650077]}, "gradients/embedding_item.weight": {"_type": "histogram", "values": [1.0, 0.0, 2.0, 1.0, 1.0, 3.0, 5.0, 3.0, 6.0, 4.0, 8.0, 13.0, 18.0, 25.0, 15.0, 36.0, 37.0, 60.0, 71.0, 116.0, 154.0, 218.0, 297.0, 382.0, 552.0, 881.0, 1280.0, 2025.0, 3284.0, 5630.0, 10115.0, 18599.0, 36677.0, 75303.0, 32509.0, 16900.0, 9277.0, 5175.0, 2941.0, 1850.0, 1177.0, 800.0, 570.0, 367.0, 262.0, 190.0, 122.0, 106.0, 68.0, 54.0, 36.0, 37.0, 20.0, 18.0, 15.0, 8.0, 5.0, 6.0, 7.0, 2.0, 3.0, 1.0, 2.0, 2.0], "bins": [-0.0005927550373598933, -0.0005750199779868126, -0.000557284860406071, -0.0005395498010329902, -0.0005218147416599095, -0.0005040796240791678, -0.0004863445647060871, -0.0004686095053330064, -0.0004508744168560952, -0.000433139328379184, -0.0004154042690061033, -0.0003976691805291921, -0.0003799340920522809, -0.00036219903267920017, -0.000344463944202289, -0.0003267288557253778, -0.00030899379635229707, -0.0002912587078753859, -0.00027352364850230515, -0.00025578856002539396, -0.000238053486100398, -0.00022031841217540205, -0.00020258332369849086, -0.0001848482497734949, -0.00016711317584849894, -0.00014937810192350298, -0.00013164302799850702, -0.00011390793952159584, -9.617286559659988e-05, -7.843779167160392e-05, -6.0702710470650345e-05, -4.296762926969677e-05, -2.5232613552361727e-05, -7.497535989386961e-06, 1.0237541573587805e-05, 2.797261913656257e-05, 4.570769669953734e-05, 6.34427706245333e-05, 8.117785182548687e-05, 9.891293302644044e-05, 0.0001166480069514364, 0.00013438308087643236, 0.00015211815480142832, 0.0001698532432783395, 0.00018758831720333546, 0.00020532339112833142, 0.0002230584796052426, 0.00024079355353023857, 0.00025852862745523453, 0.0002762637159321457, 0.00029399877530522645, 0.00031173386378213763, 0.00032946892315521836, 0.00034720401163212955, 0.00036493910010904074, 0.00038267415948212147, 0.00040040924795903265, 0.00041814433643594384, 0.00043587939580902457, 0.00045361448428593576, 0.00047134957276284695, 0.0004890846321359277, 0.0005068196915090084, 0.00052455480908975, 0.0005422898684628308]}, "_wandb": {"runtime": 750}}