{"TOTAL_BEST_METRIC": 0.11278810576222884, "BEST_NDCG@10": 0.013403973774596008, "_timestamp": 1688287515.797283, "_runtime": 330.886461019516, "_step": 1297, "epoch": 1000, "Train_Metric_loss": -5.8508769143372774e-05, "Train_Reg_loss": 4.458784223970724e-06, "Recall@5": 0.012140495588954674, "Recall@10": 0.022914688448275343, "Recall@20": 0.03751677105472061, "NDCG@5": 0.009313560967148624, "NDCG@10": 0.013403973774596008, "NDCG@20": 0.01749861592853358, "Recall@5_total_best": 0.012140495588954674, "Recall@10_total_best": 0.022914688448275343, "Recall@20_total_best": 0.03751677105472061, "ndcg@5_total_best": 0.009313560967148624, "ndcg@10_total_best": 0.013403973774596008, "ndcg@20_total_best": 0.01749861592853358, "EPOCH_ndcg_best": 1000, "Recall@5_ndcg_best": 0.012140495588954674, "Recall@10_ndcg_best": 0.022914688448275343, "Recall@20_ndcg_best": 0.03751677105472061, "ndcg@5_ndcg_best": 0.009313560967148624, "ndcg@10_ndcg_best": 0.013403973774596008, "ndcg@20_ndcg_best": 0.01749861592853358, "gradients/mass_i.weight": {"_type": "histogram", "values": [1.0, 0.0, 0.0, 0.0, 0.0, 0.0, 1.0, 1.0, 0.0, 0.0, 0.0, 3.0, 0.0, 3.0, 5.0, 2.0, 0.0, 3.0, 3.0, 7.0, 5.0, 5.0, 7.0, 14.0, 25.0, 21.0, 39.0, 38.0, 44.0, 53.0, 75.0, 82.0, 91.0, 2449.0, 95.0, 83.0, 66.0, 71.0, 59.0, 45.0, 43.0, 30.0, 27.0, 13.0, 12.0, 11.0, 7.0, 7.0, 7.0, 3.0, 3.0, 0.0, 1.0, 2.0, 1.0, 0.0, 2.0, 1.0, 0.0, 1.0, 0.0, 0.0, 0.0, 1.0], "bins": [-2.265211151097901e-05, -2.1982647012919188e-05, -2.1313182514859363e-05, -2.064371801679954e-05, -1.9974253518739715e-05, -1.930478902067989e-05, -1.8635324522620067e-05, -1.7965860024560243e-05, -1.729639552650042e-05, -1.6626931028440595e-05, -1.595746653038077e-05, -1.5288002032320946e-05, -1.4618537534261122e-05, -1.3949073036201298e-05, -1.3279608538141474e-05, -1.261014404008165e-05, -1.1940678632527124e-05, -1.12712141344673e-05, -1.0601749636407476e-05, -9.932285138347652e-06, -9.262820640287828e-06, -8.593356142228004e-06, -7.923890734673478e-06, -7.2544266913610045e-06, -6.58496219330118e-06, -5.915497695241356e-06, -5.246033197181532e-06, -4.576568244374357e-06, -3.907103746314533e-06, -3.2376394756283844e-06, -2.568174750194885e-06, -1.8987102521350607e-06, -1.2292457540752366e-06, -5.597811991719936e-07, 1.0968335573124932e-07, 7.791479674779112e-07, 1.4486124655377353e-06, 2.1180769635975594e-06, 2.787541689031059e-06, 3.457006187090883e-06, 4.126470685150707e-06, 4.795935183210531e-06, 5.465399681270355e-06, 6.13486463407753e-06, 6.8043291321373545e-06, 7.4737936301971786e-06, 8.143258128257003e-06, 8.812722626316827e-06, 9.482187124376651e-06, 1.0151651622436475e-05, 1.0821116120496299e-05, 1.1490580618556123e-05, 1.2160045116615947e-05, 1.2829509614675771e-05, 1.3498975022230297e-05, 1.4168439520290121e-05, 1.4837904018349946e-05, 1.550736851640977e-05, 1.6176833014469594e-05, 1.6846297512529418e-05, 1.7515762010589242e-05, 1.8185226508649066e-05, 1.885469100670889e-05, 1.9524155504768714e-05, 2.019362000282854e-05]}, "gradients/mass_u.weight": {"_type": "histogram", "values": [1.0, 2.0, 0.0, 1.0, 2.0, 1.0, 0.0, 0.0, 0.0, 0.0, 1.0, 1.0, 0.0, 1.0, 0.0, 0.0, 4.0, 0.0, 2.0, 3.0, 11.0, 6.0, 9.0, 10.0, 6.0, 11.0, 17.0, 11.0, 30.0, 20.0, 20.0, 26.0, 30.0, 5102.0, 24.0, 20.0, 14.0, 20.0, 19.0, 21.0, 21.0, 9.0, 14.0, 7.0, 9.0, 6.0, 7.0, 5.0, 1.0, 4.0, 2.0, 2.0, 0.0, 0.0, 1.0, 1.0, 1.0, 1.0, 2.0, 1.0, 0.0, 0.0, 0.0, 1.0], "bins": [-2.565573959145695e-05, -2.4878352633095346e-05, -2.4100965674733743e-05, -2.332357871637214e-05, -2.2546191758010536e-05, -2.176880298065953e-05, -2.0991416022297926e-05, -2.0214029063936323e-05, -1.943664210557472e-05, -1.8659255147213116e-05, -1.7881868188851513e-05, -1.710448123048991e-05, -1.6327092453138903e-05, -1.5549707313766703e-05, -1.4772318536415696e-05, -1.3994931578054093e-05, -1.321754461969249e-05, -1.2440157661330886e-05, -1.1662770702969283e-05, -1.0885382835112978e-05, -1.0107995876751374e-05, -9.330608918389771e-06, -8.553221050533466e-06, -7.775834092171863e-06, -6.998447133810259e-06, -6.221060175448656e-06, -5.443672762339702e-06, -4.666285349230748e-06, -3.888898390869144e-06, -3.111511432507541e-06, -2.334124019398587e-06, -1.5567366062896326e-06, -7.793496479280293e-07, -1.962462192750536e-09, 7.754247235425282e-07, 1.552811909277807e-06, 2.3301990950130858e-06, 3.107586053374689e-06, 3.884973466483643e-06, 4.6623608795925975e-06, 5.439747837954201e-06, 6.217134796315804e-06, 6.994522209424758e-06, 7.771909622533713e-06, 8.549296580895316e-06, 9.32668353925692e-06, 1.0104071407113224e-05, 1.0881458365474828e-05, 1.1658845323836431e-05, 1.2436232282198034e-05, 1.3213619240559638e-05, 1.3991007108415943e-05, 1.4768394066777546e-05, 1.554578193463385e-05, 1.6323168892995454e-05, 1.7100555851357058e-05, 1.787794280971866e-05, 1.8655329768080264e-05, 1.9432716726441868e-05, 2.021010368480347e-05, 2.0987492462154478e-05, 2.1764877601526678e-05, 2.2542266378877684e-05, 2.3319653337239288e-05, 2.409704029560089e-05]}, "gradients/embedding_user.weight": {"_type": "histogram", "values": [1.0, 0.0, 0.0, 1.0, 0.0, 0.0, 0.0, 2.0, 0.0, 0.0, 3.0, 3.0, 6.0, 2.0, 2.0, 7.0, 6.0, 19.0, 20.0, 37.0, 62.0, 81.0, 151.0, 217.0, 481.0, 839.0, 1828.0, 3948.0, 9811.0, 88138.0, 207298.0, 29731.0, 6294.0, 2897.0, 1328.0, 650.0, 297.0, 165.0, 102.0, 69.0, 41.0, 25.0, 19.0, 11.0, 7.0, 8.0, 3.0, 2.0, 1.0, 3.0, 1.0, 3.0, 0.0, 1.0, 0.0, 0.0, 1.0, 0.0, 0.0, 0.0, 1.0, 0.0, 0.0, 1.0], "bins": [-4.0103591345541645e-06, -3.877923973050201e-06, -3.745488811546238e-06, -3.6130534226685995e-06, -3.4806182611646364e-06, -3.348183099660673e-06, -3.2157477107830346e-06, -3.0833125492790714e-06, -2.9508773877751082e-06, -2.818442226271145e-06, -2.686007064767182e-06, -2.5535716758895433e-06, -2.42113651438558e-06, -2.288701352881617e-06, -2.1562659640039783e-06, -2.023830802500015e-06, -1.891395640996052e-06, -1.7589604794920888e-06, -1.6265252043012879e-06, -1.494089929110487e-06, -1.3616547676065238e-06, -1.2292196061025606e-06, -1.0967843309117598e-06, -9.643490557209589e-07, -8.319138942169957e-07, -6.994786758696137e-07, -5.670434575222316e-07, -4.346082391748496e-07, -3.0217302082746755e-07, -1.6973780248008552e-07, -3.730258413270349e-08, 9.513263421467855e-08, 2.2756785256206058e-07, 3.600030709094426e-07, 4.924382892568246e-07, 6.248735076042067e-07, 7.573087259515887e-07, 8.897439442989707e-07, 1.0221791626463528e-06, 1.1546144378371537e-06, 1.2870495993411168e-06, 1.41948476084508e-06, 1.551920036035881e-06, 1.6843553112266818e-06, 1.816790472730645e-06, 1.949225634234608e-06, 2.0816610231122468e-06, 2.21409618461621e-06, 2.346531346120173e-06, 2.4789665076241363e-06, 2.6114016691280995e-06, 2.743837058005738e-06, 2.8762722195097012e-06, 3.0087073810136644e-06, 3.141142769891303e-06, 3.273577931395266e-06, 3.4060130928992294e-06, 3.5384482544031925e-06, 3.6708834159071557e-06, 3.8033188047847943e-06, 3.935753738915082e-06, 4.068189355166396e-06, 4.200624516670359e-06, 4.3330596781743225e-06, 4.465494839678286e-06]}, "gradients/embedding_item.weight": {"_type": "histogram", "values": [2.0, 1.0, 0.0, 0.0, 0.0, 1.0, 4.0, 1.0, 1.0, 3.0, 3.0, 7.0, 8.0, 9.0, 20.0, 18.0, 29.0, 46.0, 69.0, 83.0, 131.0, 180.0, 273.0, 397.0, 540.0, 887.0, 1250.0, 2008.0, 3036.0, 4729.0, 7787.0, 12017.0, 18467.0, 25358.0, 52118.0, 33762.0, 22101.0, 15553.0, 9832.0, 6270.0, 4045.0, 2472.0, 1541.0, 1091.0, 707.0, 456.0, 325.0, 228.0, 142.0, 85.0, 70.0, 58.0, 39.0, 35.0, 22.0, 11.0, 9.0, 5.0, 5.0, 1.0, 2.0, 1.0, 0.0, 1.0],