{"TOTAL_BEST_METRIC": 0.13582654346490572, "BEST_NDCG@10": 0.021408322708156527, "_timestamp": 1688484925.735717, "_runtime": 5862.645770072937, "_step": 425, "epoch": 329, "Train_Metric_loss": 7.527275507266705, "Train_Reg_loss": 7.523913460807727e-07, "Pos_loss": 9.193354606628418, "Neg_loss": 1.5860933065414429, "Recall@5": 0.011522805452114494, "Recall@10": 0.020870173733012084, "Recall@20": 0.03627667381561551, "NDCG@5": 0.01891946817642737, "NDCG@10": 0.021408322708156527, "NDCG@20": 0.02682909957957974, "Recall@5_total_best": 0.011522805452114494, "Recall@10_total_best": 0.020870173733012084, "Recall@20_total_best": 0.03627667381561551, "ndcg@5_total_best": 0.01891946817642737, "ndcg@10_total_best": 0.021408322708156527, "ndcg@20_total_best": 0.02682909957957974, "EPOCH_ndcg_best": 320, "Recall@5_ndcg_best": 0.011522805452114494, "Recall@10_ndcg_best": 0.020870173733012084, "Recall@20_ndcg_best": 0.03627667381561551, "ndcg@5_ndcg_best": 0.01891946817642737, "ndcg@10_ndcg_best": 0.021408322708156527, "ndcg@20_ndcg_best": 0.02682909957957974, "gradients/mass_i.weight": {"_type": "histogram", "values": [1.0, 0.0, 0.0, 0.0, 0.0, 0.0, 0.0, 0.0, 0.0, 0.0, 0.0, 0.0, 0.0, 0.0, 0.0, 0.0, 1.0, 0.0, 1.0, 0.0, 0.0, 0.0, 0.0, 0.0, 2.0, 0.0, 1.0, 0.0, 1.0, 1.0, 3.0, 0.0, 7.0, 0.0, 10.0, 0.0, 16.0, 1.0, 26.0, 0.0, 60.0, 1.0, 149.0, 0.0, 315.0, 21.0, 570.0, 466.0, 646.0, 2724.0, 1786.0, 29389.0, 725.0, 2821.0, 1119.0, 0.0, 316.0, 0.0, 67.0, 0.0, 13.0, 0.0, 4.0, 1.0], "bins": [-0.00026635589892975986, -0.0002611485542729497, -0.00025594123871997, -0.0002507338940631598, -0.00024552654940634966, -0.0002403192047495395, -0.00023511187464464456, -0.00022990454453974962, -0.00022469719988293946, -0.0002194898552261293, -0.00021428252512123436, -0.00020907519501633942, -0.00020386785035952926, -0.0001986605057027191, -0.00019345317559782416, -0.00018824584549292922, -0.00018303850083611906, -0.0001778311561793089, -0.00017262382607441396, -0.00016741649596951902, -0.00016220915131270885, -0.0001570018066558987, -0.00015179447655100375, -0.00014658714644610882, -0.00014137980178929865, -0.0001361724571324885, -0.00013096512702759355, -0.00012575779692269862, -0.00012055045226588845, -0.0001153431148850359, -0.00011013577750418335, -0.0001049284401233308, -9.972111729439348e-05, -9.451377991354093e-05, -8.930644253268838e-05, -8.409910515183583e-05, -7.889176777098328e-05, -7.368443039013073e-05, -6.847709300927818e-05, -6.326975562842563e-05, -5.806241824757308e-05, -5.285508086672053e-05, -4.764774348586798e-05, -4.244040610501543e-05, -3.7233068724162877e-05, -3.2025731343310326e-05, -2.6818393962457776e-05, -2.1611056581605226e-05, -1.6403719200752676e-05, -1.1196381819900125e-05, -5.989044439047575e-06, -7.817070581950247e-07, 4.4256303226575255e-06, 9.632967703510076e-06, 1.4840305084362626e-05, 2.0047642465215176e-05, 2.5254979846067727e-05, 3.0462317226920277e-05, 3.566965460777283e-05, 4.087699198862538e-05, 4.608432936947793e-05, 5.129166675033048e-05, 5.649900413118303e-05, 6.170634151203558e-05, 6.691367889288813e-05]}, "gradients/mass_u.weight": {"_type": "histogram", "values": [1.0, 0.0, 0.0, 0.0, 0.0, 0.0, 0.0, 1.0, 0.0, 0.0, 0.0, 0.0, 0.0, 0.0, 0.0, 0.0, 0.0, 0.0, 0.0, 0.0, 0.0, 0.0, 0.0, 1.0, 0.0, 2.0, 0.0, 0.0, 1.0, 0.0, 0.0, 1.0, 0.0, 0.0, 0.0, 2.0, 0.0, 0.0, 0.0, 2.0, 0.0, 0.0, 1.0, 1.0, 1.0, 2.0, 0.0, 0.0, 1.0, 4.0, 2.0, 6.0, 6.0, 7.0, 6.0, 6.0, 7.0, 18.0, 26.0, 38.0, 42.0, 114.0, 193.0, 51914.0], "bins": [-0.00047778384760022163, -0.0004703184822574258, -0.00046285311691462994, -0.00045538772246800363, -0.0004479223571252078, -0.00044045699178241193, -0.00043299159733578563, -0.0004255262319929898, -0.00041806086665019393, -0.0004105955013073981, -0.00040313013596460223, -0.0003956647415179759, -0.0003881993761751801, -0.00038073401083238423, -0.0003732686163857579, -0.0003658032510429621, -0.0003583378857001662, -0.0003508725203573704, -0.00034340715501457453, -0.0003359417605679482, -0.0003284763952251524, -0.0003210110298823565, -0.0003135456354357302, -0.00030608027009293437, -0.0002986149047501385, -0.00029114953940734267, -0.0002836841740645468, -0.0002762187796179205, -0.00026875341427512467, -0.0002612880489323288, -0.0002538226544857025, -0.00024635728914290667, -0.00023889192380011082, -0.00023142655845731497, -0.0002239611785626039, -0.00021649579866789281, -0.00020903043332509696, -0.00020156506798230112, -0.00019409968808759004, -0.00018663430819287896, -0.0001791689428500831, -0.00017170357750728726, -0.0001642381976125762, -0.0001567728177178651, -0.00014930745237506926, -0.0001418420870322734, -0.00013437670713756233, -0.00012691132724285126, -0.00011944596190005541, -0.00011198058928130195, -0.00010451521666254848, -9.704984404379502e-05, -8.958447142504156e-05, -8.21190988062881e-05, -7.465372618753463e-05, -6.718835356878117e-05, -5.9722980950027704e-05, -5.225760833127424e-05, -4.479223571252078e-05, -3.7326863093767315e-05, -2.9861490475013852e-05, -2.239611785626039e-05, -1.4930745237506926e-05, -7.465372618753463e-06, 0.0]}, "gradients/embedding_user.weight": {"_type": "histogram", "values": [1.0, 2.0, 2.0, 1.0, 4.0, 3.0, 0.0, 8.0, 6.0, 9.0, 18.0, 20.0, 25.0, 33.0, 59.0, 71.0, 83.0, 98.0, 136.0, 144.0, 174.0, 219.0, 341.0, 500.0, 710.0, 1236.0, 2256.0, 4462.0, 8753.0, 2786648.0, 530476.0, 8083.0, 3856.0, 1986.0, 1058.0, 679.0, 496.0, 332.0, 229.0, 147.0, 132.0, 104.0, 82.0, 80.0, 60.0, 40.0, 34.0, 24.0, 20.0, 5.0, 13.0, 4.0, 5.0, 4.0, 3.0, 1.0, 1.0, 0.0, 3.0, 0.0, 1.0, 1.0, 1.0, 2.0], "bins": [-0.0004000654153060168, -0.0003867016639560461, -0.00037333794170990586, -0.00035997419035993516, -0.00034661043900996447, -0.00033324668765999377, -0.00031988293631002307, -0.00030651921406388283, -0.00029315546271391213, -0.00027979171136394143, -0.0002664279891178012, -0.0002530642377678305, -0.0002397004864178598, -0.0002263367350678891, -0.00021297299826983362, -0.00019960926147177815, -0.00018624551012180746, -0.00017288175877183676, -0.0001595180219737813, -0.00014615428517572582, -0.00013279053382575512, -0.00011942678975174204, -0.00010606304567772895, -9.269930160371587e-05, -7.933555752970278e-05, -6.59718134556897e-05, -5.2608069381676614e-05, -3.924432530766353e-05, -2.5880581233650446e-05, -1.2516837159637362e-05, 8.469069143757224e-07, 1.4210650988388807e-05, 2.757439506240189e-05, 4.0938139136414975e-05, 5.430188321042806e-05, 6.766562728444114e-05, 8.102937135845423e-05, 9.439311543246731e-05, 0.0001077568595064804, 0.00012112060358049348, 0.00013448434765450656, 0.00014784809900447726, 0.00016121183580253273, 0.0001745755726005882, 0.0001879393239505589, 0.0002013030753005296, 0.00021466681209858507, 0.00022803054889664054, 0.00024139430024661124, 0.00025475805159658194, 0.0002681217738427222, 0.0002814855251926929, 0.0002948492765426636, 0.00030821302789263427, 0.00032157677924260497, 0.0003349405014887452, 0.0003483042528387159, 0.0003616680041886866, 0.00037503172643482685, 0.00038839547778479755, 0.00040175922913476825, 0.00041512298048473895, 0.00042848673183470964, 0.0004418504540808499, 0.0004552142054308206]}, "gradients/embedding_item.weight": {"_type": "histogram", "values": [1.0, 0.0, 1.0, 1.0, 1.0, 2.0, 2.0, 3.0, 3.0, 4.0, 12.0, 21.0, 28.0, 46.0, 79.0, 128.0, 237.0, 373.0, 624.0, 1113.0, 2031.0, 3471.0, 6181.0, 11263.0, 19790.0, 34702.0, 57277.0, 94341.0, 160306.0, 292913.0, 563887.0, 606148.0, 345918.0, 181606.0, 106443.0, 63600.0, 38121.0, 22089.0, 12018.0, 6908.0, 3995.0, 2220.0, 1219.0, 724.0, 421.0, 253.0, 135.0, 88.0, 65.0, 31.0, 14.0, 13.0, 3.0, 12.0, 3.0, 4.0, 0.0, 1.0, 2.0, 0.0, 0.0, 0.0, 0.0, 1.0],