{"TOTAL_BEST_METRIC": 1.0033248323657895, "BEST_NDCG@10": 0.12685696587452464, "_timestamp": 1688320763.7403984, "_runtime": 378.3622064590454, "_step": 1192, "epoch": 1000, "Train_Metric_loss": -0.11785839200019836, "Train_Reg_loss": 4.279758140910417e-05, "Pos_loss": -0.19987809658050537, "Neg_loss": 0.18492305278778076, "Recall@5": 0.139503870313759, "Recall@10": 0.20582082428802043, "Recall@20": 0.278200803040699, "NDCG@5": 0.10168022963768912, "NDCG@10": 0.1250690299838203, "NDCG@20": 0.1459613264461556, "Recall@5_total_best": 0.13914571341161194, "Recall@10_total_best": 0.20751329041991273, "Recall@20_total_best": 0.2816403142910498, "ndcg@5_total_best": 0.10198359977083499, "ndcg@10_total_best": 0.12585380516813457, "ndcg@20_total_best": 0.1471881093042455, "EPOCH_ndcg_best": 900, "Recall@5_ndcg_best": 0.13645747788596943, "Recall@10_ndcg_best": 0.20915457038212784, "Recall@20_ndcg_best": 0.2785869949882199, "ndcg@5_ndcg_best": 0.10118651970091226, "ndcg@10_ndcg_best": 0.12685696587452464, "ndcg@20_ndcg_best": 0.14687363039950146, "gradients/mass_i.weight": {"_type": "histogram", "values": [1.0, 0.0, 0.0, 0.0, 0.0, 0.0, 0.0, 0.0, 1.0, 0.0, 0.0, 1.0, 0.0, 0.0, 1.0, 0.0, 0.0, 1.0, 1.0, 0.0, 1.0, 1.0, 6.0, 2.0, 2.0, 0.0, 1.0, 8.0, 5.0, 4.0, 4.0, 7.0, 8.0, 15.0, 14.0, 9.0, 15.0, 28.0, 23.0, 31.0, 51.0, 71.0, 45.0, 65.0, 137.0, 109.0, 56.0, 157.0, 2252.0, 85.0, 146.0, 37.0, 47.0, 40.0, 30.0, 14.0, 14.0, 4.0, 6.0, 4.0, 4.0, 2.0, 0.0, 2.0], "bins": [-0.002475455868989229, -0.002424199366942048, -0.002372942864894867, -0.002321686362847686, -0.0022704298608005047, -0.002219173591583967, -0.0021679168567061424, -0.002116660587489605, -0.002065404085442424, -0.0020141475833952427, -0.0019628910813480616, -0.0019116345793008804, -0.0018603781936690211, -0.00180912169162184, -0.0017578651895746589, -0.0017066086875274777, -0.0016553521854802966, -0.0016040956834331155, -0.0015528391813859344, -0.001501582795754075, -0.001450326293706894, -0.0013990697916597128, -0.0013478132896125317, -0.0012965567875653505, -0.0012453002855181694, -0.0011940437834709883, -0.0011427872814238071, -0.001091530779376626, -0.0010402743937447667, -0.0009890178916975856, -0.0009377613896504045, -0.0008865048876032233, -0.000835248501971364, -0.0007839919999241829, -0.0007327355560846627, -0.0006814790540374815, -0.0006302226101979613, -0.0005789661081507802, -0.0005277096061035991, -0.0004764531331602484, -0.0004251966602168977, -0.00037394018727354705, -0.0003226837143301964, -0.00027142721228301525, -0.00022017073933966458, -0.0001689142663963139, -0.00011765776434913278, -6.64012914057821e-05, -1.514481846243143e-05, 3.6111661756876856e-05, 8.736814197618514e-05, 0.00013862462947145104, 0.00018988110241480172, 0.0002411375753581524, 0.0002923940774053335, 0.0003436505503486842, 0.00039490702329203486, 0.00044616349623538554, 0.0004974199691787362, 0.0005486764712259173, 0.0005999329732730985, 0.0006511894171126187, 0.0007024459191597998, 0.00075370236299932, 0.0008049588650465012]}, "gradients/mass_u.weight": {"_type": "histogram", "values": [1.0, 0.0, 0.0, 0.0, 0.0, 0.0, 0.0, 0.0, 0.0, 0.0, 0.0, 0.0, 1.0, 0.0, 0.0, 0.0, 0.0, 0.0, 0.0, 0.0, 0.0, 0.0, 0.0, 2.0, 0.0, 0.0, 0.0, 0.0, 0.0, 0.0, 0.0, 0.0, 0.0, 0.0, 0.0, 1.0, 1.0, 0.0, 0.0, 0.0, 0.0, 0.0, 0.0, 1.0, 0.0, 2.0, 2.0, 2.0, 2.0, 3.0, 2.0, 4.0, 2.0, 2.0, 5.0, 4.0, 7.0, 11.0, 20.0, 33.0, 69.0, 170.0, 134.0, 5060.0], "bins": [-0.0070390719920396805, -0.006929086521267891, -0.006819101050496101, -0.006709115579724312, -0.006599130108952522, -0.006489144638180733, -0.006379159167408943, -0.006269173696637154, -0.006159188225865364, -0.0060492027550935745, -0.005939217284321785, -0.005829231813549995, -0.005719246342778206, -0.005609260872006416, -0.005499275401234627, -0.005389289930462837, -0.00527930399402976, -0.005169318523257971, -0.005059333052486181, -0.004949347581714392, -0.004839362110942602, -0.004729376640170813, -0.004619391169399023, -0.004509405232965946, -0.004399419762194157, -0.004289434291422367, -0.0041794488206505775, -0.004069463349878788, -0.0039594778791069984, -0.003849492408335209, -0.0037395067047327757, -0.003629521233960986, -0.0035195359960198402, -0.0034095505252480507, -0.003299565054476261, -0.0031895795837044716, -0.003079594112932682, -0.0029696086421608925, -0.0028596229385584593, -0.0027496374677866697, -0.00263965199701488, -0.0025296665262430906, -0.002419681055471301, -0.0023096955846995115, -0.0021997098810970783, -0.0020897244103252888, -0.0019797389395534992, -0.0018697534687817097, -0.0017597679980099201, -0.0016497825272381306, -0.001539797056466341, -0.0014298114692792296, -0.00131982599850744, -0.0012098405277356505, -0.0010998549405485392, -0.0009898694697767496, -0.0008798839990049601, -0.0007698985282331705, -0.00065991299925372, -0.0005499274702742696, -0.00043994199950248003, -0.0003299565287306905, -0.00021997099975124002, -0.00010998547077178955, 0.0]}, "gradients/embedding_user.weight": {"_type": "histogram", "values": [1.0, 1.0, 0.0, 1.0, 0.0, 1.0, 0.0, 0.0, 2.0, 1.0, 3.0, 8.0, 5.0, 6.0, 9.0, 14.0, 10.0, 16.0, 21.0, 30.0, 63.0, 79.0, 101.0, 156.0, 258.0, 421.0, 660.0, 1135.0, 1874.0, 3344.0, 6689.0, 22512.0, 77168.0, 129424.0, 74382.0, 21639.0, 6448.0, 3258.0, 1925.0, 1099.0, 653.0, 410.0, 268.0, 169.0, 114.0, 69.0, 48.0, 30.0, 29.0, 14.0, 10.0, 15.0, 5.0, 4.0, 4.0, 4.0, 2.0, 0.0, 4.0, 2.0, 2.0, 1.0, 0.0, 3.0], "bins": [-4.771796284330776e-06, -4.6292848310258705e-06, -4.486773832468316e-06, -4.3442623791634105e-06, -4.201750925858505e-06, -4.0592394725536e-06, -3.916728473996045e-06, -3.7742170206911396e-06, -3.6317057947599096e-06, -3.4891945688286796e-06, -3.346683115523774e-06, -3.204171889592544e-06, -3.061660663661314e-06, -2.9191492103564087e-06, -2.7766379844251787e-06, -2.6341267584939487e-06, -2.4916153051890433e-06, -2.3491040792578133e-06, -2.206592625952908e-06, -2.064081400021678e-06, -1.9215699467167724e-06, -1.7790587207855424e-06, -1.6365474948543124e-06, -1.4940361552362447e-06, -1.351524815618177e-06, -1.2090134760001092e-06, -1.0665021363820415e-06, -9.239909104508115e-07, -7.814795708327438e-07, -6.38968231214676e-07, -4.964569484400272e-07, -3.5394566566537833e-07, -2.114343260473106e-07, -6.892301485095231e-08, 7.358829634540598e-08, 2.1609960754176427e-07, 3.5861091873812256e-07, 5.011222583561903e-07, 6.436335411308391e-07, 7.86144823905488e-07, 9.286561635235557e-07, 1.0711675031416235e-06, 1.2136788427596912e-06, 1.3561900686909212e-06, 1.498701408308989e-06, 1.6412127479270566e-06, 1.7837239738582866e-06, 1.9262351997895166e-06, 2.068746653094422e-06, 2.211257879025652e-06, 2.3537693323305575e-06, 2.4962805582617875e-06, 2.638792011566693e-06, 2.781303237497923e-06, 2.923814463429153e-06, 3.0663259167340584e-06, 3.2088371426652884e-06, 3.3513483685965184e-06, 3.493859821901424e-06, 3.636371047832654e-06, 3.778882273763884e-06, 3.921393727068789e-06, 4.063905180373695e-06, 4.206416178931249e-06, 4.348927632236155e-06]}, "gradients/embedding_item.weight": {"_type": "histogram", "values": [2.0, 1.0, 3.0, 2.0, 2.0, 4.0, 10.0, 9.0, 7.0, 7.0, 15.0, 17.0, 32.0, 53.0, 62.0, 79.0, 104.0, 137.0, 227.0, 308.0, 449.0, 602.0, 898.0, 1363.0, 2003.0, 3229.0, 4656.0, 7412.0, 11269.0, 17082.0, 23693.0, 45929.0, 38896.0, 22532.0, 16155.0, 10720.0, 6906.0, 4570.0, 2861.0, 1874.0, 1280.0, 820.0, 603.0, 452.0, 268.0, 201.0, 147.0, 112.0, 70.0, 60.0, 45.0, 36.0, 27.0, 7.0, 13.0, 8.0, 12.0, 3.0, 3.0, 3.0, 0.0, 0.0, 1.0, 1.0],