{"TOTAL_BEST_METRIC": 0.8932495961033318, "BEST_NDCG@10": 0.11275601379940356, "_timestamp": 1688319993.1036701, "_runtime": 371.95402908325195, "_step": 1105, "epoch": 1000, "Train_Metric_loss": -9.8669002532959, "Train_Reg_loss": 0.06978278309106827, "Pos_loss": 20.438316345214844, "Neg_loss": -33.884857177734375, "Recall@5": 0.07960008366490831, "Recall@10": 0.12592891959397354, "Recall@20": 0.18352996608142308, "NDCG@5": 0.060341938027467075, "NDCG@10": 0.07608083161493642, "NDCG@20": 0.09266642130734337, "Recall@5_total_best": 0.11905166372138798, "Recall@10_total_best": 0.1820735596785711, "Recall@20_total_best": 0.25508757767413176, "ndcg@5_total_best": 0.09061191652317405, "ndcg@10_total_best": 0.11275601379940356, "ndcg@20_total_best": 0.13366886470666342, "EPOCH_ndcg_best": 20, "Recall@5_ndcg_best": 0.11905166372138798, "Recall@10_ndcg_best": 0.1820735596785711, "Recall@20_ndcg_best": 0.25508757767413176, "ndcg@5_ndcg_best": 0.09061191652317405, "ndcg@10_ndcg_best": 0.11275601379940356, "ndcg@20_ndcg_best": 0.13366886470666342, "gradients/mass_i.weight": {"_type": "histogram", "values": [1.0, 1.0, 1.0, 3.0, 4.0, 3.0, 9.0, 8.0, 13.0, 17.0, 22.0, 38.0, 48.0, 57.0, 60.0, 54.0, 3143.0, 35.0, 10.0, 9.0, 6.0, 7.0, 5.0, 2.0, 3.0, 3.0, 3.0, 0.0, 0.0, 0.0, 0.0, 0.0, 0.0, 0.0, 0.0, 0.0, 0.0, 0.0, 0.0, 0.0, 0.0, 0.0, 0.0, 0.0, 1.0, 0.0, 0.0, 0.0, 1.0, 0.0, 0.0, 0.0, 0.0, 0.0, 0.0, 0.0, 0.0, 0.0, 0.0, 0.0, 0.0, 0.0, 0.0, 1.0], "bins": [-0.0001127954019466415, -0.00010577719513094053, -9.875898831523955e-05, -9.174078877549618e-05, -8.472257468383759e-05, -7.770437514409423e-05, -7.068616832839325e-05, -6.366796151269227e-05, -5.6649754696991295e-05, -4.9631547881290317e-05, -4.261334106558934e-05, -3.559513788786717e-05, -2.857693107216619e-05, -2.155872425646521e-05, -1.454052107874304e-05, -7.5223142630420625e-06, -5.041074473410845e-07, 6.514098458865192e-06, 1.3532304365071468e-05, 2.0550509361783043e-05, 2.756871617748402e-05, 3.4586922993185e-05, 4.160512617090717e-05, 4.862333298660815e-05, 5.5641539802309126e-05, 6.26597466180101e-05, 6.967795343371108e-05, 7.669616024941206e-05, 8.371435978915542e-05, 9.073257388081402e-05, 9.775077342055738e-05, 0.00010476898023625836, 0.00011178720160387456, 0.00011880540841957554, 0.00012582361523527652, 0.00013284181477501988, 0.00013986002886667848, 0.00014687822840642184, 0.0001538964279461652, 0.0001609146420378238, 0.0001679328561294824, 0.00017495105566922575, 0.00018196926976088434, 0.0001889874693006277, 0.0001960056833922863, 0.00020302388293202966, 0.00021004208247177303, 0.00021706029656343162, 0.00022407849610317498, 0.00023109669564291835, 0.00023811490973457694, 0.00024513312382623553, 0.00025215130881406367, 0.00025916952290572226, 0.00026618773699738085, 0.000273205921985209, 0.0002802241360768676, 0.00028724235016852617, 0.0002942605351563543, 0.0003012787492480129, 0.0003082969633396715, 0.0003153151774313301, 0.0003223333624191582, 0.0003293515765108168, 0.0003363697906024754]}, "gradients/mass_u.weight": {"_type": "histogram", "values": [1.0, 0.0, 0.0, 0.0, 0.0, 0.0, 0.0, 0.0, 0.0, 0.0, 0.0, 0.0, 0.0, 0.0, 0.0, 0.0, 0.0, 0.0, 0.0, 0.0, 0.0, 0.0, 0.0, 0.0, 0.0, 0.0, 0.0, 0.0, 0.0, 0.0, 0.0, 0.0, 1.0, 0.0, 0.0, 1.0, 0.0, 0.0, 1.0, 0.0, 0.0, 1.0, 1.0, 1.0, 0.0, 1.0, 0.0, 0.0, 0.0, 0.0, 0.0, 0.0, 3.0, 2.0, 2.0, 4.0, 8.0, 7.0, 2.0, 13.0, 32.0, 66.0, 222.0, 5172.0], "bins": [-0.00019039586186408997, -0.00018742092652246356, -0.00018444599118083715, -0.00018147105583921075, -0.00017849612049758434, -0.00017552118515595794, -0.00017254624981433153, -0.00016957131447270513, -0.00016659637913107872, -0.00016362144378945231, -0.0001606465084478259, -0.0001576715731061995, -0.0001546966377645731, -0.0001517217024229467, -0.00014874676708132029, -0.00014577183173969388, -0.00014279689639806747, -0.00013982196105644107, -0.00013684702571481466, -0.00013387209037318826, -0.00013089715503156185, -0.00012792221968993545, -0.00012494728434830904, -0.00012197234900668263, -0.00011899741366505623, -0.00011602247832342982, -0.00011304754298180342, -0.00011007260764017701, -0.0001070976722985506, -0.0001041227369569242, -0.0001011478016152978, -9.817286627367139e-05, -9.519793093204498e-05, -9.222299559041858e-05, -8.924806024879217e-05, -8.627312490716577e-05, -8.329818956553936e-05, -8.032325422391295e-05, -7.734831888228655e-05, -7.437338354066014e-05, -7.139844819903374e-05, -6.842351285740733e-05, -6.544857751578093e-05, -6.247364217415452e-05, -5.9498706832528114e-05, -5.652377149090171e-05, -5.35488361492753e-05, -5.05739008076489e-05, -4.759896546602249e-05, -4.4624030124396086e-05, -4.164909478276968e-05, -3.8674159441143274e-05, -3.569922409951687e-05, -3.272428875789046e-05, -2.9749353416264057e-05, -2.677441807463765e-05, -2.3799482733011246e-05, -2.082454739138484e-05, -1.7849612049758434e-05, -1.4874676708132029e-05, -1.1899741366505623e-05, -8.924806024879217e-06, -5.9498706832528114e-06, -2.9749353416264057e-06, 0.0]}, "gradients/embedding_user.weight": {"_type": "histogram", "values": [1.0, 0.0, 0.0, 0.0, 0.0, 1.0, 0.0, 0.0, 0.0, 0.0, 0.0, 0.0, 1.0, 0.0, 0.0, 1.0, 0.0, 1.0, 0.0, 1.0, 0.0, 0.0, 0.0, 0.0, 0.0, 1.0, 2.0, 1.0, 6.0, 3.0, 6.0, 6.0, 5.0, 20.0, 24.0, 30.0, 60.0, 144.0, 330.0, 733.0, 2150.0, 13467.0, 304322.0, 28766.0, 2887.0, 905.0, 361.0, 194.0, 77.0, 36.0, 22.0, 16.0, 13.0, 6.0, 11.0, 1.0, 5.0, 2.0, 1.0, 1.0, 1.0, 1.0, 0.0, 2.0], "bins": [-0.0024523925967514515, -0.0023948457092046738, -0.002337298821657896, -0.0022797519341111183, -0.0022222050465643406, -0.002164658159017563, -0.0021071110386401415, -0.0020495641510933638, -0.001992017263546586, -0.0019344703759998083, -0.0018769234884530306, -0.001819376484490931, -0.0017618295969441533, -0.0017042827093973756, -0.0016467358218505979, -0.0015891888178884983, -0.0015316419303417206, -0.0014740950427949429, -0.0014165481552481651, -0.0013590011512860656, -0.0013014542637392879, -0.0012439073761925101, -0.0011863604886457324, -0.0011288134846836329, -0.001071266713552177, -0.0010137198260053992, -0.0009561728802509606, -0.0008986259927041829, -0.0008410790469497442, -0.0007835321594029665, -0.0007259852718561888, -0.0006684383261017501, -0.0006108913803473115, -0.0005533444928005338, -0.0004957975470460951, -0.0004382506594993174, -0.00038070371374487877, -0.00032315682619810104, -0.00026560990954749286, -0.00020806299289688468, -0.0001505160762462765, -9.296915959566832e-05, -3.542225022101775e-05, 2.212465915363282e-05, 7.9671575804241e-05, 0.00013721847790293396, 0.00019476539455354214, 0.0002523123112041503, 0.0003098592278547585, 0.0003674061445053667, 0.00042495306115597486, 0.0004824999487027526, 0.0005400468944571912, 0.000597593782003969, 0.0006551407277584076, 0.0007126876153051853, 0.000770234502851963, 0.0008277813903987408, 0.0008853283361531794, 0.0009428752236999571, 0.0010004221694543958, 0.0010579690570011735, 0.0011155159445479512, 0.0011730629485100508, 0.0012306098360568285]}, "gradients/embedding_item.weight": {"_type": "histogram", "values": [1.0, 0.0, 0.0, 0.0, 0.0, 0.0, 0.0, 1.0, 0.0, 2.0, 0.0, 6.0, 6.0, 7.0, 9.0, 11.0, 14.0, 31.0, 23.0, 43.0, 70.0, 92.0, 147.0, 195.0, 239.0, 414.0, 564.0, 952.0, 1634.0, 3182.0, 6917.0, 21877.0, 127671.0, 43787.0, 10766.0, 4196.0, 2035.0, 1262.0, 742.0, 445.0, 270.0, 212.0, 150.0, 116.0, 68.0, 73.0, 37.0, 30.0, 18.0, 11.0, 4.0, 5.0, 4.0, 4.0, 3.0, 1.0, 0.0, 0.0, 0.0, 2.0, 1.0, 0.0, 1.0, 1.0],