{"TOTAL_BEST_METRIC": 0.1432798216187916, "BEST_NDCG@10": 0.021920095463525913, "_timestamp": 1688530648.56184, "_runtime": 8975.903371095657, "_step": 681, "epoch": 525, "Train_Metric_loss": 5.385949217356169, "Train_Reg_loss": 2.0298805371619613e-07, "Pos_loss": 9.149192810058594, "Neg_loss": 1.6083694696426392, "Recall@5": 0.012722059310571333, "Recall@10": 0.022730174360709017, "Recall@20": 0.0391012481088258, "NDCG@5": 0.01881784352792554, "NDCG@10": 0.021920095463525913, "NDCG@20": 0.027988400847234005, "Recall@5_total_best": 0.012722059310571333, "Recall@10_total_best": 0.022730174360709017, "Recall@20_total_best": 0.0391012481088258, "ndcg@5_total_best": 0.01881784352792554, "ndcg@10_total_best": 0.021920095463525913, "ndcg@20_total_best": 0.027988400847234005, "EPOCH_ndcg_best": 520, "Recall@5_ndcg_best": 0.012722059310571333, "Recall@10_ndcg_best": 0.022730174360709017, "Recall@20_ndcg_best": 0.0391012481088258, "ndcg@5_ndcg_best": 0.01881784352792554, "ndcg@10_ndcg_best": 0.021920095463525913, "ndcg@20_ndcg_best": 0.027988400847234005, "gradients/mass_i.weight": {"_type": "histogram", "values": [1.0, 0.0, 0.0, 0.0, 1.0, 1.0, 0.0, 3.0, 0.0, 0.0, 0.0, 1.0, 0.0, 1.0, 0.0, 0.0, 0.0, 0.0, 0.0, 3.0, 1.0, 1.0, 2.0, 1.0, 1.0, 2.0, 1.0, 1.0, 2.0, 5.0, 3.0, 6.0, 8.0, 5.0, 14.0, 12.0, 10.0, 14.0, 20.0, 16.0, 33.0, 30.0, 28.0, 77.0, 65.0, 72.0, 207.0, 179.0, 97.0, 821.0, 540.0, 286.0, 3225.0, 1632.0, 662.0, 28566.0, 3133.0, 1065.0, 312.0, 2.0, 76.0, 11.0, 7.0, 2.0], "bins": [-0.000404458143748343, -0.0003971302940044552, -0.0003898024733643979, -0.0003824746236205101, -0.0003751468029804528, -0.000367818953236565, -0.00036049113259650767, -0.0003531632828526199, -0.00034583546221256256, -0.0003385076124686748, -0.00033117979182861745, -0.00032385194208472967, -0.00031652412144467235, -0.00030919627170078456, -0.00030186845106072724, -0.00029454060131683946, -0.00028721278067678213, -0.00027988493093289435, -0.000272557110292837, -0.00026522926054894924, -0.0002579014399088919, -0.00025057359016500413, -0.0002432457695249468, -0.00023591793433297426, -0.00022859008458908647, -0.00022126224939711392, -0.00021393441420514137, -0.0002066065790131688, -0.00019927874382119626, -0.0001919509086292237, -0.00018462307343725115, -0.0001772952382452786, -0.00016996738850139081, -0.00016263955330941826, -0.0001553117181174457, -0.00014798388292547315, -0.0001406560477335006, -0.00013332821254152805, -0.0001260003773495555, -0.00011867254215758294, -0.00011134470696561038, -0.00010401687177363783, -9.668903658166528e-05, -8.936120138969272e-05, -8.203336619772017e-05, -7.470553100574762e-05, -6.737769581377506e-05, -6.00498569838237e-05, -5.2722025429829955e-05, -4.53941902378574e-05, -3.806635504588485e-05, -3.0738519853912294e-05, -2.3410682842950337e-05, -1.608284583198838e-05, -8.755010640015826e-06, -1.427175448043272e-06, 5.900659743929282e-06, 1.3228494935901836e-05, 2.055633012787439e-05, 2.7884167138836347e-05, 3.5212004149798304e-05, 4.253983934177086e-05, 4.986767453374341e-05, 5.7195509725715965e-05, 6.452334491768852e-05]}, "gradients/mass_u.weight": {"_type": "histogram", "values": [1.0, 0.0, 0.0, 0.0, 0.0, 0.0, 0.0, 0.0, 0.0, 0.0, 0.0, 0.0, 1.0, 2.0, 0.0, 1.0, 0.0, 0.0, 0.0, 0.0, 0.0, 1.0, 0.0, 0.0, 0.0, 0.0, 0.0, 1.0, 0.0, 0.0, 0.0, 1.0, 0.0, 0.0, 3.0, 0.0, 1.0, 0.0, 0.0, 1.0, 3.0, 4.0, 1.0, 3.0, 0.0, 1.0, 2.0, 2.0, 8.0, 1.0, 5.0, 12.0, 6.0, 17.0, 4.0, 9.0, 19.0, 31.0, 39.0, 66.0, 98.0, 121.0, 70.0, 51871.0], "bins": [-0.0037203498650342226, -0.0036622195038944483, -0.0036040889099240303, -0.003545958548784256, -0.003487827954813838, -0.0034296975936740637, -0.0033715669997036457, -0.0033134366385638714, -0.0032553060445934534, -0.003197175683453679, -0.003139045089483261, -0.003080914728343487, -0.003022784134373069, -0.0029646537732332945, -0.0029065231792628765, -0.002848392818123102, -0.002790262456983328, -0.0027321320958435535, -0.0026740015018731356, -0.0026158711407333612, -0.0025577405467629433, -0.002499610185623169, -0.002441479591652751, -0.0023833492305129766, -0.0023252186365425587, -0.0022670882754027843, -0.0022089576814323664, -0.002150827320292592, -0.002092696726322174, -0.0020345663651823997, -0.0019764357712119818, -0.0019183054100722075, -0.0018601749325171113, -0.0018020444549620152, -0.001743913977406919, -0.0016857834998518229, -0.0016276530222967267, -0.0015695225447416306, -0.0015113921836018562, -0.00145326170604676, -0.001395131228491664, -0.0013370007509365678, -0.0012788702733814716, -0.0012207397958263755, -0.0011626093182712793, -0.001104478957131505, -0.001046348363161087, -0.0009882180020213127, -0.0009300874662585557, -0.0008719569887034595, -0.0008138265111483634, -0.0007556960918009281, -0.000697565614245832, -0.0006394351366907358, -0.0005813046591356397, -0.0005231741815805435, -0.0004650437331292778, -0.0004069132555741817, -0.000348782807122916, -0.00029065232956781983, -0.0002325218665646389, -0.000174391403561458, -0.00011626092600636184, -5.813047755509615e-05, 0.0]}, "gradients/embedding_user.weight": {"_type": "histogram", "values": [1.0, 0.0, 0.0, 0.0, 3.0, 1.0, 1.0, 4.0, 4.0, 0.0, 0.0, 0.0, 3.0, 0.0, 3.0, 0.0, 3.0, 2.0, 0.0, 1.0, 4.0, 9.0, 15.0, 22.0, 40.0, 59.0, 111.0, 183.0, 409.0, 1384.0, 9149.0, 3336456.0, 4462.0, 953.0, 324.0, 151.0, 75.0, 57.0, 27.0, 19.0, 11.0, 5.0, 5.0, 2.0, 1.0, 4.0, 3.0, 4.0, 3.0, 1.0, 2.0, 0.0, 0.0, 2.0, 1.0, 0.0, 0.0, 3.0, 1.0, 0.0, 0.0, 0.0, 0.0, 1.0], "bins": [-0.0009608372347429395, -0.000930200272705406, -0.0008995633106678724, -0.0008689263486303389, -0.0008382893865928054, -0.000807652366347611, -0.0007770154043100774, -0.0007463784422725439, -0.0007157414802350104, -0.0006851045181974769, -0.0006544675561599433, -0.0006238305941224098, -0.0005931935738772154, -0.0005625566700473428, -0.0005319196498021483, -0.0005012826877646148, -0.0004706457257270813, -0.0004400087636895478, -0.00040937180165201426, -0.0003787348105106503, -0.00034809784847311676, -0.00031746088643558323, -0.00028682389529421926, -0.00025618693325668573, -0.0002255499712191522, -0.0001949130091816187, -0.00016427603259216994, -0.0001336390560027212, -0.00010300209396518767, -7.236513192765415e-05, -4.17281553382054e-05, -1.1091178748756647e-05, 1.9545666873455048e-05, 5.0182636186946183e-05, 8.081960550043732e-05, 0.00011145657481392846, 0.0001420935441274196, 0.0001727305061649531, 0.00020336748275440186, 0.0002340044593438506, 0.00026464142138138413, 0.00029527838341891766, 0.0003259153454564512, 0.00035655233659781516, 0.0003871892986353487, 0.0004178262606728822, 0.0004484632518142462, 0.0004791002138517797, 0.0005097371758893132, 0.0005403741379268467, 0.0005710110999643803, 0.0006016480620019138, 0.0006322850240394473, 0.0006629220442846417, 0.0006935590063221753, 0.0007241959683597088, 0.0007548329303972423, 0.0007854698924347758, 0.0008161068544723094, 0.0008467438165098429, 0.0008773808367550373, 0.0009080177405849099, 0.0009386547608301044, 0.0009692917228676379, 0.0009999286849051714]}, "gradients/embedding_item.weight": {"_type": "histogram", "values": [2.0, 0.0, 3.0, 2.0, 3.0, 4.0, 6.0, 8.0, 7.0, 9.0, 9.0, 17.0, 24.0, 25.0, 34.0, 61.0, 85.0, 89.0, 138.0, 206.0, 312.0, 469.0, 723.0, 1302.0, 2269.0, 4089.0, 7964.0, 17019.0, 42187.0, 137395.0, 489203.0, 1479067.0, 311402.0, 90297.0, 29772.0, 12710.0, 5952.0, 3217.0, 1760.0, 1075.0, 633.0, 397.0, 269.0, 174.0, 108.0, 85.0, 71.0, 70.0, 42.0, 28.0, 20.0, 18.0, 14.0, 9.0, 8.0, 8.0, 5.0, 6.0, 5.0, 4.0, 0.0, 4.0, 0.0, 2.0],