{"TOTAL_BEST_METRIC": 0.2663944188263798, "BEST_NDCG@10": 0.03756869726788128, "_timestamp": 1688567655.5725892, "_runtime": 13418.39258313179, "_step": 730, "epoch": 656, "Train_Metric_loss": 3.5905174545406067, "Train_Reg_loss": 0.0004903895263776145, "Pos_loss": 9.738776206970215, "Neg_loss": 0.1849105805158615, "Recall@5": 0.02499436414253436, "Recall@10": 0.044345756309420156, "Recall@20": 0.07669168587456757, "NDCG@5": 0.029428746642696665, "NDCG@10": 0.03619358315393959, "NDCG@20": 0.04742567915585352, "Recall@5_total_best": 0.02603029043814356, "Recall@10_total_best": 0.04566862800151763, "Recall@20_total_best": 0.07791843685878518, "ndcg@5_total_best": 0.03069188453843841, "ndcg@10_total_best": 0.0374762489932701, "ndcg@20_total_best": 0.0486089299962249, "EPOCH_ndcg_best": 40, "Recall@5_ndcg_best": 0.026381495306369282, "Recall@10_ndcg_best": 0.04608935584527467, "Recall@20_ndcg_best": 0.07709191418006199, "ndcg@5_ndcg_best": 0.03062851259280854, "ndcg@10_ndcg_best": 0.03756869726788128, "ndcg@20_ndcg_best": 0.0483487127985709, "gradients/mass_i.weight": {"_type": "histogram", "values": [1.0, 0.0, 0.0, 0.0, 0.0, 0.0, 1.0, 1.0, 0.0, 0.0, 0.0, 0.0, 0.0, 0.0, 0.0, 0.0, 0.0, 0.0, 0.0, 0.0, 2.0, 0.0, 1.0, 4.0, 0.0, 0.0, 2.0, 4.0, 4.0, 10.0, 6.0, 13.0, 11.0, 16.0, 26.0, 37.0, 75.0, 143.0, 330.0, 774.0, 46072.0, 339.0, 167.0, 88.0, 47.0, 31.0, 18.0, 19.0, 11.0, 12.0, 8.0, 7.0, 2.0, 0.0, 1.0, 1.0, 1.0, 1.0, 2.0, 2.0, 1.0, 0.0, 0.0, 3.0], "bins": [-8.736588642932475e-05, -8.520967821823433e-05, -8.305347000714391e-05, -8.089726907201111e-05, -7.87410608609207e-05, -7.658485264983028e-05, -7.442864443873987e-05, -7.227243622764945e-05, -7.011622801655903e-05, -6.796001980546862e-05, -6.58038115943782e-05, -6.364760338328779e-05, -6.149140244815499e-05, -5.933519423706457e-05, -5.7178986025974154e-05, -5.502277781488374e-05, -5.286657324177213e-05, -5.0710365030681714e-05, -4.8554160457570106e-05, -4.639795224647969e-05, -4.4241744035389274e-05, -4.208553582429886e-05, -3.992933125118725e-05, -3.7773123040096834e-05, -3.5616918466985226e-05, -3.346071025589481e-05, -3.13045056827832e-05, -2.9148297471692786e-05, -2.699208926060237e-05, -2.4835882868501358e-05, -2.2679676476400346e-05, -2.052346826530993e-05, -1.8367260054219514e-05, -1.6211053662118502e-05, -1.4054845451028086e-05, -1.1898639058927074e-05, -9.74243175733136e-06, -7.586224455735646e-06, -5.430018063634634e-06, -3.27381076203892e-06, -1.1176034604432061e-06, 1.0386036137788324e-06, 3.194810688000871e-06, 5.351017534849234e-06, 7.507224836444948e-06, 9.663432138040662e-06, 1.1819638530141674e-05, 1.3975845831737388e-05, 1.6132053133333102e-05, 1.8288259525434114e-05, 2.044446773652453e-05, 2.2600674128625542e-05, 2.4756882339715958e-05, 2.691308873181697e-05, 2.9069295123917982e-05, 3.12255033350084e-05, 3.3381707908120006e-05, 3.553791611921042e-05, 3.769412069232203e-05, 3.9850328903412446e-05, 4.200653711450286e-05, 4.416274168761447e-05, 4.6318949898704886e-05, 4.84751581097953e-05, 5.063136632088572e-05]}, "gradients/mass_u.weight": {"_type": "histogram", "values": [1.0, 0.0, 0.0, 0.0, 1.0, 0.0, 0.0, 0.0, 0.0, 0.0, 0.0, 0.0, 0.0, 0.0, 0.0, 0.0, 0.0, 0.0, 0.0, 0.0, 1.0, 1.0, 0.0, 1.0, 0.0, 0.0, 0.0, 0.0, 1.0, 0.0, 0.0, 2.0, 0.0, 1.0, 0.0, 1.0, 0.0, 5.0, 0.0, 2.0, 1.0, 1.0, 3.0, 2.0, 4.0, 4.0, 3.0, 3.0, 1.0, 3.0, 8.0, 11.0, 14.0, 8.0, 6.0, 20.0, 19.0, 28.0, 62.0, 61.0, 131.0, 77.0, 12.0, 96963.0], "bins": [-6.669736467301846e-05, -6.565521471202374e-05, -6.461307202698663e-05, -6.357092934194952e-05, -6.25287793809548e-05, -6.148662941996008e-05, -6.0444486734922975e-05, -5.940234041190706e-05, -5.836019408889115e-05, -5.7318047765875235e-05, -5.627590144285932e-05, -5.523375511984341e-05, -5.4191608796827495e-05, -5.314946247381158e-05, -5.210731615079567e-05, -5.1065169827779755e-05, -5.002302350476384e-05, -4.898087718174793e-05, -4.7938730858732015e-05, -4.68965845357161e-05, -4.585443821270019e-05, -4.4812291889684275e-05, -4.377014556666836e-05, -4.272799924365245e-05, -4.1685852920636535e-05, -4.064370659762062e-05, -3.960156027460471e-05, -3.8559413951588795e-05, -3.751726762857288e-05, -3.647512130555697e-05, -3.5432974982541054e-05, -3.439082865952514e-05, -3.334868233650923e-05, -3.2306536013493314e-05, -3.12643896904774e-05, -3.0222243367461488e-05, -2.9180097044445574e-05, -2.813795072142966e-05, -2.7095804398413748e-05, -2.6053658075397834e-05, -2.501151175238192e-05, -2.3969365429366007e-05, -2.2927219106350094e-05, -2.188507278333418e-05, -2.0842926460318267e-05, -1.9800780137302354e-05, -1.875863381428644e-05, -1.7716487491270527e-05, -1.6674341168254614e-05, -1.56321948452387e-05, -1.4590048522222787e-05, -1.3547902199206874e-05, -1.250575587619096e-05, -1.1463609553175047e-05, -1.0421463230159134e-05, -9.37931690714322e-06, -8.337170584127307e-06, -7.2950242611113936e-06, -6.25287793809548e-06, -5.210731615079567e-06, -4.1685852920636535e-06, -3.12643896904774e-06, -2.0842926460318267e-06, -1.0421463230159134e-06, 0.0]}, "gradients/embedding_user.weight": {"_type": "histogram", "values": [1.0, 0.0, 1.0, 0.0, 0.0, 0.0, 1.0, 1.0, 1.0, 1.0, 1.0, 2.0, 1.0, 1.0, 3.0, 13.0, 12.0, 13.0, 21.0, 27.0, 33.0, 39.0, 64.0, 80.0, 136.0, 188.0, 260.0, 428.0, 628.0, 1175.0, 2464.0, 4691.0, 8982.0, 2145516.0, 4052352.0, 9434.0, 5216.0, 2472.0, 1333.0, 658.0, 441.0, 280.0, 156.0, 119.0, 80.0, 59.0, 45.0, 35.0, 28.0, 18.0, 12.0, 12.0, 3.0, 5.0, 6.0, 3.0, 1.0, 7.0, 3.0, 3.0, 0.0, 1.0, 1.0, 1.0], "bins": [-0.0012310082092881203, -0.0011948407627642155, -0.0011586734326556325, -0.0011225059861317277, -0.0010863386560231447, -0.00105017120949924, -0.001014003879390657, -0.0009778364328667521, -0.0009416690445505083, -0.0009055016562342644, -0.0008693342679180205, -0.0008331668796017766, -0.0007969994330778718, -0.0007608321029692888, -0.000724664656445384, -0.0006884972681291401, -0.0006523298798128963, -0.0006161624914966524, -0.0005799951031804085, -0.0005438277148641646, -0.0005076603265479207, -0.00047149290912784636, -0.000435325491707772, -0.00039915810339152813, -0.00036299071507528424, -0.00032682332675904036, -0.00029065593844279647, -0.0002544885210227221, -0.00021832113270647824, -0.00018215374439023435, -0.00014598634152207524, -0.00010981893865391612, -7.36514339223504e-05, -3.7484038330148906e-05, -1.3166427379474044e-06, 3.48507528542541e-05, 7.10181484464556e-05, 0.00010718553676269948, 0.0001433529396308586, 0.00017952034249901772, 0.0002156877308152616, 0.0002518551191315055, 0.0002880225074477494, 0.0003241899248678237, 0.0003603573131840676, 0.0003965247015003115, 0.00043269211892038584, 0.0004688595072366297, 0.0005050268955528736, 0.0005411942838691175, 0.0005773616721853614, 0.0006135290605016053, 0.0006496964488178492, 0.000685863895341754, 0.0007220312836579978, 0.0007581986719742417, 0.0007943660602904856, 0.0008305334486067295, 0.0008667008369229734, 0.0009028682252392173, 0.0009390356717631221, 0.0009752030018717051, 0.0010113704483956099, 0.0010475378949195147, 0.0010837052250280976]}, "gradients/embedding_item.weight": {"_type": "histogram", "values": [1.0, 0.0, 0.0, 0.0, 0.0, 1.0, 2.0, 1.0, 1.0, 1.0, 2.0, 4.0, 7.0, 7.0, 8.0, 3.0, 11.0, 17.0, 17.0, 18.0, 44.0, 70.0, 91.0, 172.0, 266.0, 567.0, 987.0, 1894.0, 4016.0, 9191.0, 24073.0, 74796.0, 266302.0, 2322763.0, 267408.0, 76453.0, 24340.0, 9278.0, 4009.0, 1917.0, 921.0, 457.0, 270.0, 148.0, 87.0, 59.0, 39.0, 26.0, 10.0, 16.0, 6.0, 6.0, 5.0, 6.0, 4.0, 5.0, 3.0, 4.0, 1.0, 0.0, 1.0, 2.0, 0.0, 2.0],