{"TOTAL_BEST_METRIC": 1.0476684333851907, "BEST_NDCG@10": 0.1334285335676832, "_timestamp": 1688321606.849506, "_runtime": 476.7080810070038, "_step": 1120, "epoch": 1000, "Train_Metric_loss": NaN, "Train_Reg_loss": NaN, "Pos_loss": NaN, "Neg_loss": NaN, "Recall@5": 0.0007852166725705515, "Recall@10": 0.003778486243948518, "Recall@20": 0.005806892363746774, "NDCG@5": 0.000556356529533085, "NDCG@10": 0.0016257618776651963, "NDCG@20": 0.002209725865082795, "Recall@5_total_best": 0.14490758576977045, "Recall@10_total_best": 0.21171623904369027, "Recall@20_total_best": 0.2954577208737117, "ndcg@5_total_best": 0.10805454026859314, "ndcg@10_total_best": 0.13190605185737977, "ndcg@20_total_best": 0.1556262955720453, "EPOCH_ndcg_best": 140, "Recall@5_ndcg_best": 0.14449841539513777, "Recall@10_ndcg_best": 0.21690665023835226, "Recall@20_ndcg_best": 0.2899081195168784, "ndcg@5_ndcg_best": 0.1080660668222088, "ndcg@10_ndcg_best": 0.1334285335676832, "ndcg@20_ndcg_best": 0.15413906614052925, "gradients/mass_i.weight": {"_type": "histogram", "values": [1.0, 1.0, 0.0, 0.0, 0.0, 0.0, 0.0, 0.0, 2.0, 2.0, 2.0, 1.0, 0.0, 2.0, 4.0, 7.0, 6.0, 7.0, 19.0, 26.0, 29.0, 23.0, 27.0, 46.0, 56.0, 32.0, 40.0, 34.0, 3119.0, 30.0, 16.0, 10.0, 5.0, 2.0, 3.0, 3.0, 1.0, 1.0, 1.0, 0.0, 5.0, 0.0, 1.0, 0.0, 0.0, 0.0, 1.0, 0.0, 0.0, 0.0, 0.0, 0.0, 0.0, 1.0, 0.0, 0.0, 0.0, 0.0, 0.0, 0.0, 1.0, 0.0, 0.0, 1.0], "bins": [-0.00011401410301914439, -0.0001099749279092066, -0.0001059357455233112, -0.00010189657041337341, -9.785739530343562e-05, -9.381822019349784e-05, -8.977904508356005e-05, -8.573986269766465e-05, -8.170068758772686e-05, -7.766151247778907e-05, -7.362233009189367e-05, -6.958315498195589e-05, -6.55439798720181e-05, -6.150480476208031e-05, -5.746562601416372e-05, -5.3426447266247123e-05, -4.9387272156309336e-05, -4.534809704637155e-05, -4.1308918298454955e-05, -3.726973955053836e-05, -3.3230564440600574e-05, -2.9191387511673383e-05, -2.5152210582746193e-05, -2.1113033653819002e-05, -1.707385672489181e-05, -1.3034679795964621e-05, -8.99550286703743e-06, -4.95632593811024e-06, -9.171490091830492e-07, 3.1220279197441414e-06, 7.161204848671332e-06, 1.1200381777598523e-05, 1.5239551430568099e-05, 1.927872835949529e-05, 2.331790528842248e-05, 2.735708221734967e-05, 3.139625914627686e-05, 3.543543425621465e-05, 3.947461300413124e-05, 4.351379175204784e-05, 4.7552966861985624e-05, 5.159214197192341e-05, 5.5631320719840005e-05, 5.96704994677566e-05, 6.370967457769439e-05, 6.774884968763217e-05, 7.178803207352757e-05, 7.582720718346536e-05, 7.986638229340315e-05, 8.390555740334094e-05, 8.794473251327872e-05, 9.198391489917412e-05, 9.602309000911191e-05, 0.0001000622651190497, 0.0001041014475049451, 0.00010814062261488289, 0.00011217979772482067, 0.00011621897283475846, 0.00012025814794469625, 0.00012429732305463403, 0.00012833651271648705, 0.00013237568782642484, 0.00013641486293636262, 0.0001404540380463004, 0.0001444932131562382]}, "gradients/mass_u.weight": {"_type": "histogram", "values": [1.0, 0.0, 0.0, 0.0, 0.0, 0.0, 0.0, 0.0, 0.0, 0.0, 0.0, 0.0, 0.0, 0.0, 0.0, 0.0, 0.0, 0.0, 0.0, 0.0, 0.0, 0.0, 0.0, 0.0, 0.0, 0.0, 0.0, 0.0, 0.0, 0.0, 0.0, 0.0, 0.0, 0.0, 0.0, 1.0, 1.0, 0.0, 1.0, 0.0, 0.0, 0.0, 0.0, 0.0, 0.0, 0.0, 0.0, 0.0, 0.0, 0.0, 1.0, 3.0, 5.0, 0.0, 2.0, 5.0, 8.0, 5.0, 18.0, 25.0, 25.0, 93.0, 242.0, 5105.0], "bins": [-0.0003273827023804188, -0.00032226735493168235, -0.0003171520074829459, -0.00031203663093037903, -0.0003069212834816426, -0.0003018059360329062, -0.0002966905594803393, -0.00029157521203160286, -0.00028645986458286643, -0.00028134451713413, -0.00027622916968539357, -0.0002711137931328267, -0.00026599844568409026, -0.00026088309823535383, -0.00025576772168278694, -0.0002506523742340505, -0.0002455370267853141, -0.00024042167933657765, -0.000235306317335926, -0.00023019095533527434, -0.0002250756078865379, -0.00021996026043780148, -0.00021484489843714982, -0.00020972953643649817, -0.00020461418898776174, -0.0001994988415390253, -0.00019438347953837365, -0.000189268117537722, -0.00018415277008898556, -0.00017903742264024913, -0.00017392206063959748, -0.00016880669863894582, -0.0001636913511902094, -0.00015857600374147296, -0.0001534606417408213, -0.00014834527974016964, -0.00014322993229143322, -0.00013811458484269679, -0.00013299922284204513, -0.00012788386084139347, -0.00012276851339265704, -0.000117653158667963, -0.00011253780394326895, -0.00010742244921857491, -0.00010230709449388087, -9.719173976918682e-05, -9.207638504449278e-05, -8.696103031979874e-05, -8.18456755951047e-05, -7.673032087041065e-05, -7.161496614571661e-05, -6.649961142102256e-05, -6.138425669632852e-05, -5.626890197163448e-05, -5.1153547246940434e-05, -4.603819252224639e-05, -4.092283779755235e-05, -3.5807483072858304e-05, -3.069212834816426e-05, -2.5576773623470217e-05, -2.0461418898776174e-05, -1.534606417408213e-05, -1.0230709449388087e-05, -5.115354724694043e-06, 0.0]}, "gradients/embedding_user.weight": {"_type": "histogram", "values": [0.0, 0.0, 0.0, 0.0, 0.0, 0.0, 0.0, 0.0, 0.0, 0.0, 0.0, 0.0, 0.0, 0.0, 0.0, 0.0, 0.0, 0.0, 0.0, 0.0, 0.0, 0.0, 0.0, 0.0, 0.0, 0.0, 0.0, 0.0, 0.0, 0.0, 0.0, 0.0, 3392.0, 0.0, 0.0, 0.0, 0.0, 0.0, 0.0, 0.0, 0.0, 0.0, 0.0, 0.0, 0.0, 0.0, 0.0, 0.0, 0.0, 0.0, 0.0, 0.0, 0.0, 0.0, 0.0, 0.0, 0.0, 0.0, 0.0, 0.0, 0.0, 0.0, 0.0, 0.0], "bins": [0.0, 0.0, 0.0, 0.0, 0.0, 0.0, 0.0, 0.0, 0.0, 0.0, 0.0, 0.0, 0.0, 0.0, 0.0, 0.0, 0.0, 0.0, 0.0, 0.0, 0.0, 0.0, 0.0, 0.0, 0.0, 0.0, 0.0, 0.0, 0.0, 0.0, 0.0, 0.0, 0.0, 0.0, 0.0, 0.0, 0.0, 0.0, 0.0, 0.0, 0.0, 0.0, 0.0, 0.0, 0.0, 0.0, 0.0, 0.0, 0.0, 0.0, 0.0, 0.0, 0.0, 0.0, 0.0, 0.0, 0.0, 0.0, 0.0, 0.0, 0.0, 0.0, 0.0, 0.0, 0.0]}, "_wandb": {"runtime": 475}}