{"TOTAL_BEST_METRIC": 0.4991906442044394, "BEST_NDCG@10": 0.06051248394056375, "_timestamp": 1688615223.0506206, "_runtime": 1867.5909056663513, "_step": 1134, "epoch": 1000, "Train_Metric_loss": 1.7155907664980208, "Train_Reg_loss": 0.0001412190613336861, "Pos_loss": 8.441061973571777, "Neg_loss": 0.1512448489665985, "Recall@5": 0.06457733616578724, "Recall@10": 0.10006981261948708, "Recall@20": 0.14632906163697149, "NDCG@5": 0.047085146284522, "NDCG@10": 0.059472500604407265, "NDCG@20": 0.07263678530275013, "Recall@5_total_best": 0.06641448866837997, "Recall@10_total_best": 0.10314718214449453, "Recall@20_total_best": 0.14874823414933075, "ndcg@5_total_best": 0.04729827808108391, "ndcg@10_total_best": 0.06028258313255383, "ndcg@20_total_best": 0.07329987802859643, "EPOCH_ndcg_best": 190, "Recall@5_ndcg_best": 0.06569078128164692, "Recall@10_ndcg_best": 0.10080656077037838, "Recall@20_ndcg_best": 0.14577036184270153, "ndcg@5_ndcg_best": 0.04815462623273813, "ndcg@10_ndcg_best": 0.06051248394056375, "ndcg@20_ndcg_best": 0.07337530066418481, "gradients/mass_i.weight": {"_type": "histogram", "values": [1.0, 1.0, 1.0, 0.0, 1.0, 1.0, 2.0, 3.0, 3.0, 3.0, 3.0, 1.0, 12.0, 14.0, 3.0, 14.0, 28.0, 36.0, 27.0, 46.0, 69.0, 88.0, 167.0, 217.0, 206.0, 219.0, 6689.0, 91.0, 192.0, 242.0, 112.0, 79.0, 41.0, 38.0, 18.0, 12.0, 8.0, 9.0, 4.0, 2.0, 5.0, 1.0, 0.0, 1.0, 0.0, 0.0, 0.0, 0.0, 1.0, 0.0, 0.0, 0.0, 1.0, 0.0, 0.0, 0.0, 0.0, 0.0, 0.0, 0.0, 0.0, 0.0, 0.0, 1.0], "bins": [-0.00033494504168629646, -0.00032251307857222855, -0.00031008111545816064, -0.0002976491814479232, -0.00028521721833385527, -0.00027278525521978736, -0.0002603533212095499, -0.000247921358095482, -0.00023548939498141408, -0.00022305743186734617, -0.00021062548330519348, -0.0001981935347430408, -0.0001857615716289729, -0.00017332960851490498, -0.0001608976599527523, -0.0001484657113905996, -0.0001360337482765317, -0.00012360178516246378, -0.0001111698366003111, -9.87378807622008e-05, -8.63059249240905e-05, -7.38739690859802e-05, -6.144201324786991e-05, -4.901005740975961e-05, -3.657810157164931e-05, -2.4146145733539015e-05, -1.1714189895428717e-05, 7.177659426815808e-07, 1.3149721780791879e-05, 2.5581677618902177e-05, 3.8013633457012475e-05, 5.044558929512277e-05, 6.287757423706353e-05, 7.530953007517383e-05, 8.774148591328412e-05, 0.00010017344175139442, 0.00011260539758950472, 0.00012503736070357263, 0.00013746930926572531, 0.000149901257827878, 0.0001623332209419459, 0.00017476518405601382, 0.0001871971326181665, 0.0001996290811803192, 0.0002120610442943871, 0.00022449300740845501, 0.0002369249559706077, 0.0002493569045327604, 0.0002617888676468283, 0.0002742208307608962, 0.00028665276477113366, 0.0002990847278852016, 0.0003115166909992695, 0.0003239486541133374, 0.0003363806172274053, 0.00034881255123764277, 0.0003612445143517107, 0.0003736764774657786, 0.00038610841147601604, 0.00039854037459008396, 0.00041097233770415187, 0.0004234043008182198, 0.0004358362639322877, 0.00044826819794252515, 0.00046070016105659306]}, "gradients/mass_u.weight": {"_type": "histogram", "values": [1.0, 0.0, 0.0, 0.0, 0.0, 0.0, 0.0, 0.0, 1.0, 0.0, 0.0, 0.0, 0.0, 0.0, 0.0, 0.0, 0.0, 0.0, 0.0, 0.0, 1.0, 0.0, 0.0, 0.0, 0.0, 1.0, 0.0, 0.0, 0.0, 0.0, 0.0, 1.0, 0.0, 0.0, 1.0, 1.0, 1.0, 0.0, 1.0, 1.0, 0.0, 0.0, 1.0, 4.0, 2.0, 3.0, 3.0, 2.0, 4.0, 3.0, 5.0, 10.0, 4.0, 9.0, 16.0, 19.0, 23.0, 23.0, 49.0, 85.0, 108.0, 66.0, 38.0, 14194.0], "bins": [-0.0010454244911670685, -0.001029089791700244, -0.0010127549758180976, -0.0009964201599359512, -0.0009800854604691267, -0.0009637507027946413, -0.0009474159451201558, -0.0009310811874456704, -0.0009147464297711849, -0.0008984116720966995, -0.000882076914422214, -0.0008657421567477286, -0.0008494073990732431, -0.0008330726413987577, -0.0008167378837242723, -0.0008004031260497868, -0.0007840683683753014, -0.0007677336107008159, -0.0007513988530263305, -0.000735064095351845, -0.0007187293376773596, -0.0007023945800028741, -0.0006860598223283887, -0.0006697250646539032, -0.0006533903069794178, -0.0006370555493049324, -0.0006207207916304469, -0.0006043860339559615, -0.000588051276281476, -0.0005717165186069906, -0.0005553817609325051, -0.0005390470032580197, -0.0005227122455835342, -0.0005063774879090488, -0.0004900427302345634, -0.0004737079725600779, -0.00045737321488559246, -0.000441038457211107, -0.00042470369953662157, -0.0004083689418621361, -0.0003920341841876507, -0.00037569942651316524, -0.0003593646688386798, -0.00034302991116419435, -0.0003266951534897089, -0.00031036039581522346, -0.000294025638140738, -0.00027769088046625257, -0.0002613561227917671, -0.0002450213651172817, -0.00022868660744279623, -0.00021235184976831079, -0.00019601709209382534, -0.0001796823344193399, -0.00016334757674485445, -0.000147012819070369, -0.00013067806139588356, -0.00011434330372139812, -9.800854604691267e-05, -8.167378837242723e-05, -6.533903069794178e-05, -4.9004273023456335e-05, -3.266951534897089e-05, -1.6334757674485445e-05, 0.0]}, "gradients/embedding_user.weight": {"_type": "histogram", "values": [1.0, 0.0, 0.0, 0.0, 0.0, 1.0, 1.0, 0.0, 0.0, 0.0, 0.0, 0.0, 1.0, 1.0, 4.0, 8.0, 5.0, 7.0, 12.0, 14.0, 20.0, 31.0, 38.0, 40.0, 69.0, 89.0, 121.0, 190.0, 266.0, 415.0, 710.0, 1407.0, 2986.0, 9088.0, 74966.0, 425447.0, 355432.0, 55104.0, 7275.0, 2632.0, 1247.0, 716.0, 394.0, 264.0, 169.0, 93.0, 96.0, 65.0, 28.0, 31.0, 31.0, 20.0, 14.0, 9.0, 6.0, 6.0, 4.0, 1.0, 3.0, 0.0, 2.0, 1.0, 0.0, 3.0], "bins": [-0.0004935147007927299, -0.0004797803412657231, -0.00046604598173871636, -0.00045231159310787916, -0.0004385772335808724, -0.00042484287405386567, -0.0004111085145268589, -0.0003973741549998522, -0.000383639766369015, -0.00036990540684200823, -0.0003561710473150015, -0.0003424366586841643, -0.00032870229915715754, -0.0003149679396301508, -0.00030123358010314405, -0.0002874992205761373, -0.00027376486104913056, -0.0002600305015221238, -0.00024629614199511707, -0.0002325617679161951, -0.00021882739383727312, -0.00020509303431026638, -0.00019135867478325963, -0.00017762431525625288, -0.0001638899411773309, -0.00015015558165032417, -0.0001364212075714022, -0.00012268684804439545, -0.00010895248124143109, -9.521811443846673e-05, -8.148375491145998e-05, -6.774938810849562e-05, -5.401502130553126e-05, -4.0280654502566904e-05, -2.654629133758135e-05, -1.2811928172595799e-05, 9.224386303685606e-07, 1.465680543333292e-05, 2.8391164960339665e-05, 4.2125531763304025e-05, 5.5859898566268384e-05, 6.959426536923274e-05, 8.33286321721971e-05, 9.706299169920385e-05, 0.00011079735850216821, 0.00012453172530513257, 0.0001382660848321393, 0.0001520004589110613, 0.00016573481843806803, 0.00017946917796507478, 0.00019320355204399675, 0.0002069379115710035, 0.00022067228564992547, 0.00023440664517693222, 0.00024814100470393896, 0.0002618753642309457, 0.00027560972375795245, 0.0002893440832849592, 0.00030307844281196594, 0.00031681283144280314, 0.0003305471909698099, 0.00034428155049681664, 0.0003580159100238234, 0.0003717502695508301, 0.00038548465818166733]}, "gradients/embedding_item.weight": {"_type": "histogram", "values": [2.0, 0.0, 3.0, 0.0, 2.0, 1.0, 5.0, 3.0, 3.0, 4.0, 6.0, 11.0, 10.0, 20.0, 30.0, 38.0, 43.0, 75.0, 110.0, 142.0, 204.0, 280.0, 411.0, 632.0, 867.0, 1488.0, 2334.0, 4046.0, 7401.0, 14051.0, 26898.0, 50953.0, 278191.0, 87106.0, 38383.0, 19626.0, 10271.0, 5501.0, 3101.0, 1857.0, 1152.0, 736.0, 484.0, 363.0, 246.0, 155.0, 108.0, 79.0, 55.0, 39.0, 29.0, 16.0, 17.0, 15.0, 8.0, 7.0, 4.0, 3.0, 2.0, 1.0, 2.0, 1.0, 0.0, 1.0],