{"TOTAL_BEST_METRIC": 0.12252176538227161, "BEST_NDCG@10": 0.016773981542389283, "_timestamp": 1688508914.247234, "_runtime": 20910.361223220825, "_step": 1241, "epoch": 1000, "Train_Metric_loss": 3.053205497486075, "Train_Reg_loss": 1.0420706357106929e-06, "Pos_loss": 8.782835960388184, "Neg_loss": 1.4655354022979736, "Recall@5": 0.012021388497401102, "Recall@10": 0.021713374406807227, "Recall@20": 0.03667923147977923, "NDCG@5": 0.013114448186092134, "NDCG@10": 0.016754721433475398, "NDCG@20": 0.022191232754809352, "Recall@5_total_best": 0.01205285318236488, "Recall@10_total_best": 0.021709099977508018, "Recall@20_total_best": 0.03666360009842293, "ndcg@5_total_best": 0.013142119696465636, "ndcg@10_total_best": 0.016761147371998433, "ndcg@20_total_best": 0.022192945055511695, "EPOCH_ndcg_best": 970, "Recall@5_ndcg_best": 0.011951554791830276, "Recall@10_ndcg_best": 0.021793291139459013, "Recall@20_ndcg_best": 0.03673121231157969, "ndcg@5_ndcg_best": 0.013042691500044988, "ndcg@10_ndcg_best": 0.016773981542389283, "ndcg@20_ndcg_best": 0.022185075203766155, "gradients/mass_i.weight": {"_type": "histogram", "values": [1.0, 0.0, 1.0, 0.0, 0.0, 0.0, 0.0, 0.0, 0.0, 0.0, 1.0, 0.0, 2.0, 0.0, 1.0, 2.0, 2.0, 1.0, 0.0, 4.0, 2.0, 0.0, 4.0, 0.0, 3.0, 1.0, 5.0, 2.0, 6.0, 0.0, 13.0, 6.0, 10.0, 2.0, 19.0, 8.0, 22.0, 3.0, 57.0, 10.0, 43.0, 4.0, 145.0, 31.0, 134.0, 3.0, 471.0, 115.0, 301.0, 5.0, 1738.0, 1192.0, 1076.0, 10.0, 273.0, 38283.0, 158.0, 3317.0, 683.0, 1.0, 99.0, 2.0, 21.0, 1.0], "bins": [-0.0006143916980363429, -0.0006032750243321061, -0.0005921583506278694, -0.0005810416769236326, -0.0005699250032193959, -0.0005588083295151591, -0.0005476916558109224, -0.0005365749821066856, -0.0005254583084024489, -0.0005143416346982121, -0.0005032249609939754, -0.0004921082872897387, -0.0004809916135855019, -0.00046987493988126516, -0.0004587582661770284, -0.00044764159247279167, -0.0004365249187685549, -0.0004254082450643182, -0.00041429157136008143, -0.0004031748976558447, -0.00039205822395160794, -0.0003809415502473712, -0.00036982487654313445, -0.0003587082028388977, -0.00034759152913466096, -0.0003364748554304242, -0.00032535818172618747, -0.0003142415080219507, -0.000303124834317714, -0.00029200816061347723, -0.0002808914869092405, -0.00026977481320500374, -0.000258658139500767, -0.00024754146579653025, -0.0002364247920922935, -0.00022530811838805676, -0.00021419144468382, -0.00020307477097958326, -0.00019195809727534652, -0.00018084142357110977, -0.00016972476441878825, -0.0001586080907145515, -0.00014749141701031476, -0.00013637474330607802, -0.00012525806960184127, -0.00011414139589760453, -0.00010302472219336778, -9.190804848913103e-05, -8.079137478489429e-05, -6.967470108065754e-05, -5.8558027376420796e-05, -4.744135367218405e-05, -3.6324679967947304e-05, -2.520800626371056e-05, -1.4091332559473813e-05, -2.9746588552370667e-06, 8.142014848999679e-06, 1.9258688553236425e-05, 3.037536225747317e-05, 4.1492035961709917e-05, 5.260870966594666e-05, 6.372538337018341e-05, 7.484205707442015e-05, 8.59587307786569e-05, 9.707540448289365e-05]}, "gradients/mass_u.weight": {"_type": "histogram", "values": [1.0, 0.0, 0.0, 0.0, 0.0, 0.0, 0.0, 0.0, 0.0, 0.0, 0.0, 0.0, 0.0, 0.0, 0.0, 0.0, 0.0, 0.0, 0.0, 0.0, 0.0, 0.0, 0.0, 0.0, 0.0, 0.0, 0.0, 0.0, 0.0, 0.0, 0.0, 0.0, 0.0, 0.0, 2.0, 0.0, 1.0, 0.0, 1.0, 0.0, 0.0, 0.0, 0.0, 0.0, 2.0, 1.0, 3.0, 3.0, 2.0, 2.0, 4.0, 2.0, 5.0, 4.0, 6.0, 8.0, 10.0, 10.0, 18.0, 32.0, 44.0, 113.0, 206.0, 96982.0], "bins": [-0.008477781899273396, -0.008345316164195538, -0.008212851360440254, -0.008080385625362396, -0.007947920821607113, -0.007815455086529255, -0.007682989817112684, -0.007550524547696114, -0.007418059278279543, -0.007285594008862972, -0.007153128739446402, -0.007020663470029831, -0.006888197734951973, -0.006755732465535402, -0.006623267196118832, -0.006490801926702261, -0.00635833665728569, -0.00622587138786912, -0.006093406118452549, -0.005960940383374691, -0.00582847511395812, -0.00569600984454155, -0.005563544575124979, -0.005431079305708408, -0.00529861357063055, -0.00516614830121398, -0.005033683031797409, -0.004901217296719551, -0.00476875202730298, -0.00463628675788641, -0.004503821488469839, -0.004371356219053268, -0.004238890949636698, -0.004106425680220127, -0.0039739604108035564, -0.003841494908556342, -0.0037090296391397715, -0.003576564136892557, -0.0034440988674759865, -0.003311633598059416, -0.003179168328642845, -0.0030467030592262745, -0.00291423755697906, -0.0027817722875624895, -0.002649307018145919, -0.0025168415158987045, -0.002384376246482134, -0.002251910977065563, -0.002119445474818349, -0.0019869802054017782, -0.0018545148195698857, -0.0017220494337379932, -0.0015895841643214226, -0.00145711877848953, -0.0013246533926576376, -0.001192188123241067, -0.0010597227374091744, -0.0009272574097849429, -0.0007947920821607113, -0.0006623266963288188, -0.0005298613687045872, -0.00039739604108035564, -0.00026493065524846315, -0.00013246532762423158, 0.0]}, "gradients/embedding_user.weight": {"_type": "histogram", "values": [1.0, 1.0, 1.0, 0.0, 1.0, 0.0, 0.0, 4.0, 0.0, 3.0, 2.0, 4.0, 3.0, 2.0, 2.0, 1.0, 1.0, 1.0, 3.0, 2.0, 1.0, 1.0, 4.0, 7.0, 8.0, 4.0, 10.0, 22.0, 50.0, 109.0, 532.0, 4531.0, 6194542.0, 33239.0, 3773.0, 460.0, 94.0, 50.0, 17.0, 16.0, 9.0, 7.0, 5.0, 6.0, 3.0, 3.0, 6.0, 2.0, 2.0, 0.0, 1.0, 6.0, 3.0, 0.0, 3.0, 0.0, 4.0, 0.0, 3.0, 0.0, 0.0, 2.0, 0.0, 1.0], "bins": [-0.002129508648067713, -0.002064882544800639, -0.0020002564415335655, -0.0019356303382664919, -0.0018710042349994183, -0.0018063781317323446, -0.001741752028465271, -0.0016771259251981974, -0.0016124998219311237, -0.00154787371866405, -0.0014832476153969765, -0.0014186215121299028, -0.0013539954088628292, -0.0012893693055957556, -0.001224743202328682, -0.0011601170990616083, -0.0010954908793792129, -0.0010308647761121392, -0.0009662386728450656, -0.000901612569577992, -0.0008369864663109183, -0.0007723603630438447, -0.0007077342015691102, -0.0006431080983020365, -0.0005784819950349629, -0.0005138558917678893, -0.00044922978850081563, -0.00038460365612991154, -0.0003199775528628379, -0.0002553514495957643, -0.0001907253172248602, -0.00012609921395778656, -6.147311069071293e-05, 3.1529998523183167e-06, 6.777911039534956e-05, 0.00013240522821433842, 0.00019703133148141205, 0.0002616574347484857, 0.00032628356711938977, 0.0003909096703864634, 0.00045553577365353703, 0.0005201618769206107, 0.0005847879801876843, 0.0006494141416624188, 0.0007140402449294925, 0.0007786663481965661, 0.0008432924514636397, 0.0009079185547307134, 0.000972544657997787, 0.0010371707612648606, 0.0011017968645319343, 0.001166422967799008, 0.0012310490710660815, 0.0012956751743331552, 0.0013603013940155506, 0.0014249274972826242, 0.0014895536005496979, 0.0015541797038167715, 0.0016188058070838451, 0.0016834319103509188, 0.0017480580136179924, 0.001812684116885066, 0.0018773102201521397, 0.0019419363234192133, 0.002006562426686287]}, "gradients/embedding_item.weight": {"_type": "histogram", "values": [1.0, 2.0, 0.0, 0.0, 1.0, 2.0, 1.0, 8.0, 6.0, 8.0, 9.0, 13.0, 5.0, 16.0, 32.0, 30.0, 34.0, 57.0, 68.0, 115.0, 194.0, 349.0, 524.0, 999.0, 1686.0, 3322.0, 6575.0, 14290.0, 31194.0, 72851.0, 199682.0, 1794847.0, 696562.0, 159318.0, 58390.0, 26275.0, 11533.0, 5542.0, 2723.0, 1519.0, 782.0, 477.0, 251.0, 154.0, 93.0, 56.0, 60.0, 32.0, 28.0, 23.0, 16.0, 21.0, 11.0, 4.0, 6.0, 8.0, 3.0, 3.0, 1.0, 1.0, 2.0, 0.0, 0.0, 1.0],