{"TOTAL_BEST_METRIC": 0.8663981074218418, "BEST_NDCG@10": 0.10800073101167651, "_timestamp": 1688306235.4956675, "_runtime": 301.7181544303894, "_step": 1106, "epoch": 1000, "Train_Metric_loss": -2.7846671104431153, "Train_Reg_loss": 0.08809623122215271, "Pos_loss": 4.671368598937988, "Neg_loss": -7.338931083679199, "Recall@5": 0.07927356325337197, "Recall@10": 0.12427125342067452, "Recall@20": 0.17855017494328976, "NDCG@5": 0.059895378108103005, "NDCG@10": 0.07545575247010025, "NDCG@20": 0.0909480225718423, "Recall@5_total_best": 0.12002353398124971, "Recall@10_total_best": 0.17300645646610185, "Recall@20_total_best": 0.2506241526390864, "ndcg@5_total_best": 0.0878061983836687, "ndcg@10_total_best": 0.10639861646389955, "ndcg@20_total_best": 0.12853914948783565, "EPOCH_ndcg_best": 30, "Recall@5_ndcg_best": 0.11528278167631599, "Recall@10_ndcg_best": 0.1766111857434079, "Recall@20_ndcg_best": 0.2467411509912489, "ndcg@5_ndcg_best": 0.08667189175675284, "ndcg@10_ndcg_best": 0.10800073101167651, "ndcg@20_ndcg_best": 0.1280170390328789, "gradients/mass_i.weight": {"_type": "histogram", "values": [2.0, 0.0, 0.0, 0.0, 0.0, 0.0, 0.0, 0.0, 0.0, 0.0, 1.0, 0.0, 0.0, 2.0, 3.0, 1.0, 1.0, 1.0, 5.0, 7.0, 12.0, 4.0, 9.0, 20.0, 27.0, 28.0, 38.0, 34.0, 31.0, 5.0, 3281.0, 9.0, 5.0, 12.0, 8.0, 3.0, 5.0, 2.0, 2.0, 2.0, 0.0, 0.0, 0.0, 0.0, 1.0, 0.0, 0.0, 0.0, 1.0, 1.0, 3.0, 0.0, 1.0, 0.0, 0.0, 0.0, 0.0, 0.0, 0.0, 0.0, 0.0, 0.0, 0.0, 1.0], "bins": [-0.00016133705503307283, -0.0001559664960950613, -0.00015059592260513455, -0.00014522536366712302, -0.00013985479017719626, -0.00013448423123918474, -0.0001291136723011732, -0.00012374309881124645, -0.00011837253987323493, -0.00011300197365926579, -0.00010763140744529665, -0.00010226084850728512, -9.689028229331598e-05, -9.151971607934684e-05, -8.61491498653777e-05, -8.077858365140855e-05, -7.540801743743941e-05, -7.003745122347027e-05, -6.466688500950113e-05, -5.9296322433510795e-05, -5.392575985752046e-05, -4.855519364355132e-05, -4.318462742958218e-05, -3.7814064853591844e-05, -3.24434986396227e-05, -2.7072934244642965e-05, -2.1702369849663228e-05, -1.6331803635694087e-05, -1.0961239240714349e-05, -5.590674845734611e-06, -2.201086317654699e-07, 5.150453944224864e-06, 1.0521020158194005e-05, 1.5891584553173743e-05, 2.126214894815348e-05, 2.6632715162122622e-05, 3.2003277738112956e-05, 3.73738439520821e-05, 4.274441016605124e-05, 4.811497274204157e-05, 5.3485538956010714e-05, 5.8856105169979855e-05, 6.422666774597019e-05, 6.959723395993933e-05, 7.496780017390847e-05, 8.033835911192e-05, 8.570893260184675e-05, 9.107949153985828e-05, 9.645005775382742e-05, 0.00010182062396779656, 0.0001071911901817657, 0.00011256175639573485, 0.00011793231533374637, 0.00012330288882367313, 0.00012867344776168466, 0.00013404400669969618, 0.00013941458018962294, 0.00014478513912763447, 0.00015015571261756122, 0.00015552627155557275, 0.0001608968450454995, 0.00016626740398351103, 0.00017163797747343779, 0.0001770085364114493, 0.00018237909534946084]}, "gradients/mass_u.weight": {"_type": "histogram", "values": [0.0, 0.0, 0.0, 0.0, 0.0, 0.0, 0.0, 0.0, 0.0, 0.0, 0.0, 0.0, 0.0, 0.0, 0.0, 0.0, 0.0, 0.0, 0.0, 0.0, 0.0, 0.0, 0.0, 0.0, 0.0, 0.0, 0.0, 0.0, 0.0, 0.0, 0.0, 0.0, 5541.0, 0.0, 0.0, 0.0, 0.0, 0.0, 0.0, 0.0, 0.0, 0.0, 0.0, 0.0, 0.0, 0.0, 0.0, 0.0, 0.0, 0.0, 0.0, 0.0, 0.0, 0.0, 0.0, 0.0, 0.0, 0.0, 0.0, 0.0, 0.0, 0.0, 0.0, 0.0], "bins": [0.0, 0.0, 0.0, 0.0, 0.0, 0.0, 0.0, 0.0, 0.0, 0.0, 0.0, 0.0, 0.0, 0.0, 0.0, 0.0, 0.0, 0.0, 0.0, 0.0, 0.0, 0.0, 0.0, 0.0, 0.0, 0.0, 0.0, 0.0, 0.0, 0.0, 0.0, 0.0, 0.0, 0.0, 0.0, 0.0, 0.0, 0.0, 0.0, 0.0, 0.0, 0.0, 0.0, 0.0, 0.0, 0.0, 0.0, 0.0, 0.0, 0.0, 0.0, 0.0, 0.0, 0.0, 0.0, 0.0, 0.0, 0.0, 0.0, 0.0, 0.0, 0.0, 0.0, 0.0, 0.0]}, "gradients/embedding_user.weight": {"_type": "histogram", "values": [1.0, 0.0, 1.0, 0.0, 2.0, 1.0, 1.0, 0.0, 1.0, 1.0, 3.0, 1.0, 0.0, 2.0, 1.0, 1.0, 3.0, 1.0, 5.0, 11.0, 16.0, 22.0, 31.0, 42.0, 66.0, 134.0, 231.0, 526.0, 1531.0, 6451.0, 178756.0, 158312.0, 5946.0, 1414.0, 487.0, 244.0, 152.0, 75.0, 51.0, 34.0, 26.0, 5.0, 5.0, 6.0, 2.0, 2.0, 1.0, 2.0, 2.0, 1.0, 1.0, 1.0, 2.0, 1.0, 3.0, 2.0, 2.0, 0.0, 2.0, 0.0, 0.0, 0.0, 0.0, 1.0], "bins": [-0.0002813175378832966, -0.0002722377539612353, -0.0002631579991430044, -0.0002540782152209431, -0.00024499843129888177, -0.0002359186764806509, -0.00022683889255858958, -0.00021775912318844348, -0.00020867935381829739, -0.0001995995844481513, -0.0001905198150780052, -0.00018144003115594387, -0.00017236026178579777, -0.00016328049241565168, -0.00015420070849359035, -0.00014512093912344426, -0.00013604116975329816, -0.00012696140038315207, -0.00011788162373704836, -0.00010880184709094465, -9.972207772079855e-05, -9.064230835065246e-05, -8.156253170454875e-05, -7.248275505844504e-05, -6.340298568829894e-05, -5.432321268017404e-05, -4.5243439672049135e-05, -3.616366666392423e-05, -2.708389365579933e-05, -1.8004120647674426e-05, -8.924347639549524e-06, 1.5542900655418634e-07, 9.235198376700282e-06, 1.8314971384825185e-05, 2.7394744392950088e-05, 3.647451740107499e-05, 4.5554290409199893e-05, 5.4634063417324796e-05, 6.37138364254497e-05, 7.279361307155341e-05, 8.18733824416995e-05, 9.09531518118456e-05, 0.00010003292845794931, 0.00010911270510405302, 0.00011819247447419912, 0.0001272722438443452, 0.00013635202776640654, 0.00014543179713655263, 0.00015451156650669873, 0.00016359133587684482, 0.00017267110524699092, 0.00018175088916905224, 0.00019083065853919834, 0.00019991042790934443, 0.00020899021183140576, 0.00021806998120155185, 0.00022714975057169795, 0.00023622951994184405, 0.00024530928931199014, 0.00025438907323405147, 0.00026346882805228233, 0.00027254861197434366, 0.000281628395896405, 0.00029070815071463585, 0.0002997879346366972]}, "gradients/embedding_item.weight": {"_type": "histogram", "values": [1.0, 0.0, 0.0, 0.0, 0.0, 1.0, 0.0, 4.0, 3.0, 1.0, 4.0, 7.0, 3.0, 12.0, 8.0, 13.0, 9.0, 30.0, 22.0, 37.0, 43.0, 78.0, 101.0, 169.0, 228.0, 337.0, 607.0, 940.0, 1594.0, 2761.0, 5685.0, 13540.0, 61729.0, 106586.0, 18639.0, 6950.0, 3322.0, 1874.0, 1101.0, 643.0, 406.0, 271.0, 157.0, 115.0, 81.0, 62.0, 45.0, 17.0, 20.0, 16.0, 15.0, 14.0, 7.0, 6.0, 8.0, 4.0, 9.0, 6.0, 6.0, 2.0, 1.0, 0.0, 1.0, 1.0], "bins": [-0.00014451950846705586, -0.00014015643682796508, -0.00013579335063695908, -0.0001314302789978683, -0.0001270671928068623, -0.00012270412116777152, -0.00011834104225272313, -0.00011397796333767474, -0.00010961489169858396, -0.00010525181278353557, -0.00010088873386848718, -9.65256622293964e-05, -9.216258331434801e-05, -8.779950439929962e-05, -8.343642548425123e-05, -7.907334656920284e-05, -7.471026765415445e-05, -7.034718873910606e-05, -6.598410982405767e-05, -6.162103090900928e-05, -5.72579592699185e-05, -5.289488035487011e-05, -4.853180143982172e-05, -4.4168726162752137e-05, -3.9805647247703746e-05, -3.5442568332655355e-05, -3.107949305558577e-05, -2.671641414053738e-05, -2.2353337044478394e-05, -1.7990259948419407e-05, -1.3627181033371016e-05, -9.264105756301433e-06, -4.901026841253042e-06, -5.379492904467043e-07, 3.825128260359634e-06, 8.188206265913323e-06, 1.255128336197231e-05, 1.6914360458031297e-05, 2.1277439373079687e-05, 2.564051465014927e-05, 3.000359356519766e-05, 3.436667248024605e-05, 3.8729747757315636e-05, 4.3092826672364026e-05, 4.745590558741242e-05, 5.1818980864482e-05, 5.618205977953039e-05, 6.0545135056599975e-05, 6.490821397164837e-05, 6.927129288669676e-05, 7.363437180174515e-05, 7.799745071679354e-05, 8.236052235588431e-05, 8.67236012709327e-05, 9.10866801859811e-05, 9.544975182507187e-05, 9.981283801607788e-05, 0.00010417591693112627, 0.00010853899584617466, 0.00011290206748526543, 0.00011726514640031382, 0.00012162822531536222, 0.000125991296954453, 0.000130354383145459, 0.00013471745478454977]}, "_wandb": {"runtime": 300}}