{"TOTAL_BEST_METRIC": 0.9576403776857918, "BEST_NDCG@10": 0.12126441075080167, "_timestamp": 1688283791.290056, "_runtime": 361.1797020435333, "_step": 1198, "epoch": 1000, "Train_Metric_loss": -0.010934448987245559, "Train_Reg_loss": 0.00013995543995406478, "Recall@5": 0.129081959599606, "Recall@10": 0.1971762776554711, "Recall@20": 0.26917572857152816, "NDCG@5": 0.0970341904965791, "NDCG@10": 0.12095606944547811, "NDCG@20": 0.14168336394126912, "Recall@5_total_best": 0.12911991314446708, "Recall@10_total_best": 0.19688201560999258, "Recall@20_total_best": 0.27052378225752016, "ndcg@5_total_best": 0.09748299303323156, "ndcg@10_total_best": 0.1212581489474795, "ndcg@20_total_best": 0.14237352469310077, "EPOCH_ndcg_best": 960, "Recall@5_ndcg_best": 0.12900365202926867, "Recall@10_ndcg_best": 0.19717720984780102, "Recall@20_ndcg_best": 0.26999243262946493, "ndcg@5_ndcg_best": 0.09733166998785059, "ndcg@10_ndcg_best": 0.12126441075080167, "ndcg@20_ndcg_best": 0.14215434109578423, "gradients/mass_i.weight": {"_type": "histogram", "values": [1.0, 0.0, 0.0, 1.0, 0.0, 0.0, 1.0, 1.0, 2.0, 1.0, 1.0, 0.0, 1.0, 1.0, 3.0, 0.0, 2.0, 7.0, 5.0, 5.0, 2.0, 6.0, 7.0, 7.0, 8.0, 9.0, 11.0, 17.0, 16.0, 13.0, 23.0, 63.0, 49.0, 24.0, 15.0, 19.0, 17.0, 3078.0, 14.0, 9.0, 12.0, 11.0, 19.0, 38.0, 18.0, 5.0, 3.0, 4.0, 6.0, 3.0, 2.0, 1.0, 1.0, 1.0, 0.0, 1.0, 0.0, 2.0, 0.0, 0.0, 0.0, 0.0, 1.0, 1.0], "bins": [-0.00015885653556324542, -0.00015462843293789774, -0.00015040031576063484, -0.00014617221313528717, -0.00014194409595802426, -0.0001377159933326766, -0.0001334878761554137, -0.000129259773530066, -0.0001250316563528031, -0.00012080354645149782, -0.00011657543655019253, -0.00011234732664888725, -0.00010811921674758196, -0.00010389111412223428, -9.9663004220929e-05, -9.543489431962371e-05, -9.120679169427603e-05, -8.697868179297075e-05, -8.275057189166546e-05, -7.852246199036017e-05, -7.429435208905488e-05, -7.006624946370721e-05, -6.583813956240192e-05, -6.161002966109663e-05, -5.7381919759791344e-05, -5.3153809858486056e-05, -4.892569995718077e-05, -4.469759369385429e-05, -4.0469483792549e-05, -3.624137389124371e-05, -3.201326762791723e-05, -2.7785157726611942e-05, -2.355704054934904e-05, -1.9328930648043752e-05, -1.5100822565727867e-05, -1.0872713573917281e-05, -6.644604582106695e-06, -2.4164946808014065e-06, 1.811613401514478e-06, 6.0397214838303626e-06, 1.026783138513565e-05, 1.4495940376946237e-05, 1.8724049368756823e-05, 2.2952157451072708e-05, 2.7180267352377996e-05, 3.1408377253683284e-05, 3.5636483517009765e-05, 3.986459341831505e-05, 4.409270331962034e-05, 4.832081322092563e-05, 5.254892312223092e-05, 5.67770293855574e-05, 6.1005139286862686e-05, 6.523325282614678e-05, 6.946135545149446e-05, 7.368946535279974e-05, 7.791757525410503e-05, 8.214568515541032e-05, 8.637379505671561e-05, 9.06019049580209e-05, 9.483001485932618e-05, 9.905811748467386e-05, 0.00010328622738597915, 0.00010751433728728443, 0.00011174244718858972]}, "gradients/mass_u.weight": {"_type": "histogram", "values": [1.0, 0.0, 1.0, 0.0, 0.0, 0.0, 0.0, 0.0, 0.0, 1.0, 0.0, 0.0, 0.0, 1.0, 0.0, 1.0, 0.0, 0.0, 0.0, 2.0, 0.0, 1.0, 0.0, 0.0, 1.0, 0.0, 4.0, 1.0, 2.0, 2.0, 3.0, 2.0, 0.0, 2.0, 2.0, 4.0, 9.0, 4.0, 6.0, 14.0, 8.0, 3.0, 11.0, 15.0, 9.0, 14.0, 8.0, 17.0, 13.0, 14.0, 14.0, 12.0, 5.0, 5298.0, 10.0, 5.0, 8.0, 5.0, 3.0, 1.0, 0.0, 1.0, 0.0, 3.0], "bins": [-0.00031852247775532305, -0.00031258969102054834, -0.0003066568751819432, -0.00030072408844716847, -0.0002947912726085633, -0.0002888584858737886, -0.00028292567003518343, -0.0002769928833004087, -0.00027106006746180356, -0.00026512728072702885, -0.0002591944648884237, -0.00025326167815364897, -0.0002473288623150438, -0.0002413960755802691, -0.00023546325974166393, -0.00022953047300688922, -0.00022359768627211452, -0.00021766488498542458, -0.00021173208369873464, -0.0002057992824120447, -0.00019986648112535477, -0.00019393369439058006, -0.0001880008785519749, -0.00018206809181720018, -0.00017613527597859502, -0.00017020247469190508, -0.00016426967340521514, -0.0001583368721185252, -0.00015240407083183527, -0.00014647128409706056, -0.0001405384682584554, -0.0001346056815236807, -0.00012867288023699075, -0.0001227400789503008, -0.00011680727766361088, -0.00011087447637692094, -0.00010494168236618862, -9.900888107949868e-05, -9.307607979280874e-05, -8.714328578207642e-05, -8.121048449538648e-05, -7.527768320869654e-05, -6.934488192200661e-05, -6.341208063531667e-05, -5.747928662458435e-05, -5.154648533789441e-05, -4.561368405120447e-05, -3.968088640249334e-05, -3.37480814778246e-05, -2.7815282010124065e-05, -2.188248254242353e-05, -1.5949681255733594e-05, -1.001688178803306e-05, -4.084082320332527e-06, 1.84871896635741e-06, 7.78151661506854e-06, 1.3714317901758477e-05, 1.964711736945901e-05, 2.5579916837159544e-05, 3.151271812384948e-05, 3.744551941053942e-05, 4.337831705925055e-05, 4.9311118345940486e-05, 5.5243915994651616e-05, 6.117671728134155e-05]}, "gradients/embedding_user.weight": {"_type": "histogram", "values": [1.0, 0.0, 0.0, 0.0, 0.0, 1.0, 0.0, 1.0, 1.0, 2.0, 4.0, 4.0, 7.0, 3.0, 10.0, 15.0, 31.0, 36.0, 44.0, 71.0, 99.0, 163.0, 242.0, 394.0, 525.0, 791.0, 1206.0, 1955.0, 2796.0, 4073.0, 7924.0, 34463.0, 115370.0, 124756.0, 38288.0, 8594.0, 4218.0, 2761.0, 1954.0, 1348.0, 830.0, 559.0, 373.0, 244.0, 138.0, 100.0, 59.0, 49.0, 32.0, 27.0, 15.0, 12.0, 8.0, 4.0, 2.0, 8.0, 4.0, 3.0, 0.0, 2.0, 0.0, 2.0, 1.0, 1.0], "bins": [-3.3347075714118546e-06, -3.2337311495211907e-06, -3.1327547276305268e-06, -3.031778305739863e-06, -2.930801883849199e-06, -2.829825461958535e-06, -2.7288492674415465e-06, -2.627872618177207e-06, -2.5268964236602187e-06, -2.425920001769555e-06, -2.324943579878891e-06, -2.223967157988227e-06, -2.122990736097563e-06, -2.022014314206899e-06, -1.9210378923162352e-06, -1.820061584112409e-06, -1.7190850485349074e-06, -1.6181086266442435e-06, -1.5171322047535796e-06, -1.4161557828629157e-06, -1.3151793609722517e-06, -1.2142029390815878e-06, -1.1132266308777616e-06, -1.0122502089870977e-06, -9.112737870964338e-07, -8.102973652057699e-07, -7.09320943315106e-07, -6.083445782678609e-07, -5.07368156377197e-07, -4.063917344865331e-07, -3.0541536943928804e-07, -2.0443894754862413e-07, -1.0346275303163566e-07, -2.4863453518264578e-09, 9.849006232798274e-08, 1.9946645579693723e-07, 3.0044287768760114e-07, 4.0141929957826505e-07, 5.023956646255101e-07, 6.03372086516174e-07, 7.043485084068379e-07, 8.053249302975019e-07, 9.063013521881658e-07, 1.007277660391992e-06, 1.1082540822826559e-06, 1.2092305041733198e-06, 1.3102069260639837e-06, 1.4111833479546476e-06, 1.5121597698453115e-06, 1.6131361917359754e-06, 1.7141126136266394e-06, 1.8150890355173033e-06, 1.916065457407967e-06, 2.017041879298631e-06, 2.1180180738156196e-06, 2.218994723079959e-06, 2.3199709175969474e-06, 2.4209473394876113e-06, 2.5219237613782752e-06, 2.622900183268939e-06, 2.723876605159603e-06, 2.824853027050267e-06, 2.925829448940931e-06, 3.0268056434579194e-06, 3.1277822927222587e-06]}, "gradients/embedding_item.weight": {"_type": "histogram", "values": [1.0, 0.0, 0.0, 0.0, 0.0, 0.0, 0.0, 0.0, 0.0, 0.0, 0.0, 1.0, 0.0, 1.0, 3.0, 2.0, 11.0, 12.0, 20.0, 43.0, 60.0, 91.0, 114.0, 192.0, 277.0, 446.0, 657.0, 1114.0, 1938.0, 3426.0, 6232.0, 11157.0, 19017.0, 28909.0, 53457.0, 38879.0, 25141.0, 15863.0, 9078.0, 5146.0, 2833.0, 1642.0, 954.0, 582.0, 355.0, 251.0, 136.0, 104.0, 65.0, 61.0, 31.0, 13.0, 11.0, 10.0, 7.0, 1.0, 1.0, 2.0, 3.0, 1.0, 0.0, 0.0, 0.0, 1.0],