{"epoch": 16, "Train_Metric_loss": -0.048815048657930814, "Train_Reg_loss": 0.0011048171011050446, "_timestamp": 1688279367.3146248, "_runtime": 239.7435019016266, "_step": 18, "Recall@5": 0.03028375012609687, "Recall@10": 0.05002779860907349, "Recall@20": 0.07873249068965177, "NDCG@5": 0.04227872555830054, "NDCG@10": 0.04795141357324945, "NDCG@20": 0.05820950375818317, "Recall@5_total_best": 0.03028375012609687, "Recall@10_total_best": 0.05002779860907349, "Recall@20_total_best": 0.07873249068965177, "ndcg@5_total_best": 0.04227872555830054, "ndcg@10_total_best": 0.04795141357324945, "ndcg@20_total_best": 0.05820950375818317, "TOTAL_BEST": 0.3074836823145553, "EPOCH_ndcg_best": 10, "Recall@5_ndcg_best": 0.03028375012609687, "Recall@10_ndcg_best": 0.05002779860907349, "Recall@20_ndcg_best": 0.07873249068965177, "ndcg@5_ndcg_best": 0.04227872555830054, "ndcg@10_ndcg_best": 0.04795141357324945, "ndcg@20_ndcg_best": 0.05820950375818317, "BEST_NDCG@10": 0.04795141357324945, "_wandb": {"runtime": 245}}