{"TOTAL_BEST_METRIC": 0.8942829956586218, "BEST_NDCG@10": 0.11247798947966689, "_timestamp": 1688309736.4467275, "_runtime": 293.3492605686188, "_step": 1105, "epoch": 1000, "Train_Metric_loss": -13.082162857055664, "Train_Reg_loss": 0.10210164487361909, "Pos_loss": 23.867231369018555, "Neg_loss": -38.274627685546875, "Recall@5": 0.07689955735567906, "Recall@10": 0.12375401995137437, "Recall@20": 0.1850248311606609, "NDCG@5": 0.057261181467863236, "NDCG@10": 0.07331069401936666, "NDCG@20": 0.09078457451390796, "Recall@5_total_best": 0.12542004049359046, "Recall@10_total_best": 0.17836875103360927, "Recall@20_total_best": 0.2506600668256802, "ndcg@5_total_best": 0.09410807862596146, "ndcg@10_total_best": 0.11247798947966689, "ndcg@20_total_best": 0.13324806920011345, "EPOCH_ndcg_best": 20, "Recall@5_ndcg_best": 0.12542004049359046, "Recall@10_ndcg_best": 0.17836875103360927, "Recall@20_ndcg_best": 0.2506600668256802, "ndcg@5_ndcg_best": 0.09410807862596146, "ndcg@10_ndcg_best": 0.11247798947966689, "ndcg@20_ndcg_best": 0.13324806920011345, "gradients/mass_i.weight": {"_type": "histogram", "values": [1.0, 0.0, 0.0, 0.0, 1.0, 0.0, 0.0, 0.0, 0.0, 0.0, 1.0, 0.0, 0.0, 0.0, 1.0, 1.0, 0.0, 0.0, 0.0, 0.0, 0.0, 2.0, 2.0, 0.0, 0.0, 1.0, 3.0, 3.0, 4.0, 4.0, 7.0, 11.0, 13.0, 14.0, 17.0, 23.0, 31.0, 37.0, 26.0, 41.0, 0.0, 3260.0, 8.0, 16.0, 9.0, 6.0, 6.0, 6.0, 6.0, 2.0, 0.0, 0.0, 1.0, 1.0, 0.0, 0.0, 1.0, 0.0, 0.0, 0.0, 0.0, 0.0, 1.0, 1.0], "bins": [-0.00021201939671300352, -0.0002068487083306536, -0.00020167800539638847, -0.00019650731701403856, -0.00019133661407977343, -0.00018616592569742352, -0.00018099522276315838, -0.00017582453438080847, -0.00017065383144654334, -0.00016548314306419343, -0.0001603124401299283, -0.00015514175174757838, -0.00014997104881331325, -0.00014480036043096334, -0.0001396296574966982, -0.0001344589691143483, -0.00012928826618008316, -0.00012411757779773325, -0.00011894687486346811, -0.00011377617920516059, -0.00010860548354685307, -0.00010343478788854554, -9.826409223023802e-05, -9.309340384788811e-05, -8.79227154655382e-05, -8.275201980723068e-05, -7.758132414892316e-05, -7.241062849061564e-05, -6.723993283230811e-05, -6.206923717400059e-05, -5.6898545153671876e-05, -5.172784949536435e-05, -4.6557150199078023e-05, -4.13864545407705e-05, -3.621575888246298e-05, -3.1045063224155456e-05, -2.5874369384837337e-05, -2.0703673726529814e-05, -1.5532979887211695e-05, -1.0362284228904173e-05, -5.19158857059665e-06, -2.0893367036478594e-08, 5.149801836523693e-06, 1.0320496585336514e-05, 1.5491192243644036e-05, 2.066188790195156e-05, 2.5832581741269678e-05, 3.10032773995772e-05, 3.617397305788472e-05, 4.1344668716192245e-05, 4.651536437449977e-05, 5.168606003280729e-05, 5.685675569111481e-05, 6.202745134942234e-05, 6.719813973177224e-05, 7.236884266603738e-05, 7.753953104838729e-05, 8.271022670669481e-05, 8.788092236500233e-05, 9.305161802330986e-05, 9.822231368161738e-05, 0.0001033930093399249, 0.00010856370499823242, 0.00011373439338058233, 0.00011890509631484747]}, "gradients/mass_u.weight": {"_type": "histogram", "values": [0.0, 0.0, 0.0, 0.0, 0.0, 0.0, 0.0, 0.0, 0.0, 0.0, 0.0, 0.0, 0.0, 0.0, 0.0, 0.0, 0.0, 0.0, 0.0, 0.0, 0.0, 0.0, 0.0, 0.0, 0.0, 0.0, 0.0, 0.0, 0.0, 0.0, 0.0, 0.0, 5541.0, 0.0, 0.0, 0.0, 0.0, 0.0, 0.0, 0.0, 0.0, 0.0, 0.0, 0.0, 0.0, 0.0, 0.0, 0.0, 0.0, 0.0, 0.0, 0.0, 0.0, 0.0, 0.0, 0.0, 0.0, 0.0, 0.0, 0.0, 0.0, 0.0, 0.0, 0.0], "bins": [0.0, 0.0, 0.0, 0.0, 0.0, 0.0, 0.0, 0.0, 0.0, 0.0, 0.0, 0.0, 0.0, 0.0, 0.0, 0.0, 0.0, 0.0, 0.0, 0.0, 0.0, 0.0, 0.0, 0.0, 0.0, 0.0, 0.0, 0.0, 0.0, 0.0, 0.0, 0.0, 0.0, 0.0, 0.0, 0.0, 0.0, 0.0, 0.0, 0.0, 0.0, 0.0, 0.0, 0.0, 0.0, 0.0, 0.0, 0.0, 0.0, 0.0, 0.0, 0.0, 0.0, 0.0, 0.0, 0.0, 0.0, 0.0, 0.0, 0.0, 0.0, 0.0, 0.0, 0.0, 0.0]}, "gradients/embedding_user.weight": {"_type": "histogram", "values": [1.0, 0.0, 0.0, 0.0, 1.0, 1.0, 0.0, 0.0, 3.0, 0.0, 2.0, 0.0, 1.0, 1.0, 2.0, 2.0, 2.0, 1.0, 3.0, 5.0, 5.0, 4.0, 9.0, 11.0, 13.0, 11.0, 18.0, 32.0, 72.0, 98.0, 196.0, 300.0, 718.0, 1868.0, 6692.0, 204691.0, 131278.0, 5559.0, 1698.0, 616.0, 288.0, 146.0, 94.0, 55.0, 36.0, 28.0, 18.0, 9.0, 6.0, 8.0, 6.0, 7.0, 2.0, 1.0, 2.0, 0.0, 0.0, 0.0, 2.0, 0.0, 0.0, 1.0, 0.0, 1.0], "bins": [-0.001957014435902238, -0.0019025655928999186, -0.0018481167498975992, -0.0017936680233106017, -0.0017392191803082824, -0.001684770337305963, -0.0016303214943036437, -0.0015758727677166462, -0.0015214239247143269, -0.0014669750817120075, -0.0014125262387096882, -0.0013580775121226907, -0.0013036286691203713, -0.001249179826118052, -0.0011947309831157327, -0.0011402822565287352, -0.0010858334135264158, -0.0010313845705240965, -0.0009769357275217772, -0.0009224869427271187, -0.0008680381579324603, -0.000813589314930141, -0.0007591404719278216, -0.0007046916871331632, -0.000650242785923183, -0.0005957939429208636, -0.0005413451581262052, -0.00048689631512388587, -0.00043244753032922745, -0.0003779986873269081, -0.00032354987342841923, -0.00026910105952993035, -0.00021465227473527193, -0.00016020346083678305, -0.00010575463966233656, -5.1305818487890065e-05, 3.1429954105988145e-06, 5.759182386100292e-05, 0.0001120406377594918, 0.00016648945165798068, 0.00022093826555646956, 0.00027538707945495844, 0.0003298358933534473, 0.0003842847072519362, 0.00043873355025425553, 0.000493182335048914, 0.0005476311780512333, 0.0006020800210535526, 0.000656528805848211, 0.0007109776488505304, 0.0007654264336451888, 0.0008198752766475081, 0.0008743240614421666, 0.0009287729044444859, 0.0009832216892391443, 0.0010376705322414637, 0.001092119375243783, 0.0011465682182461023, 0.0012010170612484217, 0.0012554657878354192, 0.0013099146308377385, 0.0013643634738400578, 0.0014188123168423772, 0.0014732610434293747, 0.001527709886431694]}, "gradients/embedding_item.weight": {"_type": "histogram", "values": [3.0, 0.0, 1.0, 1.0, 0.0, 1.0, 2.0, 10.0, 5.0, 7.0, 8.0, 14.0, 18.0, 35.0, 44.0, 45.0, 68.0, 82.0, 125.0, 142.0, 214.0, 287.0, 409.0, 563.0, 868.0, 1351.0, 1969.0, 3202.0, 5344.0, 9923.0, 22716.0, 103592.0, 44920.0, 14266.0, 6874.0, 3865.0, 2507.0, 1474.0, 983.0, 685.0, 458.0, 313.0, 235.0, 185.0, 122.0, 92.0, 98.0, 55.0, 56.0, 34.0, 21.0, 13.0, 18.0, 10.0, 4.0, 4.0, 1.0, 4.0, 0.0, 2.0, 1.0, 2.0, 0.0, 1.0], "bins": [-0.0005925085279159248, -0.0005738456384278834, -0.0005551828071475029, -0.0005365199176594615, -0.0005178570281714201, -0.0004991941386833787, -0.00048053127829916775, -0.0004618684179149568, -0.0004432055284269154, -0.000424542638938874, -0.00040587977855466306, -0.0003872169181704521, -0.0003685540286824107, -0.0003498911391943693, -0.00033122827881015837, -0.00031256541842594743, -0.000293902528937906, -0.0002752396394498646, -0.0002565767790656537, -0.0002379139041295275, -0.00021925102919340134, -0.00020058815425727516, -0.000181925279321149, -0.00016326240438502282, -0.00014459952944889665, -0.00012593665451277047, -0.0001072737795766443, -8.861090464051813e-05, -6.994802970439196e-05, -5.1285154768265784e-05, -3.262227983213961e-05, -1.3959404896013439e-05, 4.703470040112734e-06, 2.3366344976238906e-05, 4.202921991236508e-05, 6.069209484849125e-05, 7.935496978461742e-05, 9.80178447207436e-05, 0.00011668071965686977, 0.00013534359459299594, 0.00015400646952912211, 0.0001726693444652483, 0.00019133221940137446, 0.00020999509433750063, 0.0002286579692736268, 0.0002473208587616682, 0.00026598371914587915, 0.0002846465795300901, 0.0003033094690181315, 0.0003219723585061729, 0.00034063521889038384, 0.0003592980792745948, 0.0003779609687626362, 0.0003966238582506776, 0.00041528671863488853, 0.0004339495790190995, 0.0004526124685071409, 0.0004712753579951823, 0.0004899381892755628, 0.0005086010787636042, 0.0005272639682516456, 0.000545926857739687, 0.0005645897472277284, 0.0005832525785081089, 0.0006019154679961503]}, "_wandb": {"runtime": 292}}