{"TOTAL_BEST_METRIC": 0.38656714659307656, "BEST_NDCG@10": 0.045859062708020266, "_timestamp": 1688395465.8338525, "_runtime": 1430.3399455547333, "_step": 1171, "epoch": 1000, "Train_Metric_loss": -1.9874916757856096, "Train_Reg_loss": 9.331610324027549e-05, "Pos_loss": 3.1143715381622314, "Neg_loss": -6.671681880950928, "Recall@5": 0.04874405530297119, "Recall@10": 0.07892661029114001, "Recall@20": 0.12087481615098104, "NDCG@5": 0.03466417379963248, "NDCG@10": 0.045211599734668484, "NDCG@20": 0.05691020618325958, "Recall@5_total_best": 0.049597502524702936, "Recall@10_total_best": 0.08040121433264738, "Recall@20_total_best": 0.11882935569481605, "ndcg@5_total_best": 0.03528444995743859, "ndcg@10_total_best": 0.045859062708020266, "ndcg@20_total_best": 0.056595561375451325, "EPOCH_ndcg_best": 800, "Recall@5_ndcg_best": 0.049597502524702936, "Recall@10_ndcg_best": 0.08040121433264738, "Recall@20_ndcg_best": 0.11882935569481605, "ndcg@5_ndcg_best": 0.03528444995743859, "ndcg@10_ndcg_best": 0.045859062708020266, "ndcg@20_ndcg_best": 0.056595561375451325, "gradients/mass_i.weight": {"_type": "histogram", "values": [1.0, 0.0, 0.0, 0.0, 0.0, 0.0, 0.0, 0.0, 0.0, 0.0, 0.0, 0.0, 0.0, 0.0, 0.0, 0.0, 0.0, 0.0, 0.0, 0.0, 0.0, 1.0, 1.0, 2.0, 0.0, 1.0, 0.0, 1.0, 1.0, 1.0, 6.0, 3.0, 2.0, 2.0, 6.0, 4.0, 12.0, 14.0, 19.0, 17.0, 20.0, 46.0, 74.0, 67.0, 81.0, 323.0, 285.0, 41.0, 257.0, 6519.0, 128.0, 452.0, 95.0, 76.0, 88.0, 19.0, 23.0, 9.0, 8.0, 5.0, 1.0, 0.0, 1.0, 1.0], "bins": [-0.0027015507221221924, -0.002646872540935874, -0.0025921945925801992, -0.002537516411393881, -0.002482838463038206, -0.0024281602818518877, -0.002373482333496213, -0.0023188041523098946, -0.00226412620395422, -0.0022094480227679014, -0.0021547700744122267, -0.0021000918932259083, -0.0020454139448702335, -0.001990735763683915, -0.0019360578153282404, -0.0018813797505572438, -0.0018267016857862473, -0.0017720236210152507, -0.0017173455562442541, -0.0016626674914732575, -0.001607989426702261, -0.0015533113619312644, -0.0014986332971602678, -0.0014439552323892713, -0.0013892770512029529, -0.0013345989864319563, -0.0012799209216609597, -0.0012252428568899632, -0.0011705647921189666, -0.00111588672734797, -0.0010612086625769734, -0.0010065305978059769, -0.0009518525330349803, -0.0008971744682639837, -0.0008424964034929872, -0.0007878183387219906, -0.000733140273950994, -0.0006784622091799974, -0.0006237841444090009, -0.0005691060796380043, -0.0005144280148670077, -0.00045974995009601116, -0.0004050718853250146, -0.000350393820554018, -0.00029571575578302145, -0.00024103766190819442, -0.00018635959713719785, -0.00013168153236620128, -7.700343849137425e-05, -2.2325370082398877e-05, 3.23526983265765e-05, 8.703077037353069e-05, 0.00014170883514452726, 0.00019638691446743906, 0.0002510649792384356, 0.0003057430440094322, 0.00036042110878042877, 0.00041509917355142534, 0.0004697772383224219, 0.0005244553321972489, 0.0005791333969682455, 0.0006338114617392421, 0.0006884895265102386, 0.0007431675912812352, 0.0007978456560522318]}, "gradients/mass_u.weight": {"_type": "histogram", "values": [1.0, 0.0, 0.0, 0.0, 0.0, 0.0, 0.0, 0.0, 0.0, 0.0, 0.0, 0.0, 0.0, 0.0, 0.0, 0.0, 0.0, 0.0, 0.0, 0.0, 0.0, 0.0, 0.0, 0.0, 0.0, 0.0, 0.0, 1.0, 0.0, 0.0, 0.0, 0.0, 0.0, 1.0, 0.0, 0.0, 1.0, 0.0, 2.0, 2.0, 0.0, 2.0, 2.0, 2.0, 0.0, 2.0, 4.0, 0.0, 2.0, 5.0, 1.0, 4.0, 8.0, 8.0, 12.0, 15.0, 14.0, 27.0, 29.0, 111.0, 104.0, 76.0, 29.0, 14216.0], "bins": [-0.004450810141861439, -0.004381266422569752, -0.004311722237616777, -0.00424217851832509, -0.004172634333372116, -0.004103090614080429, -0.004033546894788742, -0.003964002709835768, -0.0038944589905440807, -0.00382491503842175, -0.0037553710862994194, -0.0036858273670077324, -0.0036162834148854017, -0.003546739462763071, -0.0034771955106407404, -0.0034076515585184097, -0.003338107606396079, -0.0032685636542737484, -0.0031990197021514177, -0.0031294759828597307, -0.0030599320307374, -0.0029903880786150694, -0.0029208441264927387, -0.002851300174370408, -0.0027817562222480774, -0.0027122122701257467, -0.002642668318003416, -0.002573124598711729, -0.0025035806465893984, -0.0024340366944670677, -0.002364492742344737, -0.0022949487902224064, -0.0022254050709307194, -0.0021558611188083887, -0.002086317166686058, -0.002016773447394371, -0.0019472294952720404, -0.0018776855431497097, -0.001808141591027379, -0.0017385976389050484, -0.0016690538031980395, -0.0015995098510757089, -0.0015299660153687, -0.0014604220632463694, -0.0013908781111240387, -0.0013213342754170299, -0.0012517903232946992, -0.0011822464875876904, -0.0011127025354653597, -0.001043158583343029, -0.0009736147476360202, -0.0009040707955136895, -0.0008345269015990198, -0.00076498300768435, -0.0006954390555620193, -0.0006258951616473496, -0.0005563512677326798, -0.0004868073738180101, -0.0004172634507995099, -0.0003477195277810097, -0.0002781756338663399, -0.00020863173995167017, -0.00013908781693316996, -6.954389391466975e-05, 0.0]}, "gradients/embedding_user.weight": {"_type": "histogram", "values": [1.0, 1.0, 0.0, 3.0, 4.0, 4.0, 5.0, 4.0, 9.0, 11.0, 16.0, 24.0, 29.0, 36.0, 59.0, 69.0, 89.0, 111.0, 178.0, 299.0, 374.0, 589.0, 783.0, 1111.0, 1651.0, 2339.0, 3619.0, 6714.0, 34667.0, 246310.0, 485702.0, 124341.0, 16035.0, 4786.0, 2996.0, 2009.0, 1358.0, 983.0, 696.0, 456.0, 304.0, 232.0, 158.0, 111.0, 91.0, 45.0, 45.0, 22.0, 23.0, 24.0, 11.0, 19.0, 7.0, 10.0, 3.0, 1.0, 2.0, 1.0, 1.0, 0.0, 1.0, 0.0, 1.0, 1.0], "bins": [-0.0020587879698723555, -0.001990855671465397, -0.0019229232566431165, -0.001854990841820836, -0.0017870584269985557, -0.0017191260121762753, -0.0016511937137693167, -0.0015832612989470363, -0.0015153288841247559, -0.0014473964693024755, -0.0013794641708955169, -0.0013115317560732365, -0.001243599341250956, -0.0011756669264286757, -0.001107734628021717, -0.0010398022131994367, -0.0009718699147924781, -0.0009039375581778586, -0.0008360051433555782, -0.0007680727867409587, -0.0007001403719186783, -0.0006322080153040588, -0.0005642756586894393, -0.0004963432438671589, -0.0004284108872525394, -0.00036047850153408945, -0.0002925461158156395, -0.00022461375920102, -0.00015668137348257005, -8.87489877641201e-05, -2.081663114950061e-05, 4.711575456894934e-05, 0.00011504814028739929, 0.00018298052600584924, 0.0002509129117242992, 0.0003188452683389187, 0.00038677765405736864, 0.0004547100397758186, 0.0005226423963904381, 0.0005905748112127185, 0.000658507167827338, 0.0007264395244419575, 0.0007943719392642379, 0.0008623042958788574, 0.0009302366524934769, 0.0009981690673157573, 0.0010661014821380377, 0.0011340337805449963, 0.0012019661953672767, 0.001269898610189557, 0.0013378309085965157, 0.001405763323418796, 0.0014736957382410765, 0.001541628036648035, 0.0016095604514703155, 0.0016774928662925959, 0.0017454251646995544, 0.0018133575795218349, 0.0018812898779287934, 0.0019492222927510738, 0.0020171545911580324, 0.0020850871223956347, 0.0021530194208025932, 0.002220951719209552, 0.002288884250447154]}, "gradients/embedding_item.weight": {"_type": "histogram", "values": [3.0, 1.0, 0.0, 5.0, 4.0, 7.0, 8.0, 4.0, 5.0, 13.0, 12.0, 22.0, 53.0, 67.0, 109.0, 188.0, 361.0, 580.0, 1017.0, 2018.0, 4322.0, 9185.0, 17857.0, 34617.0, 59012.0, 289506.0, 62506.0, 37172.0, 19465.0, 9848.0, 4743.0, 2252.0, 1195.0, 593.0, 315.0, 235.0, 112.0, 74.0, 53.0, 30.0, 16.0, 12.0, 10.0, 10.0, 3.0, 4.0, 1.0, 2.0, 0.0, 0.0, 2.0, 1.0, 0.0, 0.0, 1.0, 0.0, 0.0, 0.0, 0.0, 0.0, 0.0, 0.0, 0.0, 1.0],