{"TOTAL_BEST_METRIC": 0.35206898928662994, "BEST_NDCG@10": 0.055468531477884754, "_timestamp": 1688391269.1353805, "_runtime": 18242.21475958824, "_step": 1109, "epoch": 1000, "Train_Metric_loss": -0.4910775743998014, "Train_Reg_loss": 0.02198876590969471, "Pos_loss": -0.14458099007606506, "Neg_loss": -0.3470233976840973, "Recall@5": 0.029637684656582258, "Recall@10": 0.04723797147619358, "Recall@20": 0.07352028197264361, "NDCG@5": 0.04237800639474948, "NDCG@10": 0.046775704908916894, "NDCG@20": 0.055942397230426995, "Recall@5_total_best": 0.0348791162551719, "Recall@10_total_best": 0.05686523885857253, "Recall@20_total_best": 0.08875865252397834, "ndcg@5_total_best": 0.04945458499684389, "ndcg@10_total_best": 0.055468531477884754, "ndcg@20_total_best": 0.06664286517417856, "EPOCH_ndcg_best": 40, "Recall@5_ndcg_best": 0.0348791162551719, "Recall@10_ndcg_best": 0.05686523885857253, "Recall@20_ndcg_best": 0.08875865252397834, "ndcg@5_ndcg_best": 0.04945458499684389, "ndcg@10_ndcg_best": 0.055468531477884754, "ndcg@20_ndcg_best": 0.06664286517417856, "gradients/mass_i.weight": {"_type": "histogram", "values": [1.0, 0.0, 0.0, 2.0, 1.0, 1.0, 2.0, 2.0, 5.0, 7.0, 9.0, 8.0, 15.0, 26.0, 32.0, 58.0, 127.0, 352.0, 753.0, 39291.0, 259.0, 140.0, 60.0, 28.0, 16.0, 17.0, 12.0, 7.0, 5.0, 3.0, 4.0, 4.0, 1.0, 2.0, 2.0, 2.0, 0.0, 2.0, 2.0, 0.0, 0.0, 0.0, 0.0, 2.0, 0.0, 0.0, 1.0, 0.0, 0.0, 0.0, 0.0, 1.0, 0.0, 0.0, 0.0, 0.0, 0.0, 0.0, 0.0, 1.0, 0.0, 0.0, 0.0, 1.0], "bins": [-4.405456274980679e-05, -4.181760232313536e-05, -3.958064553444274e-05, -3.734368510777131e-05, -3.510672468109988e-05, -3.2869764254428446e-05, -3.063280746573582e-05, -2.8395847039064392e-05, -2.6158888431382366e-05, -2.392192982370034e-05, -2.1684969397028908e-05, -1.944801078934688e-05, -1.7211052181664854e-05, -1.4974091754993424e-05, -1.2737133147311397e-05, -1.0500172720639966e-05, -8.26321411295794e-06, -6.026254595781211e-06, -3.789295533351833e-06, -1.5523364709224552e-06, 6.846230462542735e-07, 2.921582563431002e-06, 5.158541171113029e-06, 7.39550159778446e-06, 9.632460205466487e-06, 1.1869419722643215e-05, 1.4106379239819944e-05, 1.634333784750197e-05, 1.8580296455183998e-05, 2.0817256881855428e-05, 2.3054215489537455e-05, 2.5291175916208886e-05, 2.7528134523890913e-05, 2.976509313157294e-05, 3.2002051739254966e-05, 3.42390121659264e-05, 3.647597259259783e-05, 3.871293301926926e-05, 4.094988980796188e-05, 4.318685023463331e-05, 4.542381066130474e-05, 4.766077108797617e-05, 4.9897727876668796e-05, 5.2134688303340226e-05, 5.437164873001166e-05, 5.660860915668309e-05, 5.884556594537571e-05, 6.108252273406833e-05, 6.331948679871857e-05, 6.55564435874112e-05, 6.779340765206143e-05, 7.003036444075406e-05, 7.226732122944668e-05, 7.450428529409692e-05, 7.674124208278954e-05, 7.897820614743978e-05, 8.121515566017479e-05, 8.345211244886741e-05, 8.568907651351765e-05, 8.792603330221027e-05, 9.01629900909029e-05, 9.239995415555313e-05, 9.463691094424576e-05, 9.6873875008896e-05, 9.911083179758862e-05]}, "gradients/mass_u.weight": {"_type": "histogram", "values": [0.0, 0.0, 0.0, 0.0, 0.0, 0.0, 0.0, 0.0, 0.0, 0.0, 0.0, 0.0, 0.0, 0.0, 0.0, 0.0, 0.0, 0.0, 0.0, 0.0, 0.0, 0.0, 0.0, 0.0, 0.0, 0.0, 0.0, 0.0, 0.0, 0.0, 0.0, 0.0, 52406.0, 0.0, 0.0, 0.0, 0.0, 0.0, 0.0, 0.0, 0.0, 0.0, 0.0, 0.0, 0.0, 0.0, 0.0, 0.0, 0.0, 0.0, 0.0, 0.0, 0.0, 0.0, 0.0, 0.0, 0.0, 0.0, 0.0, 0.0, 0.0, 0.0, 0.0, 0.0], "bins": [0.0, 0.0, 0.0, 0.0, 0.0, 0.0, 0.0, 0.0, 0.0, 0.0, 0.0, 0.0, 0.0, 0.0, 0.0, 0.0, 0.0, 0.0, 0.0, 0.0, 0.0, 0.0, 0.0, 0.0, 0.0, 0.0, 0.0, 0.0, 0.0, 0.0, 0.0, 0.0, 0.0, 0.0, 0.0, 0.0, 0.0, 0.0, 0.0, 0.0, 0.0, 0.0, 0.0, 0.0, 0.0, 0.0, 0.0, 0.0, 0.0, 0.0, 0.0, 0.0, 0.0, 0.0, 0.0, 0.0, 0.0, 0.0, 0.0, 0.0, 0.0, 0.0, 0.0, 0.0, 0.0]}, "gradients/embedding_user.weight": {"_type": "histogram", "values": [1.0, 1.0, 0.0, 0.0, 0.0, 1.0, 0.0, 1.0, 1.0, 0.0, 0.0, 2.0, 1.0, 1.0, 2.0, 2.0, 1.0, 1.0, 1.0, 4.0, 8.0, 5.0, 9.0, 7.0, 13.0, 15.0, 20.0, 30.0, 58.0, 90.0, 155.0, 279.0, 468.0, 927.0, 2208.0, 6173.0, 527683.0, 2801786.0, 8659.0, 2795.0, 1236.0, 572.0, 319.0, 191.0, 88.0, 52.0, 34.0, 22.0, 11.0, 11.0, 3.0, 5.0, 3.0, 4.0, 5.0, 5.0, 2.0, 1.0, 2.0, 4.0, 0.0, 1.0, 2.0, 3.0], "bins": [-8.054984391492326e-06, -7.837958946765866e-06, -7.6209335020394064e-06, -7.403908057312947e-06, -7.186883067333838e-06, -6.969857622607378e-06, -6.752832177880919e-06, -6.535806733154459e-06, -6.31878174317535e-06, -6.1017562984488904e-06, -5.884730853722431e-06, -5.667705408995971e-06, -5.450680419016862e-06, -5.233654974290403e-06, -5.016629529563943e-06, -4.799604084837483e-06, -4.5825786401110236e-06, -4.365553195384564e-06, -4.148527750658104e-06, -3.931502760678995e-06, -3.7144773159525357e-06, -3.497451871226076e-06, -3.2804264264996164e-06, -3.0634009817731567e-06, -2.8463757644203724e-06, -2.6293503196939128e-06, -2.4123251023411285e-06, -2.195299657614669e-06, -1.978274212888209e-06, -1.761248995535425e-06, -1.5442235508089652e-06, -1.3271982197693433e-06, -1.1101728887297213e-06, -8.931475576900993e-07, -6.761221698070585e-07, -4.590967819240177e-07, -2.4207145088439574e-07, -2.5046119844773784e-08, 1.919793248816859e-07, 4.0900465592130786e-07, 6.260299869609298e-07, 8.430553180005518e-07, 1.0600806490401737e-06, 1.2771060937666334e-06, 1.4941314248062554e-06, 1.7111567558458773e-06, 1.928182200572337e-06, 2.1452074179251213e-06, 2.362232862651581e-06, 2.5792583073780406e-06, 2.796283524730825e-06, 3.0133089694572845e-06, 3.2303341868100688e-06, 3.4473596315365285e-06, 3.664385076262988e-06, 3.881410520989448e-06, 4.0984359657159075e-06, 4.315461410442367e-06, 4.532486855168827e-06, 4.7495122998952866e-06, 4.966537289874395e-06, 5.183562734600855e-06, 5.400588179327315e-06, 5.617613624053774e-06, 5.834638614032883e-06]}, "gradients/embedding_item.weight": {"_type": "histogram", "values": [1.0, 0.0, 0.0, 0.0, 0.0, 0.0, 0.0, 0.0, 0.0, 0.0, 0.0, 0.0, 1.0, 1.0, 2.0, 5.0, 4.0, 6.0, 8.0, 13.0, 30.0, 36.0, 54.0, 89.0, 152.0, 232.0, 375.0, 498.0, 732.0, 1282.0, 2031.0, 3797.0, 6975.0, 11884.0, 19514.0, 32580.0, 57378.0, 188592.0, 1836192.0, 318058.0, 69097.0, 37012.0, 22264.0, 13570.0, 7703.0, 4414.0, 2422.0, 1379.0, 850.0, 572.0, 363.0, 244.0, 156.0, 97.0, 93.0, 46.0, 23.0, 17.0, 20.0, 12.0, 9.0, 4.0, 5.0, 2.0], "bins": [-4.528435511019779e-06, -4.411184363561915e-06, -4.293933216104051e-06, -4.176682068646187e-06, -4.059430921188323e-06, -3.942179773730459e-06, -3.8249286262725946e-06, -3.707677706188406e-06, -3.5904265587305417e-06, -3.4731754112726776e-06, -3.3559242638148135e-06, -3.2386731163569493e-06, -3.121421968899085e-06, -3.0041710488148965e-06, -2.8869199013570324e-06, -2.7696687538991682e-06, -2.652417606441304e-06, -2.53516645898344e-06, -2.417915311525576e-06, -2.3006641640677117e-06, -2.1834130166098475e-06, -2.0661618691519834e-06, -1.9489107216941193e-06, -1.8316598016099306e-06, -1.714408426778391e-06, -1.5971572793205269e-06, -1.4799061318626627e-06, -1.3626549844047986e-06, -1.2454039506337722e-06, -1.128152803175908e-06, -1.010901655718044e-06, -8.936505651035986e-07, -7.763994744891534e-07, -6.591483270312892e-07, -5.41897236416844e-07, -4.246460889589798e-07, -3.073949699228251e-07, -1.901438508866704e-07, -7.289270342880627e-08, 4.4358387185639e-08, 1.6160953464350314e-07, 2.7886065367965784e-07, 3.9611177271581255e-07, 5.133629201736767e-07, 6.306140676315408e-07, 7.478651582459861e-07, 8.651163057038502e-07, 9.823673963182955e-07, 1.0996185437761596e-06, 1.2168696912340238e-06, 1.334120838691888e-06, 1.4513718724629143e-06, 1.5686230199207785e-06, 1.6858741673786426e-06, 1.8031253148365067e-06, 1.920376462294371e-06, 2.037627609752235e-06, 2.154878757210099e-06, 2.2721299046679633e-06, 2.3893810521258274e-06, 2.5066321995836915e-06, 2.6238831196678802e-06, 2.7411342671257444e-06, 2.8583854145836085e-06, 2.9756365620414726e-06]}, "_wandb": {"runtime": 18241}}