{"TOTAL_BEST_METRIC": 1.0385676876762429, "BEST_NDCG@10": 0.1312754554666335, "_timestamp": 1688412487.8154721, "_runtime": 1094.0636961460114, "_step": 1208, "epoch": 1000, "Train_Metric_loss": 2.0814823150634765, "Train_Reg_loss": 3.6293613084126265e-05, "Pos_loss": 8.526286125183105, "Neg_loss": 0.2257612943649292, "Recall@5": 0.14502380953105265, "Recall@10": 0.2110369895334099, "Recall@20": 0.29136595175803187, "NDCG@5": 0.10723314065788032, "NDCG@10": 0.1306366877048405, "NDCG@20": 0.15327110849102754, "Recall@5_total_best": 0.14502380953105265, "Recall@10_total_best": 0.2110369895334099, "Recall@20_total_best": 0.29136595175803187, "ndcg@5_total_best": 0.10723314065788032, "ndcg@10_total_best": 0.1306366877048405, "ndcg@20_total_best": 0.15327110849102754, "EPOCH_ndcg_best": 790, "Recall@5_ndcg_best": 0.1434357163201058, "Recall@10_ndcg_best": 0.21087878586829872, "Recall@20_ndcg_best": 0.2879389773511368, "ndcg@5_ndcg_best": 0.10764724395069349, "ndcg@10_ndcg_best": 0.1312754554666335, "ndcg@20_ndcg_best": 0.15343118057887342, "gradients/mass_i.weight": {"_type": "histogram", "values": [1.0, 0.0, 0.0, 0.0, 0.0, 0.0, 0.0, 0.0, 0.0, 0.0, 0.0, 0.0, 0.0, 0.0, 0.0, 0.0, 0.0, 0.0, 0.0, 1.0, 2.0, 0.0, 1.0, 1.0, 1.0, 0.0, 3.0, 0.0, 0.0, 0.0, 0.0, 2.0, 2.0, 2.0, 3.0, 2.0, 3.0, 7.0, 8.0, 13.0, 9.0, 9.0, 12.0, 21.0, 25.0, 38.0, 46.0, 66.0, 110.0, 96.0, 198.0, 95.0, 196.0, 2193.0, 91.0, 154.0, 56.0, 36.0, 28.0, 14.0, 10.0, 7.0, 4.0, 2.0], "bins": [-0.0024631021078675985, -0.0024170302785933018, -0.002370958449319005, -0.0023248863872140646, -0.002278814557939768, -0.002232742728665471, -0.0021866708993911743, -0.002140598837286234, -0.002094527008011937, -0.0020484551787376404, -0.0020023833494633436, -0.001956311287358403, -0.0019102394580841064, -0.0018641676288098097, -0.001818095799535513, -0.0017720238538458943, -0.0017259520245715976, -0.0016798801952973008, -0.0016338082496076822, -0.0015877364203333855, -0.0015416644746437669, -0.0014955926453694701, -0.0014495206996798515, -0.0014034488704055548, -0.001357377041131258, -0.0013113052118569613, -0.0012652332661673427, -0.001219161436893046, -0.0011730894912034273, -0.0011270176619291306, -0.0010809458326548338, -0.0010348738869652152, -0.0009888018248602748, -0.0009427299373783171, -0.0008966580498963594, -0.0008505862206220627, -0.0008045142749324441, -0.0007584424456581473, -0.0007123705581761897, -0.000666298670694232, -0.0006202268414199352, -0.0005741549539379776, -0.0005280830664560199, -0.00048201120807789266, -0.000435939320595935, -0.0003898674331139773, -0.0003437955747358501, -0.0002977236872538924, -0.0002516517706681043, -0.00020557988318614662, -0.00015950801025610417, -0.00011343613732606173, -6.736424984410405e-05, -2.1292362362146378e-05, 2.477949601598084e-05, 7.085138349793851e-05, 0.00011692327097989619, 0.00016299515846185386, 0.0002090670313918963, 0.00025513890432193875, 0.00030121079180389643, 0.0003472826792858541, 0.0003933545376639813, 0.000439426425145939, 0.00048549831262789667]}, "gradients/mass_u.weight": {"_type": "histogram", "values": [1.0, 0.0, 0.0, 0.0, 0.0, 0.0, 0.0, 0.0, 0.0, 0.0, 0.0, 0.0, 0.0, 0.0, 0.0, 0.0, 0.0, 0.0, 0.0, 1.0, 0.0, 0.0, 0.0, 0.0, 0.0, 0.0, 0.0, 0.0, 0.0, 0.0, 0.0, 0.0, 0.0, 0.0, 0.0, 1.0, 0.0, 0.0, 0.0, 0.0, 0.0, 1.0, 1.0, 0.0, 0.0, 1.0, 0.0, 1.0, 1.0, 2.0, 4.0, 2.0, 1.0, 5.0, 8.0, 4.0, 9.0, 9.0, 23.0, 34.0, 74.0, 181.0, 126.0, 5051.0], "bins": [-0.006177814677357674, -0.0060812863521277905, -0.005984758026897907, -0.005888229701668024, -0.005791701376438141, -0.005695173051208258, -0.0055986447259783745, -0.005502115935087204, -0.005405588075518608, -0.005309059750288725, -0.005212531425058842, -0.0051160030998289585, -0.005019474774599075, -0.004922946449369192, -0.004826418124139309, -0.004729889333248138, -0.004633361008018255, -0.004536832682788372, -0.004440304357558489, -0.004343776032328606, -0.0042472477070987225, -0.004150719381868839, -0.004054191056638956, -0.003957662731409073, -0.003861134173348546, -0.003764605848118663, -0.0036680775228887796, -0.0035715491976588964, -0.0034750206395983696, -0.0033784923143684864, -0.003281963989138603, -0.00318543566390872, -0.003088907338678837, -0.0029923790134489536, -0.0028958506882190704, -0.0027993223629891872, -0.002702794037759304, -0.002606265479698777, -0.002509737154468894, -0.002413208829239011, -0.0023166805040091276, -0.0022201521787792444, -0.0021236238535493612, -0.002027095528319478, -0.001930567086674273, -0.0018340387614443898, -0.0017375103197991848, -0.0016409819945693016, -0.0015444536693394184, -0.0014479253441095352, -0.001351397018879652, -0.001254868577234447, -0.0011583402520045638, -0.0010618119267746806, -0.0009652835433371365, -0.0008687551598995924, -0.0007722268346697092, -0.000675698509439826, -0.0005791701260022819, -0.00048264177166856825, -0.0003861134173348546, -0.00028958506300114095, -0.0001930567086674273, -9.65283252298832e-05, 0.0]}, "gradients/embedding_user.weight": {"_type": "histogram", "values": [1.0, 2.0, 1.0, 3.0, 1.0, 0.0, 2.0, 0.0, 2.0, 1.0, 3.0, 4.0, 7.0, 11.0, 8.0, 15.0, 16.0, 20.0, 35.0, 36.0, 64.0, 74.0, 156.0, 210.0, 319.0, 573.0, 896.0, 1589.0, 2745.0, 5095.0, 14114.0, 42935.0, 93732.0, 105955.0, 53908.0, 18216.0, 6292.0, 3050.0, 1710.0, 1050.0, 623.0, 402.0, 252.0, 142.0, 93.0, 81.0, 42.0, 34.0, 23.0, 23.0, 8.0, 14.0, 4.0, 7.0, 9.0, 5.0, 0.0, 5.0, 1.0, 1.0, 1.0, 0.0, 0.0, 3.0], "bins": [-0.0015183662762865424, -0.001472529605962336, -0.0014266930520534515, -0.0013808563817292452, -0.0013350198278203607, -0.0012891831574961543, -0.0012433466035872698, -0.0011975099332630634, -0.001151673379354179, -0.0011058367090299726, -0.001060000155121088, -0.0010141634847968817, -0.0009683269308879972, -0.0009224903187714517, -0.0008766537066549063, -0.0008308170363306999, -0.0007849804242141545, -0.000739143812097609, -0.0006933071999810636, -0.0006474705878645182, -0.0006016339757479727, -0.0005557973636314273, -0.0005099606933072209, -0.00046412411029450595, -0.0004182874981779605, -0.0003724508860614151, -0.00032661427394486964, -0.00028077763272449374, -0.00023494103515986353, -0.0001891044230433181, -0.00014326779637485743, -9.743118425831199e-05, -5.159457214176655e-05, -5.757956387242302e-06, 4.0078659367281944e-05, 8.5915278759785e-05, 0.00013175189087633044, 0.00017758850299287587, 0.00022342512966133654, 0.000269261741777882, 0.0003150983538944274, 0.00036093496601097286, 0.0004067715781275183, 0.0004526082193478942, 0.0004984448314644396, 0.0005442814435809851, 0.0005901180556975305, 0.000635954667814076, 0.0006817912799306214, 0.0007276278920471668, 0.0007734645041637123, 0.0008193011162802577, 0.0008651377283968031, 0.0009109743405133486, 0.0009568110108375549, 0.0010026475647464395, 0.0010484842350706458, 0.0010943209053948522, 0.0011401574593037367, 0.001185994129627943, 0.0012318306835368276, 0.001277667353861034, 0.0013235039077699184, 0.0013693405780941248, 0.0014151771320030093]}, "gradients/embedding_item.weight": {"_type": "histogram", "values": [2.0, 0.0, 0.0, 3.0, 4.0, 2.0, 6.0, 6.0, 6.0, 12.0, 20.0, 18.0, 35.0, 38.0, 54.0, 65.0, 91.0, 137.0, 169.0, 262.0, 356.0, 541.0, 815.0, 1147.0, 1601.0, 2451.0, 3958.0, 6302.0, 9872.0, 15505.0, 22490.0, 39664.0, 51533.0, 23914.0, 16881.0, 10854.0, 6876.0, 4220.0, 2696.0, 1820.0, 1164.0, 869.0, 546.0, 371.0, 256.0, 196.0, 143.0, 95.0, 73.0, 55.0, 43.0, 24.0, 26.0, 19.0, 12.0, 17.0, 8.0, 4.0, 1.0, 0.0, 1.0, 0.0, 2.0, 1.0],