{"TOTAL_BEST_METRIC": 1.0390349322303076, "BEST_NDCG@10": 0.13128873176369837, "_timestamp": 1688426916.5759838, "_runtime": 688.600344657898, "_step": 1208, "epoch": 1000, "Train_Metric_loss": 1.266349196434021, "Train_Reg_loss": 6.200977513799444e-05, "Pos_loss": 9.248324394226074, "Neg_loss": 0.02365724742412567, "Recall@5": 0.14294322754387634, "Recall@10": 0.20968864389707279, "Recall@20": 0.29099177137098725, "NDCG@5": 0.10718802918437505, "NDCG@10": 0.13074249292832016, "NDCG@20": 0.15392286306243944, "Recall@5_total_best": 0.14437541797712947, "Recall@10_total_best": 0.20983877125230108, "Recall@20_total_best": 0.2921629129778355, "ndcg@5_total_best": 0.10764783948827442, "ndcg@10_total_best": 0.13081665820460084, "ndcg@20_total_best": 0.15419333233016633, "EPOCH_ndcg_best": 900, "Recall@5_ndcg_best": 0.14361542699397165, "Recall@10_ndcg_best": 0.2108102414320603, "Recall@20_ndcg_best": 0.28873492903220516, "ndcg@5_ndcg_best": 0.10773084494593127, "ndcg@10_ndcg_best": 0.13128873176369837, "ndcg@20_ndcg_best": 0.15349524784076266, "gradients/mass_i.weight": {"_type": "histogram", "values": [1.0, 0.0, 0.0, 1.0, 1.0, 0.0, 0.0, 0.0, 2.0, 2.0, 0.0, 2.0, 1.0, 1.0, 2.0, 1.0, 0.0, 4.0, 8.0, 3.0, 5.0, 2.0, 4.0, 8.0, 7.0, 12.0, 5.0, 15.0, 19.0, 9.0, 30.0, 42.0, 36.0, 31.0, 104.0, 91.0, 15.0, 48.0, 2760.0, 13.0, 34.0, 97.0, 10.0, 14.0, 40.0, 17.0, 9.0, 14.0, 13.0, 4.0, 6.0, 5.0, 2.0, 4.0, 3.0, 3.0, 1.0, 0.0, 0.0, 1.0, 2.0, 2.0, 0.0, 2.0], "bins": [-0.000910280563402921, -0.0008866353891789913, -0.0008629902149550617, -0.000839345040731132, -0.0008156998665072024, -0.0007920546922832727, -0.000768409576267004, -0.0007447643438354135, -0.0007211192278191447, -0.0006974740535952151, -0.0006738288793712854, -0.0006501837051473558, -0.0006265385309234262, -0.0006028933566994965, -0.0005792481824755669, -0.0005556030664592981, -0.0005319578340277076, -0.0005083126598037779, -0.0004846674855798483, -0.00046102231135591865, -0.000437377137131989, -0.00041373196290805936, -0.00039008681778796017, -0.00036644164356403053, -0.0003427964693401009, -0.00031915129511617124, -0.0002955061208922416, -0.0002718609757721424, -0.00024821580154821277, -0.0002245706127723679, -0.00020092545310035348, -0.00017728027887642384, -0.00015363504644483328, -0.00012998987222090364, -0.0001063447052729316, -8.269953832495958e-05, -5.905436410102993e-05, -3.540918987710029e-05, -1.1764030205085874e-05, 1.188114401884377e-05, 3.5526318242773414e-05, 5.917148882872425e-05, 8.281665941467509e-05, 0.00010646182636264712, 0.00013010700058657676, 0.0001537521748105064, 0.00017739733448252082, 0.00020104250870645046, 0.0002246876829303801, 0.00024833285715430975, 0.0002719780313782394, 0.00029562320560216904, 0.0003192683798260987, 0.0003429135540500283, 0.0003665586991701275, 0.00039020387339405715, 0.0004138490476179868, 0.00043749422184191644, 0.0004611393960658461, 0.00048478454118594527, 0.0005084297154098749, 0.0005320748896338046, 0.0005557200638577342, 0.0005793652380816638, 0.0006030104123055935]}, "gradients/mass_u.weight": {"_type": "histogram", "values": [1.0, 0.0, 0.0, 0.0, 0.0, 0.0, 0.0, 0.0, 0.0, 0.0, 0.0, 0.0, 0.0, 0.0, 0.0, 0.0, 0.0, 0.0, 0.0, 0.0, 0.0, 0.0, 1.0, 0.0, 0.0, 0.0, 0.0, 1.0, 2.0, 0.0, 0.0, 0.0, 0.0, 1.0, 1.0, 0.0, 0.0, 0.0, 0.0, 0.0, 1.0, 0.0, 0.0, 0.0, 0.0, 1.0, 3.0, 1.0, 0.0, 0.0, 2.0, 1.0, 7.0, 6.0, 1.0, 8.0, 7.0, 6.0, 22.0, 41.0, 67.0, 182.0, 117.0, 5061.0], "bins": [-0.0008933302015066147, -0.0008793718880042434, -0.000865413632709533, -0.0008514553774148226, -0.0008374970639124513, -0.00082353875041008, -0.0008095804951153696, -0.0007956222398206592, -0.0007816639263182878, -0.0007677056128159165, -0.0007537473575212061, -0.0007397891022264957, -0.0007258307887241244, -0.0007118724752217531, -0.0006979142199270427, -0.0006839559646323323, -0.000669997651129961, -0.0006560393376275897, -0.0006420810823328793, -0.0006281228270381689, -0.0006141645135357976, -0.0006002062000334263, -0.0005862479447387159, -0.0005722896894440055, -0.0005583313759416342, -0.0005443730624392629, -0.0005304148071445525, -0.0005164565518498421, -0.0005024982383474708, -0.0004885399248450994, -0.00047458166955038905, -0.0004606233851518482, -0.00044666510075330734, -0.0004327068163547665, -0.00041874853195622563, -0.0004047902475576848, -0.0003908319631591439, -0.00037687367876060307, -0.0003629153943620622, -0.00034895710996352136, -0.0003349988255649805, -0.00032104054116643965, -0.0003070822567678988, -0.00029312397236935794, -0.0002791656879708171, -0.00026520740357227623, -0.0002512491191737354, -0.00023729083477519453, -0.00022333255037665367, -0.00020937426597811282, -0.00019541598157957196, -0.0001814576971810311, -0.00016749941278249025, -0.0001535411283839494, -0.00013958284398540854, -0.0001256245595868677, -0.00011166627518832684, -9.770799078978598e-05, -8.374970639124513e-05, -6.979142199270427e-05, -5.583313759416342e-05, -4.187485319562256e-05, -2.791656879708171e-05, -1.3958284398540854e-05, 0.0]}, "gradients/embedding_user.weight": {"_type": "histogram", "values": [2.0, 1.0, 1.0, 1.0, 2.0, 1.0, 2.0, 1.0, 1.0, 3.0, 2.0, 5.0, 3.0, 7.0, 13.0, 13.0, 22.0, 27.0, 51.0, 56.0, 113.0, 203.0, 322.0, 568.0, 1160.0, 2263.0, 4624.0, 15230.0, 81820.0, 163354.0, 64627.0, 11680.0, 4050.0, 2029.0, 1081.0, 550.0, 275.0, 153.0, 99.0, 69.0, 36.0, 26.0, 19.0, 18.0, 8.0, 7.0, 5.0, 7.0, 7.0, 0.0, 1.0, 3.0, 0.0, 0.0, 0.0, 1.0, 0.0, 0.0, 0.0, 1.0, 0.0, 0.0, 0.0, 1.0], "bins": [-0.0016500710044056177, -0.001593973720446229, -0.0015378764364868402, -0.0014817791525274515, -0.0014256818685680628, -0.001369584584608674, -0.0013134873006492853, -0.0012573900166898966, -0.0012012927327305079, -0.0011451954487711191, -0.0010890981648117304, -0.0010330008808523417, -0.000976903596892953, -0.0009208063129335642, -0.0008647090289741755, -0.0008086117450147867, -0.0007525145192630589, -0.0006964172353036702, -0.0006403199513442814, -0.0005842226673848927, -0.000528125383425504, -0.0004720281285699457, -0.00041593084461055696, -0.00035983356065116823, -0.0003037362766917795, -0.00024763899273239076, -0.00019154170877300203, -0.00013544443936552852, -7.934715540613979e-05, -2.3249885998666286e-05, 3.2847397960722446e-05, 8.894468192011118e-05, 0.0001450419658794999, 0.00020113924983888865, 0.0002572365337982774, 0.0003133338177576661, 0.00036943110171705484, 0.0004255283565726131, 0.00048162564053200185, 0.000537722953595221, 0.0005938202375546098, 0.0006499175215139985, 0.0007060148054733872, 0.000762112089432776, 0.0008182093733921647, 0.0008743066573515534, 0.0009304039413109422, 0.000986501225270331, 0.0010425983928143978, 0.0010986956767737865, 0.0011547929607331753, 0.001210890244692564, 0.0012669875286519527, 0.0013230848126113415, 0.0013791820965707302, 0.001435279380530119, 0.0014913766644895077, 0.0015474739484488964, 0.0016035712324082851, 0.0016596685163676739, 0.0017157658003270626, 0.0017718630842864513, 0.00182796036824584, 0.0018840576522052288, 0.0019401549361646175]}, "gradients/embedding_item.weight": {"_type": "histogram", "values": [1.0, 0.0, 0.0, 0.0, 0.0, 0.0, 2.0, 1.0, 3.0, 4.0, 1.0, 3.0, 9.0, 7.0, 18.0, 25.0, 32.0, 37.0, 62.0, 77.0, 118.0, 197.0, 233.0, 317.0, 493.0, 803.0, 1140.0, 1821.0, 2835.0, 4764.0, 7573.0, 12589.0, 19828.0, 29062.0, 60945.0, 29970.0, 20619.0, 13126.0, 8063.0, 4843.0, 3044.0, 1936.0, 1194.0, 805.0, 523.0, 370.0, 237.0, 197.0, 136.0, 83.0, 54.0, 35.0, 35.0, 24.0, 25.0, 12.0, 4.0, 6.0, 0.0, 8.0, 0.0, 1.0, 0.0, 2.0],