{"TOTAL_BEST_METRIC": 0.1935545014443074, "BEST_NDCG@10": 0.021852833000831743, "_timestamp": 1688480743.639454, "_runtime": 1601.649122953415, "_step": 1279, "epoch": 1000, "Train_Metric_loss": 6.528242247445243, "Train_Reg_loss": 1.7963492869707158e-06, "Pos_loss": 8.034520149230957, "Neg_loss": 1.2882195711135864, "Recall@5": 0.021912934187827113, "Recall@10": 0.03993965506835955, "Recall@20": 0.06535165621424928, "NDCG@5": 0.015405094620725349, "NDCG@10": 0.021791411070853774, "NDCG@20": 0.028950280514153305, "Recall@5_total_best": 0.021864170826666154, "Recall@10_total_best": 0.040144461185235576, "Recall@20_total_best": 0.06535165621424928, "ndcg@5_total_best": 0.015390622660695725, "ndcg@10_total_best": 0.021852833000831743, "ndcg@20_total_best": 0.028950757556628928, "EPOCH_ndcg_best": 1000, "Recall@5_ndcg_best": 0.021864170826666154, "Recall@10_ndcg_best": 0.040144461185235576, "Recall@20_ndcg_best": 0.06535165621424928, "ndcg@5_ndcg_best": 0.015390622660695725, "ndcg@10_ndcg_best": 0.021852833000831743, "ndcg@20_ndcg_best": 0.028950757556628928, "gradients/mass_i.weight": {"_type": "histogram", "values": [1.0, 0.0, 0.0, 0.0, 0.0, 0.0, 0.0, 0.0, 0.0, 1.0, 0.0, 0.0, 0.0, 0.0, 0.0, 0.0, 0.0, 0.0, 0.0, 0.0, 0.0, 0.0, 0.0, 1.0, 0.0, 0.0, 1.0, 0.0, 2.0, 2.0, 2.0, 3.0, 1.0, 1.0, 0.0, 1.0, 4.0, 2.0, 3.0, 2.0, 4.0, 5.0, 3.0, 14.0, 12.0, 13.0, 37.0, 39.0, 171.0, 99.0, 712.0, 339.0, 6422.0, 113.0, 446.0, 161.0, 53.0, 11.0, 17.0, 3.0, 8.0, 0.0, 2.0, 2.0], "bins": [-0.001591927488334477, -0.0015618159668520093, -0.0015317044453695416, -0.0015015928074717522, -0.0014714812859892845, -0.0014413697645068169, -0.0014112582430243492, -0.0013811467215418816, -0.001351035083644092, -0.0013209235621616244, -0.0012908120406791568, -0.0012607004027813673, -0.0012305888812988997, -0.001200477359816432, -0.0011703658383339643, -0.0011402543168514967, -0.001110142795369029, -0.0010800312738865614, -0.0010499197524040937, -0.0010198081145063043, -0.0009896965930238366, -0.000959585071541369, -0.0009294735500589013, -0.0008993619703687727, -0.0008692503906786442, -0.0008391388691961765, -0.000809027289506048, -0.0007789157680235803, -0.0007488041883334517, -0.0007186926668509841, -0.0006885811453685164, -0.0006584695656783879, -0.0006283579859882593, -0.0005982464645057917, -0.0005681348848156631, -0.0005380233633331954, -0.0005079117836430669, -0.00047780026216059923, -0.0004476887115743011, -0.000417577160988003, -0.0003874656104017049, -0.0003573540598154068, -0.0003272425092291087, -0.0002971309586428106, -0.00026701943716034293, -0.0002369078720221296, -0.00020679633598774672, -0.0001766847854014486, -0.0001465732348151505, -0.00011646168422885239, -8.63501409185119e-05, -5.6238597608171403e-05, -2.6127047021873295e-05, 3.984503564424813e-06, 3.409603959880769e-05, 6.42075901851058e-05, 9.431914077140391e-05, 0.00012443069135770202, 0.00015454224194400012, 0.000184653777978383, 0.0002147653285646811, 0.00024487689370289445, 0.0002749884151853621, 0.0003050999657716602, 0.0003352115163579583]}, "gradients/mass_u.weight": {"_type": "histogram", "values": [1.0, 0.0, 1.0, 0.0, 0.0, 0.0, 0.0, 0.0, 0.0, 0.0, 0.0, 0.0, 0.0, 0.0, 0.0, 0.0, 0.0, 0.0, 0.0, 0.0, 0.0, 0.0, 0.0, 0.0, 0.0, 0.0, 0.0, 0.0, 1.0, 0.0, 0.0, 0.0, 0.0, 0.0, 0.0, 1.0, 0.0, 0.0, 0.0, 0.0, 0.0, 0.0, 1.0, 1.0, 0.0, 1.0, 2.0, 3.0, 2.0, 0.0, 4.0, 2.0, 3.0, 10.0, 5.0, 3.0, 16.0, 17.0, 21.0, 58.0, 103.0, 120.0, 117.0, 14188.0], "bins": [-0.002863398753106594, -0.00281865824945271, -0.0027739175129681826, -0.0027291770093142986, -0.002684436272829771, -0.002639695769175887, -0.0025949550326913595, -0.0025502145290374756, -0.002505473792552948, -0.002460733288899064, -0.0024159925524145365, -0.0023712520487606525, -0.002326511312276125, -0.002281770808622241, -0.0022370300721377134, -0.0021922895684838295, -0.0021475490648299456, -0.0021028085611760616, -0.002058067824691534, -0.00201332732103765, -0.0019685865845531225, -0.0019238460808992386, -0.0018791054608300328, -0.001834364840760827, -0.0017896242206916213, -0.0017448836006224155, -0.0017001429805532098, -0.001655402360484004, -0.00161066185683012, -0.0015659212367609143, -0.0015211806166917086, -0.0014764399966225028, -0.001431699376553297, -0.0013869587564840913, -0.0013422181364148855, -0.0012974775163456798, -0.001252736896276474, -0.00120799639262259, -0.0011632557725533843, -0.0011185151524841785, -0.0010737745324149728, -0.001029033912345767, -0.0009842932922765613, -0.0009395527304150164, -0.0008948121103458107, -0.0008500714902766049, -0.00080533092841506, -0.0007605903083458543, -0.0007158496882766485, -0.0006711090682074428, -0.000626368448138237, -0.0005816278862766922, -0.0005368872662074864, -0.0004921466461382806, -0.0004474060551729053, -0.00040266546420753, -0.00035792484413832426, -0.0003131842240691185, -0.0002684436331037432, -0.00022370302758645266, -0.00017896242206916213, -0.0001342218165518716, -8.948121103458107e-05, -4.474062006920576e-05, 0.0]}, "gradients/embedding_user.weight": {"_type": "histogram", "values": [2.0, 1.0, 1.0, 0.0, 1.0, 0.0, 1.0, 0.0, 0.0, 0.0, 4.0, 1.0, 5.0, 3.0, 1.0, 2.0, 5.0, 8.0, 7.0, 4.0, 10.0, 14.0, 12.0, 32.0, 52.0, 80.0, 178.0, 295.0, 785.0, 2609.0, 7469.0, 128745.0, 780739.0, 11987.0, 4252.0, 1381.0, 473.0, 177.0, 75.0, 53.0, 29.0, 26.0, 15.0, 9.0, 4.0, 6.0, 6.0, 5.0, 4.0, 4.0, 4.0, 1.0, 0.0, 1.0, 1.0, 0.0, 1.0, 0.0, 0.0, 0.0, 0.0, 2.0, 0.0, 2.0], "bins": [-0.0009567824308760464, -0.0009270942537114024, -0.0008974060183390975, -0.0008677178411744535, -0.0008380296640098095, -0.0008083414286375046, -0.0007786532514728606, -0.0007489650743082166, -0.0007192768971435726, -0.0006895887199789286, -0.0006599004846066236, -0.0006302123074419796, -0.0006005241302773356, -0.0005708358949050307, -0.0005411477177403867, -0.0005114595405757427, -0.00048177133430726826, -0.0004520831280387938, -0.0004223949508741498, -0.00039270674460567534, -0.00036301856744103134, -0.0003333303611725569, -0.0003036421840079129, -0.0002739539777394384, -0.00024426577147096395, -0.00021457757975440472, -0.0001848893880378455, -0.00015520118176937103, -0.00012551300460472703, -9.582479833625257e-05, -6.613660661969334e-05, -3.644841490313411e-05, -6.760237738490105e-06, 2.292795579705853e-05, 5.2616149332607165e-05, 8.23043446871452e-05, 0.00011199253640370443, 0.00014168073539622128, 0.0001713689271127805, 0.00020105711882933974, 0.00023074531054589897, 0.0002604335022624582, 0.00029012170853093266, 0.00031980988569557667, 0.00034949809196405113, 0.0003791862982325256, 0.0004088744753971696, 0.0004385626525618136, 0.00046825085883028805, 0.0004979390650987625, 0.0005276272422634065, 0.0005573154194280505, 0.0005870036548003554, 0.0006166918319649994, 0.0006463800091296434, 0.0006760682445019484, 0.0007057564216665924, 0.0007354445988312364, 0.0007651328342035413, 0.0007948210113681853, 0.0008245091885328293, 0.0008541974239051342, 0.0008838856010697782, 0.0009135737782344222, 0.0009432619553990662]}, "gradients/embedding_item.weight": {"_type": "histogram", "values": [3.0, 0.0, 3.0, 2.0, 4.0, 4.0, 1.0, 14.0, 10.0, 15.0, 24.0, 38.0, 55.0, 83.0, 120.0, 138.0, 226.0, 302.0, 511.0, 754.0, 1138.0, 1731.0, 2740.0, 4301.0, 7010.0, 11421.0, 17641.0, 26489.0, 47264.0, 134293.0, 157835.0, 60065.0, 29443.0, 19892.0, 12698.0, 7771.0, 4952.0, 3012.0, 1920.0, 1235.0, 799.0, 542.0, 346.0, 228.0, 145.0, 122.0, 87.0, 56.0, 41.0, 28.0, 19.0, 13.0, 14.0, 14.0, 5.0, 4.0, 4.0, 3.0, 1.0, 0.0, 2.0, 0.0, 0.0, 1.0],