{"TOTAL_BEST_METRIC": 0.9634920007716814, "BEST_NDCG@10": 0.12078491696931039, "_timestamp": 1688332142.410158, "_runtime": 489.1664459705353, "_step": 1109, "epoch": 1000, "Train_Metric_loss": NaN, "Train_Reg_loss": NaN, "Pos_loss": NaN, "Neg_loss": NaN, "Recall@5": 0.0007852166725705515, "Recall@10": 0.003778486243948518, "Recall@20": 0.005806892363746774, "NDCG@5": 0.000556356529533085, "NDCG@10": 0.0016257618776651963, "NDCG@20": 0.002209725865082795, "Recall@5_total_best": 0.13252464722625243, "Recall@10_total_best": 0.19259208120092397, "Recall@20_total_best": 0.27412029416475975, "ndcg@5_total_best": 0.09958398515977511, "ndcg@10_total_best": 0.12078491696931039, "ndcg@20_total_best": 0.14388607605065978, "EPOCH_ndcg_best": 80, "Recall@5_ndcg_best": 0.13252464722625243, "Recall@10_ndcg_best": 0.19259208120092397, "Recall@20_ndcg_best": 0.27412029416475975, "ndcg@5_ndcg_best": 0.09958398515977511, "ndcg@10_ndcg_best": 0.12078491696931039, "ndcg@20_ndcg_best": 0.14388607605065978, "gradients/mass_i.weight": {"_type": "histogram", "values": [3.0, 0.0, 0.0, 0.0, 0.0, 0.0, 1.0, 1.0, 1.0, 0.0, 1.0, 1.0, 1.0, 0.0, 1.0, 1.0, 1.0, 1.0, 2.0, 4.0, 4.0, 6.0, 7.0, 8.0, 7.0, 12.0, 17.0, 20.0, 23.0, 26.0, 46.0, 36.0, 48.0, 64.0, 82.0, 78.0, 85.0, 129.0, 105.0, 99.0, 2384.0, 47.0, 51.0, 58.0, 25.0, 20.0, 11.0, 14.0, 9.0, 5.0, 3.0, 4.0, 5.0, 1.0, 2.0, 2.0, 0.0, 0.0, 1.0, 2.0, 1.0, 0.0, 1.0, 1.0], "bins": [-0.00011751123383874074, -0.00011462488328106701, -0.00011173853272339329, -0.00010885218216571957, -0.00010596583160804585, -0.00010307948105037212, -0.0001001931304926984, -9.730677993502468e-05, -9.442042937735096e-05, -9.153407881967723e-05, -8.864772826200351e-05, -8.576137770432979e-05, -8.287502714665607e-05, -7.998867658898234e-05, -7.710232603130862e-05, -7.42159754736349e-05, -7.132962491596118e-05, -6.844327435828745e-05, -6.555692380061373e-05, -6.267057324294001e-05, -5.9784222685266286e-05, -5.6897872127592564e-05, -5.401152156991884e-05, -5.112517101224512e-05, -4.8238820454571396e-05, -4.5352469896897674e-05, -4.246611933922395e-05, -3.957976878155023e-05, -3.6693418223876506e-05, -3.3807067666202784e-05, -3.092071710852906e-05, -2.803436655085534e-05, -2.5148015993181616e-05, -2.2261665435507894e-05, -1.937531487783417e-05, -1.648896432016045e-05, -1.3602613762486726e-05, -1.0716263204813004e-05, -7.829912647139281e-06, -4.9435620894655585e-06, -2.057211531791836e-06, 8.291390258818865e-07, 3.715489583555609e-06, 6.6018401412293315e-06, 9.488190698903054e-06, 1.2374541256576777e-05, 1.52608918142505e-05, 1.814724237192422e-05, 2.1033592929597944e-05, 2.3919943487271667e-05, 2.680629404494539e-05, 2.969264460261911e-05, 3.2578995160292834e-05, 3.5465345717966557e-05, 3.835169627564028e-05, 4.1238046833314e-05, 4.4124397390987724e-05, 4.7010747948661447e-05, 4.989709850633517e-05, 5.278344906400889e-05, 5.5669799621682614e-05, 5.8556150179356337e-05, 6.144250073703006e-05, 6.432885129470378e-05, 6.72152018523775e-05]}, "gradients/mass_u.weight": {"_type": "histogram", "values": [1.0, 0.0, 0.0, 0.0, 0.0, 0.0, 0.0, 0.0, 0.0, 0.0, 0.0, 0.0, 0.0, 0.0, 0.0, 0.0, 0.0, 0.0, 0.0, 0.0, 1.0, 0.0, 0.0, 0.0, 0.0, 1.0, 1.0, 0.0, 0.0, 0.0, 0.0, 0.0, 1.0, 0.0, 0.0, 0.0, 1.0, 0.0, 3.0, 1.0, 0.0, 0.0, 0.0, 0.0, 0.0, 0.0, 0.0, 1.0, 1.0, 0.0, 0.0, 1.0, 1.0, 2.0, 2.0, 1.0, 4.0, 7.0, 13.0, 24.0, 23.0, 97.0, 264.0, 5090.0], "bins": [-0.0011152427177876234, -0.0010978170903399587, -0.001080391346476972, -0.0010629657190293074, -0.0010455400915816426, -0.001028114347718656, -0.0010106887202709913, -0.0009932630928233266, -0.00097583734896034, -0.0009584116633050144, -0.0009409860358573496, -0.000923560350202024, -0.0009061346645466983, -0.0008887089788913727, -0.0008712833514437079, -0.0008538576657883823, -0.0008364320383407176, -0.0008190063526853919, -0.0008015807252377272, -0.0007841550395824015, -0.0007667293539270759, -0.0007493037264794111, -0.0007318780408240855, -0.0007144523551687598, -0.0006970267277210951, -0.0006796010420657694, -0.0006621754146181047, -0.000644749728962779, -0.0006273240433074534, -0.0006098983576521277, -0.000592472730204463, -0.0005750470445491374, -0.0005576213588938117, -0.000540195673238486, -0.0005227700457908213, -0.0005053443601354957, -0.00048791867448017, -0.0004704930179286748, -0.0004530673613771796, -0.00043564167572185397, -0.0004182160191703588, -0.0004007903626188636, -0.00038336467696353793, -0.00036593902041204274, -0.00034851336386054754, -0.0003310876782052219, -0.0003136620216537267, -0.0002962363651022315, -0.00027881067944690585, -0.00026138502289541066, -0.000243959337240085, -0.0002265336806885898, -0.0002091080095851794, -0.00019168233848176897, -0.00017425668193027377, -0.00015683101082686335, -0.00013940533972345293, -0.0001219796686200425, -0.0001045540047925897, -8.712834096513689e-05, -6.970266986172646e-05, -5.227699875831604e-05, -3.485133493086323e-05, -1.7425671103410423e-05, 0.0]}, "gradients/embedding_user.weight": {"_type": "histogram", "values": [0.0, 0.0, 0.0, 0.0, 0.0, 0.0, 0.0, 0.0, 0.0, 0.0, 0.0, 0.0, 0.0, 0.0, 0.0, 0.0, 0.0, 0.0, 0.0, 0.0, 0.0, 0.0, 0.0, 0.0, 0.0, 0.0, 0.0, 0.0, 0.0, 0.0, 0.0, 0.0, 3392.0, 0.0, 0.0, 0.0, 0.0, 0.0, 0.0, 0.0, 0.0, 0.0, 0.0, 0.0, 0.0, 0.0, 0.0, 0.0, 0.0, 0.0, 0.0, 0.0, 0.0, 0.0, 0.0, 0.0, 0.0, 0.0, 0.0, 0.0, 0.0, 0.0, 0.0, 0.0], "bins": [0.0, 0.0, 0.0, 0.0, 0.0, 0.0, 0.0, 0.0, 0.0, 0.0, 0.0, 0.0, 0.0, 0.0, 0.0, 0.0, 0.0, 0.0, 0.0, 0.0, 0.0, 0.0, 0.0, 0.0, 0.0, 0.0, 0.0, 0.0, 0.0, 0.0, 0.0, 0.0, 0.0, 0.0, 0.0, 0.0, 0.0, 0.0, 0.0, 0.0, 0.0, 0.0, 0.0, 0.0, 0.0, 0.0, 0.0, 0.0, 0.0, 0.0, 0.0, 0.0, 0.0, 0.0, 0.0, 0.0, 0.0, 0.0, 0.0, 0.0, 0.0, 0.0, 0.0, 0.0, 0.0]}, "_wandb": {"runtime": 488}}