{"TOTAL_BEST_METRIC": 0.1799807835439189, "BEST_NDCG@10": 0.01966162724396904, "_timestamp": 1688499073.5454283, "_runtime": 1516.4980523586273, "_step": 1262, "epoch": 1000, "Train_Metric_loss": 6.4963599273136685, "Train_Reg_loss": 2.645912997780085e-06, "Pos_loss": 8.054338455200195, "Neg_loss": 1.2535520792007446, "Recall@5": 0.0203721310008889, "Recall@10": 0.03509783610924012, "Recall@20": 0.06333548439911396, "NDCG@5": 0.014250167213086003, "NDCG@10": 0.019427668859251238, "NDCG@20": 0.027425262457492234, "Recall@5_total_best": 0.02039488723609735, "Recall@10_total_best": 0.036111247117189625, "Recall@20_total_best": 0.06247074746119298, "ndcg@5_total_best": 0.01420247252915381, "ndcg@10_total_best": 0.01966162724396904, "ndcg@20_total_best": 0.027139801956316115, "EPOCH_ndcg_best": 970, "Recall@5_ndcg_best": 0.02039488723609735, "Recall@10_ndcg_best": 0.036111247117189625, "Recall@20_ndcg_best": 0.06247074746119298, "ndcg@5_ndcg_best": 0.01420247252915381, "ndcg@10_ndcg_best": 0.01966162724396904, "ndcg@20_ndcg_best": 0.027139801956316115, "gradients/mass_i.weight": {"_type": "histogram", "values": [1.0, 0.0, 0.0, 0.0, 0.0, 0.0, 0.0, 0.0, 0.0, 0.0, 0.0, 0.0, 0.0, 0.0, 0.0, 0.0, 2.0, 0.0, 1.0, 0.0, 0.0, 0.0, 1.0, 0.0, 1.0, 1.0, 0.0, 3.0, 0.0, 4.0, 0.0, 8.0, 0.0, 4.0, 10.0, 0.0, 50.0, 0.0, 176.0, 0.0, 803.0, 0.0, 0.0, 6952.0, 0.0, 399.0, 0.0, 140.0, 0.0, 15.0, 55.0, 0.0, 44.0, 0.0, 26.0, 0.0, 8.0, 1.0, 1.0, 5.0, 0.0, 0.0, 0.0, 2.0], "bins": [-0.0008418298093602061, -0.0008223317563533783, -0.0008028336451388896, -0.0007833355921320617, -0.000763837480917573, -0.0007443394279107451, -0.0007248413749039173, -0.0007053433218970895, -0.0006858452106826007, -0.0006663471576757729, -0.0006468490464612842, -0.0006273509934544563, -0.0006078529404476285, -0.0005883548292331398, -0.0005688567762263119, -0.0005493586650118232, -0.0005298606120049953, -0.0005103625589981675, -0.0004908644477836788, -0.00047136639477685094, -0.00045186831266619265, -0.00043237023055553436, -0.00041287217754870653, -0.00039337409543804824, -0.00037387601332738996, -0.00035437793121673167, -0.0003348798491060734, -0.00031538179609924555, -0.00029588371398858726, -0.00027638563187792897, -0.00025688757887110114, -0.00023738949676044285, -0.00021789147285744548, -0.0001983933907467872, -0.00017889532318804413, -0.00015939725562930107, -0.00013989917351864278, -0.00012040109868394211, -0.00010090302384924144, -8.140495629049838e-05, -6.190687417984009e-05, -4.2408799345139414e-05, -2.291072451043874e-05, -3.4126496757380664e-06, 1.6085425158962607e-05, 3.558349999366328e-05, 5.5081574828363955e-05, 7.457964238710701e-05, 9.40777244977653e-05, 0.00011357579933246598, 0.00013307387416716665, 0.0001525719417259097, 0.000172070023836568, 0.00019156810594722629, 0.00021106617350596935, 0.0002305642410647124, 0.0002500623231753707, 0.000269560405286029, 0.00028905848739668727, 0.0003085565404035151, 0.0003280546225141734, 0.0003475527046248317, 0.0003670507576316595, 0.0003865488397423178, 0.0004060469218529761]}, "gradients/mass_u.weight": {"_type": "histogram", "values": [0.0, 0.0, 0.0, 0.0, 0.0, 0.0, 0.0, 0.0, 0.0, 0.0, 0.0, 0.0, 0.0, 0.0, 0.0, 0.0, 0.0, 0.0, 0.0, 0.0, 0.0, 0.0, 0.0, 0.0, 0.0, 0.0, 0.0, 0.0, 0.0, 0.0, 0.0, 0.0, 14681.0, 0.0, 0.0, 0.0, 0.0, 0.0, 0.0, 0.0, 0.0, 0.0, 0.0, 0.0, 0.0, 0.0, 0.0, 0.0, 0.0, 0.0, 0.0, 0.0, 0.0, 0.0, 0.0, 0.0, 0.0, 0.0, 0.0, 0.0, 0.0, 0.0, 0.0, 0.0], "bins": [0.0, 0.0, 0.0, 0.0, 0.0, 0.0, 0.0, 0.0, 0.0, 0.0, 0.0, 0.0, 0.0, 0.0, 0.0, 0.0, 0.0, 0.0, 0.0, 0.0, 0.0, 0.0, 0.0, 0.0, 0.0, 0.0, 0.0, 0.0, 0.0, 0.0, 0.0, 0.0, 0.0, 0.0, 0.0, 0.0, 0.0, 0.0, 0.0, 0.0, 0.0, 0.0, 0.0, 0.0, 0.0, 0.0, 0.0, 0.0, 0.0, 0.0, 0.0, 0.0, 0.0, 0.0, 0.0, 0.0, 0.0, 0.0, 0.0, 0.0, 0.0, 0.0, 0.0, 0.0, 0.0]}, "gradients/embedding_user.weight": {"_type": "histogram", "values": [1.0, 1.0, 0.0, 1.0, 0.0, 0.0, 1.0, 0.0, 3.0, 4.0, 4.0, 4.0, 2.0, 5.0, 1.0, 8.0, 10.0, 7.0, 16.0, 11.0, 31.0, 32.0, 35.0, 52.0, 90.0, 139.0, 232.0, 372.0, 755.0, 1449.0, 2531.0, 4909.0, 8395.0, 237649.0, 655822.0, 14087.0, 5860.0, 3241.0, 1758.0, 875.0, 473.0, 253.0, 144.0, 93.0, 57.0, 53.0, 30.0, 21.0, 11.0, 12.0, 10.0, 5.0, 9.0, 5.0, 2.0, 2.0, 3.0, 2.0, 0.0, 1.0, 0.0, 2.0, 2.0, 1.0], "bins": [-0.0004090276488568634, -0.0003970586694777012, -0.00038508966099470854, -0.00037312068161554635, -0.00036115170223638415, -0.0003491826937533915, -0.0003372137143742293, -0.0003252447349950671, -0.00031327572651207447, -0.0003013067471329123, -0.00028933773864991963, -0.00027736875927075744, -0.0002653997507877648, -0.0002534307714086026, -0.0002414617920294404, -0.00022949279809836298, -0.00021752380416728556, -0.00020555481023620814, -0.00019358581630513072, -0.00018161683692596853, -0.0001696478429948911, -0.00015767884906381369, -0.0001457098696846515, -0.00013374087575357407, -0.00012177188182249665, -0.00010980288789141923, -9.783390123629943e-05, -8.586491458117962e-05, -7.38959206501022e-05, -6.192692671902478e-05, -4.995794006390497e-05, -3.7988953408785164e-05, -2.6019930373877287e-05, -1.4050940080778673e-05, -2.0819497876800597e-06, 9.887040505418554e-06, 2.1856030798517168e-05, 3.382502109161578e-05, 4.5794011384714395e-05, 5.77629980398342e-05, 6.973199197091162e-05, 8.170098590198904e-05, 9.366997255710885e-05, 0.00010563895921222866, 0.00011760795314330608, 0.0001295769470743835, 0.0001415459264535457, 0.0001535149203846231, 0.00016548391431570053, 0.00017745290824677795, 0.00018942190217785537, 0.00020139088155701756, 0.00021335987548809499, 0.0002253288694191724, 0.0002372978487983346, 0.00024926685728132725, 0.00026123583666048944, 0.00027320481603965163, 0.0002851738245226443, 0.0002971428039018065, 0.00030911178328096867, 0.0003210807917639613, 0.0003330497711431235, 0.0003450187505222857, 0.00035698775900527835]}, "gradients/embedding_item.weight": {"_type": "histogram", "values": [3.0, 1.0, 1.0, 3.0, 7.0, 2.0, 6.0, 9.0, 6.0, 31.0, 28.0, 51.0, 66.0, 95.0, 140.0, 234.0, 320.0, 570.0, 836.0, 1402.0, 2273.0, 3631.0, 5875.0, 9476.0, 15176.0, 25625.0, 42358.0, 63261.0, 77911.0, 79215.0, 75993.0, 57900.0, 37155.0, 22164.0, 13493.0, 8473.0, 5316.0, 3259.0, 1964.0, 1214.0, 735.0, 472.0, 306.0, 192.0, 136.0, 65.0, 51.0, 37.0, 32.0, 22.0, 11.0, 13.0, 8.0, 1.0, 2.0, 3.0, 1.0, 1.0, 0.0, 0.0, 0.0, 0.0, 0.0, 1.0], "bins": [-0.00010059768828796223, -9.717117791296914e-05, -9.374467481393367e-05, -9.031816443894058e-05, -8.689166133990511e-05, -8.346515096491203e-05, -8.003864786587656e-05, -7.661213749088347e-05, -7.318562711589038e-05, -6.97591167408973e-05, -6.633261364186183e-05, -6.290610326686874e-05, -5.947959652985446e-05, -5.605308979284018e-05, -5.2626583055825904e-05, -4.9200076318811625e-05, -4.5773569581797346e-05, -4.234706284478307e-05, -3.892055610776879e-05, -3.549404937075451e-05, -3.2067538995761424e-05, -2.8641032258747146e-05, -2.5214525521732867e-05, -2.1788016965729184e-05, -1.8361510228714906e-05, -1.4935002582205925e-05, -1.1508494935696945e-05, -8.081988198682666e-06, -4.655480552173685e-06, -1.2289729056647047e-06, 2.197533831349574e-06, 5.624042387353256e-06, 9.050549124367535e-06, 1.2477056770876516e-05, 1.5903564417385496e-05, 1.9330071154399775e-05, 2.2756579710403457e-05, 2.6183086447417736e-05, 2.9609593184432015e-05, 3.3036099921446294e-05, 3.646261029643938e-05, 3.988911703345366e-05, 4.331562377046794e-05, 4.674213414546102e-05, 5.01686408824753e-05, 5.359514761948958e-05, 5.702165435650386e-05, 6.044816109351814e-05, 6.387467146851122e-05, 6.730118184350431e-05, 7.072768494253978e-05, 7.415419531753287e-05, 7.758069841656834e-05, 8.100720879156142e-05, 8.443371916655451e-05, 8.786022226558998e-05, 9.128672536462545e-05, 9.471323573961854e-05, 9.813973883865401e-05, 0.0001015662492136471, 0.00010499275231268257, 0.00010841926268767565, 0.00011184577306266874, 0.00011527227616170421, 0.0001186987865366973]}, "_wandb": {"runtime": 1515}}