{"TOTAL_BEST_METRIC": 0.32372139247000525, "BEST_NDCG@10": 0.03677083843930507, "_timestamp": 1688281670.1279542, "_runtime": 999.8604912757874, "_step": 1107, "epoch": 1000, "Train_Metric_loss": -0.9167629182338715, "Train_Reg_loss": 0.0313301474920341, "Recall@5": 0.027869402248824875, "Recall@10": 0.04379750348038051, "Recall@20": 0.07255275981296014, "NDCG@5": 0.019561574780423526, "NDCG@10": 0.02504671874308846, "NDCG@20": 0.03317585861177497, "Recall@5_total_best": 0.04098971546233971, "Recall@10_total_best": 0.06531264332176617, "Recall@20_total_best": 0.10481433496709516, "ndcg@5_total_best": 0.02808435880447094, "ndcg@10_total_best": 0.03677083843930507, "ndcg@20_total_best": 0.0477495014750282, "EPOCH_ndcg_best": 30, "Recall@5_ndcg_best": 0.04098971546233971, "Recall@10_ndcg_best": 0.06531264332176617, "Recall@20_ndcg_best": 0.10481433496709516, "ndcg@5_ndcg_best": 0.02808435880447094, "ndcg@10_ndcg_best": 0.03677083843930507, "ndcg@20_ndcg_best": 0.0477495014750282, "gradients/mass_i.weight": {"_type": "histogram", "values": [1.0, 0.0, 0.0, 0.0, 0.0, 0.0, 0.0, 0.0, 0.0, 0.0, 0.0, 0.0, 0.0, 0.0, 0.0, 0.0, 1.0, 1.0, 0.0, 0.0, 0.0, 0.0, 0.0, 0.0, 2.0, 1.0, 1.0, 4.0, 5.0, 51.0, 116.0, 8514.0, 5.0, 2.0, 5.0, 2.0, 0.0, 0.0, 1.0, 0.0, 0.0, 0.0, 0.0, 0.0, 0.0, 0.0, 0.0, 0.0, 0.0, 0.0, 0.0, 0.0, 0.0, 0.0, 0.0, 0.0, 0.0, 0.0, 0.0, 0.0, 0.0, 0.0, 0.0, 1.0], "bins": [-0.0007056643953546882, -0.0006829109042882919, -0.0006601574132218957, -0.0006374038639478385, -0.0006146503728814423, -0.0005918968818150461, -0.0005691433325409889, -0.0005463898414745927, -0.0005236363504081964, -0.0005008828593418002, -0.0004781293391715735, -0.0004553758190013468, -0.0004326223279349506, -0.00040986883686855435, -0.00038711531669832766, -0.00036436179652810097, -0.00034160830546170473, -0.0003188548143953085, -0.0002961012942250818, -0.0002733477740548551, -0.00025059428298845887, -0.0002278407773701474, -0.00020508727175183594, -0.00018233376613352448, -0.000159580260515213, -0.00013682675489690155, -0.00011407324927859008, -9.131974366027862e-05, -6.856623804196715e-05, -4.581273242365569e-05, -2.3059226805344224e-05, -3.057211870327592e-07, 2.2447726223617792e-05, 4.520123184192926e-05, 6.795473746024072e-05, 9.070824307855219e-05, 0.00011346174869686365, 0.00013621525431517512, 0.00015896875993348658, 0.00018172226555179805, 0.0002044757711701095, 0.00022722927678842098, 0.00024998278240673244, 0.00027273630257695913, 0.00029548979364335537, 0.0003182432847097516, 0.0003409968048799783, 0.000363750325050205, 0.00038650381611660123, 0.00040925730718299747, 0.00043201082735322416, 0.00045476434752345085, 0.0004775178385898471, 0.0005002713296562433, 0.0005230248207226396, 0.0005457783699966967, 0.000568531861063093, 0.0005912853521294892, 0.0006140389014035463, 0.0006367923924699426, 0.0006595458835363388, 0.000682299374602735, 0.0007050528656691313, 0.0007278064149431884, 0.0007505599060095847]}, "gradients/mass_u.weight": {"_type": "histogram", "values": [1.0, 0.0, 0.0, 1.0, 1.0, 3.0, 0.0, 0.0, 1.0, 0.0, 0.0, 0.0, 0.0, 0.0, 1.0, 1.0, 3.0, 2.0, 1.0, 2.0, 2.0, 0.0, 1.0, 0.0, 2.0, 2.0, 5.0, 1.0, 0.0, 2.0, 1.0, 4.0, 4.0, 2.0, 6.0, 2.0, 9.0, 12.0, 8.0, 10.0, 10.0, 13.0, 9.0, 13.0, 6.0, 6.0, 5.0, 5.0, 1.0, 1.0, 4.0, 14513.0, 0.0, 1.0, 1.0, 0.0, 0.0, 0.0, 0.0, 0.0, 1.0, 1.0, 0.0, 1.0], "bins": [-0.00015320134116336703, -0.00015020497085060924, -0.00014720858598593622, -0.00014421221567317843, -0.00014121584536042064, -0.00013821946049574763, -0.00013522309018298984, -0.00013222671987023205, -0.00012923033500555903, -0.00012623396469280124, -0.00012323757982812822, -0.00012024120951537043, -0.00011724483192665502, -0.00011424845433793962, -0.00011125208402518183, -0.00010825570643646643, -0.00010525933612370864, -0.00010226295853499323, -9.926658822223544e-05, -9.627021063352004e-05, -9.327383304480463e-05, -9.027746273204684e-05, -8.728108514333144e-05, -8.428470755461603e-05, -8.128833724185824e-05, -7.829195965314284e-05, -7.529558934038505e-05, -7.229921175166965e-05, -6.930283416295424e-05, -6.630645657423884e-05, -6.331008626148105e-05, -6.031370867276564e-05, -5.731733836000785e-05, -5.4320964409271255e-05, -5.132458682055585e-05, -4.8328212869819254e-05, -4.533183528110385e-05, -4.233546133036725e-05, -3.9339087379630655e-05, -3.634270979091525e-05, -3.3346335840178654e-05, -3.0349960070452653e-05, -2.7353584300726652e-05, -2.4357210349990055e-05, -2.1360834580264054e-05, -1.8364458810538054e-05, -1.5368084859801456e-05, -1.2371709090075456e-05, -9.375333320349455e-06, -6.378958005370805e-06, -3.382582690392155e-06, -3.8620783016085625e-07, 2.6101679395651445e-06, 5.606543709291145e-06, 8.602917660027742e-06, 1.1599293429753743e-05, 1.4595669199479744e-05, 1.7592044969205745e-05, 2.0588420738931745e-05, 2.3584794689668342e-05, 2.6581170459394343e-05, 2.9577546229120344e-05, 3.257392017985694e-05, 3.557029413059354e-05, 3.856667171930894e-05]}, "gradients/embedding_user.weight": {"_type": "histogram", "values": [1.0, 0.0, 0.0, 3.0, 1.0, 0.0, 0.0, 1.0, 3.0, 2.0, 4.0, 7.0, 4.0, 6.0, 8.0, 16.0, 12.0, 9.0, 12.0, 16.0, 25.0, 37.0, 48.0, 77.0, 115.0, 223.0, 391.0, 739.0, 1704.0, 6883.0, 823782.0, 98845.0, 3993.0, 1303.0, 570.0, 287.0, 155.0, 86.0, 60.0, 30.0, 27.0, 30.0, 15.0, 11.0, 6.0, 2.0, 5.0, 5.0, 7.0, 3.0, 2.0, 2.0, 2.0, 2.0, 1.0, 0.0, 1.0, 1.0, 0.0, 1.0, 1.0, 0.0, 1.0, 1.0], "bins": [-4.2804509575944394e-05, -4.141539830015972e-05, -4.0026283386396244e-05, -3.863717211061157e-05, -3.72480608348269e-05, -3.585894592106342e-05, -3.446983464527875e-05, -3.308072336949408e-05, -3.169161209370941e-05, -3.0302498998935334e-05, -2.8913387723150663e-05, -2.7524274628376588e-05, -2.6135163352591917e-05, -2.4746050257817842e-05, -2.3356937163043767e-05, -2.1967825887259096e-05, -2.0578710973495618e-05, -1.9189597878721543e-05, -1.780048660293687e-05, -1.6411373508162796e-05, -1.5022261322883423e-05, -1.363314913760405e-05, -1.2244036042829975e-05, -1.0854923857550602e-05, -9.46581167227123e-06, -8.076699486991856e-06, -6.687586846965132e-06, -5.298474206938408e-06, -3.909362021659035e-06, -2.520249836379662e-06, -1.1311367416055873e-06, 2.579754436737858e-07, 1.647091266931966e-06, 3.0362036795850145e-06, 4.425316092238063e-06, 5.814428732264787e-06, 7.20354091754416e-06, 8.592653102823533e-06, 9.981766197597608e-06, 1.1370878382876981e-05, 1.2759990568156354e-05, 1.4149102753435727e-05, 1.55382149387151e-05, 1.6927328033489175e-05, 1.831644112826325e-05, 1.970555240404792e-05, 2.1094665498821996e-05, 2.248377859359607e-05, 2.3872889869380742e-05, 2.5262002964154817e-05, 2.665111423993949e-05, 2.8040227334713563e-05, 2.9429338610498235e-05, 3.081845352426171e-05, 3.2207564800046384e-05, 3.3596676075831056e-05, 3.498578735161573e-05, 3.63748986274004e-05, 3.776401354116388e-05, 3.915312481694855e-05, 4.054223609273322e-05, 4.19313510064967e-05, 4.332046228228137e-05, 4.470957355806604e-05, 4.609868847182952e-05]}, "gradients/embedding_item.weight": {"_type": "histogram", "values": [1.0, 0.0, 0.0, 0.0, 0.0, 0.0, 0.0, 0.0, 0.0, 1.0, 1.0, 0.0, 1.0, 3.0, 1.0, 1.0, 2.0, 3.0, 1.0, 3.0, 4.0, 5.0, 5.0, 14.0, 19.0, 52.0, 92.0, 204.0, 462.0, 1103.0, 3633.0, 31156.0, 507755.0, 9632.0, 2025.0, 785.0, 344.0, 144.0, 71.0, 30.0, 22.0, 9.0, 10.0, 12.0, 4.0, 7.0, 4.0, 0.0, 2.0, 3.0, 1.0, 0.0, 1.0, 0.0, 2.0, 0.0, 0.0, 0.0, 0.0, 0.0, 1.0, 0.0, 0.0, 1.0],