{"TOTAL_BEST_METRIC": 0.0, "BEST_NDCG@10": 1e-10, "_timestamp": 1688473201.2281756, "_runtime": 195.81938362121582, "_step": 9, "epoch": 9, "Train_Metric_loss": 12.418597653969046, "Train_Reg_loss": 4.998852650199287e-05, "Pos_loss": 11.942900657653809, "Neg_loss": 0.7881892919540405}