{"TOTAL_BEST_METRIC": 0.11902402568663789, "BEST_NDCG@10": 0.014089608482321136, "_timestamp": 1688289008.0157166, "_runtime": 360.8965845108032, "_step": 1290, "epoch": 1000, "Train_Metric_loss": -0.027359896898269655, "Train_Reg_loss": 4.473433273233241e-06, "Recall@5": 0.013360069497157701, "Recall@10": 0.023837662431823184, "Recall@20": 0.03906162089925164, "NDCG@5": 0.010250272633794112, "NDCG@10": 0.014089608482321136, "NDCG@20": 0.018424791742290142, "Recall@5_total_best": 0.013360069497157701, "Recall@10_total_best": 0.023837662431823184, "Recall@20_total_best": 0.03906162089925164, "ndcg@5_total_best": 0.010250272633794112, "ndcg@10_total_best": 0.014089608482321136, "ndcg@20_total_best": 0.018424791742290142, "EPOCH_ndcg_best": 1000, "Recall@5_ndcg_best": 0.013360069497157701, "Recall@10_ndcg_best": 0.023837662431823184, "Recall@20_ndcg_best": 0.03906162089925164, "ndcg@5_ndcg_best": 0.010250272633794112, "ndcg@10_ndcg_best": 0.014089608482321136, "ndcg@20_ndcg_best": 0.018424791742290142, "gradients/mass_i.weight": {"_type": "histogram", "values": [1.0, 0.0, 0.0, 0.0, 0.0, 0.0, 1.0, 0.0, 2.0, 3.0, 1.0, 2.0, 0.0, 2.0, 2.0, 1.0, 1.0, 2.0, 4.0, 4.0, 3.0, 2.0, 5.0, 9.0, 10.0, 6.0, 21.0, 24.0, 25.0, 20.0, 48.0, 45.0, 57.0, 58.0, 99.0, 89.0, 91.0, 2311.0, 103.0, 108.0, 73.0, 67.0, 53.0, 46.0, 28.0, 35.0, 30.0, 16.0, 9.0, 15.0, 11.0, 0.0, 5.0, 4.0, 1.0, 2.0, 5.0, 1.0, 3.0, 1.0, 1.0, 0.0, 1.0, 1.0], "bins": [-1.9795639673247933e-05, -1.9264409274910577e-05, -1.873317887657322e-05, -1.8201948478235863e-05, -1.7670718079898506e-05, -1.713948768156115e-05, -1.6608257283223793e-05, -1.6077026884886436e-05, -1.554579648654908e-05, -1.5014566088211723e-05, -1.4483335689874366e-05, -1.395210529153701e-05, -1.3420874893199652e-05, -1.2889644494862296e-05, -1.2358414096524939e-05, -1.1827183698187582e-05, -1.1295953299850225e-05, -1.0764722901512869e-05, -1.0233492503175512e-05, -9.702262104838155e-06, -9.171031706500798e-06, -8.639801308163442e-06, -8.108570909826085e-06, -7.577340511488728e-06, -7.0461101131513715e-06, -6.514879714814015e-06, -5.983649316476658e-06, -5.452418918139301e-06, -4.9211885198019445e-06, -4.389958121464588e-06, -3.858727723127231e-06, -3.3274973247898743e-06, -2.7962660169578157e-06, -2.265035618620459e-06, -1.7338052202831022e-06, -1.2025748219457455e-06, -6.713444236083888e-07, -1.40114025271032e-07, 3.9111637306632474e-07, 9.223467714036815e-07, 1.4535771697410382e-06, 1.984807568078395e-06, 2.5160379664157517e-06, 3.0472683647531085e-06, 3.5784987630904652e-06, 4.109729161427822e-06, 4.640959559765179e-06, 5.1721899581025355e-06, 5.703420356439892e-06, 6.234650754777249e-06, 6.765881153114606e-06, 7.2971115514519624e-06, 7.82834194978932e-06, 8.359572348126676e-06, 8.890802746464033e-06, 9.42203314480139e-06, 9.953263543138746e-06, 1.0484493941476103e-05, 1.101572433981346e-05, 1.1546954738150816e-05, 1.2078185136488173e-05, 1.260941553482553e-05, 1.3140645933162887e-05, 1.3671876331500243e-05, 1.42031067298376e-05]}, "gradients/mass_u.weight": {"_type": "histogram", "values": [1.0, 0.0, 0.0, 0.0, 0.0, 0.0, 2.0, 1.0, 1.0, 2.0, 0.0, 1.0, 2.0, 2.0, 1.0, 2.0, 4.0, 5.0, 6.0, 1.0, 2.0, 8.0, 9.0, 13.0, 23.0, 14.0, 17.0, 27.0, 20.0, 29.0, 25.0, 5096.0, 34.0, 31.0, 23.0, 31.0, 19.0, 21.0, 13.0, 13.0, 7.0, 9.0, 7.0, 3.0, 4.0, 3.0, 0.0, 2.0, 2.0, 1.0, 0.0, 0.0, 0.0, 0.0, 0.0, 0.0, 0.0, 0.0, 1.0, 1.0, 0.0, 1.0, 0.0, 1.0], "bins": [-2.6288378649041988e-05, -2.5449951863265596e-05, -2.4611525077489205e-05, -2.3773098291712813e-05, -2.2934673324925825e-05, -2.2096246539149433e-05, -2.1257819753373042e-05, -2.041939296759665e-05, -1.958096618182026e-05, -1.8742539396043867e-05, -1.7904112610267475e-05, -1.7065685824491084e-05, -1.6227259038714692e-05, -1.53888322529383e-05, -1.4550407286151312e-05, -1.371198050037492e-05, -1.2873553714598529e-05, -1.2035126928822137e-05, -1.1196700143045746e-05, -1.0358274266764056e-05, -9.519847480987664e-06, -8.681420695211273e-06, -7.842994818929583e-06, -7.004568033153191e-06, -6.1661412473768e-06, -5.327714461600408e-06, -4.489288130571367e-06, -3.650861572168651e-06, -2.812435013765935e-06, -1.9740082279895432e-06, -1.1355818969605025e-06, -2.9715556593146175e-07, 5.412730388343334e-07, 1.3796995972370496e-06, 2.2181261556397658e-06, 3.056552714042482e-06, 3.894979272445198e-06, 4.73340605822159e-06, 5.5718323892506305e-06, 6.410258720279671e-06, 7.248685506056063e-06, 8.087112291832455e-06, 8.925539077608846e-06, 9.763964953890536e-06, 1.0602391739666928e-05, 1.144081852544332e-05, 1.2279244401725009e-05, 1.31176711875014e-05, 1.3956097973277792e-05, 1.4794524759054184e-05, 1.5632951544830576e-05, 1.6471378330606967e-05, 1.730980511638336e-05, 1.814823190215975e-05, 1.898665686894674e-05, 1.982508365472313e-05, 2.0663510440499522e-05, 2.1501937226275913e-05, 2.2340364012052305e-05, 2.3178790797828697e-05, 2.4017215764615685e-05, 2.4855642550392076e-05, 2.5694069336168468e-05, 2.653249612194486e-05, 2.737092290772125e-05]}, "gradients/embedding_user.weight": {"_type": "histogram", "values": [1.0, 0.0, 1.0, 1.0, 1.0, 0.0, 1.0, 3.0, 2.0, 0.0, 0.0, 1.0, 1.0, 2.0, 1.0, 3.0, 4.0, 1.0, 5.0, 5.0, 7.0, 5.0, 20.0, 19.0, 49.0, 66.0, 117.0, 200.0, 443.0, 1178.0, 3436.0, 12146.0, 187195.0, 135244.0, 9557.0, 3019.0, 1054.0, 391.0, 180.0, 89.0, 50.0, 28.0, 23.0, 17.0, 10.0, 13.0, 10.0, 5.0, 3.0, 2.0, 0.0, 4.0, 2.0, 1.0, 1.0, 2.0, 1.0, 0.0, 0.0, 1.0, 0.0, 1.0, 0.0, 2.0], "bins": [-0.0027296801563352346, -0.0026467798743396997, -0.0025638798251748085, -0.0024809795431792736, -0.0023980794940143824, -0.0023151792120188475, -0.0022322791628539562, -0.0021493788808584213, -0.0020664785988628864, -0.0019835783168673515, -0.0019006782677024603, -0.0018177779857069254, -0.0017348779365420341, -0.0016519776545464993, -0.0015690774889662862, -0.0014861773233860731, -0.0014032772742211819, -0.0013203771086409688, -0.0012374769430607557, -0.0011545766610652208, -0.0010716766119003296, -0.0009887763299047947, -0.0009058761643245816, -0.0008229759987443686, -0.0007400758331641555, -0.0006571756675839424, -0.0005742755020037293, -0.0004913752782158554, -0.0004084751126356423, -0.0003255749470554292, -0.00024267472326755524, -0.00015977455768734217, -7.687415927648544e-05, 6.026020855642855e-06, 8.892620098777115e-05, 0.00017182639567181468, 0.00025472656125202775, 0.0003376267268322408, 0.0004205269506201148, 0.0005034271162003279, 0.0005863272817805409, 0.000669227447360754, 0.0007521276129409671, 0.0008350278367288411, 0.0009179280023090541, 0.0010008281096816063, 0.0010837283916771412, 0.0011666285572573543, 0.0012495287228375673, 0.0013324288884177804, 0.0014153290539979935, 0.0014982293359935284, 0.0015811293851584196, 0.0016640296671539545, 0.0017469298327341676, 0.0018298299983143806, 0.0019127301638945937, 0.001995630329474807, 0.0020785306114703417, 0.002161430660635233, 0.002244330942630768, 0.002327230991795659, 0.002410131273791194, 0.002493031322956085, 0.00257593160495162]}, "gradients/embedding_item.weight": {"_type": "histogram", "values": [1.0, 0.0, 1.0, 0.0, 0.0, 1.0, 1.0, 2.0, 7.0, 3.0, 4.0, 6.0, 14.0, 8.0, 15.0, 13.0, 30.0, 33.0, 55.0, 77.0, 111.0, 170.0, 234.0, 413.0, 670.0, 1011.0, 1707.0, 2857.0, 4850.0, 8394.0, 14514.0, 23444.0, 35214.0, 54522.0, 30356.0, 20326.0, 11948.0, 6827.0, 4130.0, 2380.0, 1508.0, 886.0, 554.0, 333.0, 239.0, 153.0, 98.0, 57.0, 51.0, 34.0, 26.0, 21.0, 10.0, 9.0, 4.0, 6.0, 4.0, 1.0, 2.0, 2.0, 0.0, 2.0, 1.0, 2.0],