{"TOTAL_BEST_METRIC": 1.0102214149243811, "BEST_NDCG@10": 0.12781800586992362, "_timestamp": 1688314480.363472, "_runtime": 496.74916791915894, "_step": 1115, "epoch": 1000, "Train_Metric_loss": NaN, "Train_Reg_loss": NaN, "Pos_loss": NaN, "Neg_loss": NaN, "Recall@5": 0.0007852166725705515, "Recall@10": 0.003778486243948518, "Recall@20": 0.005806892363746774, "NDCG@5": 0.000556356529533085, "NDCG@10": 0.0016257618776651963, "NDCG@20": 0.002209725865082795, "Recall@5_total_best": 0.14207036482191693, "Recall@10_total_best": 0.20144849728019926, "Recall@20_total_best": 0.281768017009082, "ndcg@5_total_best": 0.10691787658557274, "ndcg@10_total_best": 0.12781800586992362, "ndcg@20_total_best": 0.15019865335768662, "EPOCH_ndcg_best": 150, "Recall@5_ndcg_best": 0.14207036482191693, "Recall@10_ndcg_best": 0.20144849728019926, "Recall@20_ndcg_best": 0.281768017009082, "ndcg@5_ndcg_best": 0.10691787658557274, "ndcg@10_ndcg_best": 0.12781800586992362, "ndcg@20_ndcg_best": 0.15019865335768662, "gradients/mass_i.weight": {"_type": "histogram", "values": [1.0, 0.0, 0.0, 0.0, 0.0, 0.0, 0.0, 0.0, 0.0, 1.0, 0.0, 0.0, 0.0, 0.0, 0.0, 0.0, 1.0, 0.0, 2.0, 3.0, 2.0, 9.0, 11.0, 14.0, 32.0, 58.0, 91.0, 108.0, 111.0, 3045.0, 28.0, 17.0, 10.0, 7.0, 3.0, 1.0, 2.0, 3.0, 1.0, 2.0, 1.0, 1.0, 1.0, 0.0, 0.0, 1.0, 0.0, 0.0, 0.0, 0.0, 0.0, 0.0, 0.0, 0.0, 0.0, 0.0, 0.0, 0.0, 0.0, 0.0, 0.0, 0.0, 0.0, 1.0], "bins": [-0.00011825630645034835, -0.00011422701936680824, -0.00011019773955922574, -0.00010616845247568563, -0.00010213917266810313, -9.810988558456302e-05, -9.408060577698052e-05, -9.005131869344041e-05, -8.60220316099003e-05, -8.199274452636018e-05, -7.796346471877769e-05, -7.393417763523757e-05, -6.990489782765508e-05, -6.587561074411497e-05, -6.184632366057485e-05, -5.7817043852992356e-05, -5.378776404540986e-05, -4.9758480599848554e-05, -4.572919715428725e-05, -4.169991007074714e-05, -3.767063026316464e-05, -3.364134317962453e-05, -2.9612059734063223e-05, -2.558277628850192e-05, -2.1553492842940614e-05, -1.752420939737931e-05, -1.3494925042323302e-05, -9.465640687267296e-06, -5.436357241705991e-06, -1.4070737961446866e-06, 2.6222114684060216e-06, 6.651494913967326e-06, 1.0680771083571017e-05, 1.4710054529132321e-05, 1.8739337974693626e-05, 2.2768623239244334e-05, 2.679790668480564e-05, 3.082719194935635e-05, 3.485647539491765e-05, 3.888575884047896e-05, 4.291504228604026e-05, 4.6944325731601566e-05, 5.097360917716287e-05, 5.5002892622724175e-05, 5.903217970626429e-05, 6.306145951384678e-05, 6.70907465973869e-05, 7.11200264049694e-05, 7.51493134885095e-05, 7.917860057204962e-05, 8.320788037963212e-05, 8.723716746317223e-05, 9.126644727075472e-05, 9.529573435429484e-05, 9.932501416187733e-05, 0.00010335430124541745, 0.00010738358832895756, 0.00011141287541249767, 0.00011544215522008017, 0.00011947144230362028, 0.00012350072211120278, 0.00012753000191878527, 0.000131559296278283, 0.0001355885760858655, 0.000139617855893448]}, "gradients/mass_u.weight": {"_type": "histogram", "values": [1.0, 0.0, 0.0, 0.0, 0.0, 0.0, 0.0, 0.0, 1.0, 0.0, 0.0, 0.0, 0.0, 0.0, 0.0, 0.0, 0.0, 0.0, 0.0, 0.0, 1.0, 0.0, 1.0, 1.0, 0.0, 0.0, 0.0, 1.0, 1.0, 0.0, 0.0, 0.0, 0.0, 0.0, 0.0, 0.0, 0.0, 0.0, 0.0, 0.0, 1.0, 0.0, 0.0, 0.0, 2.0, 3.0, 1.0, 1.0, 1.0, 4.0, 3.0, 2.0, 2.0, 4.0, 5.0, 5.0, 7.0, 12.0, 19.0, 37.0, 65.0, 164.0, 123.0, 5073.0], "bins": [-0.000176647532498464, -0.00017388741252943873, -0.00017112729256041348, -0.00016836717259138823, -0.0001656070671742782, -0.00016284694720525295, -0.0001600868272362277, -0.00015732670726720244, -0.00015456658729817718, -0.00015180646732915193, -0.00014904634736012667, -0.00014628624194301665, -0.0001435261219739914, -0.00014076600200496614, -0.00013800588203594089, -0.00013524576206691563, -0.00013248564209789038, -0.00012972552212886512, -0.00012696540215983987, -0.00012420528219081461, -0.00012144516949774697, -0.00011868505680467933, -0.00011592493683565408, -0.00011316481686662883, -0.0001104047114495188, -0.00010764459148049355, -0.0001048844787874259, -0.00010212435881840065, -9.93642388493754e-05, -9.660412615630776e-05, -9.38440061872825e-05, -9.108388621825725e-05, -8.8323766249232e-05, -8.556364628020674e-05, -8.28035335871391e-05, -8.004341361811385e-05, -7.728329364908859e-05, -7.452318095602095e-05, -7.17630609869957e-05, -6.900294101797044e-05, -6.624282104894519e-05, -6.348270107991993e-05, -6.072258474887349e-05, -5.796246841782704e-05, -5.5202348448801786e-05, -5.244223211775534e-05, -4.968211578670889e-05, -4.692199581768364e-05, -4.4161883124616e-05, -4.140176679356955e-05, -3.8641646824544296e-05, -3.588153049349785e-05, -3.3121410524472594e-05, -3.0361294193426147e-05, -2.76011778623797e-05, -2.484105971234385e-05, -2.2080941562308e-05, -1.9320823412272148e-05, -1.6560705262236297e-05, -1.380058893118985e-05, -1.1040470781154e-05, -8.280352631118149e-06, -5.520236300071701e-06, -2.7601181500358507e-06, 0.0]}, "gradients/embedding_user.weight": {"_type": "histogram", "values": [0.0, 0.0, 0.0, 0.0, 0.0, 0.0, 0.0, 0.0, 0.0, 0.0, 0.0, 0.0, 0.0, 0.0, 0.0, 0.0, 0.0, 0.0, 0.0, 0.0, 0.0, 0.0, 0.0, 0.0, 0.0, 0.0, 0.0, 0.0, 0.0, 0.0, 0.0, 0.0, 3392.0, 0.0, 0.0, 0.0, 0.0, 0.0, 0.0, 0.0, 0.0, 0.0, 0.0, 0.0, 0.0, 0.0, 0.0, 0.0, 0.0, 0.0, 0.0, 0.0, 0.0, 0.0, 0.0, 0.0, 0.0, 0.0, 0.0, 0.0, 0.0, 0.0, 0.0, 0.0], "bins": [0.0, 0.0, 0.0, 0.0, 0.0, 0.0, 0.0, 0.0, 0.0, 0.0, 0.0, 0.0, 0.0, 0.0, 0.0, 0.0, 0.0, 0.0, 0.0, 0.0, 0.0, 0.0, 0.0, 0.0, 0.0, 0.0, 0.0, 0.0, 0.0, 0.0, 0.0, 0.0, 0.0, 0.0, 0.0, 0.0, 0.0, 0.0, 0.0, 0.0, 0.0, 0.0, 0.0, 0.0, 0.0, 0.0, 0.0, 0.0, 0.0, 0.0, 0.0, 0.0, 0.0, 0.0, 0.0, 0.0, 0.0, 0.0, 0.0, 0.0, 0.0, 0.0, 0.0, 0.0, 0.0]}, "_wandb": {"runtime": 495}}