{"R@05": 0.09337987469397811, "R@10": 0.15631248834932523, "R@20": 0.24373725078621092, "N@05": 0.40504078319558645, "N@10": 0.37823933577348645, "N@20": 0.3635859503139299, "_timestamp": 1688055466.6441011, "_runtime": 2324.9174451828003, "_step": 174, "BEST_NDCG@10": 0.37823933577348645, "epoch": 144, "Tr_loss": 0.232742434181273, "gradients/mass_u.weight": {"_type": "histogram", "values": [1.0, 0.0, 0.0, 0.0, 0.0, 0.0, 0.0, 0.0, 3.0, 1.0, 0.0, 0.0, 1.0, 1.0, 1.0, 1.0, 1.0, 2.0, 0.0, 2.0, 5.0, 2.0, 5.0, 7.0, 14.0, 46.0, 5876.0, 21.0, 12.0, 7.0, 8.0, 3.0, 4.0, 2.0, 0.0, 5.0, 0.0, 1.0, 0.0, 2.0, 1.0, 0.0, 0.0, 2.0, 0.0, 0.0, 0.0, 0.0, 1.0, 0.0, 0.0, 0.0, 0.0, 0.0, 0.0, 0.0, 0.0, 0.0, 0.0, 1.0, 0.0, 0.0, 0.0, 1.0], "bins": [-7.771618402330205e-05, -7.475699385395274e-05, -7.179779640864581e-05, -6.88386062392965e-05, -6.587940879398957e-05, -6.292021862464026e-05, -5.9961024817312136e-05, -5.7001831009984016e-05, -5.4042637202655897e-05, -5.108344339532778e-05, -4.812424958799966e-05, -4.516505578067154e-05, -4.2205865611322224e-05, -3.92466681660153e-05, -3.6287477996665984e-05, -3.3328284189337865e-05, -3.0369090382009745e-05, -2.7409896574681625e-05, -2.4450702767353505e-05, -2.149151077901479e-05, -1.853231697168667e-05, -1.557312316435855e-05, -1.2613931176019832e-05, -9.654737368691713e-06, -6.695543561363593e-06, -3.7363502087828238e-06, -7.771568562020548e-07, 2.1820360416313633e-06, 5.141229848959483e-06, 8.100423656287603e-06, 1.105961564462632e-05, 1.401880945195444e-05, 1.6977995983324945e-05, 1.9937189790653065e-05, 2.2896383597981185e-05, 2.58555755863199e-05, 2.881476939364802e-05, 3.177396138198674e-05, 3.473315518931486e-05, 3.769234899664298e-05, 4.06515428039711e-05, 4.361073661129922e-05, 4.656993041862734e-05, 4.9529124225955456e-05, 5.248831439530477e-05, 5.5447511840611696e-05, 5.840670200996101e-05, 6.136589217931032e-05, 6.432508962461725e-05, 6.728427979396656e-05, 7.024347723927349e-05, 7.32026674086228e-05, 7.616186485392973e-05, 7.912105502327904e-05, 8.208025246858597e-05, 8.503944263793528e-05, 8.79986328072846e-05, 9.09578229766339e-05, 9.391702042194083e-05, 9.687621059129015e-05, 9.983540803659707e-05, 0.00010279459820594639, 0.0001057537883752957, 0.00010871298582060263, 0.00011167218326590955]}, "gradients/mass_i.weight": {"_type": "histogram", "values": [1.0, 0.0, 0.0, 0.0, 0.0, 0.0, 0.0, 0.0, 0.0, 0.0, 1.0, 0.0, 0.0, 0.0, 0.0, 1.0, 0.0, 1.0, 0.0, 1.0, 0.0, 1.0, 1.0, 1.0, 2.0, 0.0, 2.0, 4.0, 7.0, 36.0, 3612.0, 13.0, 9.0, 6.0, 1.0, 0.0, 0.0, 1.0, 2.0, 0.0, 0.0, 0.0, 0.0, 0.0, 1.0, 0.0, 0.0, 0.0, 0.0, 0.0, 0.0, 0.0, 0.0, 1.0, 0.0, 0.0, 0.0, 0.0, 0.0, 0.0, 0.0, 0.0, 0.0, 1.0], "bins": [-9.104911441681907e-05, -8.803925447864458e-05, -8.502938726451248e-05, -8.201952732633799e-05, -7.900966011220589e-05, -7.59998001740314e-05, -7.29899329598993e-05, -6.998007302172482e-05, -6.697021308355033e-05, -6.396035314537585e-05, -6.095048593124375e-05, -5.794062599306926e-05, -5.493076241691597e-05, -5.1920898840762675e-05, -4.891103526460938e-05, -4.590117168845609e-05, -4.2891308112302795e-05, -3.98814445361495e-05, -3.687158095999621e-05, -3.3861717383842915e-05, -3.085185744566843e-05, -2.7841993869515136e-05, -2.4832130293361843e-05, -2.1822268536197953e-05, -1.881240496004466e-05, -1.5802541383891366e-05, -1.2792679626727477e-05, -9.782816050574183e-06, -6.772953383915592e-06, -3.7630907172570005e-06, -7.532271411037073e-07, 2.2566346160601825e-06, 5.266498192213476e-06, 8.276360858872067e-06, 1.1286223525530659e-05, 1.4296087101683952e-05, 1.730594885884784e-05, 2.0315812435001135e-05, 2.3325676011154428e-05, 2.6335537768318318e-05, 2.934540134447161e-05, 3.23552631016355e-05, 3.5365126677788794e-05, 3.837499025394209e-05, 4.138485383009538e-05, 4.439471376826987e-05, 4.740458098240197e-05, 5.041444092057645e-05, 5.3424304496729746e-05, 5.643416807288304e-05, 5.944403164903633e-05, 6.245389522518963e-05, 6.546375516336411e-05, 6.84736151015386e-05, 7.14834823156707e-05, 7.449334225384519e-05, 7.750320946797729e-05, 8.051306940615177e-05, 8.352293662028387e-05, 8.653279655845836e-05, 8.954266377259046e-05, 9.255252371076494e-05, 9.556238364893943e-05, 9.857225086307153e-05, 0.00010158211080124602]}, "gradients/embedding_item.weight": {"_type": "histogram", "values": [2.0, 3.0, 1.0, 6.0, 2.0, 4.0, 9.0, 12.0, 16.0, 20.0, 23.0, 33.0, 33.0, 42.0, 52.0, 85.0, 94.0, 142.0, 178.0, 248.0, 273.0, 420.0, 558.0, 777.0, 1259.0, 1901.0, 3672.0, 10929.0, 199737.0, 7801.0, 3071.0, 1796.0, 1111.0, 741.0, 533.0, 379.0, 292.0, 221.0, 158.0, 128.0, 105.0, 69.0, 49.0, 44.0, 35.0, 35.0, 17.0, 16.0, 13.0, 15.0, 4.0, 4.0, 5.0, 4.0, 3.0, 2.0, 1.0, 0.0, 0.0, 0.0, 0.0, 0.0, 0.0, 1.0], "bins": [-0.000514044426381588, -0.0004959407378919423, -0.00047783704940229654, -0.0004597333609126508, -0.0004416296724230051, -0.0004235259839333594, -0.0004054222663398832, -0.0003873185778502375, -0.00036921488936059177, -0.00035111120087094605, -0.00033300751238130033, -0.0003149038238916546, -0.00029680010629817843, -0.0002786964178085327, -0.000260592729318887, -0.00024248904082924128, -0.00022438535233959556, -0.00020628166384994984, -0.00018817797536030412, -0.00017007427231874317, -0.00015197058382909745, -0.00013386689533945173, -0.0001157631995738484, -9.765950380824506e-05, -7.955581531859934e-05, -6.145212682895362e-05, -4.334843106335029e-05, -2.5244738935725763e-05, -7.141046808101237e-06, 1.0962641681544483e-05, 2.9066337447147816e-05, 4.717003321275115e-05, 6.527372170239687e-05, 8.337741019204259e-05, 0.00010148110595764592, 0.00011958480172324926, 0.00013768849021289498, 0.0001557921787025407, 0.00017389588174410164, 0.00019199957023374736, 0.00021010325872339308, 0.0002282069472130388, 0.0002463106357026845, 0.00026441432419233024, 0.0002825180417858064, 0.00030062173027545214, 0.00031872541876509786, 0.0003368291072547436, 0.0003549327957443893, 0.000373036484234035, 0.00039114017272368073, 0.00040924386121332645, 0.0004273475497029722, 0.0004454512381926179, 0.00046355495578609407, 0.0004816586442757398, 0.000499762361869216, 0.0005178660503588617, 0.0005359697388485074, 0.0005540734273381531, 0.0005721771158277988, 0.0005902808043174446, 0.0006083844928070903, 0.0006264882395043969, 0.0006445918697863817]}, "gradients/embedding_user.weight": {"_type": "histogram", "values": [1.0, 0.0, 0.0, 0.0, 0.0, 5.0, 0.0, 1.0, 2.0, 5.0, 3.0, 8.0, 8.0, 15.0, 15.0, 23.0, 16.0, 26.0, 28.0, 45.0, 46.0, 80.0, 103.0, 115.0, 150.0, 202.0, 285.0, 391.0, 552.0, 899.0, 1651.0, 4981.0, 365797.0, 6289.0, 1879.0, 898.0, 571.0, 413.0, 250.0, 196.0, 152.0, 119.0, 85.0, 52.0, 54.0, 38.0, 21.0, 21.0, 14.0, 8.0, 6.0, 8.0, 7.0, 9.0, 4.0, 5.0, 1.0, 1.0, 1.0, 2.0, 1.0, 1.0, 0.0, 1.0],