{"TOTAL_BEST_METRIC": 1.0183099879356485, "BEST_NDCG@10": 0.12820099750591993, "_timestamp": 1688329101.0229194, "_runtime": 478.3583393096924, "_step": 1114, "epoch": 1000, "Train_Metric_loss": NaN, "Train_Reg_loss": NaN, "Pos_loss": NaN, "Neg_loss": NaN, "Recall@5": 0.0007852166725705515, "Recall@10": 0.003778486243948518, "Recall@20": 0.005806892363746774, "NDCG@5": 0.000556356529533085, "NDCG@10": 0.0016257618776651963, "NDCG@20": 0.002209725865082795, "Recall@5_total_best": 0.14225388805273026, "Recall@10_total_best": 0.20638132520718233, "Recall@20_total_best": 0.28917879480550773, "ndcg@5_total_best": 0.10394522836057601, "ndcg@10_total_best": 0.12648425164036378, "ndcg@20_total_best": 0.15006649986928833, "EPOCH_ndcg_best": 130, "Recall@5_ndcg_best": 0.13878173881809433, "Recall@10_ndcg_best": 0.2050562194753704, "Recall@20_ndcg_best": 0.2803272492992276, "ndcg@5_ndcg_best": 0.10566221867493045, "ndcg@10_ndcg_best": 0.12820099750591993, "ndcg@20_ndcg_best": 0.14961221582586892, "gradients/mass_i.weight": {"_type": "histogram", "values": [2.0, 0.0, 0.0, 1.0, 1.0, 0.0, 0.0, 0.0, 0.0, 0.0, 1.0, 1.0, 2.0, 2.0, 1.0, 4.0, 0.0, 4.0, 9.0, 9.0, 16.0, 20.0, 37.0, 51.0, 60.0, 72.0, 85.0, 56.0, 59.0, 2974.0, 24.0, 18.0, 14.0, 13.0, 8.0, 7.0, 3.0, 1.0, 1.0, 3.0, 0.0, 2.0, 1.0, 1.0, 1.0, 0.0, 0.0, 0.0, 0.0, 1.0, 0.0, 0.0, 0.0, 0.0, 2.0, 0.0, 0.0, 0.0, 0.0, 0.0, 0.0, 0.0, 0.0, 1.0], "bins": [-0.0001765408378560096, -0.0001704964233795181, -0.00016445200890302658, -0.0001584076089784503, -0.0001523631945019588, -0.00014631878002546728, -0.000140274380100891, -0.00013422996562439948, -0.00012818555114790797, -0.00012214113667141646, -0.00011609672947088256, -0.00011005232227034867, -0.00010400790779385716, -9.796349331736565e-05, -9.191908611683175e-05, -8.587467891629785e-05, -7.983026443980634e-05, -7.378584996331483e-05, -6.774144276278093e-05, -6.169703556224704e-05, -5.565262108575553e-05, -4.960821024724282e-05, -4.356379940873012e-05, -3.7519388570217416e-05, -3.147497773170471e-05, -2.5430566893192008e-05, -1.9386156054679304e-05, -1.33417452161666e-05, -7.297334377653897e-06, -1.252923539141193e-06, 4.791487299371511e-06, 1.0835898137884215e-05, 1.6880308976396918e-05, 2.2924719814909622e-05, 2.8969130653422326e-05, 3.501354149193503e-05, 4.1057952330447733e-05, 4.710236316896044e-05, 5.314677400747314e-05, 5.9191184845985845e-05, 6.523559568449855e-05, 7.128001016099006e-05, 7.732441736152396e-05, 8.336882456205785e-05, 8.941323903854936e-05, 9.545765351504087e-05, 0.00010150206071557477, 0.00010754646791610867, 0.00011359088239260018, 0.00011963529686909169, 0.0001256797113455832, 0.00013172411127015948, 0.000137768525746651, 0.0001438129402231425, 0.0001498573401477188, 0.0001559017546242103, 0.0001619461691007018, 0.00016799058357719332, 0.00017403499805368483, 0.0001800793979782611, 0.00018612381245475262, 0.00019216822693124413, 0.00019821262685582042, 0.00020425704133231193, 0.00021030145580880344]}, "gradients/mass_u.weight": {"_type": "histogram", "values": [1.0, 0.0, 0.0, 0.0, 0.0, 0.0, 0.0, 0.0, 0.0, 0.0, 1.0, 0.0, 0.0, 0.0, 0.0, 0.0, 0.0, 0.0, 0.0, 0.0, 0.0, 0.0, 0.0, 0.0, 0.0, 0.0, 0.0, 1.0, 0.0, 0.0, 0.0, 0.0, 0.0, 1.0, 2.0, 0.0, 0.0, 1.0, 0.0, 0.0, 0.0, 0.0, 0.0, 1.0, 0.0, 0.0, 1.0, 0.0, 0.0, 0.0, 2.0, 2.0, 2.0, 5.0, 6.0, 2.0, 5.0, 4.0, 10.0, 23.0, 35.0, 77.0, 267.0, 5092.0], "bins": [-0.000539019238203764, -0.0005305970553308725, -0.0005221748724579811, -0.0005137526895850897, -0.0005053305067121983, -0.0004969083820469677, -0.0004884861991740763, -0.0004800640163011849, -0.00047164183342829347, -0.00046321965055540204, -0.0004547974676825106, -0.00044637531391344965, -0.0004379531310405582, -0.0004295309481676668, -0.0004211087943986058, -0.0004126866115257144, -0.00040426442865282297, -0.00039584224577993155, -0.0003874200629070401, -0.00037899790913797915, -0.0003705757262650877, -0.0003621535433921963, -0.00035373138962313533, -0.0003453092067502439, -0.0003368870238773525, -0.00032846484100446105, -0.0003200426581315696, -0.00031162050436250865, -0.00030319832148961723, -0.0002947761386167258, -0.00028635398484766483, -0.0002779318019747734, -0.000269509619101882, -0.00026108743622899055, -0.00025266525335609913, -0.00024424309958703816, -0.00023582091671414673, -0.0002273987338412553, -0.0002189765655202791, -0.0002105543971993029, -0.00020213221432641149, -0.00019371003145352006, -0.00018528786313254386, -0.00017686569481156766, -0.00016844351193867624, -0.0001600213290657848, -0.00015159916074480861, -0.00014317699242383242, -0.000134754809550941, -0.00012633262667804956, -0.00011791045835707337, -0.00010948828276013955, -0.00010106610716320574, -9.264393156627193e-05, -8.422175596933812e-05, -7.579958037240431e-05, -6.73774047754705e-05, -5.895522917853668e-05, -5.053305358160287e-05, -4.211087798466906e-05, -3.368870238773525e-05, -2.5266526790801436e-05, -1.6844351193867624e-05, -8.422175596933812e-06, 0.0]}, "gradients/embedding_user.weight": {"_type": "histogram", "values": [0.0, 0.0, 0.0, 0.0, 0.0, 0.0, 0.0, 0.0, 0.0, 0.0, 0.0, 0.0, 0.0, 0.0, 0.0, 0.0, 0.0, 0.0, 0.0, 0.0, 0.0, 0.0, 0.0, 0.0, 0.0, 0.0, 0.0, 0.0, 0.0, 0.0, 0.0, 0.0, 3392.0, 0.0, 0.0, 0.0, 0.0, 0.0, 0.0, 0.0, 0.0, 0.0, 0.0, 0.0, 0.0, 0.0, 0.0, 0.0, 0.0, 0.0, 0.0, 0.0, 0.0, 0.0, 0.0, 0.0, 0.0, 0.0, 0.0, 0.0, 0.0, 0.0, 0.0, 0.0], "bins": [0.0, 0.0, 0.0, 0.0, 0.0, 0.0, 0.0, 0.0, 0.0, 0.0, 0.0, 0.0, 0.0, 0.0, 0.0, 0.0, 0.0, 0.0, 0.0, 0.0, 0.0, 0.0, 0.0, 0.0, 0.0, 0.0, 0.0, 0.0, 0.0, 0.0, 0.0, 0.0, 0.0, 0.0, 0.0, 0.0, 0.0, 0.0, 0.0, 0.0, 0.0, 0.0, 0.0, 0.0, 0.0, 0.0, 0.0, 0.0, 0.0, 0.0, 0.0, 0.0, 0.0, 0.0, 0.0, 0.0, 0.0, 0.0, 0.0, 0.0, 0.0, 0.0, 0.0, 0.0, 0.0]}, "gradients/embedding_item.weight": {"_type": "histogram", "values": [1.0, 0.0, 1.0, 1.0, 0.0, 1.0, 2.0, 1.0, 1.0, 2.0, 5.0, 5.0, 6.0, 5.0, 11.0, 16.0, 18.0, 34.0, 38.0, 55.0, 73.0, 136.0, 210.0, 306.0, 437.0, 746.0, 1340.0, 2303.0, 4235.0, 8301.0, 16142.0, 31985.0, 75959.0, 41619.0, 20836.0, 10681.0, 5575.0, 2952.0, 1652.0, 987.0, 606.0, 353.0, 254.0, 136.0, 88.0, 65.0, 58.0, 29.0, 24.0, 13.0, 11.0, 10.0, 7.0, 5.0, 2.0, 3.0, 4.0, 2.0, 1.0, 2.0, 0.0, 0.0, 0.0, 1.0], "bins": [-0.0007118184585124254, -0.0006900454754941165, -0.0006682724342681468, -0.0006464994512498379, -0.0006247264100238681, -0.0006029534270055592, -0.0005811804439872503, -0.0005594074027612805, -0.0005376343615353107, -0.0005158613785170019, -0.0004940883372910321, -0.0004723153542727232, -0.0004505423130467534, -0.00042876933002844453, -0.0004069963179063052, -0.00038522330578416586, -0.000363450322765857, -0.00034167731064371765, -0.0003199042985215783, -0.00029813131550326943, -0.00027635827427729964, -0.00025458529125899076, -0.00023281227913685143, -0.0002110392670147121, -0.00018926625489257276, -0.00016749324277043343, -0.0001457202306482941, -0.00012394723307806998, -0.00010217422095593065, -8.040120883379132e-05, -5.862821126356721e-05, -3.6855199141427875e-05, -1.508218701928854e-05, 6.690821464871988e-06, 2.8463829949032515e-05, 5.0236834795214236e-05, 7.200984691735357e-05, 9.37828590394929e-05, 0.00011555585660971701, 0.00013732886873185635, 0.00015910188085399568, 0.00018087489297613502, 0.00020264790509827435, 0.00022442090266849846, 0.00024619390023872256, 0.00026796694146469235, 0.00028973992448300123, 0.00031151293660514057, 0.0003332859487272799, 0.00035505896084941924, 0.00037683197297155857, 0.00039860495598986745, 0.00042037799721583724, 0.0004421509802341461, 0.00046392399235628545, 0.0004856970044784248, 0.0005074699874967337, 0.0005292429705150425, 0.0005510160117410123, 0.0005727889947593212, 0.000594562035985291, 0.0006163350190035999, 0.0006381080020219088, 0.0006598810432478786, 0.0006816540844738483]}, "_wandb": {"runtime": 477}}