{"TOTAL_BEST_METRIC": 0.3000819531445992, "BEST_NDCG@10": 0.04668247096497522, "_timestamp": 1688354795.303459, "_runtime": 18436.473958015442, "_step": 1103, "epoch": 1000, "Train_Metric_loss": -13.59874204488901, "Train_Reg_loss": 0.3926466371004398, "Pos_loss": 26.886348724365234, "Neg_loss": -40.79885482788086, "Recall@5": 0.018524733712707436, "Recall@10": 0.031155134627784433, "Recall@20": 0.05093128160313704, "NDCG@5": 0.026120622462098935, "NDCG@10": 0.029977792102973813, "NDCG@20": 0.03715829206341211, "Recall@5_total_best": 0.029448049279533282, "Recall@10_total_best": 0.048709567822606915, "Recall@20_total_best": 0.07725545111642373, "ndcg@5_total_best": 0.04102696290658328, "ndcg@10_total_best": 0.04668247096497522, "ndcg@20_total_best": 0.05695945105447678, "EPOCH_ndcg_best": 10, "Recall@5_ndcg_best": 0.029448049279533282, "Recall@10_ndcg_best": 0.048709567822606915, "Recall@20_ndcg_best": 0.07725545111642373, "ndcg@5_ndcg_best": 0.04102696290658328, "ndcg@10_ndcg_best": 0.04668247096497522, "ndcg@20_ndcg_best": 0.05695945105447678, "gradients/mass_i.weight": {"_type": "histogram", "values": [1.0, 0.0, 0.0, 0.0, 0.0, 0.0, 0.0, 0.0, 0.0, 4.0, 1.0, 1.0, 0.0, 0.0, 0.0, 1.0, 2.0, 1.0, 1.0, 7.0, 7.0, 12.0, 31.0, 86.0, 222.0, 883.0, 39663.0, 202.0, 57.0, 31.0, 12.0, 12.0, 2.0, 7.0, 2.0, 4.0, 3.0, 4.0, 2.0, 0.0, 0.0, 1.0, 1.0, 0.0, 0.0, 0.0, 0.0, 0.0, 0.0, 0.0, 0.0, 0.0, 0.0, 0.0, 0.0, 0.0, 0.0, 0.0, 0.0, 0.0, 0.0, 0.0, 0.0, 1.0], "bins": [-9.542871339363046e-06, -9.180920642393176e-06, -8.818969945423305e-06, -8.457019248453435e-06, -8.095068551483564e-06, -7.733116945018992e-06, -7.371166702796472e-06, -7.009215551079251e-06, -6.64726485410938e-06, -6.28531415713951e-06, -5.9233634601696394e-06, -5.561412763199769e-06, -5.199461611482548e-06, -4.837510914512677e-06, -4.475560217542807e-06, -4.113609065825585e-06, -3.7516588236030657e-06, -3.389708126633195e-06, -3.0277572022896493e-06, -2.665806505319779e-06, -2.303855580976233e-06, -1.9419048840063624e-06, -1.579954187036492e-06, -1.218003262692946e-06, -8.560525657230755e-07, -4.941017550663673e-07, -1.32151001253078e-07, 2.2979975256021135e-07, 5.917505632169195e-07, 9.537013738736277e-07, 1.3156520708434982e-06, 1.6776029951870441e-06, 2.0395536921569146e-06, 2.401504389126785e-06, 2.763455313470331e-06, 3.1254060104402015e-06, 3.4873569347837474e-06, 3.849307631753618e-06, 4.211258328723488e-06, 4.57320948044071e-06, 4.93516017741058e-06, 5.297110874380451e-06, 5.659061571350321e-06, 6.021012268320192e-06, 6.382963420037413e-06, 6.7449141170072835e-06, 7.106864813977154e-06, 7.468815965694375e-06, 7.830765753169544e-06, 8.192716450139415e-06, 8.554667147109285e-06, 8.916617844079155e-06, 9.278568541049026e-06, 9.640520147513598e-06, 1.0002469934988767e-05, 1.036442154145334e-05, 1.072637223842321e-05, 1.108832293539308e-05, 1.145027363236295e-05, 1.1812224329332821e-05, 1.2174175026302692e-05, 1.2536125723272562e-05, 1.2898077329737134e-05, 1.3260028026707005e-05, 1.3621978723676875e-05]}, "gradients/mass_u.weight": {"_type": "histogram", "values": [0.0, 0.0, 0.0, 0.0, 0.0, 0.0, 0.0, 0.0, 0.0, 0.0, 0.0, 0.0, 0.0, 0.0, 0.0, 0.0, 0.0, 0.0, 0.0, 0.0, 0.0, 0.0, 0.0, 0.0, 0.0, 0.0, 0.0, 0.0, 0.0, 0.0, 0.0, 0.0, 52406.0, 0.0, 0.0, 0.0, 0.0, 0.0, 0.0, 0.0, 0.0, 0.0, 0.0, 0.0, 0.0, 0.0, 0.0, 0.0, 0.0, 0.0, 0.0, 0.0, 0.0, 0.0, 0.0, 0.0, 0.0, 0.0, 0.0, 0.0, 0.0, 0.0, 0.0, 0.0], "bins": [0.0, 0.0, 0.0, 0.0, 0.0, 0.0, 0.0, 0.0, 0.0, 0.0, 0.0, 0.0, 0.0, 0.0, 0.0, 0.0, 0.0, 0.0, 0.0, 0.0, 0.0, 0.0, 0.0, 0.0, 0.0, 0.0, 0.0, 0.0, 0.0, 0.0, 0.0, 0.0, 0.0, 0.0, 0.0, 0.0, 0.0, 0.0, 0.0, 0.0, 0.0, 0.0, 0.0, 0.0, 0.0, 0.0, 0.0, 0.0, 0.0, 0.0, 0.0, 0.0, 0.0, 0.0, 0.0, 0.0, 0.0, 0.0, 0.0, 0.0, 0.0, 0.0, 0.0, 0.0, 0.0]}, "gradients/embedding_user.weight": {"_type": "histogram", "values": [1.0, 1.0, 1.0, 0.0, 1.0, 0.0, 1.0, 0.0, 2.0, 1.0, 1.0, 1.0, 2.0, 0.0, 4.0, 1.0, 3.0, 0.0, 3.0, 5.0, 6.0, 10.0, 18.0, 34.0, 60.0, 131.0, 304.0, 1419.0, 18322.0, 3330926.0, 1944.0, 430.0, 170.0, 72.0, 32.0, 24.0, 16.0, 10.0, 6.0, 1.0, 6.0, 3.0, 0.0, 3.0, 2.0, 0.0, 2.0, 0.0, 0.0, 1.0, 0.0, 0.0, 0.0, 0.0, 2.0, 0.0, 0.0, 0.0, 1.0, 0.0, 0.0, 0.0, 0.0, 1.0], "bins": [-0.005529351066797972, -0.005339321680366993, -0.005149291828274727, -0.004959262441843748, -0.004769232589751482, -0.004579203203320503, -0.004389173351228237, -0.004199143964797258, -0.00400911457836628, -0.003819084959104657, -0.0036290553398430347, -0.003439025953412056, -0.00324899610131979, -0.003058966714888811, -0.0028689370956271887, -0.0026789074763655663, -0.0024888776242733, -0.0022988480050116777, -0.0021088183857500553, -0.0019187888829037547, -0.0017287592636421323, -0.0015387296443805099, -0.0013487001415342093, -0.0011586705222725868, -0.0009686409030109644, -0.000778611283749342, -0.0005885817226953804, -0.00039855216164141893, -0.0002085225423797965, -1.8492923118174076e-05, 0.00017153657972812653, 0.00036156619898974895, 0.0005515962839126587, 0.0007416259031742811, 0.0009316554642282426, 0.0011216850252822042, 0.0013117146445438266, 0.001501744263805449, 0.0016917737666517496, 0.001881803385913372, 0.0020718330051749945, 0.002261862624436617, 0.0024518922436982393, 0.0026419218629598618, 0.0028319512493908405, 0.0030219811014831066, 0.0032120104879140854, 0.003402040107175708, 0.0035920697264373302, 0.0037820993456989527, 0.003972128964960575, 0.004162158351391554, 0.00435218820348382, 0.004542217589914799, 0.004732247442007065, 0.004922276828438044, 0.005112306214869022, 0.005302335601300001, 0.005492365453392267, 0.005682394839823246, 0.005872424691915512, 0.006062454078346491, 0.00625248346477747, 0.006442513316869736, 0.006632543168962002]}, "gradients/embedding_item.weight": {"_type": "histogram", "values": [2.0, 0.0, 1.0, 0.0, 1.0, 2.0, 8.0, 7.0, 11.0, 15.0, 30.0, 30.0, 57.0, 109.0, 169.0, 291.0, 462.0, 801.0, 1310.0, 2368.0, 4574.0, 9204.0, 17588.0, 34022.0, 63377.0, 142360.0, 2010379.0, 195299.0, 75043.0, 40050.0, 21194.0, 10518.0, 5328.0, 2681.0, 1462.0, 825.0, 525.0, 316.0, 171.0, 116.0, 65.0, 38.0, 28.0, 15.0, 14.0, 8.0, 6.0, 8.0, 3.0, 2.0, 0.0, 2.0, 0.0, 0.0, 0.0, 0.0, 0.0, 0.0, 0.0, 0.0, 0.0, 0.0, 0.0, 1.0], "bins": [-0.0002008710871450603, -0.00019332621013745666, -0.000185781333129853, -0.00017823645612224936, -0.0001706915645627305, -0.00016314668755512685, -0.0001556018105475232, -0.00014805693353991956, -0.00014051204198040068, -0.00013296716497279704, -0.0001254222879651934, -0.00011787740368163213, -0.00011033251939807087, -0.00010278764239046723, -9.524276538286358e-05, -8.769788837525994e-05, -8.015301136765629e-05, -7.260813436005265e-05, -6.506325007649139e-05, -5.751837306888774e-05, -4.997349242330529e-05, -4.2428611777722836e-05, -3.488373477011919e-05, -2.7338854124536738e-05, -1.9793973478954285e-05, -1.2249093742866535e-05, -4.704214006778784e-06, 2.8406648198142648e-06, 1.0385545465396717e-05, 1.793042611097917e-05, 2.5475303118582815e-05, 3.302018376416527e-05, 4.056506440974772e-05, 4.810994505533017e-05, 5.5654825700912625e-05, 6.319970270851627e-05, 7.074458699207753e-05, 7.828946399968117e-05, 8.583434100728482e-05, 9.337921801488847e-05, 0.00010092410229844972, 0.00010846897930605337, 0.00011601386358961463, 0.00012355874059721828, 0.00013110361760482192, 0.00013864849461242557, 0.0001461933716200292, 0.00015373826317954808, 0.00016128314018715173, 0.00016882801719475538, 0.00017637289420235902, 0.0001839177857618779, 0.00019146266276948154, 0.00019900753977708519, 0.00020655241678468883, 0.00021409729379229248, 0.00022164217079989612, 0.00022918704780749977, 0.0002367319248151034, 0.00024427680182270706, 0.0002518216788303107, 0.0002593665849417448, 0.00026691146194934845, 0.0002744563389569521, 0.00028200121596455574]}, "_wandb": {"runtime": 18435}}