{"TOTAL_BEST_METRIC": 0.8281069907477506, "BEST_NDCG@10": 0.1002944899313502, "_timestamp": 1688286410.7208622, "_runtime": 347.11268520355225, "_step": 1289, "epoch": 1000, "Train_Metric_loss": -0.13068752288818358, "Train_Reg_loss": 9.343204328615685e-06, "Recall@5": 0.10812441908839919, "Recall@10": 0.16767326587646517, "Recall@20": 0.24955578086485855, "NDCG@5": 0.07909523510683844, "NDCG@10": 0.1002944899313502, "NDCG@20": 0.123363799879839, "Recall@5_total_best": 0.10812441908839919, "Recall@10_total_best": 0.16767326587646517, "Recall@20_total_best": 0.24955578086485855, "ndcg@5_total_best": 0.07909523510683844, "ndcg@10_total_best": 0.1002944899313502, "ndcg@20_total_best": 0.123363799879839, "EPOCH_ndcg_best": 1000, "Recall@5_ndcg_best": 0.10812441908839919, "Recall@10_ndcg_best": 0.16767326587646517, "Recall@20_ndcg_best": 0.24955578086485855, "ndcg@5_ndcg_best": 0.07909523510683844, "ndcg@10_ndcg_best": 0.1002944899313502, "ndcg@20_ndcg_best": 0.123363799879839, "gradients/mass_i.weight": {"_type": "histogram", "values": [1.0, 0.0, 1.0, 0.0, 1.0, 0.0, 0.0, 0.0, 1.0, 1.0, 2.0, 0.0, 2.0, 3.0, 1.0, 3.0, 1.0, 1.0, 1.0, 2.0, 3.0, 3.0, 7.0, 5.0, 8.0, 10.0, 11.0, 11.0, 14.0, 22.0, 19.0, 23.0, 15.0, 23.0, 40.0, 41.0, 51.0, 67.0, 50.0, 43.0, 37.0, 29.0, 2639.0, 31.0, 34.0, 42.0, 47.0, 57.0, 20.0, 22.0, 32.0, 18.0, 13.0, 14.0, 10.0, 10.0, 7.0, 4.0, 4.0, 2.0, 2.0, 2.0, 4.0, 1.0], "bins": [-3.172110882587731e-05, -3.0968221835792065e-05, -3.0215331207728013e-05, -2.9462442398653366e-05, -2.8709553589578718e-05, -2.7956666599493474e-05, -2.7203777790418826e-05, -2.645088898134418e-05, -2.569800017226953e-05, -2.4945111363194883e-05, -2.4192222554120235e-05, -2.3439333745045587e-05, -2.2686446754960343e-05, -2.1933557945885696e-05, -2.1180669136811048e-05, -2.04277803277364e-05, -1.9674891518661752e-05, -1.8922002709587105e-05, -1.8169113900512457e-05, -1.741622509143781e-05, -1.666333628236316e-05, -1.5910449292277917e-05, -1.515756048320327e-05, -1.4404671674128622e-05, -1.3651782865053974e-05, -1.2898894055979326e-05, -1.2146005246904679e-05, -1.1393117347324733e-05, -1.0640228538250085e-05, -9.887339729175437e-06, -9.134451829595491e-06, -8.381563020520844e-06, -7.628676030435599e-06, -6.875787221360952e-06, -6.122898867033655e-06, -5.370010512706358e-06, -4.61712170363171e-06, -3.8642328945570625e-06, -3.1113445402297657e-06, -2.358456185902469e-06, -1.6055673768278211e-06, -8.526787951268489e-07, -9.979021342587657e-08, 6.530983682750957e-07, 1.405986949976068e-06, 2.1588755316770403e-06, 2.9117641133780126e-06, 3.6646524677053094e-06, 4.417541276779957e-06, 5.170430085854605e-06, 5.923318440181902e-06, 6.6762067945091985e-06, 7.429095603583846e-06, 8.181984412658494e-06, 8.93487231223844e-06, 9.687761121313088e-06, 1.0440649930387735e-05, 1.1193538739462383e-05, 1.194642754853703e-05, 1.2699315448116977e-05, 1.3452204257191624e-05, 1.4205093066266272e-05, 1.4957980965846218e-05, 1.5710869774920866e-05, 1.6463758583995514e-05]}, "gradients/mass_u.weight": {"_type": "histogram", "values": [1.0, 0.0, 0.0, 0.0, 0.0, 0.0, 0.0, 0.0, 0.0, 0.0, 0.0, 0.0, 0.0, 0.0, 0.0, 0.0, 0.0, 0.0, 0.0, 0.0, 0.0, 0.0, 0.0, 0.0, 0.0, 0.0, 0.0, 0.0, 2.0, 0.0, 0.0, 0.0, 1.0, 0.0, 0.0, 1.0, 2.0, 0.0, 1.0, 2.0, 3.0, 3.0, 4.0, 8.0, 4.0, 11.0, 14.0, 16.0, 23.0, 27.0, 41.0, 38.0, 45.0, 5197.0, 31.0, 21.0, 20.0, 12.0, 5.0, 3.0, 1.0, 1.0, 1.0, 2.0], "bins": [-0.00011850525334011763, -0.00011630531662376598, -0.00011410538718337193, -0.00011190545046702027, -0.00010970551375066862, -0.00010750557703431696, -0.00010530564759392291, -0.00010310571087757125, -0.0001009057741612196, -9.870583744486794e-05, -9.65059080044739e-05, -9.430597128812224e-05, -9.210603457177058e-05, -8.990609785541892e-05, -8.770616841502488e-05, -8.550623169867322e-05, -8.330630225827917e-05, -8.110636554192752e-05, -7.890643610153347e-05, -7.670649938518181e-05, -7.450656266883016e-05, -7.230663322843611e-05, -7.010669651208445e-05, -6.79067597957328e-05, -6.570683035533875e-05, -6.35068936389871e-05, -6.130696419859305e-05, -5.910702748224139e-05, -5.6907090765889734e-05, -5.470715768751688e-05, -5.250722460914403e-05, -5.0307287892792374e-05, -4.8107351176440716e-05, -4.5907418098067865e-05, -4.370748138171621e-05, -4.1507548303343356e-05, -3.93076115869917e-05, -3.7107678508618847e-05, -3.4907745430245996e-05, -3.270780871389434e-05, -3.0507875635521486e-05, -2.8307940738159232e-05, -2.6108005840796977e-05, -2.3908072762424126e-05, -2.1708137865061872e-05, -1.9508202967699617e-05, -1.7308269889326766e-05, -1.5108334991964512e-05, -1.2908400094602257e-05, -1.0708465197240002e-05, -8.50853120937245e-06, -6.308596766757546e-06, -4.108662324142642e-06, -1.9087274267803878e-06, 2.9120656108716503e-07, 2.491140548954718e-06, 4.691075446316972e-06, 6.891009888931876e-06, 9.09094433154678e-06, 1.1290878319414333e-05, 1.3490813216776587e-05, 1.569074811413884e-05, 1.7890681192511693e-05, 2.0090616089873947e-05, 2.2290550987236202e-05]}, "gradients/embedding_user.weight": {"_type": "histogram", "values": [1.0, 0.0, 1.0, 0.0, 0.0, 0.0, 0.0, 1.0, 1.0, 0.0, 2.0, 1.0, 0.0, 6.0, 1.0, 4.0, 8.0, 3.0, 15.0, 8.0, 19.0, 22.0, 22.0, 35.0, 47.0, 75.0, 128.0, 231.0, 353.0, 645.0, 1232.0, 2156.0, 3897.0, 7158.0, 33450.0, 191680.0, 90030.0, 11988.0, 5023.0, 2758.0, 1551.0, 862.0, 435.0, 268.0, 156.0, 108.0, 62.0, 50.0, 34.0, 19.0, 20.0, 14.0, 7.0, 9.0, 6.0, 5.0, 4.0, 3.0, 2.0, 1.0, 2.0, 2.0, 2.0, 1.0], "bins": [-0.0007057870388962328, -0.0006860308349132538, -0.0006662746891379356, -0.0006465184851549566, -0.0006267622811719775, -0.0006070061353966594, -0.0005872499314136803, -0.0005674937274307013, -0.0005477375816553831, -0.000527981377672404, -0.0005082252318970859, -0.0004884690279141068, -0.00046871285303495824, -0.00044895667815580964, -0.0004292004741728306, -0.000409444299293682, -0.0003896881244145334, -0.0003699319495353848, -0.00035017577465623617, -0.0003304195706732571, -0.0003106633957941085, -0.0002909072209149599, -0.00027115101693198085, -0.00025139484205283225, -0.00023163866717368364, -0.00021188249229453504, -0.0001921263028634712, -0.00017237011343240738, -0.00015261393855325878, -0.00013285776367411017, -0.00011310157424304634, -9.334538481198251e-05, -7.358926814049482e-05, -5.383308598538861e-05, -3.407690383028239e-05, -1.4320721675176173e-05, 5.435460479930043e-06, 2.519164263503626e-05, 4.4947824790142477e-05, 6.470401422120631e-05, 8.446018910035491e-05, 0.00010421637125546113, 0.00012397255341056734, 0.00014372874284163117, 0.00016348491772077978, 0.00018324109259992838, 0.0002029972820309922, 0.00022275347146205604, 0.00024250964634120464, 0.00026226582122035325, 0.00028202199609950185, 0.0003017782000824809, 0.0003215343749616295, 0.0003412905498407781, 0.00036104675382375717, 0.0003808029287029058, 0.0004005591035820544, 0.000420315278461203, 0.0004400714533403516, 0.00045982765732333064, 0.00047958383220247924, 0.0004993400070816278, 0.0005190962110646069, 0.000538852415047586, 0.0005586085608229041]}, "gradients/embedding_item.weight": {"_type": "histogram", "values": [2.0, 0.0, 1.0, 0.0, 2.0, 4.0, 1.0, 9.0, 10.0, 10.0, 9.0, 17.0, 34.0, 55.0, 80.0, 96.0, 150.0, 217.0, 325.0, 487.0, 696.0, 999.0, 1447.0, 2294.0, 3280.0, 4737.0, 6641.0, 9560.0, 13096.0, 17060.0, 20875.0, 29639.0, 31440.0, 21104.0, 17536.0, 13655.0, 10018.0, 7004.0, 5010.0, 3449.0, 2313.0, 1564.0, 1097.0, 787.0, 485.0, 349.0, 227.0, 143.0, 107.0, 72.0, 53.0, 35.0, 28.0, 19.0, 5.0, 6.0, 4.0, 2.0, 1.0, 3.0, 1.0, 1.0, 0.0, 1.0],