{"TOTAL_BEST_METRIC": 1.018988574494953, "BEST_NDCG@10": 0.12825379911139073, "_timestamp": 1688360215.100215, "_runtime": 734.2609679698944, "_step": 1107, "epoch": 1000, "Train_Metric_loss": NaN, "Train_Reg_loss": NaN, "Pos_loss": NaN, "Neg_loss": NaN, "Recall@5": 0.0007852166725705515, "Recall@10": 0.003778486243948518, "Recall@20": 0.005806892363746774, "NDCG@5": 0.000556356529533085, "NDCG@10": 0.0016257618776651963, "NDCG@20": 0.002209725865082795, "Recall@5_total_best": 0.1385294429144756, "Recall@10_total_best": 0.20937450108334943, "Recall@20_total_best": 0.2887046682470084, "ndcg@5_total_best": 0.10328010256318444, "ndcg@10_total_best": 0.12825379911139073, "ndcg@20_total_best": 0.15084606057554448, "EPOCH_ndcg_best": 30, "Recall@5_ndcg_best": 0.1385294429144756, "Recall@10_ndcg_best": 0.20937450108334943, "Recall@20_ndcg_best": 0.2887046682470084, "ndcg@5_ndcg_best": 0.10328010256318444, "ndcg@10_ndcg_best": 0.12825379911139073, "ndcg@20_ndcg_best": 0.15084606057554448, "gradients/mass_i.weight": {"_type": "histogram", "values": [1.0, 0.0, 0.0, 0.0, 0.0, 1.0, 0.0, 1.0, 1.0, 0.0, 0.0, 0.0, 2.0, 1.0, 1.0, 1.0, 1.0, 0.0, 4.0, 0.0, 1.0, 3.0, 4.0, 2.0, 6.0, 3.0, 4.0, 8.0, 3.0, 4.0, 8.0, 5.0, 14.0, 14.0, 17.0, 24.0, 30.0, 32.0, 41.0, 36.0, 56.0, 54.0, 78.0, 103.0, 73.0, 101.0, 90.0, 70.0, 2407.0, 38.0, 66.0, 62.0, 32.0, 31.0, 11.0, 8.0, 5.0, 4.0, 2.0, 0.0, 1.0, 0.0, 2.0, 1.0], "bins": [-0.00015403394354507327, -0.0001508876302978024, -0.00014774133160244673, -0.00014459501835517585, -0.0001414487196598202, -0.00013830240641254932, -0.00013515610771719366, -0.00013200979446992278, -0.00012886349577456713, -0.00012571718252729625, -0.0001225708838319406, -0.00011942457786062732, -0.00011627827188931406, -0.00011313195864204317, -0.00010998565994668752, -0.00010683934669941664, -0.00010369303345214576, -0.00010054672748083249, -9.740042150951922e-05, -9.425411553820595e-05, -9.110780956689268e-05, -8.79614963196218e-05, -8.481519762426615e-05, -8.166888437699527e-05, -7.852258568163961e-05, -7.537627971032634e-05, -7.222997373901308e-05, -6.908366776769981e-05, -6.593736179638654e-05, -6.279104854911566e-05, -5.96447462157812e-05, -5.649843660648912e-05, -5.3352130635175854e-05, -5.0205824663862586e-05, -4.705951869254932e-05, -4.391321272123605e-05, -4.0766903111943975e-05, -3.762059714063071e-05, -3.447429116931744e-05, -3.1327981560025364e-05, -2.81816774077015e-05, -2.5035371436388232e-05, -2.188906364608556e-05, -1.8742757674772292e-05, -1.5596451703459024e-05, -1.2450143913156353e-05, -9.303837941843085e-06, -6.1575301515404135e-06, -3.0112241802271456e-06, 1.3508247320714872e-07, 3.281389126641443e-06, 6.427695552702062e-06, 9.574002433510032e-06, 1.2720309314318001e-05, 1.586661528563127e-05, 1.901292307593394e-05, 2.215922904724721e-05, 2.5305535018560477e-05, 2.8451842808863148e-05, 3.1598148780176416e-05, 3.4744454751489684e-05, 3.789076436078176e-05, 4.103707033209503e-05, 4.4183376303408295e-05, 4.732968227472156e-05]}, "gradients/mass_u.weight": {"_type": "histogram", "values": [1.0, 0.0, 0.0, 0.0, 0.0, 0.0, 0.0, 0.0, 0.0, 0.0, 0.0, 0.0, 0.0, 0.0, 0.0, 0.0, 0.0, 1.0, 0.0, 0.0, 0.0, 0.0, 0.0, 0.0, 0.0, 0.0, 0.0, 0.0, 0.0, 0.0, 0.0, 0.0, 0.0, 1.0, 0.0, 0.0, 0.0, 1.0, 1.0, 0.0, 0.0, 0.0, 0.0, 1.0, 0.0, 0.0, 0.0, 1.0, 0.0, 0.0, 2.0, 1.0, 2.0, 0.0, 4.0, 3.0, 12.0, 15.0, 15.0, 14.0, 39.0, 84.0, 255.0, 5088.0], "bins": [-0.0016261597629636526, -0.0016007510712370276, -0.0015753422630950809, -0.0015499335713684559, -0.001524524763226509, -0.0014991160714998841, -0.0014737072633579373, -0.0014482985716313124, -0.0014228897634893656, -0.0013974810717627406, -0.0013720722636207938, -0.0013466635718941689, -0.001321254763752222, -0.001295846072025597, -0.0012704372638836503, -0.0012450285721570253, -0.0012196197640150785, -0.0011942110722884536, -0.0011688022641465068, -0.0011433935724198818, -0.001117984764277935, -0.00109257607255131, -0.0010671672644093633, -0.0010417585726827383, -0.0010163498809561133, -0.0009909411892294884, -0.0009655323810875416, -0.0009401236311532557, -0.0009147148812189698, -0.0008893061312846839, -0.0008638973813503981, -0.0008384886896237731, -0.0008130798814818263, -0.0007876711315475404, -0.0007622623816132545, -0.0007368536316789687, -0.0007114448817446828, -0.0006860361318103969, -0.000660627381876111, -0.0006352186901494861, -0.0006098098820075393, -0.0005844011320732534, -0.0005589923821389675, -0.0005335836322046816, -0.0005081748822703958, -0.0004827661323361099, -0.00045735741150565445, -0.0004319486615713686, -0.00040653994074091315, -0.0003811311908066273, -0.0003557224408723414, -0.0003303136909380555, -0.00030490494100376964, -0.00027949619106948376, -0.00025408747023902833, -0.00022867872030474246, -0.00020326997037045658, -0.0001778612204361707, -0.00015245247050188482, -0.00012704373511951417, -0.00010163498518522829, -7.622623525094241e-05, -5.081749986857176e-05, -2.540874993428588e-05, 0.0]}, "gradients/embedding_user.weight": {"_type": "histogram", "values": [0.0, 0.0, 0.0, 0.0, 0.0, 0.0, 0.0, 0.0, 0.0, 0.0, 0.0, 0.0, 0.0, 0.0, 0.0, 0.0, 0.0, 0.0, 0.0, 0.0, 0.0, 0.0, 0.0, 0.0, 0.0, 0.0, 0.0, 0.0, 0.0, 0.0, 0.0, 0.0, 3392.0, 0.0, 0.0, 0.0, 0.0, 0.0, 0.0, 0.0, 0.0, 0.0, 0.0, 0.0, 0.0, 0.0, 0.0, 0.0, 0.0, 0.0, 0.0, 0.0, 0.0, 0.0, 0.0, 0.0, 0.0, 0.0, 0.0, 0.0, 0.0, 0.0, 0.0, 0.0], "bins": [0.0, 0.0, 0.0, 0.0, 0.0, 0.0, 0.0, 0.0, 0.0, 0.0, 0.0, 0.0, 0.0, 0.0, 0.0, 0.0, 0.0, 0.0, 0.0, 0.0, 0.0, 0.0, 0.0, 0.0, 0.0, 0.0, 0.0, 0.0, 0.0, 0.0, 0.0, 0.0, 0.0, 0.0, 0.0, 0.0, 0.0, 0.0, 0.0, 0.0, 0.0, 0.0, 0.0, 0.0, 0.0, 0.0, 0.0, 0.0, 0.0, 0.0, 0.0, 0.0, 0.0, 0.0, 0.0, 0.0, 0.0, 0.0, 0.0, 0.0, 0.0, 0.0, 0.0, 0.0, 0.0]}, "_wandb": {"runtime": 733}}