{"TOTAL_BEST_METRIC": 0.34623197320094684, "BEST_NDCG@10": 0.050241588132192656, "_timestamp": 1688464196.1409194, "_runtime": 23104.265521526337, "_step": 1161, "epoch": 1000, "Train_Metric_loss": 12.075286226174265, "Train_Reg_loss": 0.00016269810571570487, "Pos_loss": 11.800236701965332, "Neg_loss": 0.321252703666687, "Recall@5": 0.035207365924935695, "Recall@10": 0.05931945159681328, "Recall@20": 0.09624879715592674, "NDCG@5": 0.04243682936862127, "NDCG@10": 0.050241588132192656, "NDCG@20": 0.06277794102245719, "Recall@5_total_best": 0.035207365924935695, "Recall@10_total_best": 0.05931945159681328, "Recall@20_total_best": 0.09624879715592674, "ndcg@5_total_best": 0.04243682936862127, "ndcg@10_total_best": 0.050241588132192656, "ndcg@20_total_best": 0.06277794102245719, "EPOCH_ndcg_best": 1000, "Recall@5_ndcg_best": 0.035207365924935695, "Recall@10_ndcg_best": 0.05931945159681328, "Recall@20_ndcg_best": 0.09624879715592674, "ndcg@5_ndcg_best": 0.04243682936862127, "ndcg@10_ndcg_best": 0.050241588132192656, "ndcg@20_ndcg_best": 0.06277794102245719, "gradients/embedding_user.weight": {"_type": "histogram", "values": [1.0, 0.0, 0.0, 1.0, 1.0, 0.0, 0.0, 2.0, 1.0, 0.0, 1.0, 0.0, 0.0, 1.0, 5.0, 3.0, 2.0, 6.0, 9.0, 7.0, 12.0, 18.0, 13.0, 22.0, 29.0, 37.0, 49.0, 86.0, 116.0, 154.0, 303.0, 498.0, 954.0, 2176.0, 7393.0, 6198535.0, 20020.0, 3969.0, 1409.0, 694.0, 358.0, 228.0, 134.0, 94.0, 59.0, 43.0, 32.0, 17.0, 16.0, 10.0, 10.0, 11.0, 7.0, 2.0, 4.0, 2.0, 3.0, 2.0, 3.0, 1.0, 1.0, 2.0, 1.0, 1.0], "bins": [-0.0023047933354973793, -0.0022403253242373466, -0.0021758570801466703, -0.002111388836055994, -0.0020469208247959614, -0.0019824528135359287, -0.0019179845694452524, -0.001853516441769898, -0.0017890483140945435, -0.001724580186419189, -0.0016601120587438345, -0.00159564393106848, -0.0015311758033931255, -0.001466707675717771, -0.0014022395480424166, -0.001337771420367062, -0.0012733032926917076, -0.0012088351650163531, -0.0011443670373409986, -0.0010798989096656442, -0.0010154307819902897, -0.0009509626543149352, -0.0008864945266395807, -0.0008220263989642262, -0.0007575582712888718, -0.0006930901436135173, -0.0006286220159381628, -0.0005641538882628083, -0.0004996857605874538, -0.00043521763291209936, -0.0003707495052367449, -0.0003062813775613904, -0.00024181336630135775, -0.00017734523862600327, -0.00011287711095064878, -4.8408983275294304e-05, 1.6059144400060177e-05, 8.052727207541466e-05, 0.00014499539975076914, 0.00020946352742612362, 0.0002739316551014781, 0.0003383997827768326, 0.00040286791045218706, 0.00046733603812754154, 0.000531804165802896, 0.0005962722934782505, 0.000660740421153605, 0.0007252085488289595, 0.0007896766765043139, 0.0008541448041796684, 0.0009186129318550229, 0.0009830810595303774, 0.0010475491872057319, 0.0011120173148810863, 0.0011764854425564408, 0.0012409535702317953, 0.0013054216979071498, 0.0013698898255825043, 0.0014343579532578588, 0.0014988260809332132, 0.0015632942086085677, 0.0016277623362839222, 0.0016922304639592767, 0.0017566985916346312, 0.0018211667193099856]}, "gradients/embedding_item.weight": {"_type": "histogram", "values": [1.0, 0.0, 0.0, 0.0, 0.0, 0.0, 0.0, 0.0, 2.0, 1.0, 3.0, 2.0, 2.0, 2.0, 1.0, 5.0, 6.0, 15.0, 21.0, 24.0, 49.0, 66.0, 72.0, 169.0, 277.0, 497.0, 970.0, 2233.0, 7680.0, 57689.0, 2691983.0, 299267.0, 22265.0, 4317.0, 1543.0, 694.0, 358.0, 211.0, 130.0, 77.0, 57.0, 35.0, 31.0, 19.0, 10.0, 5.0, 6.0, 7.0, 3.0, 1.0, 3.0, 0.0, 1.0, 0.0, 3.0, 0.0, 0.0, 2.0, 0.0, 0.0, 0.0, 0.0, 0.0, 1.0], "bins": [-0.0012231281725689769, -0.0011834136676043272, -0.0011436990462243557, -0.001103984541259706, -0.0010642700362950563, -0.0010245554149150848, -0.0009848409099504352, -0.0009451263467781246, -0.000905411783605814, -0.0008656972204335034, -0.0008259826572611928, -0.0007862681522965431, -0.0007465535891242325, -0.0007068390259519219, -0.0006671245209872723, -0.0006274099578149617, -0.0005876953946426511, -0.0005479808314703405, -0.0005082662682980299, -0.0004685517633333802, -0.00042883720016106963, -0.00038912263698875904, -0.0003494081029202789, -0.00030969356885179877, -0.0002699790056794882, -0.00023026445705909282, -0.00019054990843869746, -0.0001508353598183021, -0.00011112081119790673, -7.140626257751137e-05, -3.169171395711601e-05, 8.022820111364126e-06, 4.7737499698996544e-05, 8.74520483193919e-05, 0.00012716659693978727, 0.00016688114556018263, 0.000206595694180578, 0.0002463102573528886, 0.0002860247914213687, 0.00032573932548984885, 0.00036545388866215944, 0.00040516845183447003, 0.00044488298590295017, 0.0004845975199714303, 0.0005243120831437409, 0.0005640266463160515, 0.0006037411512807012, 0.0006434557144530118, 0.0006831702776253223, 0.0007228848407976329, 0.0007625994039699435, 0.0008023139089345932, 0.0008420284721069038, 0.0008817430352792144, 0.0009214575402438641, 0.0009611721034161747, 0.0010008866665884852, 0.001040601171553135, 0.0010803157929331064, 0.001120030297897756, 0.0011597448028624058, 0.0011994594242423773, 0.001239173929207027, 0.0012788884341716766, 0.0013186030555516481]}, "_wandb": {"runtime": 23103}}