{"TOTAL_BEST_METRIC": 0.11521244296024426, "BEST_NDCG@10": 0.013324340189147169, "_timestamp": 1688332485.8384376, "_runtime": 359.9960196018219, "_step": 1293, "epoch": 1000, "Train_Metric_loss": -0.003983507677912712, "Train_Reg_loss": 4.288543550501345e-06, "Pos_loss": -0.017871104180812836, "Neg_loss": 0.017224175855517387, "Recall@5": 0.01333645395813302, "Recall@10": 0.023560179848283208, "Recall@20": 0.038067800298629766, "NDCG@5": 0.009493955125742798, "NDCG@10": 0.013324309954152857, "NDCG@20": 0.0174297437753026, "Recall@5_total_best": 0.01333645395813302, "Recall@10_total_best": 0.023560179848283208, "Recall@20_total_best": 0.038067800298629766, "ndcg@5_total_best": 0.009493955125742798, "ndcg@10_total_best": 0.013324309954152857, "ndcg@20_total_best": 0.0174297437753026, "EPOCH_ndcg_best": 1000, "Recall@5_ndcg_best": 0.01333645395813302, "Recall@10_ndcg_best": 0.023560179848283208, "Recall@20_ndcg_best": 0.038067800298629766, "ndcg@5_ndcg_best": 0.009493955125742798, "ndcg@10_ndcg_best": 0.013324340189147169, "ndcg@20_ndcg_best": 0.017428216545961044, "gradients/mass_i.weight": {"_type": "histogram", "values": [1.0, 0.0, 0.0, 0.0, 0.0, 0.0, 0.0, 0.0, 0.0, 0.0, 0.0, 0.0, 0.0, 0.0, 1.0, 2.0, 0.0, 2.0, 0.0, 2.0, 3.0, 2.0, 2.0, 0.0, 3.0, 4.0, 2.0, 5.0, 5.0, 4.0, 17.0, 5.0, 13.0, 19.0, 17.0, 58.0, 18.0, 68.0, 99.0, 53.0, 278.0, 31.0, 224.0, 2013.0, 148.0, 137.0, 43.0, 118.0, 23.0, 62.0, 12.0, 33.0, 5.0, 17.0, 1.0, 9.0, 3.0, 3.0, 1.0, 0.0, 1.0, 0.0, 0.0, 1.0], "bins": [-0.0027285865508019924, -0.0026654822286218405, -0.0026023779064416885, -0.0025392735842615366, -0.0024761692620813847, -0.0024130649399012327, -0.0023499606177210808, -0.002286856062710285, -0.002223751973360777, -0.002160647651180625, -0.002097543329000473, -0.002034439006820321, -0.001971334684640169, -0.0019082303624600172, -0.0018451259238645434, -0.0017820216016843915, -0.0017189171630889177, -0.0016558128409087658, -0.0015927085187286139, -0.001529604196548462, -0.00146649987436831, -0.001403395552188158, -0.0013402911135926843, -0.0012771867914125323, -0.0012140824692323804, -0.0011509781470522285, -0.0010878738248720765, -0.0010247695026919246, -0.0009616651223041117, -0.0008985608001239598, -0.0008354564197361469, -0.000772352097555995, -0.0007092480082064867, -0.0006461436860263348, -0.0005830393638461828, -0.00051993498345837, -0.00045683066127821803, -0.0003937263390980661, -0.0003306219878140837, -0.0002675176365301013, -0.00020441331434994936, -0.0001413089776178822, -7.820464088581502e-05, -1.5100304153747857e-05, 4.800403257831931e-05, 0.00011110835475847125, 0.00017421270604245365, 0.00023731705732643604, 0.000300421379506588, 0.0003635257016867399, 0.0004266300529707223, 0.0004897344042547047, 0.0005528387264348567, 0.0006159430486150086, 0.0006790474290028214, 0.0007421517511829734, 0.0008052560733631253, 0.0008683603955432773, 0.0009314647177234292, 0.0009945690399035811, 0.001057673478499055, 0.0011207778006792068, 0.0011838821228593588, 0.0012469864450395107, 0.0013100907672196627]}, "gradients/mass_u.weight": {"_type": "histogram", "values": [1.0, 0.0, 0.0, 0.0, 0.0, 0.0, 0.0, 0.0, 0.0, 0.0, 0.0, 0.0, 0.0, 0.0, 0.0, 0.0, 0.0, 0.0, 0.0, 0.0, 0.0, 0.0, 0.0, 0.0, 0.0, 1.0, 0.0, 0.0, 0.0, 1.0, 0.0, 1.0, 1.0, 0.0, 0.0, 1.0, 0.0, 0.0, 0.0, 0.0, 0.0, 1.0, 1.0, 0.0, 0.0, 3.0, 2.0, 4.0, 0.0, 1.0, 2.0, 2.0, 1.0, 7.0, 8.0, 4.0, 7.0, 15.0, 14.0, 36.0, 72.0, 149.0, 121.0, 5085.0], "bins": [-0.0033607706427574158, -0.0033082584850490093, -0.0032557465601712465, -0.0032032346352934837, -0.0031507224775850773, -0.003098210319876671, -0.003045698394998908, -0.0029931864701211452, -0.002940674312412739, -0.0028881621547043324, -0.0028356502298265696, -0.0027831383049488068, -0.0027306261472404003, -0.002678113989531994, -0.002625602064654231, -0.0025730901397764683, -0.002520577982068062, -0.0024680658243596554, -0.0024155538994818926, -0.00236304197460413, -0.0023105298168957233, -0.002258017659187317, -0.002205505734309554, -0.0021529938094317913, -0.002100481651723385, -0.0020479694940149784, -0.0019954575691372156, -0.001942945527844131, -0.0018904334865510464, -0.0018379214452579618, -0.0017854094039648771, -0.0017328973626717925, -0.0016803853213787079, -0.0016278732800856233, -0.0015753612387925386, -0.001522849197499454, -0.0014703371562063694, -0.0014178251149132848, -0.0013653130736202002, -0.0013128010323271155, -0.001260288991034031, -0.0012077769497409463, -0.0011552649084478617, -0.001102752867154777, -0.0010502408258616924, -0.0009977287845686078, -0.0009452167432755232, -0.0008927047019824386, -0.0008401926606893539, -0.0007876806193962693, -0.0007351685781031847, -0.0006826565368101001, -0.0006301444955170155, -0.0005776324542239308, -0.0005251204129308462, -0.0004726083716377616, -0.00042009633034467697, -0.00036758428905159235, -0.00031507224775850773, -0.0002625602064654231, -0.00021004816517233849, -0.00015753612387925386, -0.00010502408258616924, -5.251204129308462e-05, 0.0]}, "gradients/embedding_user.weight": {"_type": "histogram", "values": [1.0, 0.0, 0.0, 0.0, 2.0, 0.0, 1.0, 0.0, 0.0, 3.0, 0.0, 1.0, 1.0, 2.0, 3.0, 3.0, 5.0, 4.0, 7.0, 12.0, 14.0, 25.0, 41.0, 42.0, 60.0, 77.0, 182.0, 268.0, 572.0, 1353.0, 3438.0, 9251.0, 111039.0, 201884.0, 18366.0, 4510.0, 1793.0, 801.0, 329.0, 176.0, 117.0, 66.0, 45.0, 28.0, 25.0, 23.0, 18.0, 7.0, 7.0, 5.0, 4.0, 0.0, 0.0, 2.0, 1.0, 1.0, 2.0, 1.0, 3.0, 0.0, 1.0, 0.0, 1.0, 1.0], "bins": [-5.280327513901284e-06, -5.121106823935406e-06, -4.9618865887168795e-06, -4.802665898751002e-06, -4.643445663532475e-06, -4.484224973566597e-06, -4.3250047383480705e-06, -4.165784048382193e-06, -4.006563358416315e-06, -3.8473426684504375e-06, -3.6881224332319107e-06, -3.528901743266033e-06, -3.3696815080475062e-06, -3.2104608180816285e-06, -3.0512403554894263e-06, -2.892019892897224e-06, -2.7327996576786973e-06, -2.573579195086495e-06, -2.4143587324942928e-06, -2.255138042528415e-06, -2.0959178073098883e-06, -1.9366971173440106e-06, -1.7774766547518084e-06, -1.6182561921596061e-06, -1.459035729567404e-06, -1.2998152669752017e-06, -1.1405948043829994e-06, -9.813742281039595e-07, -8.221537655117572e-07, -6.62933302919555e-07, -5.03712726640515e-07, -3.444922640483128e-07, -1.8527180145611055e-07, -2.6051310442198883e-08, 1.3316918057171279e-07, 2.923897000073339e-07, 4.516101625995361e-07, 6.108306251917384e-07, 7.700512014707783e-07, 9.292716640629806e-07, 1.0884921266551828e-06, 1.247712589247385e-06, 1.4069330518395873e-06, 1.5661536281186272e-06, 1.7253740907108295e-06, 1.8845945533030317e-06, 2.0438151295820717e-06, 2.203035592174274e-06, 2.362256054766476e-06, 2.5214765173586784e-06, 2.6806969799508806e-06, 2.8399176699167583e-06, 2.999137905135285e-06, 3.158358595101163e-06, 3.317579057693365e-06, 3.4767995202855673e-06, 3.6360199828777695e-06, 3.7952404454699717e-06, 3.9544611354358494e-06, 4.113681370654376e-06, 4.272902060620254e-06, 4.432122295838781e-06, 4.591342985804658e-06, 4.750563675770536e-06, 4.909783910989063e-06]}, "gradients/embedding_item.weight": {"_type": "histogram", "values": [3.0, 1.0, 1.0, 0.0, 0.0, 1.0, 0.0, 2.0, 2.0, 2.0, 2.0, 6.0, 5.0, 17.0, 21.0, 18.0, 36.0, 60.0, 76.0, 130.0, 171.0, 279.0, 501.0, 692.0, 1346.0, 2573.0, 5030.0, 10138.0, 20632.0, 36994.0, 71090.0, 36672.0, 20748.0, 10069.0, 4974.0, 2693.0, 1315.0, 752.0, 463.0, 281.0, 186.0, 105.0, 80.0, 44.0, 49.0, 36.0, 13.0, 14.0, 9.0, 4.0, 4.0, 3.0, 2.0, 1.0, 1.0, 1.0, 1.0, 1.0, 0.0, 0.0, 1.0, 0.0, 0.0, 1.0],