{"TOTAL_BEST_METRIC": 0.3643518148437049, "BEST_NDCG@10": 0.042412974368743556, "_timestamp": 1688392614.0633678, "_runtime": 1263.6183097362518, "_step": 1167, "epoch": 1000, "Train_Metric_loss": -0.7881421531949725, "Train_Reg_loss": 0.00023402785986296034, "Pos_loss": 1.1924434900283813, "Neg_loss": -2.2278757095336914, "Recall@5": 0.04397180187219783, "Recall@10": 0.0734109544938758, "Recall@20": 0.11624058299390301, "NDCG@5": 0.03135708766281058, "NDCG@10": 0.041702008588283906, "NDCG@20": 0.053651722522800434, "Recall@5_total_best": 0.04522756185952527, "Recall@10_total_best": 0.07406741769812711, "Recall@20_total_best": 0.11638508508747664, "ndcg@5_total_best": 0.03222098945682712, "ndcg@10_total_best": 0.042327111286186464, "ndcg@20_total_best": 0.054123649455562285, "EPOCH_ndcg_best": 750, "Recall@5_ndcg_best": 0.04519931332995449, "Recall@10_ndcg_best": 0.07428685282335142, "Recall@20_ndcg_best": 0.11588902132509664, "ndcg@5_ndcg_best": 0.03231002609694362, "ndcg@10_ndcg_best": 0.042412974368743556, "ndcg@20_ndcg_best": 0.054042942924983024, "gradients/mass_i.weight": {"_type": "histogram", "values": [1.0, 0.0, 0.0, 0.0, 0.0, 0.0, 0.0, 0.0, 0.0, 0.0, 0.0, 0.0, 0.0, 0.0, 0.0, 2.0, 0.0, 0.0, 1.0, 0.0, 0.0, 1.0, 1.0, 1.0, 1.0, 5.0, 5.0, 8.0, 6.0, 10.0, 17.0, 16.0, 16.0, 53.0, 61.0, 16.0, 41.0, 311.0, 25.0, 51.0, 7557.0, 4.0, 73.0, 249.0, 12.0, 47.0, 70.0, 10.0, 14.0, 11.0, 4.0, 4.0, 3.0, 3.0, 2.0, 0.0, 0.0, 0.0, 0.0, 0.0, 0.0, 0.0, 0.0, 1.0], "bins": [-0.0017481434624642134, -0.0017050275346264243, -0.0016619114903733134, -0.0016187955625355244, -0.0015756796346977353, -0.0015325635904446244, -0.0014894476626068354, -0.0014463316183537245, -0.0014032156905159354, -0.0013600997626781464, -0.0013169837184250355, -0.0012738677905872464, -0.0012307518627494574, -0.0011876358184963465, -0.0011445198906585574, -0.0011014039628207684, -0.0010582879185676575, -0.0010151719907298684, -0.0009720560046844184, -0.0009289400186389685, -0.0008858240325935185, -0.0008427080465480685, -0.0007995921187102795, -0.0007564761326648295, -0.0007133602630347013, -0.0006702442769892514, -0.0006271283491514623, -0.0005840123631060123, -0.0005408963770605624, -0.0004977803910151124, -0.00045466446317732334, -0.00041154847713187337, -0.0003684324910864234, -0.0003253165341448039, -0.0002822005480993539, -0.0002390845911577344, -0.00019596861966419965, -0.0001528526481706649, -0.00010973669122904539, -6.662070518359542e-05, -2.3504748241975904e-05, 1.9611219613580033e-05, 6.272718746913597e-05, 0.0001058431516867131, 0.00014895912318024784, 0.0001920750946737826, 0.0002351910516154021, 0.0002783070376608521, 0.0003214229946024716, 0.0003645389515440911, 0.0004076549375895411, 0.0004507708945311606, 0.0004938868805766106, 0.0005370028084143996, 0.0005801187944598496, 0.0006232347805052996, 0.0006663507083430886, 0.0007094666943885386, 0.0007525826222263277, 0.0007956986082717776, 0.0008388145943172276, 0.0008819305803626776, 0.0009250465082004666, 0.0009681624942459166, 0.0010112784802913666]}, "gradients/mass_u.weight": {"_type": "histogram", "values": [1.0, 0.0, 0.0, 0.0, 0.0, 0.0, 0.0, 0.0, 1.0, 0.0, 0.0, 0.0, 0.0, 0.0, 0.0, 2.0, 0.0, 0.0, 0.0, 1.0, 0.0, 0.0, 0.0, 1.0, 0.0, 0.0, 0.0, 0.0, 1.0, 2.0, 0.0, 0.0, 2.0, 0.0, 0.0, 2.0, 1.0, 0.0, 1.0, 0.0, 0.0, 2.0, 1.0, 1.0, 1.0, 4.0, 1.0, 5.0, 4.0, 7.0, 10.0, 5.0, 12.0, 18.0, 15.0, 25.0, 30.0, 49.0, 64.0, 90.0, 71.0, 64.0, 12.0, 14175.0], "bins": [-0.0007171076722443104, -0.0007059028721414506, -0.0006946980720385909, -0.0006834932719357312, -0.0006722884718328714, -0.0006610836135223508, -0.000649878813419491, -0.0006386740133166313, -0.0006274692132137716, -0.0006162644131109118, -0.0006050596130080521, -0.0005938548129051924, -0.0005826499545946717, -0.000571445154491812, -0.0005602403543889523, -0.0005490355542860925, -0.0005378307541832328, -0.000526625954080373, -0.0005154211539775133, -0.0005042163538746536, -0.0004930115537717938, -0.00048180672456510365, -0.00047060189535841346, -0.0004593970952555537, -0.000448192295152694, -0.00043698749504983425, -0.0004257826949469745, -0.0004145778657402843, -0.0004033730656374246, -0.00039216826553456485, -0.00038096343632787466, -0.0003697586362250149, -0.0003585538361221552, -0.00034734903601929545, -0.0003361442359164357, -0.0003249394067097455, -0.0003137346066068858, -0.00030252980650402606, -0.00029132497729733586, -0.00028012017719447613, -0.0002689153770916164, -0.00025771057698875666, -0.0002465057768858969, -0.00023530094767920673, -0.000224096147576347, -0.00021289134747348726, -0.0002016865328187123, -0.00019048171816393733, -0.0001792769180610776, -0.00016807211795821786, -0.0001568673033034429, -0.00014566248864866793, -0.0001344576885458082, -0.00012325288844294846, -0.0001120480737881735, -0.00010084326640935615, -8.96384590305388e-05, -7.843365165172145e-05, -6.72288442729041e-05, -5.602403689408675e-05, -4.48192295152694e-05, -3.361442213645205e-05, -2.24096147576347e-05, -1.120480737881735e-05, 0.0]}, "gradients/embedding_user.weight": {"_type": "histogram", "values": [1.0, 1.0, 0.0, 0.0, 1.0, 2.0, 0.0, 0.0, 2.0, 1.0, 5.0, 5.0, 2.0, 14.0, 7.0, 15.0, 16.0, 26.0, 49.0, 77.0, 92.0, 172.0, 291.0, 540.0, 966.0, 2080.0, 4681.0, 15201.0, 690869.0, 209993.0, 7890.0, 3265.0, 1543.0, 752.0, 405.0, 231.0, 131.0, 89.0, 40.0, 41.0, 29.0, 20.0, 10.0, 8.0, 6.0, 1.0, 4.0, 2.0, 2.0, 2.0, 2.0, 0.0, 1.0, 0.0, 0.0, 0.0, 0.0, 0.0, 0.0, 0.0, 0.0, 0.0, 0.0, 1.0], "bins": [-0.0005469251773320138, -0.000527933647390455, -0.0005089421756565571, -0.0004899506457149982, -0.0004709591157734394, -0.000451967614935711, -0.00043297611409798265, -0.0004139845841564238, -0.0003949930833186954, -0.00037600158248096704, -0.0003570100525394082, -0.0003380185517016798, -0.00031902705086395144, -0.0003000355209223926, -0.0002810440200846642, -0.00026205251924693584, -0.000243060989305377, -0.0002240694739157334, -0.0002050779585260898, -0.0001860864576883614, -0.0001670949422987178, -0.0001481034269090742, -0.0001291119260713458, -0.0001101204106817022, -9.112889529205859e-05, -7.213737990241498e-05, -5.314587178872898e-05, -3.415436003706418e-05, -1.5162848285399377e-05, 3.828667104244232e-06, 2.2820175217930228e-05, 4.181168333161622e-05, 6.0803256928920746e-05, 7.979477231856436e-05, 9.878628043225035e-05, 0.00011777778854593635, 0.00013676930393557996, 0.00015576081932522357, 0.00017475232016295195, 0.00019374383555259556, 0.00021273535094223917, 0.00023172686633188277, 0.0002507183817215264, 0.00026970988255925477, 0.00028870138339698315, 0.000307692913338542, 0.00032668441417627037, 0.00034567591501399875, 0.0003646674449555576, 0.00038365894579328597, 0.0004026504757348448, 0.0004216419765725732, 0.000440633506514132, 0.0004596250073518604, 0.0004786165081895888, 0.0004976080381311476, 0.0005165995098650455, 0.0005355910398066044, 0.0005545825115405023, 0.0005735740414820611, 0.00059256557142362, 0.0006115570431575179, 0.0006305485730990767, 0.0006495401030406356, 0.0006685316329821944]}, "gradients/embedding_item.weight": {"_type": "histogram", "values": [1.0, 0.0, 1.0, 0.0, 0.0, 0.0, 0.0, 1.0, 2.0, 1.0, 6.0, 6.0, 10.0, 11.0, 15.0, 28.0, 36.0, 41.0, 54.0, 106.0, 132.0, 171.0, 288.0, 420.0, 637.0, 959.0, 1637.0, 2926.0, 5392.0, 10229.0, 18649.0, 33886.0, 53232.0, 277754.0, 63307.0, 38810.0, 21513.0, 12194.0, 6353.0, 3545.0, 1934.0, 1123.0, 746.0, 458.0, 302.0, 205.0, 155.0, 102.0, 67.0, 51.0, 50.0, 27.0, 29.0, 7.0, 5.0, 2.0, 5.0, 3.0, 1.0, 3.0, 2.0, 0.0, 1.0, 1.0],