{"TOTAL_BEST_METRIC": 1.0939829384872235, "BEST_NDCG@10": 0.14081069964598794, "_timestamp": 1688371922.8047175, "_runtime": 789.510835647583, "_step": 1244, "epoch": 1000, "Train_Metric_loss": 4.356115818023682, "Train_Reg_loss": 3.596002861740999e-05, "Pos_loss": 8.722281455993652, "Neg_loss": 0.16713301837444305, "Recall@5": 0.15225707593010013, "Recall@10": 0.22090599365894403, "Recall@20": 0.3000678018072727, "NDCG@5": 0.11557403753309442, "NDCG@10": 0.13986720602141892, "NDCG@20": 0.16250384105397983, "Recall@5_total_best": 0.15145445036658192, "Recall@10_total_best": 0.2242669909094206, "Recall@20_total_best": 0.3000446967545239, "ndcg@5_total_best": 0.11510898575802848, "ndcg@10_total_best": 0.14081069964598794, "ndcg@20_total_best": 0.16229711505268063, "EPOCH_ndcg_best": 990, "Recall@5_ndcg_best": 0.15145445036658192, "Recall@10_ndcg_best": 0.2242669909094206, "Recall@20_ndcg_best": 0.3000446967545239, "ndcg@5_ndcg_best": 0.11510898575802848, "ndcg@10_ndcg_best": 0.14081069964598794, "ndcg@20_ndcg_best": 0.16229711505268063, "gradients/mass_i.weight": {"_type": "histogram", "values": [1.0, 0.0, 1.0, 0.0, 0.0, 0.0, 1.0, 0.0, 0.0, 0.0, 0.0, 2.0, 4.0, 2.0, 1.0, 1.0, 3.0, 3.0, 1.0, 1.0, 4.0, 2.0, 3.0, 5.0, 3.0, 4.0, 9.0, 6.0, 9.0, 14.0, 20.0, 21.0, 18.0, 30.0, 27.0, 74.0, 43.0, 51.0, 135.0, 68.0, 54.0, 2539.0, 34.0, 86.0, 112.0, 33.0, 48.0, 27.0, 20.0, 15.0, 9.0, 5.0, 5.0, 6.0, 2.0, 3.0, 1.0, 0.0, 1.0, 0.0, 0.0, 0.0, 0.0, 1.0], "bins": [-0.0008403693791478872, -0.0008203539764508605, -0.0008003386319614947, -0.000780323229264468, -0.0007603078847751021, -0.0007402924820780754, -0.0007202770793810487, -0.000700261676684022, -0.0006802463321946561, -0.0006602309294976294, -0.0006402155850082636, -0.0006202001823112369, -0.0006001847796142101, -0.0005801694351248443, -0.0005601540324278176, -0.0005401386879384518, -0.000520123285241425, -0.0005001078825443983, -0.0004800925380550325, -0.00046007713535800576, -0.0004400617617648095, -0.0004200463881716132, -0.0004000309854745865, -0.0003800156118813902, -0.00036000023828819394, -0.00033998486469499767, -0.0003199694911018014, -0.00029995408840477467, -0.0002799387148115784, -0.0002599233412183821, -0.00023990795307327062, -0.00021989256492815912, -0.0001998771622311324, -0.00017986178863793612, -0.00015984640049282461, -0.0001398310123477131, -0.00011981563875451684, -9.980025788536295e-05, -7.978487701620907e-05, -5.9769488871097565e-05, -3.975411527790129e-05, -1.9738734408747405e-05, 2.766464604064822e-07, 2.029202732956037e-05, 4.0307408198714256e-05, 6.032278906786814e-05, 8.033816993702203e-05, 0.00010035355808213353, 0.0001203689316753298, 0.00014038430526852608, 0.00016039969341363758, 0.00018041508155874908, 0.00020043045515194535, 0.00022044582874514163, 0.00024046121689025313, 0.00026047660503536463, 0.0002804919786285609, 0.0003005073522217572, 0.0003205227549187839, 0.0003405381285119802, 0.00036055350210517645, 0.0003805688756983727, 0.000400584249291569, 0.0004205996519885957, 0.000440615025581792]}, "gradients/mass_u.weight": {"_type": "histogram", "values": [1.0, 0.0, 0.0, 0.0, 0.0, 0.0, 0.0, 0.0, 0.0, 0.0, 0.0, 0.0, 0.0, 0.0, 0.0, 0.0, 0.0, 0.0, 0.0, 0.0, 0.0, 0.0, 0.0, 0.0, 1.0, 0.0, 0.0, 1.0, 1.0, 0.0, 0.0, 0.0, 1.0, 2.0, 0.0, 0.0, 0.0, 1.0, 4.0, 1.0, 0.0, 0.0, 0.0, 0.0, 1.0, 0.0, 0.0, 3.0, 1.0, 4.0, 1.0, 6.0, 4.0, 5.0, 4.0, 8.0, 0.0, 13.0, 17.0, 43.0, 46.0, 117.0, 156.0, 5099.0], "bins": [-0.002072154078632593, -0.002039776649326086, -0.002007399220019579, -0.001975021790713072, -0.0019426444778218865, -0.0019102670485153794, -0.0018778896192088723, -0.0018455121899023652, -0.00181313487701118, -0.0017807574477046728, -0.0017483800183981657, -0.0017160027055069804, -0.0016836252762004733, -0.0016512478468939662, -0.001618870417587459, -0.001586492988280952, -0.0015541155589744449, -0.0015217381296679378, -0.0014893607003614306, -0.0014569833874702454, -0.0014246059581637383, -0.0013922285288572311, -0.001359851099550724, -0.001327473670244217, -0.0012950962409377098, -0.0012627188116312027, -0.0012303413823246956, -0.0011979640694335103, -0.0011655866401270032, -0.001133209210820496, -0.001100831781513989, -0.0010684543522074819, -0.0010360770393162966, -0.0010036996100097895, -0.0009713222389109433, -0.0009389448096044362, -0.00090656743850559, -0.0008741900091990829, -0.0008418125798925757, -0.0008094351505860686, -0.0007770577794872224, -0.0007446803501807153, -0.0007123029790818691, -0.000679925549775362, -0.0006475481204688549, -0.0006151707493700087, -0.0005827933200635016, -0.0005504159489646554, -0.0005180385196581483, -0.00048566111945547163, -0.000453283719252795, -0.00042090628994628787, -0.0003885288897436112, -0.00035615148954093456, -0.00032377406023442745, -0.0002913966600317508, -0.00025901925982907414, -0.0002266418596263975, -0.0001942644448718056, -0.00016188703011721373, -0.00012950962991453707, -9.713222971186042e-05, -6.475481495726854e-05, -3.2377400202676654e-05, 0.0]}, "gradients/embedding_user.weight": {"_type": "histogram", "values": [1.0, 0.0, 0.0, 0.0, 0.0, 0.0, 0.0, 0.0, 0.0, 0.0, 1.0, 1.0, 1.0, 0.0, 0.0, 2.0, 0.0, 1.0, 0.0, 4.0, 3.0, 5.0, 8.0, 11.0, 17.0, 25.0, 42.0, 57.0, 104.0, 209.0, 410.0, 924.0, 3075.0, 26106.0, 260532.0, 56698.0, 4101.0, 1193.0, 495.0, 263.0, 135.0, 76.0, 36.0, 32.0, 18.0, 9.0, 7.0, 4.0, 4.0, 2.0, 3.0, 1.0, 1.0, 1.0, 1.0, 0.0, 0.0, 0.0, 0.0, 0.0, 1.0, 1.0, 0.0, 3.0], "bins": [-0.0006362705025821924, -0.0006178877665661275, -0.0005995050305500627, -0.0005811222363263369, -0.000562739500310272, -0.0005443567642942071, -0.0005259740282781422, -0.0005075912922620773, -0.0004892084980383515, -0.00047082576202228665, -0.0004524429969023913, -0.00043406026088632643, -0.0004156774957664311, -0.0003972947597503662, -0.00037891202373430133, -0.00036052928771823645, -0.00034214655170217156, -0.0003237638156861067, -0.00030538105056621134, -0.00028699831455014646, -0.0002686155494302511, -0.00025023281341418624, -0.00023185007739812136, -0.00021346732683014125, -0.00019508457626216114, -0.00017670182569418103, -0.00015831907512620091, -0.00013993633911013603, -0.00012155358854215592, -0.00010317083797417581, -8.478809468215331e-05, -6.640535139013082e-05, -4.802265902981162e-05, -2.9639912099810317e-05, -1.1257165169809014e-05, 7.12558176019229e-06, 2.5508328690193594e-05, 4.3891079258173704e-05, 6.22738225501962e-05, 8.06565658422187e-05, 9.903931641019881e-05, 0.00011742206697817892, 0.00013580481754615903, 0.0001541875535622239, 0.00017257030413020402, 0.00019095305469818413, 0.00020933579071424901, 0.00022771854128222913, 0.00024610129185020924, 0.0002644840278662741, 0.00028286679298616946, 0.00030124952900223434, 0.0003196322941221297, 0.00033801503013819456, 0.00035639776615425944, 0.0003747805021703243, 0.00039316326729021966, 0.00041154600330628455, 0.0004299287684261799, 0.00044831150444224477, 0.00046669424045830965, 0.000485077005578205, 0.0005034597706981003, 0.0005218425067141652, 0.0005402252427302301]}, "gradients/embedding_item.weight": {"_type": "histogram", "values": [1.0, 0.0, 0.0, 0.0, 0.0, 1.0, 0.0, 0.0, 0.0, 1.0, 0.0, 0.0, 2.0, 0.0, 1.0, 3.0, 0.0, 2.0, 9.0, 4.0, 8.0, 12.0, 29.0, 44.0, 57.0, 97.0, 127.0, 213.0, 310.0, 554.0, 986.0, 1832.0, 3503.0, 7447.0, 17523.0, 43405.0, 85505.0, 37572.0, 15200.0, 6735.0, 3190.0, 1635.0, 949.0, 517.0, 300.0, 204.0, 134.0, 71.0, 51.0, 52.0, 27.0, 13.0, 2.0, 8.0, 4.0, 2.0, 1.0, 1.0, 2.0, 1.0, 2.0, 0.0, 2.0, 1.0],