{"TOTAL_BEST_METRIC": 0.9898265848849123, "BEST_NDCG@10": 0.12239920622369434, "_timestamp": 1688358647.2053816, "_runtime": 849.0079436302185, "_step": 1114, "epoch": 1000, "Train_Metric_loss": NaN, "Train_Reg_loss": NaN, "Pos_loss": NaN, "Neg_loss": NaN, "Recall@5": 0.0007852166725705515, "Recall@10": 0.003778486243948518, "Recall@20": 0.005806892363746774, "NDCG@5": 0.000556356529533085, "NDCG@10": 0.0016257618776651963, "NDCG@20": 0.002209725865082795, "Recall@5_total_best": 0.13411966467366657, "Recall@10_total_best": 0.19423544475630725, "Recall@20_total_best": 0.28970857802657685, "ndcg@5_total_best": 0.1011297051255251, "ndcg@10_total_best": 0.12190237104826372, "ndcg@20_total_best": 0.14873082125457285, "EPOCH_ndcg_best": 70, "Recall@5_ndcg_best": 0.13271193896019107, "Recall@10_ndcg_best": 0.20005396469054954, "Recall@20_ndcg_best": 0.27787783880476424, "ndcg@5_ndcg_best": 0.09896699900367671, "ndcg@10_ndcg_best": 0.12239920622369434, "ndcg@20_ndcg_best": 0.14439024389039717, "gradients/mass_i.weight": {"_type": "histogram", "values": [1.0, 0.0, 0.0, 0.0, 0.0, 0.0, 0.0, 0.0, 0.0, 0.0, 0.0, 0.0, 0.0, 0.0, 1.0, 3.0, 8.0, 16.0, 28.0, 41.0, 57.0, 57.0, 59.0, 3263.0, 6.0, 6.0, 10.0, 1.0, 0.0, 1.0, 2.0, 0.0, 1.0, 0.0, 1.0, 0.0, 1.0, 0.0, 0.0, 0.0, 0.0, 1.0, 0.0, 1.0, 0.0, 0.0, 0.0, 0.0, 1.0, 1.0, 0.0, 0.0, 0.0, 0.0, 0.0, 0.0, 0.0, 0.0, 0.0, 0.0, 0.0, 0.0, 0.0, 1.0], "bins": [-0.000171726627741009, -0.00016427475202362984, -0.0001568228763062507, -0.00014937100058887154, -0.00014191912487149239, -0.00013446724915411323, -0.00012701537343673408, -0.00011956349771935493, -0.00011211162200197577, -0.00010465974628459662, -9.720787056721747e-05, -8.975599484983832e-05, -8.230411913245916e-05, -7.485224341508001e-05, -6.740036769770086e-05, -5.99484883423429e-05, -5.249660898698494e-05, -4.5044733269605786e-05, -3.759285755222663e-05, -3.0140980015858077e-05, -2.2689104298478924e-05, -1.5237226762110367e-05, -7.785351044731215e-06, -3.3347532735206187e-07, 7.118400390027091e-06, 1.4570276107406244e-05, 2.2022151824785396e-05, 2.9474029361153953e-05, 3.692590689752251e-05, 4.437778261490166e-05, 5.1829658332280815e-05, 5.928153404965997e-05, 6.673340976703912e-05, 7.418528548441827e-05, 8.163716120179743e-05, 8.908903691917658e-05, 9.654091263655573e-05, 0.00010399278835393488, 0.00011144466407131404, 0.00011889653978869319, 0.00012634841550607234, 0.0001338002912234515, 0.00014125216694083065, 0.0001487040426582098, 0.00015615591837558895, 0.0001636077940929681, 0.00017105966981034726, 0.0001785115455277264, 0.0001859634357970208, 0.00019341531151439995, 0.0002008671872317791, 0.00020831906294915825, 0.0002157709386665374, 0.00022322281438391656, 0.0002306746901012957, 0.00023812656581867486, 0.000245578441536054, 0.0002530303318053484, 0.0002604821929708123, 0.0002679340832401067, 0.0002753859444055706, 0.000282837834674865, 0.00029028969584032893, 0.0002977415861096233, 0.00030519344727508724]}, "gradients/mass_u.weight": {"_type": "histogram", "values": [1.0, 0.0, 0.0, 0.0, 0.0, 0.0, 0.0, 0.0, 0.0, 0.0, 0.0, 0.0, 0.0, 0.0, 0.0, 0.0, 0.0, 0.0, 1.0, 0.0, 0.0, 0.0, 0.0, 0.0, 0.0, 0.0, 0.0, 0.0, 1.0, 0.0, 1.0, 0.0, 0.0, 1.0, 0.0, 0.0, 0.0, 0.0, 1.0, 0.0, 1.0, 0.0, 0.0, 0.0, 0.0, 0.0, 1.0, 2.0, 2.0, 3.0, 0.0, 2.0, 2.0, 2.0, 5.0, 7.0, 6.0, 9.0, 19.0, 28.0, 48.0, 120.0, 169.0, 5109.0], "bins": [-9.627477265894413e-05, -9.477048297412694e-05, -9.326618601335213e-05, -9.176188905257732e-05, -9.025759936776012e-05, -8.875330968294293e-05, -8.724901272216812e-05, -8.574471576139331e-05, -8.424042607657611e-05, -8.273613639175892e-05, -8.123183943098411e-05, -7.97275424702093e-05, -7.82232527853921e-05, -7.671896310057491e-05, -7.52146661398001e-05, -7.371036917902529e-05, -7.22060794942081e-05, -7.07017898093909e-05, -6.91974928486161e-05, -6.769319588784128e-05, -6.618890620302409e-05, -6.46846165182069e-05, -6.318031955743209e-05, -6.167602259665728e-05, -6.017173291184008e-05, -5.866743958904408e-05, -5.716314626624808e-05, -5.5658852943452075e-05, -5.415455962065607e-05, -5.265026629786007e-05, -5.114597297506407e-05, -4.964167965226807e-05, -4.8137386329472065e-05, -4.663309300667606e-05, -4.512879968388006e-05, -4.362450636108406e-05, -4.212021303828806e-05, -4.0615919715492055e-05, -3.911162639269605e-05, -3.760733306990005e-05, -3.610303974710405e-05, -3.459874642430805e-05, -3.3094453101512045e-05, -3.159015977871604e-05, -3.008586645592004e-05, -2.858157313312404e-05, -2.7077279810328037e-05, -2.5572986487532035e-05, -2.4068693164736032e-05, -2.256439984194003e-05, -2.106010651914403e-05, -1.9555813196348026e-05, -1.8051519873552024e-05, -1.6547226550756022e-05, -1.504293322796002e-05, -1.3538639905164018e-05, -1.2034346582368016e-05, -1.0530053259572014e-05, -9.025759936776012e-06, -7.52146661398001e-06, -6.017173291184008e-06, -4.512879968388006e-06, -3.008586645592004e-06, -1.504293322796002e-06, 0.0]}, "gradients/embedding_user.weight": {"_type": "histogram", "values": [0.0, 0.0, 0.0, 0.0, 0.0, 0.0, 0.0, 0.0, 0.0, 0.0, 0.0, 0.0, 0.0, 0.0, 0.0, 0.0, 0.0, 0.0, 0.0, 0.0, 0.0, 0.0, 0.0, 0.0, 0.0, 0.0, 0.0, 0.0, 0.0, 0.0, 0.0, 0.0, 3392.0, 0.0, 0.0, 0.0, 0.0, 0.0, 0.0, 0.0, 0.0, 0.0, 0.0, 0.0, 0.0, 0.0, 0.0, 0.0, 0.0, 0.0, 0.0, 0.0, 0.0, 0.0, 0.0, 0.0, 0.0, 0.0, 0.0, 0.0, 0.0, 0.0, 0.0, 0.0], "bins": [0.0, 0.0, 0.0, 0.0, 0.0, 0.0, 0.0, 0.0, 0.0, 0.0, 0.0, 0.0, 0.0, 0.0, 0.0, 0.0, 0.0, 0.0, 0.0, 0.0, 0.0, 0.0, 0.0, 0.0, 0.0, 0.0, 0.0, 0.0, 0.0, 0.0, 0.0, 0.0, 0.0, 0.0, 0.0, 0.0, 0.0, 0.0, 0.0, 0.0, 0.0, 0.0, 0.0, 0.0, 0.0, 0.0, 0.0, 0.0, 0.0, 0.0, 0.0, 0.0, 0.0, 0.0, 0.0, 0.0, 0.0, 0.0, 0.0, 0.0, 0.0, 0.0, 0.0, 0.0, 0.0]}, "gradients/embedding_item.weight": {"_type": "histogram", "values": [2.0, 3.0, 2.0, 2.0, 4.0, 3.0, 3.0, 7.0, 8.0, 13.0, 20.0, 23.0, 35.0, 50.0, 59.0, 87.0, 142.0, 172.0, 263.0, 409.0, 589.0, 911.0, 1443.0, 2426.0, 3902.0, 6882.0, 12330.0, 22280.0, 39701.0, 67100.0, 29811.0, 16612.0, 9249.0, 5339.0, 3115.0, 1907.0, 1137.0, 805.0, 494.0, 307.0, 206.0, 147.0, 108.0, 74.0, 40.0, 31.0, 23.0, 26.0, 12.0, 7.0, 9.0, 4.0, 3.0, 2.0, 2.0, 2.0, 1.0, 3.0, 2.0, 0.0, 1.0, 0.0, 0.0, 2.0], "bins": [-0.0014640269801020622, -0.001413967227563262, -0.0013639074750244617, -0.0013138477224856615, -0.0012637879699468613, -0.001213728217408061, -0.0011636684648692608, -0.0011136087123304605, -0.0010635489597916603, -0.00101348920725286, -0.0009634294547140598, -0.0009133697021752596, -0.0008633099496364594, -0.0008132501970976591, -0.000763190386351198, -0.0007131306338123977, -0.0006630708230659366, -0.0006130110705271363, -0.0005629513179883361, -0.0005128915654495358, -0.00046283178380690515, -0.0004127720312681049, -0.0003627122496254742, -0.000312652497086674, -0.00026259274454787374, -0.0002125329920090735, -0.00016247322491835803, -0.00011241345782764256, -6.235370528884232e-05, -1.2293952750042081e-05, 3.7765828892588615e-05, 8.782558143138885e-05, 0.00013788521755486727, 0.0001879449700936675, 0.00023800473718438298, 0.00028806450427509844, 0.0003381242568138987, 0.0003881840093526989, 0.0004382437909953296, 0.0004883035435341299, 0.0005383632960729301, 0.0005884230486117303, 0.0006384828011505306, 0.0006885426118969917, 0.000738602364435792, 0.0007886621169745922, 0.0008387218695133924, 0.0008887816220521927, 0.0009388413745909929, 0.0009889011271297932, 0.0010389608796685934, 0.0010890206322073936, 0.0011390803847461939, 0.0011891401372849941, 0.0012391998898237944, 0.0012892596423625946, 0.0013393193949013948, 0.001389379147440195, 0.0014394388999789953, 0.0014894986525177956, 0.0015395584050565958, 0.001589618157595396, 0.0016396779101341963, 0.0016897376626729965, 0.0017397975316271186]}, "_wandb": {"runtime": 848}}