{"TOTAL_BEST_METRIC": 1.0026725246970134, "BEST_NDCG@10": 0.12678402774630373, "_timestamp": 1688328173.4552524, "_runtime": 382.32640743255615, "_step": 1175, "epoch": 1000, "Train_Metric_loss": -0.8741868495941162, "Train_Reg_loss": 3.069434678764083e-05, "Pos_loss": 1.761895775794983, "Neg_loss": -3.715177536010742, "Recall@5": 0.13952991251218222, "Recall@10": 0.20259414041574675, "Recall@20": 0.279619679751818, "NDCG@5": 0.10336516909110592, "NDCG@10": 0.12588020606482636, "NDCG@20": 0.14795597203281755, "Recall@5_total_best": 0.13817989086460475, "Recall@10_total_best": 0.20678561745525778, "Recall@20_total_best": 0.2817504198740565, "ndcg@5_total_best": 0.10220441763401665, "ndcg@10_total_best": 0.12620328582028925, "ndcg@20_total_best": 0.14754889304878854, "EPOCH_ndcg_best": 780, "Recall@5_ndcg_best": 0.13878489848342748, "Recall@10_ndcg_best": 0.20690720936749793, "Recall@20_ndcg_best": 0.279710205984746, "ndcg@5_ndcg_best": 0.10297105427109847, "ndcg@10_ndcg_best": 0.12678402774630373, "ndcg@20_ndcg_best": 0.14746208627584992, "gradients/mass_i.weight": {"_type": "histogram", "values": [2.0, 0.0, 0.0, 2.0, 0.0, 1.0, 0.0, 0.0, 0.0, 0.0, 0.0, 0.0, 1.0, 0.0, 0.0, 1.0, 1.0, 0.0, 1.0, 0.0, 2.0, 1.0, 2.0, 6.0, 3.0, 2.0, 5.0, 7.0, 11.0, 9.0, 8.0, 15.0, 17.0, 17.0, 28.0, 36.0, 34.0, 47.0, 50.0, 76.0, 56.0, 90.0, 193.0, 78.0, 142.0, 2143.0, 103.0, 144.0, 63.0, 52.0, 46.0, 20.0, 21.0, 11.0, 10.0, 3.0, 1.0, 3.0, 0.0, 2.0, 1.0, 0.0, 0.0, 1.0], "bins": [-0.002281473483890295, -0.002231730381026864, -0.002181987278163433, -0.0021322444081306458, -0.0020825013052672148, -0.002032758202403784, -0.001983015099540353, -0.0019332719966769218, -0.0018835288938134909, -0.0018337857909500599, -0.0017840428045019507, -0.0017342997016385198, -0.0016845565987750888, -0.0016348136123269796, -0.0015850705094635487, -0.0015353274066001177, -0.0014855844201520085, -0.0014358413172885776, -0.0013860983308404684, -0.0013363552279770374, -0.0012866121251136065, -0.0012368690222501755, -0.0011871260358020663, -0.0011373829329386353, -0.0010876399464905262, -0.0010378968436270952, -0.000988153857178986, -0.0009384107543155551, -0.0008886676514521241, -0.0008389246067963541, -0.000789181562140584, -0.000739438459277153, -0.0006896954728290439, -0.0006399524281732738, -0.0005902093253098428, -0.0005404662806540728, -0.0004907231777906418, -0.0004409801331348717, -0.00039123708847910166, -0.00034149401471950114, -0.0002917509409599006, -0.0002420078672003001, -0.0001922648079926148, -0.00014252174878492951, -9.2778675025329e-05, -4.3035601265728474e-05, 6.70744339004159e-06, 5.645051714964211e-05, 0.00010619359090924263, 0.00015593666466884315, 0.00020567972387652844, 0.00025542278308421373, 0.00030516585684381425, 0.0003549089306034148, 0.00040465197525918484, 0.00045439504901878536, 0.0005041381227783859, 0.0005538811674341559, 0.0006036242702975869, 0.000653367314953357, 0.000703110359609127, 0.000752853462472558, 0.0008025965071283281, 0.0008523395517840981, 0.0009020826546475291]}, "gradients/mass_u.weight": {"_type": "histogram", "values": [1.0, 0.0, 0.0, 0.0, 0.0, 0.0, 0.0, 0.0, 0.0, 0.0, 0.0, 0.0, 0.0, 0.0, 0.0, 0.0, 0.0, 0.0, 0.0, 0.0, 0.0, 0.0, 0.0, 0.0, 0.0, 0.0, 0.0, 0.0, 0.0, 0.0, 0.0, 0.0, 0.0, 0.0, 0.0, 0.0, 0.0, 0.0, 0.0, 0.0, 1.0, 0.0, 1.0, 0.0, 1.0, 0.0, 0.0, 1.0, 1.0, 0.0, 3.0, 1.0, 3.0, 4.0, 7.0, 8.0, 8.0, 5.0, 12.0, 21.0, 44.0, 82.0, 251.0, 5086.0], "bins": [-0.010774310678243637, -0.01060596201568842, -0.010437613353133202, -0.010269264690577984, -0.010100916028022766, -0.009932567365467548, -0.00976421870291233, -0.009595870971679688, -0.009427521377801895, -0.009259172715246677, -0.00909082405269146, -0.008922475390136242, -0.008754126727581024, -0.008585778065025806, -0.008417429402470589, -0.008249081671237946, -0.008080733008682728, -0.00791238434612751, -0.007744035683572292, -0.007575687021017075, -0.007407338358461857, -0.007238990161567926, -0.007070641499012709, -0.006902292836457491, -0.006733944173902273, -0.0065655955113470554, -0.006397246848791838, -0.00622889818623662, -0.0060605499893426895, -0.005892201326787472, -0.005723852664232254, -0.005555504001677036, -0.0053871553391218185, -0.005218806676566601, -0.005050458014011383, -0.004882109351456165, -0.004713760688900948, -0.004545412492007017, -0.004377063829451799, -0.004208715166896582, -0.004040366504341364, -0.003872017841786146, -0.0037036691792309284, -0.0035353207495063543, -0.0033669720869511366, -0.003198623424395919, -0.0030302749946713448, -0.002861926332116127, -0.0026935776695609093, -0.0025252290070056915, -0.002356880344450474, -0.0021885319147258997, -0.002020183252170682, -0.0018518345896154642, -0.0016834860434755683, -0.0015151374973356724, -0.0013467888347804546, -0.001178440172225237, -0.001010091626085341, -0.0008417430217377841, -0.0006733944173902273, -0.0005050458130426705, -0.00033669720869511366, -0.00016834866255521774, 0.0]}, "gradients/embedding_user.weight": {"_type": "histogram", "values": [1.0, 0.0, 0.0, 0.0, 1.0, 0.0, 1.0, 2.0, 0.0, 1.0, 2.0, 1.0, 3.0, 2.0, 2.0, 3.0, 5.0, 4.0, 7.0, 7.0, 10.0, 12.0, 21.0, 29.0, 52.0, 77.0, 136.0, 215.0, 505.0, 1091.0, 2460.0, 6075.0, 27280.0, 121575.0, 144541.0, 37593.0, 7444.0, 2879.0, 1349.0, 550.0, 286.0, 157.0, 86.0, 48.0, 31.0, 20.0, 6.0, 12.0, 8.0, 7.0, 4.0, 8.0, 3.0, 2.0, 1.0, 0.0, 2.0, 0.0, 1.0, 2.0, 2.0, 1.0, 0.0, 1.0], "bins": [-0.002989867702126503, -0.0029021822847425938, -0.002814496634528041, -0.0027268112171441317, -0.0026391255669295788, -0.0025514401495456696, -0.0024637547321617603, -0.002376069314777851, -0.0022883836645632982, -0.002200698247179389, -0.002113012596964836, -0.002025327179580927, -0.0019376416457816958, -0.0018499561119824648, -0.0017622706945985556, -0.0016745851607993245, -0.0015868996270000935, -0.0014992140932008624, -0.0014115285594016314, -0.0013238431420177221, -0.001236157608218491, -0.00114847207441926, -0.0010607866570353508, -0.0009731011232361197, -0.0008854155894368887, -0.0007977300556376576, -0.0007100445800460875, -0.0006223591044545174, -0.0005346735706552863, -0.0004469880659598857, -0.0003593025612644851, -0.000271617085672915, -0.00018393155187368393, -9.624604717828333e-05, -8.560542482882738e-06, 7.912496221251786e-05, 0.00016681046690791845, 0.00025449597160331905, 0.00034218147629871964, 0.0004298669518902898, 0.0005175524856895208, 0.0006052380194887519, 0.000692923495080322, 0.0007806089706718922, 0.0008682945044711232, 0.0009559800382703543, 0.0010436654556542635, 0.0011313509894534945, 0.0012190365232527256, 0.0013067220570519567, 0.0013944075908511877, 0.001482093008235097, 0.001569778542034328, 0.001657464075833559, 0.0017451494932174683, 0.0018328350270166993, 0.0019205205608159304, 0.0020082059781998396, 0.0020958916284143925, 0.0021835770457983017, 0.002271262463182211, 0.002358948113396764, 0.002446633530780673, 0.002534319180995226, 0.002622004598379135]}, "gradients/embedding_item.weight": {"_type": "histogram", "values": [2.0, 0.0, 0.0, 0.0, 0.0, 0.0, 2.0, 0.0, 0.0, 4.0, 1.0, 1.0, 7.0, 12.0, 6.0, 11.0, 24.0, 31.0, 58.0, 75.0, 81.0, 150.0, 191.0, 237.0, 434.0, 551.0, 831.0, 1222.0, 1997.0, 3191.0, 5406.0, 8863.0, 14061.0, 22083.0, 31889.0, 56236.0, 28354.0, 19563.0, 12492.0, 7457.0, 4676.0, 2823.0, 1736.0, 1115.0, 766.0, 506.0, 367.0, 269.0, 184.0, 131.0, 88.0, 64.0, 43.0, 13.0, 12.0, 11.0, 4.0, 9.0, 4.0, 3.0, 3.0, 0.0, 0.0, 2.0],