{"TOTAL_BEST_METRIC": 0.3573160327929943, "BEST_NDCG@10": 0.04188610581137402, "_timestamp": 1688285580.0344312, "_runtime": 972.8488571643829, "_step": 1119, "epoch": 1000, "Train_Metric_loss": -0.18725583595888956, "Train_Reg_loss": 0.002341838786378503, "Recall@5": 0.03487882156983741, "Recall@10": 0.058637902391315826, "Recall@20": 0.08910296331872071, "NDCG@5": 0.024117447386424913, "NDCG@10": 0.03242420945178407, "NDCG@20": 0.041099739372755836, "Recall@5_total_best": 0.043715496227784596, "Recall@10_total_best": 0.07393906441728666, "Recall@20_total_best": 0.11330982151230652, "ndcg@5_total_best": 0.03148276133200302, "ndcg@10_total_best": 0.04188610581137402, "ndcg@20_total_best": 0.05298278349223944, "EPOCH_ndcg_best": 100, "Recall@5_ndcg_best": 0.043715496227784596, "Recall@10_ndcg_best": 0.07393906441728666, "Recall@20_ndcg_best": 0.11330982151230652, "ndcg@5_ndcg_best": 0.03148276133200302, "ndcg@10_ndcg_best": 0.04188610581137402, "ndcg@20_ndcg_best": 0.05298278349223944, "gradients/mass_i.weight": {"_type": "histogram", "values": [1.0, 0.0, 0.0, 0.0, 0.0, 0.0, 0.0, 0.0, 0.0, 0.0, 0.0, 0.0, 1.0, 0.0, 0.0, 0.0, 0.0, 1.0, 0.0, 0.0, 1.0, 0.0, 0.0, 0.0, 1.0, 1.0, 4.0, 1.0, 6.0, 1.0, 3.0, 6.0, 13.0, 26.0, 29.0, 31.0, 33.0, 49.0, 23.0, 8389.0, 11.0, 10.0, 23.0, 4.0, 12.0, 4.0, 4.0, 6.0, 2.0, 5.0, 3.0, 1.0, 3.0, 1.0, 1.0, 1.0, 1.0, 0.0, 0.0, 0.0, 0.0, 0.0, 0.0, 1.0], "bins": [-0.0005714617436751723, -0.0005571247893385589, -0.0005427878350019455, -0.000528450938872993, -0.0005141139845363796, -0.0004997770301997662, -0.00048544007586315274, -0.0004711031215265393, -0.00045676619629375637, -0.00044242924195714295, -0.00042809231672436, -0.00041375536238774657, -0.00039941840805113316, -0.0003850814828183502, -0.0003707445284817368, -0.0003564076032489538, -0.0003420706489123404, -0.000327733694575727, -0.000313396769342944, -0.0002990598150063306, -0.0002847228606697172, -0.00027038593543693423, -0.0002560489811003208, -0.00024171204131562263, -0.00022737507242709398, -0.0002130381326423958, -0.00019870117830578238, -0.0001843642385210842, -0.000170027298736386, -0.0001556903589516878, -0.0001413534046150744, -0.0001270164648303762, -0.00011267952504567802, -9.834257798502222e-05, -8.400563820032403e-05, -6.966869113966823e-05, -5.533174771699123e-05, -4.0994804294314235e-05, -2.6657857233658433e-05, -1.2320917448960245e-05, 2.016029611695558e-06, 1.6352973034372553e-05, 3.068991645704955e-05, 4.502686351770535e-05, 5.9363806940382347e-05, 7.370075036305934e-05, 8.803769742371514e-05, 0.00010237463720841333, 0.00011671158426906914, 0.00013104852405376732, 0.00014538547839038074, 0.00015972241817507893, 0.00017405935795977712, 0.00018839631229639053, 0.00020273325208108872, 0.0002170701918657869, 0.00023140714620240033, 0.00024574410053901374, 0.0002600810257717967, 0.0002744179801084101, 0.00028875493444502354, 0.0003030918596778065, 0.0003174288140144199, 0.0003317657392472029, 0.0003461026935838163]}, "gradients/mass_u.weight": {"_type": "histogram", "values": [1.0, 0.0, 0.0, 0.0, 0.0, 0.0, 0.0, 0.0, 0.0, 0.0, 0.0, 0.0, 0.0, 0.0, 0.0, 0.0, 0.0, 0.0, 0.0, 0.0, 0.0, 1.0, 0.0, 0.0, 0.0, 1.0, 0.0, 0.0, 1.0, 0.0, 2.0, 0.0, 0.0, 2.0, 0.0, 1.0, 2.0, 0.0, 2.0, 2.0, 4.0, 2.0, 0.0, 5.0, 8.0, 10.0, 12.0, 14.0, 22.0, 30.0, 21.0, 8.0, 10.0, 14511.0, 4.0, 0.0, 1.0, 2.0, 0.0, 1.0, 0.0, 0.0, 0.0, 1.0], "bins": [-0.0014342914801090956, -0.0014072585618123412, -0.0013802256435155869, -0.0013531927252188325, -0.0013261598069220781, -0.0012991268886253238, -0.0012720939703285694, -0.001245061052031815, -0.0012180281337350607, -0.0011909952154383063, -0.001163962297141552, -0.0011369293788447976, -0.0011098964605480433, -0.0010828635422512889, -0.0010558306239545345, -0.0010287977056577802, -0.0010017647873610258, -0.0009747318690642715, -0.0009476989507675171, -0.0009206660324707627, -0.0008936331141740084, -0.000866600195877254, -0.0008395672775804996, -0.0008125343592837453, -0.0007855013245716691, -0.0007584684062749147, -0.0007314354879781604, -0.000704402569681406, -0.0006773696513846517, -0.0006503367330878973, -0.0006233038147911429, -0.0005962708964943886, -0.0005692380364052951, -0.0005422051181085408, -0.0005151721998117864, -0.00048813928151503205, -0.0004611063632182777, -0.00043407344492152333, -0.0004070404975209385, -0.00038000757922418416, -0.0003529746609274298, -0.00032594174263067544, -0.0002989088243339211, -0.00027187587693333626, -0.0002448429586365819, -0.00021781005489174277, -0.00019077712204307318, -0.00016374420374631882, -0.00013671128544956446, -0.0001096783671528101, -8.264544158009812e-05, -5.561251600738615e-05, -2.8579597710631788e-05, -1.5466794138774276e-06, 2.548625343479216e-05, 5.251917173154652e-05, 7.955209002830088e-05, 0.00010658500832505524, 0.0001336179266218096, 0.0001606508594704792, 0.00018768377776723355, 0.0002147166960639879, 0.0002417496289126575, 0.00026878254720941186, 0.0002958154655061662]}, "gradients/embedding_user.weight": {"_type": "histogram", "values": [1.0, 1.0, 1.0, 0.0, 2.0, 2.0, 2.0, 2.0, 2.0, 3.0, 1.0, 11.0, 17.0, 16.0, 17.0, 21.0, 43.0, 30.0, 55.0, 72.0, 99.0, 140.0, 199.0, 312.0, 427.0, 662.0, 1011.0, 1723.0, 3447.0, 12511.0, 165190.0, 662907.0, 75880.0, 7760.0, 2693.0, 1429.0, 816.0, 569.0, 428.0, 290.0, 210.0, 155.0, 102.0, 92.0, 54.0, 38.0, 37.0, 25.0, 17.0, 12.0, 13.0, 11.0, 5.0, 9.0, 1.0, 0.0, 2.0, 3.0, 1.0, 1.0, 2.0, 0.0, 1.0, 1.0], "bins": [-1.8779608126351377e-06, -1.8180893448516144e-06, -1.758217990754929e-06, -1.6983465229714056e-06, -1.6384750551878824e-06, -1.5786035874043591e-06, -1.5187322333076736e-06, -1.4588607655241503e-06, -1.398989297740627e-06, -1.3391178299571038e-06, -1.2792464758604183e-06, -1.219375008076895e-06, -1.1595035402933718e-06, -1.0996320725098485e-06, -1.039760718413163e-06, -9.798892506296397e-07, -9.200178965329542e-07, -8.601464855928498e-07, -8.002750178093265e-07, -7.404036068692221e-07, -6.805321390856989e-07, -6.206607281455945e-07, -5.607893172054901e-07, -5.009178494219668e-07, -4.410464384818624e-07, -3.811749991200486e-07, -3.2130355975823477e-07, -2.6143214881813037e-07, -2.0156070945631654e-07, -1.4168927009450272e-07, -8.181785915439832e-08, -2.1946419792584493e-08, 3.7925019569229335e-08, 9.77964518256158e-08, 1.5766788408200227e-07, 2.1753930923296139e-07, 2.774107485947752e-07, 3.3728218795658904e-07, 3.9715359889669344e-07, 4.5702503825850727e-07, 5.168964776203211e-07, 5.767678885604255e-07, 6.366393563439487e-07, 6.965107672840531e-07, 7.563821782241575e-07, 8.162536460076808e-07, 8.761250569477852e-07, 9.359964678878896e-07, 9.958679356714129e-07, 1.0557394034549361e-06, 1.1156107575516216e-06, 1.175482225335145e-06, 1.2353536931186682e-06, 1.2952250472153537e-06, 1.355096514998877e-06, 1.4149679827824002e-06, 1.4748393368790857e-06, 1.534710804662609e-06, 1.5945821587592945e-06, 1.6544536265428178e-06, 1.714325094326341e-06, 1.7741965621098643e-06, 1.8340679162065499e-06, 1.8939393839900731e-06, 1.9538108517735964e-06]}, "gradients/embedding_item.weight": {"_type": "histogram", "values": [1.0, 0.0, 0.0, 0.0, 1.0, 0.0, 0.0, 0.0, 2.0, 1.0, 5.0, 3.0, 4.0, 5.0, 10.0, 10.0, 20.0, 23.0, 34.0, 54.0, 92.0, 108.0, 160.0, 216.0, 324.0, 458.0, 715.0, 1120.0, 1959.0, 3589.0, 8795.0, 24748.0, 76986.0, 344153.0, 59564.0, 19438.0, 7029.0, 3325.0, 1712.0, 1014.0, 563.0, 402.0, 290.0, 211.0, 157.0, 82.0, 64.0, 39.0, 35.0, 30.0, 15.0, 14.0, 18.0, 7.0, 7.0, 7.0, 1.0, 3.0, 2.0, 3.0, 2.0, 0.0, 0.0, 2.0],