{"TOTAL_BEST_METRIC": 0.15150980203092265, "BEST_NDCG@10": 0.016927662287245897, "_timestamp": 1688433179.4528892, "_runtime": 636.074734210968, "_step": 1294, "epoch": 1000, "Train_Metric_loss": 2.827196645736694, "Train_Reg_loss": 4.926129713567207e-06, "Pos_loss": 8.196210861206055, "Neg_loss": 1.2617439031600952, "Recall@5": 0.015237874767210861, "Recall@10": 0.029940733014171127, "Recall@20": 0.05374061263232916, "NDCG@5": 0.011816232535434892, "NDCG@10": 0.01692100614982077, "NDCG@20": 0.023584095302418995, "Recall@5_total_best": 0.015414991309895947, "Recall@10_total_best": 0.029940733014171127, "Recall@20_total_best": 0.05374061263232916, "ndcg@5_total_best": 0.011900255813071907, "ndcg@10_total_best": 0.016927662287245897, "ndcg@20_total_best": 0.02358554697420861, "EPOCH_ndcg_best": 1000, "Recall@5_ndcg_best": 0.015414991309895947, "Recall@10_ndcg_best": 0.029940733014171127, "Recall@20_ndcg_best": 0.05374061263232916, "ndcg@5_ndcg_best": 0.011900255813071907, "ndcg@10_ndcg_best": 0.016927662287245897, "ndcg@20_ndcg_best": 0.02358554697420861, "gradients/mass_i.weight": {"_type": "histogram", "values": [1.0, 1.0, 1.0, 1.0, 0.0, 0.0, 0.0, 2.0, 0.0, 1.0, 0.0, 0.0, 0.0, 0.0, 0.0, 3.0, 1.0, 1.0, 2.0, 1.0, 0.0, 2.0, 5.0, 2.0, 2.0, 7.0, 5.0, 2.0, 12.0, 14.0, 16.0, 14.0, 19.0, 32.0, 21.0, 65.0, 28.0, 69.0, 169.0, 70.0, 313.0, 54.0, 123.0, 2121.0, 132.0, 47.0, 67.0, 37.0, 21.0, 22.0, 11.0, 13.0, 11.0, 12.0, 3.0, 1.0, 1.0, 3.0, 3.0, 1.0, 1.0, 0.0, 1.0, 1.0], "bins": [-0.0023162805009633303, -0.002262507565319538, -0.002208734629675746, -0.002154961694031954, -0.0021011887583881617, -0.0020474158227443695, -0.001993643119931221, -0.001939870067872107, -0.0018860971322283149, -0.0018323241965845227, -0.0017785512609407306, -0.0017247784417122602, -0.001671005506068468, -0.001617232570424676, -0.0015634596347808838, -0.0015096866991370916, -0.0014559137634932995, -0.0014021408278495073, -0.0013483678922057152, -0.001294594956561923, -0.0012408221373334527, -0.0011870492016896605, -0.0011332762660458684, -0.0010795033304020762, -0.001025730511173606, -0.0009719575755298138, -0.0009181846980936825, -0.0008644117624498904, -0.0008106388268060982, -0.000756865949369967, -0.0007030930137261748, -0.0006493200780823827, -0.0005955471424385905, -0.0005417742067947984, -0.0004880013002548367, -0.000434228393714875, -0.00038045545807108283, -0.00032668255153112113, -0.00027290964499115944, -0.0002191367093473673, -0.0001653638028074056, -0.00011159088171552867, -5.781796789960936e-05, -4.045054083690047e-06, 4.972786700818688e-05, 0.0001035007881000638, 0.0001572736946400255, 0.00021104663028381765, 0.00026481953682377934, 0.00031859244336374104, 0.0003723653790075332, 0.0004261382855474949, 0.00047991122119128704, 0.0005336841568350792, 0.0005874570342712104, 0.0006412299699150026, 0.0006950028473511338, 0.000748775782994926, 0.0008025486604310572, 0.0008563215960748494, 0.0009100945317186415, 0.0009638674091547728, 0.001017640344798565, 0.001071413280442357, 0.0011251862160861492]}, "gradients/mass_u.weight": {"_type": "histogram", "values": [1.0, 0.0, 0.0, 0.0, 0.0, 0.0, 0.0, 0.0, 0.0, 0.0, 0.0, 0.0, 0.0, 0.0, 0.0, 0.0, 0.0, 0.0, 0.0, 0.0, 1.0, 1.0, 0.0, 1.0, 0.0, 0.0, 0.0, 1.0, 0.0, 0.0, 0.0, 0.0, 0.0, 0.0, 0.0, 0.0, 0.0, 0.0, 0.0, 0.0, 0.0, 0.0, 0.0, 1.0, 1.0, 0.0, 1.0, 2.0, 1.0, 0.0, 1.0, 5.0, 5.0, 8.0, 5.0, 12.0, 6.0, 10.0, 20.0, 33.0, 70.0, 175.0, 114.0, 5066.0], "bins": [-0.0064687831327319145, -0.006367708556354046, -0.00626663351431489, -0.006165558937937021, -0.006064484361559153, -0.005963409319519997, -0.005862334743142128, -0.005761260166764259, -0.005660185124725103, -0.005559110548347235, -0.005458035506308079, -0.00535696092993021, -0.0052558863535523415, -0.0051548113115131855, -0.005053736735135317, -0.004952662158757448, -0.004851587116718292, -0.004750512540340424, -0.004649437498301268, -0.004548362921923399, -0.00444728834554553, -0.004346213303506374, -0.004245138727128506, -0.004144064150750637, -0.004042989574372768, -0.0039419149979949, -0.0038408401887863874, -0.003739765379577875, -0.003638690570369363, -0.0035376157611608505, -0.003436541184782982, -0.0033354663755744696, -0.0032343915663659573, -0.003133316757157445, -0.0030322421807795763, -0.002931167371571064, -0.0028300925623625517, -0.0027290177531540394, -0.0026279431767761707, -0.0025268683675676584, -0.002425793558359146, -0.002324718749150634, -0.002223644172772765, -0.002122569363564253, -0.0020214945543557405, -0.00192041986156255, -0.0018193451687693596, -0.0017182703595608473, -0.0016171957831829786, -0.0015161210903897882, -0.0014150462811812758, -0.0013139715883880854, -0.001212896779179573, -0.0011118220863863826, -0.001010747393593192, -0.0009096726425923407, -0.0008085978915914893, -0.0007075231405906379, -0.0006064483895897865, -0.000505373696796596, -0.00040429894579574466, -0.00030322419479489326, -0.00020214950200170279, -0.00010107475100085139, 0.0]}, "gradients/embedding_user.weight": {"_type": "histogram", "values": [1.0, 0.0, 0.0, 0.0, 0.0, 2.0, 1.0, 2.0, 1.0, 0.0, 1.0, 1.0, 6.0, 9.0, 9.0, 9.0, 11.0, 25.0, 14.0, 17.0, 24.0, 27.0, 44.0, 52.0, 71.0, 125.0, 193.0, 364.0, 584.0, 1009.0, 1822.0, 3410.0, 8001.0, 36471.0, 139382.0, 120406.0, 28391.0, 6986.0, 3077.0, 1725.0, 906.0, 540.0, 314.0, 190.0, 112.0, 77.0, 36.0, 36.0, 31.0, 16.0, 25.0, 12.0, 16.0, 2.0, 4.0, 10.0, 8.0, 4.0, 1.0, 8.0, 1.0, 0.0, 0.0, 2.0], "bins": [-0.00011978275142610073, -0.00011635307600954548, -0.00011292340059299022, -0.00010949372517643496, -0.00010606404975987971, -0.00010263437434332445, -9.92046989267692e-05, -9.577501623425633e-05, -9.234534809365869e-05, -8.891567267710343e-05, -8.548599726054817e-05, -8.205632184399292e-05, -7.862664642743766e-05, -7.519697101088241e-05, -7.176729559432715e-05, -6.833761290181428e-05, -6.490793748525903e-05, -6.147826206870377e-05, -5.8048586652148515e-05, -5.461891123559326e-05, -5.1189235819038004e-05, -4.775956040248275e-05, -4.4329881347948685e-05, -4.090020593139343e-05, -3.7470530514838174e-05, -3.404085509828292e-05, -3.061117968172766e-05, -2.7181502446183003e-05, -2.3751827029627748e-05, -2.0322151613072492e-05, -1.6892474377527833e-05, -1.3462798960972577e-05, -1.0033116268459707e-05, -6.603440397157101e-06, -3.1737645258544944e-06, 2.55911800195463e-07, 3.6855872167507187e-06, 7.115262633305974e-06, 1.0544939868850634e-05, 1.397461528540589e-05, 1.7404290701961145e-05, 2.08339661185164e-05, 2.4263641535071656e-05, 2.7693318770616315e-05, 3.1122996006160975e-05, 3.455267142271623e-05, 3.7982346839271486e-05, 4.141202225582674e-05, 4.4841697672382e-05, 4.827137308893725e-05, 5.170104850549251e-05, 5.5130723922047764e-05, 5.856039933860302e-05, 6.199007475515828e-05, 6.541975017171353e-05, 6.88494328642264e-05, 7.227910100482404e-05, 7.57087764213793e-05, 7.913845183793455e-05, 8.256812725448981e-05, 8.599780267104506e-05, 8.942747808760032e-05, 9.285715350415558e-05, 9.628683619666845e-05, 9.97165116132237e-05]}, "gradients/embedding_item.weight": {"_type": "histogram", "values": [1.0, 2.0, 4.0, 2.0, 2.0, 1.0, 5.0, 10.0, 6.0, 10.0, 17.0, 15.0, 25.0, 39.0, 38.0, 58.0, 78.0, 105.0, 167.0, 221.0, 301.0, 467.0, 916.0, 2213.0, 5731.0, 13524.0, 25391.0, 35730.0, 38950.0, 37634.0, 31141.0, 19477.0, 9196.0, 3491.0, 1429.0, 671.0, 357.0, 238.0, 190.0, 126.0, 86.0, 66.0, 62.0, 48.0, 32.0, 17.0, 15.0, 11.0, 11.0, 2.0, 6.0, 6.0, 1.0, 1.0, 2.0, 2.0, 2.0, 2.0, 0.0, 0.0, 0.0, 0.0, 0.0, 1.0],