{"TOTAL_BEST_METRIC": 1.1148728619640693, "BEST_NDCG@10": 0.14262122383174738, "_timestamp": 1688387463.8954084, "_runtime": 759.2964084148407, "_step": 1237, "epoch": 1000, "Train_Metric_loss": 4.337030506134033, "Train_Reg_loss": 3.340170296723954e-05, "Pos_loss": 8.52604866027832, "Neg_loss": 0.2772466242313385, "Recall@5": 0.15606443822577273, "Recall@10": 0.22100418088518656, "Recall@20": 0.30670100341083056, "NDCG@5": 0.11920560261364155, "NDCG@10": 0.14197225715496725, "NDCG@20": 0.16634454363643172, "Recall@5_total_best": 0.1569885072688641, "Recall@10_total_best": 0.2229595053613455, "Recall@20_total_best": 0.3065333210084035, "ndcg@5_total_best": 0.11942543172203635, "ndcg@10_total_best": 0.14262122383174738, "ndcg@20_total_best": 0.1663448727716726, "EPOCH_ndcg_best": 970, "Recall@5_ndcg_best": 0.1569885072688641, "Recall@10_ndcg_best": 0.2229595053613455, "Recall@20_ndcg_best": 0.3065333210084035, "ndcg@5_ndcg_best": 0.11942543172203635, "ndcg@10_ndcg_best": 0.14262122383174738, "ndcg@20_ndcg_best": 0.1663448727716726, "gradients/mass_i.weight": {"_type": "histogram", "values": [1.0, 0.0, 0.0, 0.0, 0.0, 0.0, 0.0, 0.0, 0.0, 0.0, 0.0, 0.0, 0.0, 0.0, 0.0, 0.0, 0.0, 0.0, 0.0, 2.0, 0.0, 2.0, 2.0, 0.0, 0.0, 0.0, 0.0, 1.0, 0.0, 1.0, 4.0, 0.0, 0.0, 2.0, 3.0, 5.0, 2.0, 2.0, 2.0, 2.0, 11.0, 5.0, 7.0, 12.0, 8.0, 17.0, 18.0, 16.0, 31.0, 36.0, 40.0, 55.0, 85.0, 137.0, 126.0, 264.0, 219.0, 110.0, 2059.0, 204.0, 58.0, 10.0, 4.0, 5.0], "bins": [-0.0018198045436292887, -0.0017886074492707849, -0.001757410354912281, -0.001726213376969099, -0.0016950162826105952, -0.0016638191882520914, -0.0016326220938935876, -0.0016014249995350838, -0.0015702280215919018, -0.001539030927233398, -0.0015078338328748941, -0.0014766368549317122, -0.0014454397605732083, -0.0014142426662147045, -0.0013830455718562007, -0.0013518484774976969, -0.001320651383139193, -0.0012894542887806892, -0.0012582571944221854, -0.0012270602164790034, -0.0011958631221204996, -0.0011646660277619958, -0.001133468933403492, -0.0011022718390449882, -0.0010710747446864843, -0.0010398776503279805, -0.0010086805559694767, -0.0009774835780262947, -0.0009462864836677909, -0.0009150893893092871, -0.0008838922949507833, -0.0008526952005922794, -0.0008214981644414365, -0.0007903010700829327, -0.0007591040339320898, -0.000727906939573586, -0.0006967098452150822, -0.0006655128090642393, -0.0006343157147057354, -0.0006031186785548925, -0.0005719215841963887, -0.0005407244898378849, -0.000509527453687042, -0.0004783303593285382, -0.0004471332940738648, -0.00041593622881919146, -0.00038473913446068764, -0.0003535420692060143, -0.0003223450039513409, -0.00029114793869666755, -0.0002599508734419942, -0.00022875377908349037, -0.000197556713828817, -0.00016635964857414365, -0.00013516256876755506, -0.00010396548896096647, -7.27684237062931e-05, -4.157135117566213e-05, -1.0374278645031154e-05, 2.0822793885599822e-05, 5.20198664162308e-05, 8.321693167090416e-05, 0.00011441401147749275, 0.00014561109128408134, 0.0001768081565387547]}, "gradients/mass_u.weight": {"_type": "histogram", "values": [1.0, 0.0, 0.0, 0.0, 0.0, 0.0, 0.0, 0.0, 0.0, 0.0, 0.0, 0.0, 0.0, 0.0, 0.0, 0.0, 0.0, 0.0, 0.0, 0.0, 0.0, 0.0, 0.0, 0.0, 0.0, 1.0, 0.0, 0.0, 0.0, 0.0, 0.0, 1.0, 0.0, 0.0, 1.0, 0.0, 0.0, 0.0, 0.0, 1.0, 0.0, 0.0, 0.0, 0.0, 1.0, 0.0, 0.0, 1.0, 1.0, 0.0, 4.0, 3.0, 1.0, 3.0, 3.0, 7.0, 5.0, 7.0, 15.0, 30.0, 32.0, 97.0, 246.0, 5080.0], "bins": [-0.009299345314502716, -0.009154043160378933, -0.00900874100625515, -0.008863438852131367, -0.008718136698007584, -0.008572833612561226, -0.008427531458437443, -0.00828222930431366, -0.008136927150189877, -0.007991624996066093, -0.00784632284194231, -0.00770102022215724, -0.007555718068033457, -0.007410415913909674, -0.007265113294124603, -0.00711981114000082, -0.006974508985877037, -0.006829206831753254, -0.006683904677629471, -0.0065386020578444, -0.006393299903720617, -0.006247997749596834, -0.006102695129811764, -0.005957392975687981, -0.0058120908215641975, -0.005666788667440414, -0.005521486513316631, -0.005376183893531561, -0.005230881739407778, -0.005085579585283995, -0.004940276965498924, -0.004794974811375141, -0.004649672657251358, -0.004504370503127575, -0.004359068349003792, -0.004213765729218721, -0.004068463575094938, -0.003923161420971155, -0.0037778590340167284, -0.0036325566470623016, -0.0034872544929385185, -0.0033419523388147354, -0.0031966499518603086, -0.003051347564905882, -0.0029060454107820988, -0.0027607432566583157, -0.002615440869703889, -0.002470138482749462, -0.002324836328625679, -0.002179534174501896, -0.002034231787547469, -0.0018889295170083642, -0.0017436272464692593, -0.0015983249759301543, -0.0014530227053910494, -0.0013077204348519444, -0.0011624181643128395, -0.0010171158937737346, -0.0008718136232346296, -0.0007265113526955247, -0.0005812090821564198, -0.0004359068116173148, -0.0002906045410782099, -0.00014530227053910494, 0.0]}, "gradients/embedding_user.weight": {"_type": "histogram", "values": [1.0, 0.0, 1.0, 2.0, 4.0, 3.0, 0.0, 4.0, 7.0, 3.0, 4.0, 10.0, 6.0, 12.0, 19.0, 26.0, 36.0, 48.0, 86.0, 109.0, 165.0, 267.0, 453.0, 743.0, 1455.0, 3350.0, 12227.0, 62986.0, 156738.0, 88826.0, 18777.0, 4230.0, 1731.0, 927.0, 501.0, 273.0, 207.0, 124.0, 65.0, 54.0, 32.0, 16.0, 35.0, 14.0, 6.0, 11.0, 6.0, 5.0, 3.0, 4.0, 3.0, 3.0, 1.0, 0.0, 1.0, 0.0, 2.0, 0.0, 0.0, 1.0, 0.0, 0.0, 0.0, 1.0], "bins": [-0.0004514710162766278, -0.0004357012512627989, -0.0004199314571451396, -0.0004041616921313107, -0.00038839192711748183, -0.00037262216210365295, -0.0003568523679859936, -0.00034108260297216475, -0.0003253128379583359, -0.000309543072944507, -0.00029377327882684767, -0.0002780035138130188, -0.0002622337487991899, -0.00024646398378536105, -0.00023069418966770172, -0.00021492442465387285, -0.00019915463053621352, -0.00018338485097046942, -0.00016761508595664054, -0.00015184530639089644, -0.00013607554137706757, -0.00012030576181132346, -0.00010453598224557936, -8.876620995579287e-05, -7.299643766600639e-05, -5.72266653762199e-05, -4.1456889448454604e-05, -2.568711352068931e-05, -9.91734123090282e-06, 5.852431058883667e-06, 2.162221062462777e-05, 3.739198291441426e-05, 5.3161755204200745e-05, 6.893152749398723e-05, 8.470129978377372e-05, 0.00010047107934951782, 0.00011624085163930431, 0.0001320106239290908, 0.0001477804034948349, 0.00016355016850866377, 0.00017931994807440788, 0.00019508972764015198, 0.00021085949265398085, 0.00022662927221972495, 0.00024239905178546906, 0.00025816881679929793, 0.0002739385818131268, 0.00028970837593078613, 0.000305478140944615, 0.0003212479059584439, 0.0003370177000761032, 0.0003527874650899321, 0.00036855723010376096, 0.0003843270242214203, 0.00040009678923524916, 0.00041586655424907804, 0.00043163634836673737, 0.00044740611338056624, 0.00046317590749822557, 0.00047894567251205444, 0.0004947154666297138, 0.0005104852025397122, 0.0005262549966573715, 0.0005420247907750309, 0.0005577945266850293]}, "gradients/embedding_item.weight": {"_type": "histogram", "values": [1.0, 0.0, 0.0, 0.0, 0.0, 1.0, 1.0, 1.0, 0.0, 1.0, 3.0, 4.0, 4.0, 9.0, 8.0, 10.0, 21.0, 22.0, 34.0, 46.0, 59.0, 81.0, 123.0, 165.0, 268.0, 377.0, 616.0, 925.0, 1341.0, 2375.0, 4051.0, 7279.0, 13642.0, 24791.0, 50523.0, 58908.0, 27756.0, 15094.0, 8012.0, 4554.0, 2702.0, 1642.0, 961.0, 636.0, 417.0, 263.0, 167.0, 145.0, 101.0, 64.0, 37.0, 30.0, 15.0, 13.0, 24.0, 7.0, 6.0, 3.0, 5.0, 3.0, 2.0, 1.0, 1.0, 1.0],