{"TOTAL_BEST_METRIC": 0.5177280793635264, "BEST_NDCG@10": 0.060477435711961326, "_timestamp": 1688314363.671263, "_runtime": 380.22700786590576, "_step": 1107, "epoch": 1000, "Train_Metric_loss": -2.7518754482269285, "Train_Reg_loss": 3.3637919386819704e-06, "Pos_loss": -2.7448360919952393, "Neg_loss": 2.6859071254730225, "Recall@5": 0.041649153888373085, "Recall@10": 0.07429615748872978, "Recall@20": 0.11540890551881097, "NDCG@5": 0.02975756688530326, "NDCG@10": 0.0414341435165839, "NDCG@20": 0.053152105964745726, "Recall@5_total_best": 0.0598267255197173, "Recall@10_total_best": 0.10628333266623999, "Recall@20_total_best": 0.1687050098077001, "ndcg@5_total_best": 0.044481272537455284, "ndcg@10_total_best": 0.060477435711961326, "ndcg@20_total_best": 0.07795430312045246, "EPOCH_ndcg_best": 30, "Recall@5_ndcg_best": 0.0598267255197173, "Recall@10_ndcg_best": 0.10628333266623999, "Recall@20_ndcg_best": 0.1687050098077001, "ndcg@5_ndcg_best": 0.044481272537455284, "ndcg@10_ndcg_best": 0.060477435711961326, "ndcg@20_ndcg_best": 0.07795430312045246, "gradients/mass_i.weight": {"_type": "histogram", "values": [1.0, 1.0, 0.0, 0.0, 0.0, 0.0, 1.0, 0.0, 0.0, 1.0, 2.0, 0.0, 0.0, 0.0, 2.0, 0.0, 0.0, 4.0, 0.0, 3.0, 1.0, 3.0, 4.0, 2.0, 1.0, 1.0, 3.0, 2.0, 8.0, 5.0, 15.0, 17.0, 17.0, 26.0, 39.0, 44.0, 55.0, 58.0, 88.0, 86.0, 89.0, 122.0, 177.0, 102.0, 52.0, 2286.0, 118.0, 53.0, 37.0, 14.0, 9.0, 7.0, 5.0, 2.0, 1.0, 1.0, 1.0, 0.0, 0.0, 0.0, 0.0, 0.0, 1.0, 1.0], "bins": [-0.0001640034606680274, -0.0001603729324415326, -0.00015674241876695305, -0.00015311189054045826, -0.00014948136231396347, -0.0001458508486393839, -0.00014222032041288912, -0.00013858979218639433, -0.00013495927851181477, -0.00013132875028531998, -0.00012769823661074042, -0.00012406770838424563, -0.00012043718743370846, -0.00011680666648317128, -0.0001131761382566765, -0.00010954561730613932, -0.00010591508907964453, -0.00010228456812910736, -9.865403990261257e-05, -9.502351895207539e-05, -9.139299800153822e-05, -8.776246977504343e-05, -8.413194882450625e-05, -8.050142787396908e-05, -7.687089964747429e-05, -7.324037869693711e-05, -6.960985047044232e-05, -6.597932951990515e-05, -6.234880856936797e-05, -5.871828398085199e-05, -5.508775939233601e-05, -5.1457238441798836e-05, -4.782671749126166e-05, -4.419619290274568e-05, -4.0565671952208504e-05, -3.693514736369252e-05, -3.330462641315535e-05, -2.9674101824639365e-05, -2.6043577236123383e-05, -2.2413054466596805e-05, -1.8782531697070226e-05, -1.5152008927543648e-05, -1.1521485248522367e-05, -7.890961569501087e-06, -4.260438799974509e-06, -6.299160304479301e-07, 3.000608558068052e-06, 6.63113132759463e-06, 1.0261654097121209e-05, 1.3892176866647787e-05, 1.7522699636174366e-05, 2.1153224224690348e-05, 2.4783746994216926e-05, 2.8414269763743505e-05, 3.204479435225949e-05, 3.567531530279666e-05, 3.9305839891312644e-05, 4.2936364479828626e-05, 4.65668854303658e-05, 5.019741001888178e-05, 5.3827934607397765e-05, 5.745845555793494e-05, 6.108898378442973e-05, 6.47195047349669e-05, 6.835002568550408e-05]}, "gradients/mass_u.weight": {"_type": "histogram", "values": [2.0, 0.0, 0.0, 0.0, 0.0, 0.0, 0.0, 2.0, 1.0, 0.0, 0.0, 1.0, 0.0, 0.0, 0.0, 0.0, 1.0, 0.0, 0.0, 0.0, 0.0, 0.0, 0.0, 0.0, 0.0, 0.0, 0.0, 1.0, 0.0, 0.0, 0.0, 0.0, 0.0, 1.0, 2.0, 0.0, 0.0, 1.0, 1.0, 1.0, 2.0, 1.0, 1.0, 2.0, 6.0, 2.0, 2.0, 3.0, 5.0, 1.0, 2.0, 13.0, 4.0, 8.0, 20.0, 12.0, 17.0, 21.0, 37.0, 127.0, 95.0, 82.0, 38.0, 5026.0], "bins": [-0.0007162123220041394, -0.0007050214917398989, -0.0006938306614756584, -0.0006826398894190788, -0.0006714490591548383, -0.0006602582288905978, -0.0006490673986263573, -0.0006378765683621168, -0.0006266857963055372, -0.0006154949660412967, -0.0006043041357770562, -0.0005931133637204766, -0.0005819225334562361, -0.0005707317031919956, -0.0005595408729277551, -0.0005483500426635146, -0.000537159270606935, -0.0005259684403426945, -0.000514777610078454, -0.0005035868380218744, -0.0004923960077576339, -0.0004812051774933934, -0.0004700143472291529, -0.00045882354606874287, -0.0004476326867006719, -0.0004364418564364314, -0.00042525105527602136, -0.00041406022501178086, -0.0004028694238513708, -0.0003916785935871303, -0.0003804877633228898, -0.00036929696216247976, -0.0003581061610020697, -0.0003469153307378292, -0.00033572452957741916, -0.00032453369931317866, -0.0003133428981527686, -0.0003021520678885281, -0.0002909612376242876, -0.00027977043646387756, -0.0002685796353034675, -0.000257388805039227, -0.00024619800387881696, -0.00023500717361457646, -0.0002238163724541664, -0.0002126255421899259, -0.00020143472647760063, -0.00019024391076527536, -0.00017905308050103486, -0.00016786226478870958, -0.0001566714490763843, -0.0001454806188121438, -0.00013428981765173376, -0.00012309898738749325, -0.00011190817167516798, -0.0001007173559628427, -8.952654025051743e-05, -7.833572453819215e-05, -6.714490882586688e-05, -5.595408583758399e-05, -4.4763270125258714e-05, -3.357245441293344e-05, -2.238163142465055e-05, -1.1190815712325275e-05, 0.0]}, "gradients/embedding_user.weight": {"_type": "histogram", "values": [1.0, 0.0, 0.0, 0.0, 0.0, 0.0, 0.0, 0.0, 1.0, 1.0, 0.0, 1.0, 2.0, 1.0, 1.0, 2.0, 1.0, 5.0, 6.0, 4.0, 7.0, 11.0, 15.0, 14.0, 25.0, 28.0, 32.0, 76.0, 127.0, 286.0, 712.0, 4476.0, 342796.0, 4550.0, 804.0, 261.0, 120.0, 70.0, 48.0, 29.0, 26.0, 16.0, 20.0, 10.0, 10.0, 8.0, 4.0, 3.0, 1.0, 4.0, 1.0, 3.0, 0.0, 1.0, 1.0, 1.0, 0.0, 0.0, 0.0, 0.0, 0.0, 0.0, 1.0, 1.0], "bins": [-0.001951717771589756, -0.001891664112918079, -0.0018316104542464018, -0.0017715566791594028, -0.0017115030204877257, -0.0016514493618160486, -0.0015913957031443715, -0.0015313420444726944, -0.0014712883858010173, -0.0014112347271293402, -0.001351181068457663, -0.001291127409785986, -0.001231073634698987, -0.00117101997602731, -0.0011109663173556328, -0.0010509126586839557, -0.0009908590000122786, -0.0009308053413406014, -0.0008707516244612634, -0.0008106979657895863, -0.0007506443071179092, -0.0006905905902385712, -0.0006305369315668941, -0.0005704832728952169, -0.000510429497808218, -0.00045037581003271043, -0.0003903221513610333, -0.00033026846358552575, -0.00027021480491384864, -0.00021016111713834107, -0.0001501074293628335, -9.005377069115639e-05, -3.0000112019479275e-05, 3.0053564842091873e-05, 9.010724170366302e-05, 0.00015016092220321298, 0.00021021459542680532, 0.00027026826865039766, 0.00033032195642590523, 0.00039037561509758234, 0.0004504293028730899, 0.0005104829906485975, 0.0005705366493202746, 0.0006305903661996126, 0.0006906440248712897, 0.0007506976835429668, 0.000810751342214644, 0.0008708050008863211, 0.0009308587177656591, 0.0009909124346449971, 0.0010509660933166742, 0.0011110197519883513, 0.0011710734106600285, 0.0012311270693317056, 0.0012911807280033827, 0.0013512345030903816, 0.0014112881617620587, 0.0014713418204337358, 0.001531395479105413, 0.00159144913777709, 0.001651502912864089, 0.0017115565715357661, 0.0017716102302074432, 0.0018316638888791203, 0.0018917175475507975]}, "gradients/embedding_item.weight": {"_type": "histogram", "values": [1.0, 0.0, 1.0, 0.0, 0.0, 0.0, 0.0, 2.0, 2.0, 3.0, 4.0, 1.0, 5.0, 5.0, 4.0, 16.0, 12.0, 18.0, 41.0, 41.0, 80.0, 119.0, 225.0, 401.0, 811.0, 1721.0, 4138.0, 12025.0, 45476.0, 119752.0, 28851.0, 8508.0, 3202.0, 1353.0, 676.0, 316.0, 203.0, 104.0, 78.0, 43.0, 23.0, 19.0, 17.0, 15.0, 13.0, 2.0, 8.0, 6.0, 3.0, 3.0, 0.0, 0.0, 1.0, 0.0, 1.0, 1.0, 0.0, 0.0, 0.0, 0.0, 1.0, 0.0, 0.0, 1.0],