{"TOTAL_BEST_METRIC": 1.1198538186060172, "BEST_NDCG@10": 0.14402736573965888, "_timestamp": 1688443178.142645, "_runtime": 1122.8248858451843, "_step": 1231, "epoch": 1000, "Train_Metric_loss": 4.295060157775879, "Train_Reg_loss": 3.586792809073813e-05, "Pos_loss": 8.641744613647461, "Neg_loss": 0.15914539992809296, "Recall@5": 0.1544704596259493, "Recall@10": 0.2225930306940151, "Recall@20": 0.30638650475190543, "NDCG@5": 0.11860819730820404, "NDCG@10": 0.14243319009708855, "NDCG@20": 0.16621779515896204, "Recall@5_total_best": 0.15529362984338094, "Recall@10_total_best": 0.22556802437039028, "Recall@20_total_best": 0.3080937363125964, "ndcg@5_total_best": 0.11953025784785784, "ndcg@10_total_best": 0.14402736573965888, "ndcg@20_total_best": 0.16734080449213268, "EPOCH_ndcg_best": 980, "Recall@5_ndcg_best": 0.15529362984338094, "Recall@10_ndcg_best": 0.22556802437039028, "Recall@20_ndcg_best": 0.3080937363125964, "ndcg@5_ndcg_best": 0.11953025784785784, "ndcg@10_ndcg_best": 0.14402736573965888, "ndcg@20_ndcg_best": 0.16734080449213268, "gradients/mass_i.weight": {"_type": "histogram", "values": [1.0, 0.0, 0.0, 1.0, 0.0, 1.0, 0.0, 0.0, 0.0, 0.0, 2.0, 0.0, 0.0, 0.0, 1.0, 0.0, 1.0, 0.0, 0.0, 1.0, 2.0, 2.0, 1.0, 0.0, 2.0, 1.0, 1.0, 2.0, 7.0, 3.0, 5.0, 7.0, 8.0, 10.0, 14.0, 8.0, 15.0, 17.0, 11.0, 28.0, 32.0, 21.0, 47.0, 111.0, 37.0, 125.0, 217.0, 215.0, 2060.0, 119.0, 166.0, 63.0, 80.0, 33.0, 35.0, 9.0, 17.0, 8.0, 9.0, 5.0, 2.0, 1.0, 1.0, 3.0], "bins": [-0.0016651987098157406, -0.0016311624785885215, -0.0015971261309459805, -0.0015630898997187614, -0.0015290536684915423, -0.0014950173208490014, -0.0014609810896217823, -0.0014269448583945632, -0.0013929085107520223, -0.0013588722795248032, -0.0013248359318822622, -0.0012907997006550431, -0.001256763469427824, -0.001222727121785283, -0.001188690890558064, -0.0011546546593308449, -0.001120618311688304, -0.0010865820804610848, -0.001052545732818544, -0.0010185095015913248, -0.0009844732703641057, -0.0009504369227215648, -0.0009164006914943457, -0.0008823644020594656, -0.0008483282290399075, -0.0008142919396050274, -0.0007802557083778083, -0.0007462194189429283, -0.0007121831295080483, -0.0006781468400731683, -0.0006441106088459492, -0.0006100743194110692, -0.0005760380299761891, -0.0005420017405413091, -0.00050796550931409, -0.00047392921987921, -0.00043989293044433, -0.0004058566701132804, -0.00037182040978223085, -0.00033778412034735084, -0.0003037478600163013, -0.0002697115996852517, -0.0002356753102503717, -0.00020163904991932213, -0.00016760277503635734, -0.00013356650015339255, -9.953023982234299e-05, -6.54939649393782e-05, -3.145769005641341e-05, 2.5785811885725707e-06, 3.6614852433558553e-05, 7.065112004056573e-05, 0.00010468739492353052, 0.0001387236698064953, 0.00017275993013754487, 0.00020679620502050966, 0.00024083247990347445, 0.000274868740234524, 0.00030890502966940403, 0.0003429412900004536, 0.00037697755033150315, 0.00041101383976638317, 0.00044505010009743273, 0.0004790863604284823, 0.0005131226498633623]}, "gradients/mass_u.weight": {"_type": "histogram", "values": [1.0, 0.0, 0.0, 0.0, 0.0, 0.0, 0.0, 0.0, 0.0, 0.0, 0.0, 0.0, 0.0, 0.0, 0.0, 0.0, 0.0, 0.0, 0.0, 0.0, 0.0, 1.0, 0.0, 0.0, 0.0, 0.0, 1.0, 1.0, 0.0, 0.0, 0.0, 0.0, 1.0, 1.0, 0.0, 0.0, 0.0, 0.0, 0.0, 0.0, 0.0, 0.0, 0.0, 1.0, 2.0, 0.0, 3.0, 1.0, 0.0, 3.0, 0.0, 4.0, 3.0, 6.0, 3.0, 9.0, 14.0, 17.0, 32.0, 43.0, 70.0, 160.0, 121.0, 5043.0], "bins": [-0.003783690743148327, -0.00372457061894238, -0.003665450494736433, -0.0036063301376998425, -0.0035472100134938955, -0.0034880898892879486, -0.0034289697650820017, -0.0033698496408760548, -0.003310729283839464, -0.0032516091596335173, -0.0031924890354275703, -0.0031333686783909798, -0.003074248554185033, -0.003015128429979086, -0.002956008305773139, -0.002896888181567192, -0.002837768057361245, -0.0027786479331552982, -0.0027195278089493513, -0.0026604074519127607, -0.002601287327706814, -0.002542167203500867, -0.00248304707929492, -0.002423926955088973, -0.002364806830883026, -0.002305686706677079, -0.0022465665824711323, -0.0021874462254345417, -0.0021283261012285948, -0.002069205977022648, -0.002010085852816701, -0.001950965728610754, -0.0018918453715741634, -0.0018327252473682165, -0.0017736050067469478, -0.0017144848825410008, -0.001655364641919732, -0.0015962445177137852, -0.0015371243935078382, -0.0014780042693018913, -0.0014188840286806226, -0.0013597639044746757, -0.001300643663853407, -0.00124152353964746, -0.001182403415441513, -0.0011232831748202443, -0.0010641630506142974, -0.0010050428099930286, -0.0009459226857870817, -0.0008868025033734739, -0.000827682320959866, -0.0007685621967539191, -0.0007094420143403113, -0.0006503218319267035, -0.0005912017077207565, -0.0005320815253071487, -0.00047296134289354086, -0.000413841160479933, -0.00035472100717015564, -0.00029560085386037827, -0.00023648067144677043, -0.0001773604890331626, -0.00011824033572338521, -5.9120182413607836e-05, 0.0]}, "gradients/embedding_user.weight": {"_type": "histogram", "values": [2.0, 0.0, 0.0, 0.0, 2.0, 2.0, 2.0, 1.0, 1.0, 0.0, 0.0, 2.0, 1.0, 2.0, 4.0, 2.0, 10.0, 5.0, 11.0, 23.0, 26.0, 62.0, 111.0, 201.0, 505.0, 1754.0, 8827.0, 171474.0, 160573.0, 8314.0, 1750.0, 518.0, 202.0, 98.0, 49.0, 27.0, 18.0, 10.0, 11.0, 3.0, 3.0, 7.0, 1.0, 0.0, 1.0, 0.0, 1.0, 0.0, 1.0, 0.0, 1.0, 0.0, 1.0, 1.0, 1.0, 0.0, 2.0, 0.0, 0.0, 0.0, 0.0, 0.0, 0.0, 1.0], "bins": [-0.0010130490409210324, -0.0009768545860424638, -0.0009406600729562342, -0.0009044655598700047, -0.000868271104991436, -0.0008320766501128674, -0.0007958821370266378, -0.0007596876239404082, -0.0007234931690618396, -0.0006872987141832709, -0.0006511042010970414, -0.0006149096880108118, -0.0005787152331322432, -0.0005425207782536745, -0.0005063262651674449, -0.00047013178118504584, -0.00043393729720264673, -0.0003977428132202476, -0.0003615483292378485, -0.0003253538452554494, -0.0002891593612730503, -0.0002529648772906512, -0.0002167703933082521, -0.000180575909325853, -0.00014438142534345388, -0.00010818694136105478, -7.199245737865567e-05, -3.5797973396256566e-05, 3.9651058614254e-07, 3.6590994568541646e-05, 7.278547855094075e-05, 0.00010897996253333986, 0.0001451745629310608, 0.0001813690469134599, 0.000217563530895859, 0.0002537580148782581, 0.0002899524988606572, 0.0003261469828430563, 0.00036234146682545543, 0.00039853595080785453, 0.00043473043479025364, 0.00047092491877265275, 0.0005071194027550519, 0.0005433139158412814, 0.0005795083707198501, 0.0006157028255984187, 0.0006518973386846483, 0.0006880918517708778, 0.0007242863066494465, 0.0007604807615280151, 0.0007966752746142447, 0.0008328697877004743, 0.0008690642425790429, 0.0009052586974576116, 0.0009414532105438411, 0.0009776477236300707, 0.0010138421785086393, 0.001050036633387208, 0.0010862310882657766, 0.0011224256595596671, 0.0011586201144382358, 0.0011948145693168044, 0.0012310091406106949, 0.0012672035954892635, 0.0013033980503678322]}, "gradients/embedding_item.weight": {"_type": "histogram", "values": [3.0, 2.0, 3.0, 3.0, 3.0, 3.0, 4.0, 9.0, 10.0, 7.0, 20.0, 18.0, 28.0, 36.0, 49.0, 69.0, 75.0, 130.0, 168.0, 268.0, 359.0, 523.0, 778.0, 1173.0, 1755.0, 2843.0, 4795.0, 8105.0, 13637.0, 22923.0, 39116.0, 57928.0, 28668.0, 17704.0, 10444.0, 6137.0, 3724.0, 2309.0, 1444.0, 956.0, 609.0, 426.0, 322.0, 225.0, 143.0, 93.0, 72.0, 63.0, 52.0, 41.0, 19.0, 17.0, 13.0, 5.0, 7.0, 1.0, 5.0, 4.0, 2.0, 0.0, 1.0, 1.0, 1.0, 1.0],