{"TOTAL_BEST_METRIC": 0.3087932822448455, "BEST_NDCG@10": 0.04815002190879603, "_timestamp": 1688306432.2271235, "_runtime": 13358.69236445427, "_step": 1103, "epoch": 1000, "Train_Metric_loss": -0.9631967097520828, "Train_Reg_loss": 0.027806194893156107, "Recall@5": 0.02138467131209895, "Recall@10": 0.03540755952068746, "Recall@20": 0.05725661242108356, "NDCG@5": 0.03020724945661363, "NDCG@10": 0.03417618838726715, "NDCG@20": 0.04209062345608991, "Recall@5_total_best": 0.030614116686901536, "Recall@10_total_best": 0.04962509313014418, "Recall@20_total_best": 0.07888507605927929, "ndcg@5_total_best": 0.04282392847252067, "ndcg@10_total_best": 0.04815002190879603, "ndcg@20_total_best": 0.05869504598720376, "EPOCH_ndcg_best": 10, "Recall@5_ndcg_best": 0.030614116686901536, "Recall@10_ndcg_best": 0.04962509313014418, "Recall@20_ndcg_best": 0.07888507605927929, "ndcg@5_ndcg_best": 0.04282392847252067, "ndcg@10_ndcg_best": 0.04815002190879603, "ndcg@20_ndcg_best": 0.05869504598720376, "gradients/mass_i.weight": {"_type": "histogram", "values": [2.0, 0.0, 0.0, 0.0, 0.0, 2.0, 0.0, 0.0, 0.0, 0.0, 0.0, 1.0, 0.0, 1.0, 1.0, 0.0, 0.0, 2.0, 0.0, 2.0, 0.0, 3.0, 1.0, 2.0, 3.0, 3.0, 9.0, 9.0, 25.0, 37.0, 81.0, 195.0, 384.0, 40253.0, 97.0, 61.0, 30.0, 19.0, 14.0, 6.0, 2.0, 5.0, 2.0, 1.0, 3.0, 1.0, 2.0, 1.0, 0.0, 1.0, 1.0, 0.0, 0.0, 0.0, 0.0, 1.0, 0.0, 0.0, 0.0, 0.0, 0.0, 0.0, 0.0, 1.0], "bins": [-2.2606360289501026e-05, -2.1934090909780934e-05, -2.1261823349050246e-05, -2.0589553969330154e-05, -1.9917284589610063e-05, -1.9245017028879374e-05, -1.8572747649159282e-05, -1.790047826943919e-05, -1.72282088897191e-05, -1.6555939509999007e-05, -1.588367194926832e-05, -1.5211402569548227e-05, -1.4539133189828135e-05, -1.3866864719602745e-05, -1.3194596249377355e-05, -1.2522326869657263e-05, -1.1850059308926575e-05, -1.1177790838701185e-05, -1.0505521458981093e-05, -9.833252988755703e-06, -9.160983609035611e-06, -8.488715138810221e-06, -7.816446668584831e-06, -7.14417774361209e-06, -6.471908818639349e-06, -5.799639893666608e-06, -5.127370968693867e-06, -4.455102498468477e-06, -3.7828335734957363e-06, -3.1105646485229954e-06, -2.4382961782976054e-06, -1.7660272533248644e-06, -1.093760147341527e-06, -4.2149133605562383e-07, 2.507774752302794e-07, 9.230461728293449e-07, 1.5953150978020858e-06, 2.2675840227748267e-06, 2.9398524930002168e-06, 3.6121214179729577e-06, 4.284390342945699e-06, 4.95665926791844e-06, 5.6289281928911805e-06, 6.3011966631165706e-06, 6.9734655880893115e-06, 7.645734513062052e-06, 8.318002983287442e-06, 8.990271453512833e-06, 9.662540833232924e-06, 1.0334809303458314e-05, 1.1007078683178406e-05, 1.1679347153403796e-05, 1.2351616533123888e-05, 1.3023885003349278e-05, 1.3696153473574668e-05, 1.436842285329476e-05, 1.504069132352015e-05, 1.571295979374554e-05, 1.6385229173465632e-05, 1.705749673419632e-05, 1.7729766113916412e-05, 1.8402035493636504e-05, 1.9074304873356596e-05, 1.9746572434087284e-05, 2.0418841813807376e-05]}, "gradients/mass_u.weight": {"_type": "histogram", "values": [1.0, 0.0, 0.0, 1.0, 0.0, 0.0, 0.0, 1.0, 0.0, 0.0, 0.0, 1.0, 0.0, 0.0, 0.0, 0.0, 0.0, 0.0, 0.0, 0.0, 0.0, 0.0, 0.0, 0.0, 0.0, 1.0, 0.0, 1.0, 0.0, 0.0, 1.0, 1.0, 2.0, 0.0, 0.0, 2.0, 2.0, 1.0, 3.0, 2.0, 2.0, 3.0, 4.0, 3.0, 10.0, 5.0, 9.0, 5.0, 9.0, 20.0, 11.0, 24.0, 34.0, 26.0, 33.0, 14.0, 52160.0, 6.0, 2.0, 1.0, 4.0, 0.0, 0.0, 1.0], "bins": [-8.469265594612807e-05, -8.320595225086436e-05, -8.171924855560064e-05, -8.023254486033693e-05, -7.874584116507322e-05, -7.725913019385189e-05, -7.577242649858817e-05, -7.428572280332446e-05, -7.279901910806075e-05, -7.131231541279703e-05, -6.982561171753332e-05, -6.83389080222696e-05, -6.685220432700589e-05, -6.536549335578457e-05, -6.387878966052085e-05, -6.239208596525714e-05, -6.0905382269993424e-05, -5.941867857472971e-05, -5.7931974879466e-05, -5.6445267546223477e-05, -5.495856385095976e-05, -5.347186015569605e-05, -5.1985156460432336e-05, -5.0498449127189815e-05, -4.901174906990491e-05, -4.7525045374641195e-05, -4.603834167937748e-05, -4.455163434613496e-05, -4.306493065087125e-05, -4.1578226955607533e-05, -4.009152326034382e-05, -3.8604819565080106e-05, -3.711810859385878e-05, -3.5631404898595065e-05, -3.414470120333135e-05, -3.265799387008883e-05, -3.117129017482512e-05, -2.9684586479561403e-05, -2.819788278429769e-05, -2.6711177270044573e-05, -2.5224475393770263e-05, -2.373777169850655e-05, -2.2251066184253432e-05, -2.0764362488989718e-05, -1.92776569747366e-05, -1.7790953279472888e-05, -1.6304249584209174e-05, -1.4817544069956057e-05, -1.333083855570294e-05, -1.1844133950944524e-05, -1.0357429346186109e-05, -8.870725650922395e-06, -7.384020591416629e-06, -5.897315986658214e-06, -4.410611836647149e-06, -2.923907231888734e-06, -1.4372026271303184e-06, 4.9501863941259217e-08, 1.5362063550128369e-06, 3.022910732397577e-06, 4.509615337155992e-06, 5.9963199419144075e-06, 7.483024091925472e-06, 8.969728696683887e-06, 1.0456433301442303e-05]}, "gradients/embedding_user.weight": {"_type": "histogram", "values": [4.0, 1.0, 2.0, 1.0, 1.0, 1.0, 3.0, 3.0, 0.0, 5.0, 3.0, 5.0, 7.0, 2.0, 8.0, 5.0, 6.0, 12.0, 20.0, 26.0, 33.0, 46.0, 72.0, 128.0, 210.0, 434.0, 919.0, 2841.0, 17331.0, 3324629.0, 4708.0, 1283.0, 519.0, 282.0, 130.0, 81.0, 57.0, 45.0, 27.0, 23.0, 13.0, 5.0, 9.0, 7.0, 5.0, 6.0, 4.0, 5.0, 4.0, 2.0, 2.0, 0.0, 1.0, 0.0, 3.0, 0.0, 2.0, 1.0, 0.0, 1.0, 0.0, 0.0, 0.0, 1.0], "bins": [-6.293548358371481e-05, -6.077720900066197e-05, -5.8618934417609125e-05, -5.646065983455628e-05, -5.430238525150344e-05, -5.2144110668450594e-05, -4.998583608539775e-05, -4.7827561502344906e-05, -4.566928691929206e-05, -4.351101233623922e-05, -4.1352737753186375e-05, -3.919446317013353e-05, -3.703618858708069e-05, -3.4877914004027843e-05, -3.2719639420975e-05, -3.0561364837922156e-05, -2.8403090254869312e-05, -2.6244815671816468e-05, -2.4086541088763624e-05, -2.192826650571078e-05, -1.9769991922657937e-05, -1.7611717339605093e-05, -1.545344275655225e-05, -1.3295168173499405e-05, -1.1136893590446562e-05, -8.978619007393718e-06, -6.820344424340874e-06, -4.66206984128803e-06, -2.5037952582351863e-06, -3.4552067518234253e-07, 1.8127539078705013e-06, 3.971028490923345e-06, 6.129295798018575e-06, 8.287570381071419e-06, 1.0445844964124262e-05, 1.2604119547177106e-05, 1.476239413022995e-05, 1.6920668713282794e-05, 1.9078943296335638e-05, 2.123721787938848e-05, 2.3395492462441325e-05, 2.555376704549417e-05, 2.7712041628547013e-05, 2.9870316211599857e-05, 3.20285907946527e-05, 3.4186865377705544e-05, 3.634513996075839e-05, 3.850341454381123e-05, 4.0661689126864076e-05, 4.281996370991692e-05, 4.497823829296976e-05, 4.713651287602261e-05, 4.929478745907545e-05, 5.1453062042128295e-05, 5.361133662518114e-05, 5.576961120823398e-05, 5.7927885791286826e-05, 6.008616037433967e-05, 6.224443495739251e-05, 6.440270954044536e-05, 6.65609841234982e-05, 6.871925870655105e-05, 7.087753328960389e-05, 7.303580787265673e-05, 7.519408245570958e-05]}, "gradients/embedding_item.weight": {"_type": "histogram", "values": [2.0, 0.0, 1.0, 1.0, 0.0, 1.0, 1.0, 4.0, 6.0, 6.0, 9.0, 17.0, 23.0, 35.0, 36.0, 63.0, 101.0, 134.0, 160.0, 251.0, 399.0, 599.0, 883.0, 1272.0, 2030.0, 3404.0, 5858.0, 10253.0, 16860.0, 27134.0, 42915.0, 72213.0, 160473.0, 1653644.0, 395216.0, 101202.0, 56012.0, 34321.0, 21954.0, 13376.0, 7832.0, 4541.0, 2679.0, 1726.0, 1033.0, 706.0, 454.0, 315.0, 218.0, 163.0, 117.0, 78.0, 58.0, 28.0, 20.0, 21.0, 14.0, 6.0, 6.0, 5.0, 2.0, 1.0, 1.0, 3.0],