{"R@05": 4.745353003389906e-05, "R@10": 0.0001908103934857257, "R@20": 0.0007953921140674802, "N@05": 0.00045881822827767714, "N@10": 0.0007881689992479451, "N@20": 0.0012834136077091588, "_timestamp": 1688062816.148443, "_runtime": 2937.338809967041, "_step": 331, "BEST_NDCG@10": 0.021608846224037147, "epoch": 299, "Tr_loss": 1894.1209613037108, "gradients/item_embeddings.weight": {"_type": "histogram", "values": [2.0, 1.0, 0.0, 0.0, 1.0, 1.0, 0.0, 0.0, 0.0, 0.0, 1.0, 3.0, 1.0, 1.0, 3.0, 7.0, 10.0, 8.0, 20.0, 32.0, 46.0, 61.0, 88.0, 121.0, 170.0, 269.0, 364.0, 445.0, 626.0, 769.0, 1086.0, 1318.0, 1506.0, 1655.0, 1794.0, 1872.0, 214450.0, 1726.0, 1711.0, 1482.0, 1252.0, 1016.0, 851.0, 643.0, 528.0, 369.0, 295.0, 177.0, 125.0, 78.0, 70.0, 44.0, 26.0, 14.0, 14.0, 5.0, 7.0, 6.0, 3.0, 3.0, 3.0, 2.0, 0.0, 3.0], "bins": [-12.328353881835938, -11.986021041870117, -11.643688201904297, -11.301355361938477, -10.959022521972656, -10.616689682006836, -10.274356842041016, -9.932024002075195, -9.589691162109375, -9.247358322143555, -8.905025482177734, -8.562692642211914, -8.220359802246094, -7.878026962280273, -7.535693645477295, -7.193360805511475, -6.851027488708496, -6.508694648742676, -6.1663618087768555, -5.824028968811035, -5.481696128845215, -5.1393632888793945, -4.797029972076416, -4.454697132110596, -4.112364292144775, -3.770031452178955, -3.4276986122131348, -3.0853655338287354, -2.743032693862915, -2.4006998538970947, -2.0583667755126953, -1.716033935546875, -1.3737010955810547, -1.0313682556152344, -0.6890352964401245, -0.34670233726501465, -0.004369497299194336, 0.337963342666626, 0.6802964210510254, 1.0226292610168457, 1.364962100982666, 1.7072949409484863, 2.0496277809143066, 2.391960859298706, 2.7342936992645264, 3.0766265392303467, 3.418959617614746, 3.7612924575805664, 4.103625297546387, 4.445958137512207, 4.788290977478027, 5.130623817443848, 5.472956657409668, 5.815289497375488, 6.157622814178467, 6.499955654144287, 6.842288494110107, 7.184621334075928, 7.526954174041748, 7.869287490844727, 8.211620330810547, 8.553953170776367, 8.896286010742188, 9.238618850708008, 9.580951690673828]}, "gradients/user_embeddings.weight": {"_type": "histogram", "values": [1.0, 2.0, 0.0, 0.0, 1.0, 5.0, 3.0, 5.0, 7.0, 17.0, 18.0, 38.0, 43.0, 54.0, 88.0, 112.0, 146.0, 203.0, 257.0, 341.0, 361.0, 462.0, 563.0, 658.0, 739.0, 781.0, 959.0, 374087.0, 933.0, 853.0, 763.0, 766.0, 684.0, 533.0, 434.0, 377.0, 327.0, 231.0, 188.0, 155.0, 100.0, 77.0, 49.0, 51.0, 24.0, 14.0, 13.0, 8.0, 9.0, 7.0, 3.0, 2.0, 5.0, 0.0, 0.0, 0.0, 0.0, 0.0, 2.0, 0.0, 0.0, 0.0, 0.0, 1.0], "bins": [-8.22098159790039, -7.927152633666992, -7.633323669433594, -7.3394951820373535, -7.045666217803955, -6.751837253570557, -6.458008766174316, -6.164179801940918, -5.8703508377075195, -5.576521873474121, -5.282692909240723, -4.988864421844482, -4.695035457611084, -4.4012064933776855, -4.107378005981445, -3.813549041748047, -3.5197200775146484, -3.22589111328125, -2.9320623874664307, -2.6382336616516113, -2.344404697418213, -2.0505757331848145, -1.7567470073699951, -1.4629182815551758, -1.1690893173217773, -0.8752604722976685, -0.5814316272735596, -0.2876027822494507, 0.006226062774658203, 0.3000549077987671, 0.593883752822876, 0.8877124786376953, 1.1815414428710938, 1.4753702878952026, 1.7691991329193115, 2.063027858734131, 2.3568568229675293, 2.6506857872009277, 2.944514513015747, 3.2383432388305664, 3.532172203063965, 3.8260011672973633, 4.119830131530762, 4.413658618927002, 4.7074875831604, 5.001316547393799, 5.295145034790039, 5.5889739990234375, 5.882802963256836, 6.176631927490234, 6.470460891723633, 6.764289379119873, 7.0581183433532715, 7.35194730758667, 7.64577579498291, 7.939604759216309, 8.233433723449707, 8.527262687683105, 8.821091651916504, 9.114920616149902, 9.408748626708984, 9.702577590942383, 9.996406555175781, 10.29023551940918, 10.584064483642578]}, "_wandb": {"runtime": 2936}}