{"TOTAL_BEST_METRIC": 0.19417549037323753, "BEST_NDCG@10": 0.021907761725146822, "_timestamp": 1688523996.1225893, "_runtime": 1542.8858642578125, "_step": 1270, "epoch": 1000, "Train_Metric_loss": 2.7887091636657715, "Train_Reg_loss": 1.8591542730713887e-06, "Pos_loss": 7.999128818511963, "Neg_loss": 1.2767623662948608, "Recall@5": 0.02216558750574531, "Recall@10": 0.03987744756297676, "Recall@20": 0.06555895468069574, "NDCG@5": 0.015504207866859758, "NDCG@10": 0.021857404143921753, "NDCG@20": 0.029069587673423002, "Recall@5_total_best": 0.022233856211370653, "Recall@10_total_best": 0.040013984974227444, "Recall@20_total_best": 0.06542241726944506, "ndcg@5_total_best": 0.015546638058039474, "ndcg@10_total_best": 0.021907761725146822, "ndcg@20_total_best": 0.02905083213500809, "EPOCH_ndcg_best": 1000, "Recall@5_ndcg_best": 0.022233856211370653, "Recall@10_ndcg_best": 0.040013984974227444, "Recall@20_ndcg_best": 0.06542241726944506, "ndcg@5_ndcg_best": 0.015546638058039474, "ndcg@10_ndcg_best": 0.021907761725146822, "ndcg@20_ndcg_best": 0.02905083213500809, "gradients/mass_i.weight": {"_type": "histogram", "values": [1.0, 0.0, 0.0, 0.0, 1.0, 0.0, 0.0, 0.0, 0.0, 0.0, 0.0, 1.0, 0.0, 0.0, 1.0, 1.0, 0.0, 0.0, 1.0, 1.0, 1.0, 0.0, 0.0, 0.0, 0.0, 0.0, 2.0, 3.0, 1.0, 2.0, 3.0, 1.0, 5.0, 1.0, 2.0, 2.0, 6.0, 11.0, 9.0, 12.0, 41.0, 41.0, 141.0, 32.0, 91.0, 683.0, 60.0, 259.0, 6540.0, 480.0, 63.0, 118.0, 14.0, 39.0, 7.0, 19.0, 7.0, 2.0, 4.0, 0.0, 3.0, 0.0, 0.0, 1.0], "bins": [-0.002956127282232046, -0.0028946285601705313, -0.0028331296052783728, -0.002771630883216858, -0.002710132161155343, -0.002648633439093828, -0.0025871344842016697, -0.002525635762140155, -0.00246413704007864, -0.002402638318017125, -0.0023411393631249666, -0.0022796406410634518, -0.002218141919001937, -0.002156643196940422, -0.0020951442420482635, -0.0020336455199867487, -0.00197214656509459, -0.0019106477266177535, -0.0018491490045562387, -0.001787650166079402, -0.0017261514440178871, -0.0016646526055410504, -0.0016031537670642138, -0.001541655045002699, -0.0014801562065258622, -0.0014186573680490255, -0.0013571586459875107, -0.001295659807510674, -0.0012341609690338373, -0.0011726622469723225, -0.0011111634084954858, -0.001049664570018649, -0.000988166080787778, -0.0009266673005186021, -0.0008651685202494264, -0.0008036696817725897, -0.0007421709015034139, -0.0006806721212342381, -0.0006191732827574015, -0.0005576745024882257, -0.0004961757222190499, -0.00043467694194987416, -0.00037317813257686794, -0.0003116793232038617, -0.00025018054293468595, -0.00018868176266551018, -0.00012718295329250395, -6.568414391949773e-05, -4.1853636503219604e-06, 5.7313431170769036e-05, 0.00011881222599186003, 0.00018031102081295103, 0.00024180981563404202, 0.0003033085959032178, 0.000364807405276224, 0.00042630621464923024, 0.000487804994918406, 0.0005493037751875818, 0.0006108025554567575, 0.0006723013939335942, 0.00073380017420277, 0.0007952989544719458, 0.0008567977929487824, 0.0009182965732179582, 0.000979795353487134]}, "gradients/mass_u.weight": {"_type": "histogram", "values": [1.0, 0.0, 0.0, 0.0, 0.0, 0.0, 0.0, 0.0, 1.0, 0.0, 0.0, 0.0, 0.0, 0.0, 0.0, 0.0, 0.0, 0.0, 0.0, 0.0, 0.0, 1.0, 0.0, 0.0, 0.0, 0.0, 0.0, 0.0, 0.0, 0.0, 0.0, 1.0, 0.0, 1.0, 2.0, 0.0, 1.0, 0.0, 2.0, 0.0, 2.0, 1.0, 0.0, 2.0, 2.0, 0.0, 0.0, 1.0, 1.0, 6.0, 2.0, 8.0, 6.0, 2.0, 12.0, 10.0, 33.0, 42.0, 46.0, 81.0, 96.0, 62.0, 46.0, 14210.0], "bins": [-0.0039688898250460625, -0.003906875848770142, -0.0038448621053248644, -0.0037828481290489435, -0.0037208341527730227, -0.0036588204093277454, -0.0035968064330518246, -0.0035347924567759037, -0.003472778480499983, -0.003410764504224062, -0.0033487507607787848, -0.003286736784502864, -0.003224722808226943, -0.003162709064781666, -0.003100695088505745, -0.003038681112229824, -0.002976667368784547, -0.002914653392508626, -0.0028526396490633488, -0.002790625672787428, -0.002728611696511507, -0.002666597720235586, -0.002604583976790309, -0.002542570000514388, -0.002480556257069111, -0.00241854228079319, -0.002356528537347913, -0.002294514561071992, -0.002232500584796071, -0.002170486841350794, -0.002108472865074873, -0.002046458888798952, -0.0019844449125230312, -0.0019224310526624322, -0.0018604170763865113, -0.0017984032165259123, -0.0017363892402499914, -0.0016743753803893924, -0.0016123615205287933, -0.0015503475442528725, -0.0014883336843922734, -0.0014263198245316744, -0.0013643058482557535, -0.0013022919883951545, -0.0012402781285345554, -0.0011782641522586346, -0.0011162502923980355, -0.0010542364325374365, -0.0009922224562615156, -0.0009302085381932557, -0.0008681946201249957, -0.0008061807602643967, -0.0007441668421961367, -0.0006821529241278768, -0.0006201390642672777, -0.0005581251461990178, -0.0004961112281307578, -0.00043409731006249785, -0.00037208342109806836, -0.00031006953213363886, -0.0002480556140653789, -0.00018604169599711895, -0.00012402780703268945, -6.201391806825995e-05, 0.0]}, "gradients/embedding_user.weight": {"_type": "histogram", "values": [1.0, 0.0, 1.0, 1.0, 2.0, 0.0, 1.0, 1.0, 1.0, 2.0, 2.0, 3.0, 3.0, 8.0, 2.0, 6.0, 8.0, 16.0, 14.0, 20.0, 37.0, 52.0, 108.0, 164.0, 366.0, 845.0, 2080.0, 4616.0, 10138.0, 517495.0, 386445.0, 9380.0, 4365.0, 1893.0, 780.0, 342.0, 168.0, 84.0, 43.0, 33.0, 13.0, 9.0, 10.0, 7.0, 4.0, 4.0, 3.0, 1.0, 1.0, 2.0, 0.0, 2.0, 0.0, 0.0, 0.0, 0.0, 1.0, 0.0, 0.0, 0.0, 0.0, 0.0, 0.0, 1.0], "bins": [-0.00037191141746006906, -0.00035949613084085286, -0.0003470808733254671, -0.0003346655867062509, -0.0003222503000870347, -0.00030983504257164896, -0.00029741975595243275, -0.000285004498437047, -0.0002725892118178308, -0.0002601739251986146, -0.00024775866768322885, -0.00023534338106401265, -0.00022292810899671167, -0.0002105128369294107, -0.0001980975503101945, -0.00018568227824289352, -0.00017326700617559254, -0.00016085173410829157, -0.0001484364620409906, -0.0001360211754217744, -0.0001236059033544734, -0.00011119063128717244, -9.877535194391385e-05, -8.636007260065526e-05, -7.394480053335428e-05, -6.152952846605331e-05, -4.911424912279472e-05, -3.6698973417514935e-05, -2.4283697712235153e-05, -1.1868425644934177e-05, 5.468536983244121e-07, 1.2962133041583002e-05, 2.5377434212714434e-05, 3.7792709917994216e-05, 5.0207985623274e-05, 6.262326496653259e-05, 7.503853703383356e-05, 8.745380910113454e-05, 9.986908844439313e-05, 0.00011228436778765172, 0.0001246996398549527, 0.00013711491192225367, 0.00014953018398955464, 0.00016194547060877085, 0.00017436074267607182, 0.0001867760147433728, 0.000199191301362589, 0.00021160657342988998, 0.00022402184549719095, 0.00023643711756449193, 0.0002488523896317929, 0.0002612676762510091, 0.00027368293376639485, 0.00028609822038561106, 0.00029851350700482726, 0.00031092879362404346, 0.0003233440511394292, 0.0003357593377586454, 0.00034817459527403116, 0.00036058988189324737, 0.00037300516851246357, 0.0003854204260278493, 0.0003978357126470655, 0.00041025097016245127, 0.00042266625678166747]}, "gradients/embedding_item.weight": {"_type": "histogram", "values": [2.0, 2.0, 3.0, 2.0, 1.0, 4.0, 9.0, 8.0, 15.0, 24.0, 21.0, 40.0, 77.0, 73.0, 130.0, 171.0, 267.0, 373.0, 551.0, 880.0, 1338.0, 1919.0, 3051.0, 4841.0, 7621.0, 12194.0, 18532.0, 26265.0, 42647.0, 132738.0, 161738.0, 54929.0, 28730.0, 20574.0, 13626.0, 8841.0, 5516.0, 3348.0, 2287.0, 1392.0, 893.0, 606.0, 426.0, 288.0, 179.0, 140.0, 97.0, 62.0, 45.0, 35.0, 27.0, 11.0, 9.0, 10.0, 13.0, 4.0, 2.0, 2.0, 0.0, 1.0, 1.0, 0.0, 0.0, 1.0],