{"TOTAL_BEST_METRIC": 0.9628069871928071, "BEST_NDCG@10": 0.1218758199790638, "_timestamp": 1688284524.3755646, "_runtime": 347.2799434661865, "_step": 1186, "epoch": 1000, "Train_Metric_loss": -0.7769674777984619, "Train_Reg_loss": 0.00015066513733472676, "Recall@5": 0.1308129115696653, "Recall@10": 0.19830703065084182, "Recall@20": 0.27014643201300736, "NDCG@5": 0.09787410310350639, "NDCG@10": 0.12141960289198354, "NDCG@20": 0.14212887709334548, "Recall@5_total_best": 0.1298016214426528, "Recall@10_total_best": 0.19833809633015403, "Recall@20_total_best": 0.27188802690019204, "ndcg@5_total_best": 0.09789257553435725, "ndcg@10_total_best": 0.1218758199790638, "ndcg@20_total_best": 0.14301084700638714, "EPOCH_ndcg_best": 870, "Recall@5_ndcg_best": 0.1298016214426528, "Recall@10_ndcg_best": 0.19833809633015403, "Recall@20_ndcg_best": 0.27188802690019204, "ndcg@5_ndcg_best": 0.09789257553435725, "ndcg@10_ndcg_best": 0.1218758199790638, "ndcg@20_ndcg_best": 0.14301084700638714, "gradients/mass_i.weight": {"_type": "histogram", "values": [1.0, 0.0, 0.0, 0.0, 0.0, 0.0, 0.0, 0.0, 0.0, 0.0, 0.0, 0.0, 0.0, 0.0, 0.0, 0.0, 0.0, 0.0, 0.0, 1.0, 1.0, 0.0, 3.0, 0.0, 1.0, 1.0, 3.0, 1.0, 3.0, 3.0, 7.0, 8.0, 6.0, 4.0, 11.0, 16.0, 24.0, 22.0, 17.0, 19.0, 48.0, 74.0, 33.0, 15.0, 29.0, 30.0, 3027.0, 21.0, 15.0, 15.0, 33.0, 25.0, 13.0, 6.0, 7.0, 9.0, 6.0, 1.0, 3.0, 1.0, 1.0, 0.0, 2.0, 2.0], "bins": [-0.00023907747527118772, -0.00023388880072161555, -0.00022870012617204338, -0.0002235114516224712, -0.00021832279162481427, -0.0002131341170752421, -0.00020794544252566993, -0.00020275676797609776, -0.0001975680934265256, -0.00019237941887695342, -0.00018719074432738125, -0.00018200206977780908, -0.00017681339522823691, -0.00017162473523057997, -0.0001664360606810078, -0.00016124738613143563, -0.00015605871158186346, -0.0001508700370322913, -0.00014568136248271912, -0.00014049268793314695, -0.00013530402793549, -0.00013011535338591784, -0.00012492667883634567, -0.0001197380042867735, -0.00011454932973720133, -0.00010936065518762916, -0.000104171980638057, -9.898331336444244e-05, -9.379463881487027e-05, -8.86059642652981e-05, -8.341729699168354e-05, -7.822862244211137e-05, -7.303996244445443e-05, -6.785128789488226e-05, -6.266261334531009e-05, -5.7473946071695536e-05, -5.2285271522123367e-05, -4.70965969725512e-05, -4.1907926060957834e-05, -3.671925514936447e-05, -3.15305805997923e-05, -2.6341907869209535e-05, -2.115323513862677e-05, -1.5964562408044003e-05, -1.0775889677461237e-05, -5.5872169468784705e-06, -3.9854421629570425e-07, 4.7901266952976584e-06, 9.978801244869828e-06, 1.5167473975452594e-05, 2.035614670603536e-05, 2.5544819436618127e-05, 3.073349216720089e-05, 3.592216671677306e-05, 4.1110837628366426e-05, 4.629950853995979e-05, 5.148818308953196e-05, 5.667685763910413e-05, 6.18655321886763e-05, 6.705419946229085e-05, 7.224287401186302e-05, 7.743154856143519e-05, 8.262021583504975e-05, 8.780889038462192e-05, 9.299756493419409e-05]}, "gradients/mass_u.weight": {"_type": "histogram", "values": [1.0, 0.0, 0.0, 0.0, 1.0, 0.0, 0.0, 0.0, 0.0, 0.0, 0.0, 0.0, 1.0, 0.0, 0.0, 0.0, 0.0, 0.0, 0.0, 0.0, 0.0, 0.0, 0.0, 0.0, 0.0, 0.0, 1.0, 0.0, 3.0, 2.0, 0.0, 1.0, 2.0, 2.0, 2.0, 2.0, 1.0, 6.0, 3.0, 8.0, 8.0, 6.0, 8.0, 8.0, 19.0, 13.0, 11.0, 21.0, 24.0, 20.0, 21.0, 15.0, 5285.0, 5.0, 9.0, 8.0, 8.0, 3.0, 3.0, 1.0, 5.0, 1.0, 0.0, 3.0], "bins": [-0.0004769457154907286, -0.0004678309487644583, -0.000458716182038188, -0.0004496013862080872, -0.0004404866194818169, -0.00043137185275554657, -0.00042225708602927625, -0.00041314231930300593, -0.00040402752347290516, -0.00039491275674663484, -0.0003857979900203645, -0.00037668319419026375, -0.00036756842746399343, -0.0003584536607377231, -0.0003493388940114528, -0.0003402241272851825, -0.00033110936055891216, -0.00032199459383264184, -0.0003128798271063715, -0.00030376503127627075, -0.00029465026455000043, -0.0002855354978237301, -0.0002764207310974598, -0.0002673059643711895, -0.00025819119764491916, -0.00024907643091864884, -0.0002399616496404633, -0.00023084688291419297, -0.00022173210163600743, -0.0002126173349097371, -0.0002035025681834668, -0.00019438780145719647, -0.0001852730056270957, -0.00017615823890082538, -0.00016704345762263983, -0.00015792869089636952, -0.00014881390961818397, -0.00013969914289191365, -0.00013058437616564333, -0.0001214696021634154, -0.00011235482816118747, -0.00010324005415895954, -9.41252801567316e-05, -8.501051343046129e-05, -7.589573942823336e-05, -6.678096542600542e-05, -5.76661950617563e-05, -4.855142469750717e-05, -3.943665069527924e-05, -3.0321878512040712e-05, -2.1207106328802183e-05, -1.2092334145563655e-05, -2.977561962325126e-06, 6.137212039902806e-06, 1.5251982404151931e-05, 2.4366752768401057e-05, 3.348152677062899e-05, 4.259630077285692e-05, 5.1711071137106046e-05, 6.082584150135517e-05, 6.99406155035831e-05, 7.905538950581104e-05, 8.817015623208135e-05, 9.728493023430929e-05, 0.00010639970423653722]}, "gradients/embedding_user.weight": {"_type": "histogram", "values": [1.0, 0.0, 1.0, 0.0, 0.0, 0.0, 3.0, 3.0, 0.0, 1.0, 3.0, 1.0, 5.0, 7.0, 11.0, 11.0, 13.0, 17.0, 36.0, 55.0, 95.0, 148.0, 207.0, 277.0, 471.0, 727.0, 1144.0, 1822.0, 2786.0, 4573.0, 10556.0, 56986.0, 157796.0, 86792.0, 15823.0, 5265.0, 3305.0, 2082.0, 1354.0, 770.0, 532.0, 320.0, 209.0, 137.0, 84.0, 56.0, 47.0, 30.0, 20.0, 11.0, 9.0, 3.0, 4.0, 5.0, 4.0, 1.0, 2.0, 0.0, 0.0, 0.0, 1.0, 0.0, 1.0, 1.0], "bins": [-0.00037058466114103794, -0.00035923082032240927, -0.0003478769795037806, -0.0003365231095813215, -0.0003251692687626928, -0.00031381542794406414, -0.000302461558021605, -0.00029110771720297635, -0.0002797538763843477, -0.000268400035565719, -0.00025704619474709034, -0.0002456923248246312, -0.00023433848400600255, -0.00022298464318737388, -0.00021163078781682998, -0.00020027693244628608, -0.0001889230916276574, -0.00017756925080902874, -0.00016621539543848485, -0.00015486154006794095, -0.00014350769924931228, -0.0001321538584306836, -0.00012080000306013972, -0.00010944615496555343, -9.809230687096715e-05, -8.673845877638087e-05, -7.538461068179458e-05, -6.40307625872083e-05, -5.267691449262202e-05, -4.1323066398035735e-05, -2.9969218303449452e-05, -1.861537020886317e-05, -7.261551218107343e-06, 4.09229687647894e-06, 1.5446144971065223e-05, 2.6799993065651506e-05, 3.815384116023779e-05, 4.950768925482407e-05, 6.0861537349410355e-05, 7.221538544399664e-05, 8.356923353858292e-05, 9.49230816331692e-05, 0.00010627692972775549, 0.00011763077782234177, 0.00012898462591692805, 0.00014033846673555672, 0.00015169232210610062, 0.00016304617747664452, 0.00017440001829527318, 0.00018575385911390185, 0.00019710771448444575, 0.00020846156985498965, 0.00021981541067361832, 0.00023116925149224699, 0.00024252310686279088, 0.0002538769622333348, 0.00026523080305196345, 0.0002765846438705921, 0.00028793851379305124, 0.0002992923546116799, 0.0003106461954303086, 0.00032200003624893725, 0.0003333538770675659, 0.00034470774699002504, 0.0003560615878086537]}, "gradients/embedding_item.weight": {"_type": "histogram", "values": [1.0, 0.0, 0.0, 0.0, 0.0, 0.0, 0.0, 0.0, 0.0, 1.0, 1.0, 4.0, 5.0, 10.0, 6.0, 6.0, 10.0, 11.0, 14.0, 17.0, 40.0, 58.0, 69.0, 96.0, 155.0, 232.0, 337.0, 524.0, 921.0, 1442.0, 2472.0, 4315.0, 7811.0, 13548.0, 22267.0, 33042.0, 58166.0, 31628.0, 21211.0, 12710.0, 7186.0, 4005.0, 2269.0, 1402.0, 774.0, 530.0, 350.0, 231.0, 159.0, 83.0, 62.0, 54.0, 28.0, 26.0, 14.0, 10.0, 13.0, 5.0, 8.0, 4.0, 5.0, 1.0, 0.0, 3.0],