{"TOTAL_BEST_METRIC": 1.0502854371071753, "BEST_NDCG@10": 0.13301323861425038, "_timestamp": 1688338758.9144957, "_runtime": 635.3058986663818, "_step": 1119, "epoch": 1000, "Train_Metric_loss": NaN, "Train_Reg_loss": NaN, "Pos_loss": NaN, "Neg_loss": NaN, "Recall@5": 0.0007852166725705515, "Recall@10": 0.003778486243948518, "Recall@20": 0.005806892363746774, "NDCG@5": 0.000556356529533085, "NDCG@10": 0.0016257618776651963, "NDCG@20": 0.002209725865082795, "Recall@5_total_best": 0.14494161862792662, "Recall@10_total_best": 0.2113594289002589, "Recall@20_total_best": 0.294525173164219, "ndcg@5_total_best": 0.10991737993670066, "ndcg@10_total_best": 0.13301323861425038, "ndcg@20_total_best": 0.15652859786381976, "EPOCH_ndcg_best": 390, "Recall@5_ndcg_best": 0.14494161862792662, "Recall@10_ndcg_best": 0.2113594289002589, "Recall@20_ndcg_best": 0.294525173164219, "ndcg@5_ndcg_best": 0.10991737993670066, "ndcg@10_ndcg_best": 0.13301323861425038, "ndcg@20_ndcg_best": 0.15652859786381976, "gradients/mass_i.weight": {"_type": "histogram", "values": [1.0, 0.0, 0.0, 3.0, 3.0, 5.0, 4.0, 5.0, 5.0, 6.0, 9.0, 16.0, 21.0, 22.0, 16.0, 21.0, 25.0, 18.0, 28.0, 16.0, 26.0, 3271.0, 6.0, 9.0, 7.0, 7.0, 2.0, 2.0, 1.0, 2.0, 1.0, 1.0, 2.0, 1.0, 3.0, 0.0, 0.0, 1.0, 0.0, 0.0, 0.0, 0.0, 1.0, 0.0, 0.0, 0.0, 0.0, 0.0, 0.0, 0.0, 0.0, 0.0, 0.0, 0.0, 0.0, 0.0, 0.0, 0.0, 0.0, 0.0, 0.0, 0.0, 0.0, 1.0], "bins": [-3.0587583751184866e-05, -2.9155011361581273e-05, -2.772243897197768e-05, -2.6289868401363492e-05, -2.4857294192770496e-05, -2.3424723622156307e-05, -2.1992151232552715e-05, -2.0559578842949122e-05, -1.912700645334553e-05, -1.7694434063741937e-05, -1.6261861674138345e-05, -1.4829290194029454e-05, -1.3396717804425862e-05, -1.196414541482227e-05, -1.0531573934713379e-05, -9.099001545109786e-06, -7.666429155506194e-06, -6.233856765902601e-06, -4.80128483104636e-06, -3.368712896190118e-06, -1.9361405065865256e-06, -5.035681169829331e-07, 9.290033631259575e-07, 2.36157575272955e-06, 3.7941481423331425e-06, 5.226720531936735e-06, 6.6592924667929765e-06, 8.091864401649218e-06, 9.52443679125281e-06, 1.0957009180856403e-05, 1.2389580660965294e-05, 1.3822153050568886e-05, 1.5254721802193671e-05, 1.6687294191797264e-05, 1.8119866581400856e-05, 1.9552437152015045e-05, 2.098501136060804e-05, 2.241758193122223e-05, 2.3850154320825823e-05, 2.5282726710429415e-05, 2.6715299100033008e-05, 2.81478714896366e-05, 2.9580443879240192e-05, 3.1013016268843785e-05, 3.2445586839457974e-05, 3.387816104805097e-05, 3.531073161866516e-05, 3.674330218927935e-05, 3.8175876397872344e-05, 3.960844696848653e-05, 4.104102117707953e-05, 4.247359174769372e-05, 4.3906165956286713e-05, 4.53387365269009e-05, 4.67713107354939e-05, 4.820388130610809e-05, 4.9636451876722276e-05, 5.1069022447336465e-05, 5.250159665592946e-05, 5.393416722654365e-05, 5.5366741435136646e-05, 5.6799312005750835e-05, 5.8231882576365024e-05, 5.966445678495802e-05, 6.109703099355102e-05]}, "gradients/mass_u.weight": {"_type": "histogram", "values": [1.0, 0.0, 1.0, 0.0, 0.0, 0.0, 0.0, 0.0, 0.0, 0.0, 0.0, 0.0, 0.0, 0.0, 0.0, 1.0, 0.0, 0.0, 0.0, 0.0, 0.0, 0.0, 0.0, 1.0, 2.0, 0.0, 1.0, 0.0, 0.0, 1.0, 0.0, 0.0, 0.0, 0.0, 0.0, 0.0, 0.0, 0.0, 1.0, 0.0, 0.0, 1.0, 0.0, 1.0, 0.0, 1.0, 1.0, 1.0, 2.0, 1.0, 2.0, 6.0, 3.0, 3.0, 8.0, 6.0, 12.0, 12.0, 30.0, 41.0, 71.0, 156.0, 123.0, 5051.0], "bins": [-3.454735269770026e-05, -3.4007549402303994e-05, -3.3467746106907725e-05, -3.2927946449490264e-05, -3.2388143154093996e-05, -3.184833985869773e-05, -3.1308540201280266e-05, -3.0768736905884e-05, -3.022893361048773e-05, -2.968913031509146e-05, -2.9149328838684596e-05, -2.860952736227773e-05, -2.8069724066881463e-05, -2.7529920771485195e-05, -2.699011929507833e-05, -2.6450317818671465e-05, -2.5910514523275197e-05, -2.5370711227878928e-05, -2.4830909751472063e-05, -2.42911082750652e-05, -2.375130497966893e-05, -2.3211501684272662e-05, -2.2671700207865797e-05, -2.2131898731458932e-05, -2.1592095436062664e-05, -2.1052292140666395e-05, -2.051249066425953e-05, -1.9972689187852666e-05, -1.9432885892456397e-05, -1.889308259706013e-05, -1.8353281120653264e-05, -1.78134796442464e-05, -1.727367634885013e-05, -1.6733873053453863e-05, -1.6194071577046998e-05, -1.5654270100640133e-05, -1.5114466805243865e-05, -1.4574664419342298e-05, -1.4034862033440731e-05, -1.3495059647539165e-05, -1.2955257261637598e-05, -1.2415454875736032e-05, -1.1875652489834465e-05, -1.1335850103932898e-05, -1.0796047718031332e-05, -1.0256245332129765e-05, -9.716442946228199e-06, -9.176640560326632e-06, -8.636838174425066e-06, -8.097035788523499e-06, -7.557233402621932e-06, -7.017431016720366e-06, -6.477628630818799e-06, -5.9378262449172325e-06, -5.398023859015666e-06, -4.858221473114099e-06, -4.318419087212533e-06, -3.778616701310966e-06, -3.2388143154093996e-06, -2.699011929507833e-06, -2.1592095436062664e-06, -1.6194071577046998e-06, -1.0796047718031332e-06, -5.398023859015666e-07, 0.0]}, "gradients/embedding_user.weight": {"_type": "histogram", "values": [0.0, 0.0, 0.0, 0.0, 0.0, 0.0, 0.0, 0.0, 0.0, 0.0, 0.0, 0.0, 0.0, 0.0, 0.0, 0.0, 0.0, 0.0, 0.0, 0.0, 0.0, 0.0, 0.0, 0.0, 0.0, 0.0, 0.0, 0.0, 0.0, 0.0, 0.0, 0.0, 3392.0, 0.0, 0.0, 0.0, 0.0, 0.0, 0.0, 0.0, 0.0, 0.0, 0.0, 0.0, 0.0, 0.0, 0.0, 0.0, 0.0, 0.0, 0.0, 0.0, 0.0, 0.0, 0.0, 0.0, 0.0, 0.0, 0.0, 0.0, 0.0, 0.0, 0.0, 0.0], "bins": [0.0, 0.0, 0.0, 0.0, 0.0, 0.0, 0.0, 0.0, 0.0, 0.0, 0.0, 0.0, 0.0, 0.0, 0.0, 0.0, 0.0, 0.0, 0.0, 0.0, 0.0, 0.0, 0.0, 0.0, 0.0, 0.0, 0.0, 0.0, 0.0, 0.0, 0.0, 0.0, 0.0, 0.0, 0.0, 0.0, 0.0, 0.0, 0.0, 0.0, 0.0, 0.0, 0.0, 0.0, 0.0, 0.0, 0.0, 0.0, 0.0, 0.0, 0.0, 0.0, 0.0, 0.0, 0.0, 0.0, 0.0, 0.0, 0.0, 0.0, 0.0, 0.0, 0.0, 0.0, 0.0]}, "gradients/embedding_item.weight": {"_type": "histogram", "values": [1.0, 0.0, 1.0, 0.0, 2.0, 1.0, 2.0, 2.0, 3.0, 4.0, 6.0, 2.0, 6.0, 8.0, 13.0, 12.0, 12.0, 12.0, 18.0, 19.0, 25.0, 23.0, 32.0, 50.0, 76.0, 116.0, 164.0, 290.0, 425.0, 733.0, 1186.0, 2179.0, 4156.0, 8771.0, 21972.0, 78478.0, 72027.0, 20813.0, 8274.0, 3856.0, 1941.0, 1060.0, 595.0, 358.0, 244.0, 142.0, 73.0, 58.0, 28.0, 21.0, 22.0, 14.0, 9.0, 3.0, 5.0, 2.0, 1.0, 0.0, 1.0, 2.0, 2.0, 0.0, 0.0, 1.0], "bins": [-0.0010759374126791954, -0.0010460353223606944, -0.0010161332320421934, -0.0009862311417236924, -0.0009563291096128523, -0.0009264270192943513, -0.0008965249289758503, -0.0008666228386573493, -0.0008367207483388484, -0.0008068186580203474, -0.0007769165677018464, -0.0007470145355910063, -0.0007171124452725053, -0.0006872103549540043, -0.0006573082646355033, -0.0006274061743170023, -0.0005975040839985013, -0.0005676019936800003, -0.0005376999033614993, -0.0005077978130429983, -0.0004778957518283278, -0.00044799369061365724, -0.00041809160029515624, -0.00038818950997665524, -0.00035828747786581516, -0.00032838538754731417, -0.00029848332633264363, -0.00026858123601414263, -0.00023867914569564164, -0.00020877706992905587, -0.0001788749941624701, -0.0001489729038439691, -0.00011907081352546811, -8.916873048292473e-05, -5.9266651078360155e-05, -2.936457167379558e-05, 5.375113687478006e-07, 3.0439594411291182e-05, 6.034167017787695e-05, 9.024376049637794e-05, 0.00012014583626296371, 0.00015004791202954948, 0.00017995000234805048, 0.00020985207811463624, 0.000239754153881222, 0.000269656244199723, 0.000299558334518224, 0.000329460424836725, 0.00035936248605139554, 0.00038926457636989653, 0.00041916663758456707, 0.00044906872790306807, 0.00047897081822156906, 0.0005088729085400701, 0.000538774998858571, 0.000568677089177072, 0.0005985791212879121, 0.0006284812116064131, 0.0006583833019249141, 0.0006882853340357542, 0.0007181874243542552, 0.0007480895146727562, 0.0007779916049912572, 0.0008078936953097582, 0.0008377957856282592]}, "_wandb": {"runtime": 634}}