{"TOTAL_BEST_METRIC": 0.8832102116858186, "BEST_NDCG@10": 0.10884123425598341, "_timestamp": 1688317581.766037, "_runtime": 370.1976320743561, "_step": 1115, "epoch": 1000, "Train_Metric_loss": -2.4756714344024657, "Train_Reg_loss": 0.0003811393806245178, "Pos_loss": 0.7725937962532043, "Neg_loss": -4.0805840492248535, "Recall@5": 0.11275635286486005, "Recall@10": 0.17427152744424404, "Recall@20": 0.25227773254228875, "NDCG@5": 0.08281119424127062, "NDCG@10": 0.10415393020094761, "NDCG@20": 0.12642597458385413, "Recall@5_total_best": 0.11604617124500788, "Recall@10_total_best": 0.1790200295227142, "Recall@20_total_best": 0.26176205682959414, "ndcg@5_total_best": 0.08625172420748642, "ndcg@10_total_best": 0.10826106271427986, "ndcg@20_total_best": 0.1318691671667361, "EPOCH_ndcg_best": 650, "Recall@5_ndcg_best": 0.11609823277422139, "Recall@10_ndcg_best": 0.17598001005070746, "Recall@20_ndcg_best": 0.2493473240243194, "ndcg@5_ndcg_best": 0.08774850319338597, "ndcg@10_ndcg_best": 0.10884123425598341, "ndcg@20_ndcg_best": 0.12987515665525634, "gradients/mass_i.weight": {"_type": "histogram", "values": [1.0, 0.0, 0.0, 0.0, 0.0, 0.0, 0.0, 0.0, 0.0, 1.0, 0.0, 1.0, 2.0, 1.0, 5.0, 1.0, 2.0, 5.0, 4.0, 9.0, 8.0, 16.0, 19.0, 26.0, 38.0, 65.0, 74.0, 123.0, 139.0, 147.0, 2539.0, 103.0, 76.0, 57.0, 29.0, 26.0, 7.0, 7.0, 12.0, 7.0, 1.0, 3.0, 1.0, 2.0, 4.0, 1.0, 2.0, 0.0, 0.0, 0.0, 0.0, 2.0, 0.0, 0.0, 0.0, 0.0, 0.0, 0.0, 0.0, 0.0, 0.0, 1.0, 0.0, 1.0], "bins": [-0.0002446290454827249, -0.00023666916240472347, -0.00022870927932672203, -0.00022074939624872059, -0.00021278951317071915, -0.00020482964464463294, -0.0001968697615666315, -0.00018890987848863006, -0.00018094999541062862, -0.00017299011233262718, -0.00016503022925462574, -0.0001570703461766243, -0.0001491104776505381, -0.00014115058002062142, -0.0001331907114945352, -0.00012523082841653377, -0.00011727094533853233, -0.00010931106226053089, -0.00010135117918252945, -9.339130338048562e-05, -8.543142030248418e-05, -7.747153722448274e-05, -6.951166142243892e-05, -6.155177834443748e-05, -5.359189526643604e-05, -4.56320121884346e-05, -3.767213274841197e-05, -2.9712251489399932e-05, -2.1752370230387896e-05, -1.3792487152386457e-05, -5.832607712363824e-06, 2.1272717276588082e-06, 1.0087125701829791e-05, 1.8047006960841827e-05, 2.6006888219853863e-05, 3.3966767659876496e-05, 4.1926650737877935e-05, 4.9886533815879375e-05, 5.784641325590201e-05, 6.580629269592464e-05, 7.376617577392608e-05, 8.172605885192752e-05, 8.968594192992896e-05, 9.764581773197278e-05, 0.00010560570080997422, 0.00011356558388797566, 0.00012152545969001949, 0.00012948534276802093, 0.00013744522584602237, 0.0001454051089240238, 0.00015336499200202525, 0.00016132487508002669, 0.00016928475815802813, 0.00017724462668411434, 0.00018520450976211578, 0.00019316439284011722, 0.00020112427591811866, 0.0002090841589961201, 0.00021704404207412153, 0.00022500392515212297, 0.00023296379367820919, 0.00024092369130812585, 0.00024888355983421206, 0.00025684345746412873, 0.00026480332599021494]}, "gradients/mass_u.weight": {"_type": "histogram", "values": [1.0, 0.0, 0.0, 0.0, 0.0, 0.0, 0.0, 0.0, 0.0, 0.0, 0.0, 0.0, 0.0, 0.0, 0.0, 0.0, 0.0, 0.0, 0.0, 0.0, 0.0, 0.0, 0.0, 0.0, 0.0, 0.0, 0.0, 0.0, 0.0, 0.0, 0.0, 0.0, 0.0, 0.0, 0.0, 0.0, 0.0, 0.0, 0.0, 0.0, 0.0, 0.0, 1.0, 0.0, 0.0, 0.0, 2.0, 0.0, 0.0, 0.0, 0.0, 0.0, 0.0, 2.0, 2.0, 4.0, 5.0, 12.0, 12.0, 12.0, 36.0, 73.0, 219.0, 5160.0], "bins": [-0.0011236193822696805, -0.0011060627875849605, -0.0010885063093155622, -0.0010709497146308422, -0.0010533931199461222, -0.001035836641676724, -0.001018280046992004, -0.0010007235687226057, -0.0009831669740378857, -0.0009656104375608265, -0.0009480538428761065, -0.0009304973063990474, -0.0009129407699219882, -0.0008953842334449291, -0.0008778276387602091, -0.00086027110228315, -0.0008427145658060908, -0.0008251580293290317, -0.0008076014346443117, -0.0007900448981672525, -0.0007724883616901934, -0.0007549318252131343, -0.0007373752305284142, -0.0007198186940513551, -0.0007022620993666351, -0.000684705562889576, -0.0006671489682048559, -0.0006495924317277968, -0.0006320358952507377, -0.0006144793587736785, -0.0005969227640889585, -0.0005793662276118994, -0.0005618096911348403, -0.0005442531546577811, -0.0005266965599730611, -0.000509140023496002, -0.0004915834870189428, -0.00047402692143805325, -0.00045647035585716367, -0.00043891381938010454, -0.0004213572829030454, -0.00040380071732215583, -0.0003862441808450967, -0.0003686876152642071, -0.000351131078787148, -0.0003335745132062584, -0.00031601794762536883, -0.0002984614111483097, -0.0002809048455674201, -0.00026334827998653054, -0.0002457917435094714, -0.00022823517792858183, -0.0002106786414515227, -0.00019312207587063313, -0.00017556552484165877, -0.00015800897381268442, -0.00014045242278371006, -0.0001228958717547357, -0.00010533932072576135, -8.778276242082939e-05, -7.022621139185503e-05, -5.266966036288068e-05, -3.511310205794871e-05, -1.7556551028974354e-05, 0.0]}, "gradients/embedding_user.weight": {"_type": "histogram", "values": [1.0, 0.0, 2.0, 0.0, 0.0, 0.0, 0.0, 2.0, 0.0, 2.0, 2.0, 3.0, 3.0, 3.0, 3.0, 2.0, 3.0, 6.0, 10.0, 12.0, 23.0, 30.0, 66.0, 144.0, 356.0, 1093.0, 4587.0, 65394.0, 257419.0, 21648.0, 2633.0, 689.0, 243.0, 110.0, 48.0, 26.0, 16.0, 8.0, 8.0, 5.0, 5.0, 3.0, 3.0, 4.0, 1.0, 1.0, 0.0, 2.0, 0.0, 0.0, 0.0, 0.0, 0.0, 0.0, 2.0, 0.0, 1.0, 1.0, 0.0, 0.0, 0.0, 0.0, 0.0, 1.0], "bins": [-0.004948296118527651, -0.004773616325110197, -0.004598936531692743, -0.0044242567382752895, -0.004249576944857836, -0.004074897151440382, -0.0039002173580229282, -0.0037255375646054745, -0.0035508577711880207, -0.003376177977770567, -0.003201498184353113, -0.0030268183909356594, -0.0028521385975182056, -0.002677458804100752, -0.002502779010683298, -0.0023280992172658443, -0.0021534196566790342, -0.0019787398632615805, -0.0018040600698441267, -0.001629380276426673, -0.0014547004830092192, -0.0012800206895917654, -0.0011053410125896335, -0.0009306612191721797, -0.0007559814257547259, -0.0005813016323372722, -0.00040662186802364886, -0.00023194210371002555, -5.726231029257178e-05, 0.00011741748312488198, 0.00029209721833467484, 0.0004667770117521286, 0.0006414568051695824, 0.0008161365985870361, 0.00099081639200449, 0.0011654961854219437, 0.0013401759788393974, 0.0015148557722568512, 0.0016895354492589831, 0.001864215242676437, 0.0020388951525092125, 0.0022135749459266663, 0.00238825473934412, 0.002562934532761574, 0.0027376143261790276, 0.0029122941195964813, 0.003086973913013935, 0.003261653706431389, 0.003436333267018199, 0.0036110130604356527, 0.0037856928538531065, 0.003960372414439917, 0.00413505220785737, 0.004309732001274824, 0.004484411794692278, 0.004659091588109732, 0.0048337713815271854, 0.005008451174944639, 0.005183130968362093, 0.005357810761779547, 0.0055324905551970005, 0.005707170348614454, 0.005881850142031908, 0.006056529935449362, 0.006231209728866816]}, "gradients/embedding_item.weight": {"_type": "histogram", "values": [1.0, 2.0, 0.0, 0.0, 1.0, 2.0, 1.0, 2.0, 2.0, 8.0, 5.0, 4.0, 10.0, 18.0, 19.0, 35.0, 27.0, 60.0, 64.0, 79.0, 140.0, 147.0, 256.0, 338.0, 513.0, 803.0, 1198.0, 1849.0, 3059.0, 5079.0, 8975.0, 16718.0, 30974.0, 78002.0, 36009.0, 18631.0, 10174.0, 5734.0, 3438.0, 2042.0, 1283.0, 828.0, 544.0, 378.0, 263.0, 185.0, 124.0, 89.0, 61.0, 53.0, 39.0, 20.0, 18.0, 12.0, 11.0, 6.0, 6.0, 2.0, 1.0, 3.0, 0.0, 1.0, 4.0, 2.0],