{"TOTAL_BEST_METRIC": 0.9999371694350301, "BEST_NDCG@10": 0.12462422309122705, "_timestamp": 1688358693.102304, "_runtime": 805.3456180095673, "_step": 1114, "epoch": 1000, "Train_Metric_loss": NaN, "Train_Reg_loss": NaN, "Pos_loss": NaN, "Neg_loss": NaN, "Recall@5": 0.0007852166725705515, "Recall@10": 0.003778486243948518, "Recall@20": 0.005806892363746774, "NDCG@5": 0.000556356529533085, "NDCG@10": 0.0016257618776651963, "NDCG@20": 0.002209725865082795, "Recall@5_total_best": 0.13581223223541028, "Recall@10_total_best": 0.20207251478295718, "Recall@20_total_best": 0.2876314464910023, "ndcg@5_total_best": 0.10105127277387141, "ndcg@10_total_best": 0.12462422309122705, "ndcg@20_total_best": 0.14874548006056193, "EPOCH_ndcg_best": 70, "Recall@5_ndcg_best": 0.13581223223541028, "Recall@10_ndcg_best": 0.20207251478295718, "Recall@20_ndcg_best": 0.2876314464910023, "ndcg@5_ndcg_best": 0.10105127277387141, "ndcg@10_ndcg_best": 0.12462422309122705, "ndcg@20_ndcg_best": 0.14874548006056193, "gradients/mass_i.weight": {"_type": "histogram", "values": [2.0, 0.0, 0.0, 0.0, 0.0, 0.0, 0.0, 0.0, 0.0, 0.0, 0.0, 1.0, 1.0, 0.0, 0.0, 1.0, 1.0, 1.0, 0.0, 1.0, 1.0, 0.0, 0.0, 1.0, 1.0, 1.0, 1.0, 2.0, 4.0, 6.0, 4.0, 11.0, 12.0, 10.0, 21.0, 21.0, 25.0, 38.0, 49.0, 46.0, 64.0, 73.0, 92.0, 91.0, 92.0, 76.0, 2563.0, 68.0, 53.0, 40.0, 32.0, 18.0, 12.0, 8.0, 10.0, 3.0, 2.0, 0.0, 1.0, 3.0, 2.0, 0.0, 1.0, 2.0], "bins": [-0.00021161301992833614, -0.00020705525821540505, -0.00020249751105438918, -0.00019793974934145808, -0.00019338200218044221, -0.00018882424046751112, -0.00018426647875458002, -0.00017970873159356415, -0.00017515096988063306, -0.00017059320816770196, -0.0001660354610066861, -0.000161477699293755, -0.0001569199375808239, -0.00015236219041980803, -0.00014780442870687693, -0.00014324666699394584, -0.00013868891983292997, -0.00013413115811999887, -0.000129573410958983, -0.0001250156492460519, -0.00012045789480907843, -0.00011590014037210494, -0.00011134237865917385, -0.00010678462422220036, -0.00010222686978522688, -9.76691153482534e-05, -9.311136091127992e-05, -8.855359919834882e-05, -8.399584476137534e-05, -7.943809032440186e-05, -7.488032861147076e-05, -7.032257417449728e-05, -6.576480518560857e-05, -6.120705074863508e-05, -5.6649292673682794e-05, -5.2091534598730505e-05, -4.753378016175702e-05, -4.297602572478354e-05, -3.841826764983125e-05, -3.386050957487896e-05, -2.930275513790548e-05, -2.4744998881942593e-05, -2.0187242625979707e-05, -1.562948637001682e-05, -1.1071730114053935e-05, -6.513973858091049e-06, -1.956217602128163e-06, 2.6015404728241265e-06, 7.159294909797609e-06, 1.1717051165760495e-05, 1.627480742172338e-05, 2.0832563677686267e-05, 2.5390319933649153e-05, 2.994807618961204e-05, 3.4505832445574924e-05, 3.9063590520527214e-05, 4.3621344957500696e-05, 4.817909939447418e-05, 5.273685746942647e-05, 5.729461554437876e-05, 6.185236998135224e-05, 6.641012441832572e-05, 7.096788613125682e-05, 7.55256405682303e-05, 8.008339500520378e-05]}, "gradients/mass_u.weight": {"_type": "histogram", "values": [1.0, 0.0, 0.0, 0.0, 0.0, 0.0, 0.0, 1.0, 1.0, 0.0, 0.0, 0.0, 0.0, 0.0, 0.0, 0.0, 0.0, 0.0, 0.0, 1.0, 0.0, 0.0, 0.0, 0.0, 0.0, 0.0, 0.0, 0.0, 0.0, 1.0, 0.0, 0.0, 0.0, 0.0, 0.0, 0.0, 0.0, 0.0, 2.0, 0.0, 0.0, 1.0, 1.0, 3.0, 2.0, 0.0, 3.0, 3.0, 7.0, 4.0, 4.0, 6.0, 5.0, 3.0, 4.0, 23.0, 24.0, 14.0, 28.0, 92.0, 125.0, 78.0, 40.0, 5064.0], "bins": [-0.0006989716785028577, -0.0006880502332933247, -0.0006771287880837917, -0.0006662074010819197, -0.0006552859558723867, -0.0006443645106628537, -0.0006334430654533207, -0.0006225216202437878, -0.0006116002332419157, -0.0006006787880323827, -0.0005897573428228498, -0.0005788359558209777, -0.0005679145106114447, -0.0005569930654019117, -0.0005460716201923788, -0.0005351501749828458, -0.0005242287879809737, -0.0005133073427714407, -0.0005023858975619078, -0.0004914645105600357, -0.00048054306535050273, -0.00046962162014096975, -0.0004587001749314368, -0.00044777875882573426, -0.0004368572845123708, -0.00042593583930283785, -0.00041501442319713533, -0.00040409297798760235, -0.00039317156188189983, -0.00038225011667236686, -0.0003713286714628339, -0.00036040725535713136, -0.00034948583925142884, -0.00033856439404189587, -0.00032764297793619335, -0.00031672153272666037, -0.00030580011662095785, -0.0002948786714114249, -0.0002839572262018919, -0.0002730358100961894, -0.00026211439399048686, -0.0002511929487809539, -0.00024027153267525136, -0.0002293500874657184, -0.00021842867136001587, -0.0002075072261504829, -0.00019658579549286515, -0.0001856643648352474, -0.00017474291962571442, -0.00016382148896809667, -0.00015290005831047893, -0.00014197861310094595, -0.00013105719699524343, -0.00012013575906166807, -0.0001092143211280927, -9.829289047047496e-05, -8.737145981285721e-05, -7.645002915523946e-05, -6.552859849762172e-05, -5.460716056404635e-05, -4.3685729906428605e-05, -3.276429924881086e-05, -2.1842861315235496e-05, -1.0921430657617748e-05, 0.0]}, "gradients/embedding_user.weight": {"_type": "histogram", "values": [0.0, 0.0, 0.0, 0.0, 0.0, 0.0, 0.0, 0.0, 0.0, 0.0, 0.0, 0.0, 0.0, 0.0, 0.0, 0.0, 0.0, 0.0, 0.0, 0.0, 0.0, 0.0, 0.0, 0.0, 0.0, 0.0, 0.0, 0.0, 0.0, 0.0, 0.0, 0.0, 3392.0, 0.0, 0.0, 0.0, 0.0, 0.0, 0.0, 0.0, 0.0, 0.0, 0.0, 0.0, 0.0, 0.0, 0.0, 0.0, 0.0, 0.0, 0.0, 0.0, 0.0, 0.0, 0.0, 0.0, 0.0, 0.0, 0.0, 0.0, 0.0, 0.0, 0.0, 0.0], "bins": [0.0, 0.0, 0.0, 0.0, 0.0, 0.0, 0.0, 0.0, 0.0, 0.0, 0.0, 0.0, 0.0, 0.0, 0.0, 0.0, 0.0, 0.0, 0.0, 0.0, 0.0, 0.0, 0.0, 0.0, 0.0, 0.0, 0.0, 0.0, 0.0, 0.0, 0.0, 0.0, 0.0, 0.0, 0.0, 0.0, 0.0, 0.0, 0.0, 0.0, 0.0, 0.0, 0.0, 0.0, 0.0, 0.0, 0.0, 0.0, 0.0, 0.0, 0.0, 0.0, 0.0, 0.0, 0.0, 0.0, 0.0, 0.0, 0.0, 0.0, 0.0, 0.0, 0.0, 0.0, 0.0]}, "_wandb": {"runtime": 804}}