{"TOTAL_BEST_METRIC": 0.3250765358942064, "BEST_NDCG@10": 0.03828798920349954, "_timestamp": 1688295901.8830957, "_runtime": 790.1913068294525, "_step": 1261, "epoch": 1000, "Train_Metric_loss": -0.30432023320879253, "Train_Reg_loss": 1.7174138520203996e-05, "Recall@5": 0.03939162190288625, "Recall@10": 0.06455927427903123, "Recall@20": 0.10316215101869332, "NDCG@5": 0.02955045820098192, "NDCG@10": 0.03825136569383282, "NDCG@20": 0.049244293859035955, "Recall@5_total_best": 0.03996594593433753, "Recall@10_total_best": 0.0651648561175459, "Recall@20_total_best": 0.1030179198326817, "ndcg@5_total_best": 0.029602755889813353, "ndcg@10_total_best": 0.03828798920349954, "ndcg@20_total_best": 0.049037068916328336, "EPOCH_ndcg_best": 960, "Recall@5_ndcg_best": 0.03996594593433753, "Recall@10_ndcg_best": 0.0651648561175459, "Recall@20_ndcg_best": 0.1030179198326817, "ndcg@5_ndcg_best": 0.029602755889813353, "ndcg@10_ndcg_best": 0.03828798920349954, "ndcg@20_ndcg_best": 0.049037068916328336, "gradients/mass_i.weight": {"_type": "histogram", "values": [1.0, 0.0, 0.0, 0.0, 0.0, 0.0, 1.0, 0.0, 1.0, 0.0, 0.0, 0.0, 0.0, 0.0, 2.0, 1.0, 0.0, 0.0, 1.0, 1.0, 2.0, 2.0, 0.0, 0.0, 2.0, 1.0, 0.0, 2.0, 0.0, 1.0, 1.0, 3.0, 3.0, 5.0, 3.0, 4.0, 6.0, 4.0, 7.0, 11.0, 7.0, 12.0, 15.0, 19.0, 23.0, 43.0, 101.0, 97.0, 66.0, 53.0, 7887.0, 45.0, 35.0, 63.0, 61.0, 64.0, 15.0, 18.0, 10.0, 8.0, 2.0, 1.0, 1.0, 2.0], "bins": [-7.289860513992608e-05, -7.146597636165097e-05, -7.003334758337587e-05, -6.860072608105838e-05, -6.716809730278328e-05, -6.573546852450818e-05, -6.430283974623308e-05, -6.287021096795797e-05, -6.143758946564049e-05, -6.000496068736538e-05, -5.857233554706909e-05, -5.7139706768793985e-05, -5.570708162849769e-05, -5.427445285022259e-05, -5.2841824071947485e-05, -5.140919529367238e-05, -4.997656651539728e-05, -4.854393773712218e-05, -4.711131259682588e-05, -4.567868381855078e-05, -4.4246058678254485e-05, -4.281342989997938e-05, -4.138080112170428e-05, -3.994817234342918e-05, -3.851554720313288e-05, -3.708291842485778e-05, -3.5650293284561485e-05, -3.421766450628638e-05, -3.278503572801128e-05, -3.1352410587714985e-05, -2.9919781809439883e-05, -2.8487154850154184e-05, -2.7054524252889678e-05, -2.562189729360398e-05, -2.418927033431828e-05, -2.2756641556043178e-05, -2.132401459675748e-05, -1.989138763747178e-05, -1.8458758859196678e-05, -1.702613189991098e-05, -1.559350494062528e-05, -1.4160877981339581e-05, -1.272825011255918e-05, -1.129562224377878e-05, -9.862995284493081e-06, -8.430368325207382e-06, -6.997740456426982e-06, -5.565112587646581e-06, -4.132485628360882e-06, -2.6998582143278327e-06, -1.267230800294783e-06, 1.6539661373826675e-07, 1.5980240277713165e-06, 3.030651441804366e-06, 4.463278855837416e-06, 5.8959067246178165e-06, 7.328533683903515e-06, 8.761160643189214e-06, 1.0193788511969615e-05, 1.1626416380750015e-05, 1.3059043340035714e-05, 1.4491670299321413e-05, 1.5924299077596515e-05, 1.7356926036882214e-05, 1.8789552996167913e-05]}, "gradients/mass_u.weight": {"_type": "histogram", "values": [1.0, 0.0, 0.0, 0.0, 0.0, 0.0, 0.0, 1.0, 0.0, 0.0, 0.0, 1.0, 1.0, 0.0, 0.0, 1.0, 0.0, 1.0, 1.0, 0.0, 3.0, 0.0, 1.0, 0.0, 3.0, 2.0, 0.0, 1.0, 2.0, 2.0, 1.0, 2.0, 4.0, 2.0, 1.0, 1.0, 5.0, 3.0, 5.0, 3.0, 3.0, 6.0, 3.0, 11.0, 5.0, 9.0, 15.0, 10.0, 16.0, 20.0, 22.0, 22.0, 35.0, 19.0, 14389.0, 12.0, 8.0, 7.0, 3.0, 5.0, 3.0, 4.0, 5.0, 1.0], "bins": [-0.00015767676813993603, -0.00015476573025807738, -0.0001518546778243035, -0.00014894363994244486, -0.00014603258750867099, -0.00014312154962681234, -0.00014021049719303846, -0.00013729945931117982, -0.00013438840687740594, -0.0001314773689955473, -0.00012856631656177342, -0.00012565527867991477, -0.0001227442262461409, -0.00011983318108832464, -0.00011692213593050838, -0.00011401109077269211, -0.00011110004561487585, -0.00010818900045705959, -0.00010527795529924333, -0.00010236691014142707, -9.945586498361081e-05, -9.654481982579455e-05, -9.363377466797829e-05, -9.072272951016203e-05, -8.781169162830338e-05, -8.490064647048712e-05, -8.198960131267086e-05, -7.90785561548546e-05, -7.616751099703833e-05, -7.325646583922207e-05, -7.034542068140581e-05, -6.743437552358955e-05, -6.45233376417309e-05, -6.161229248391464e-05, -5.870124732609838e-05, -5.579020216828212e-05, -5.287915701046586e-05, -4.99681118526496e-05, -4.705706669483334e-05, -4.414602153701708e-05, -4.1234976379200816e-05, -3.8323931221384555e-05, -3.5412886063568294e-05, -3.250184090575203e-05, -2.9590795747935772e-05, -2.667975059011951e-05, -2.3768707251292653e-05, -2.0857662093476392e-05, -1.7946615116670728e-05, -1.5035569958854467e-05, -1.2124524801038206e-05, -9.213480552716646e-06, -6.302435394900385e-06, -3.3913902370841242e-06, -4.80345988762565e-07, 2.430699169053696e-06, 5.341744326869957e-06, 8.252789484686218e-06, 1.116383464250248e-05, 1.4074878890824039e-05, 1.6985923139145598e-05, 1.989696829696186e-05, 2.280801345477812e-05, 2.571905861259438e-05, 2.8630103770410642e-05]}, "gradients/embedding_user.weight": {"_type": "histogram", "values": [1.0, 0.0, 0.0, 1.0, 2.0, 1.0, 4.0, 6.0, 3.0, 5.0, 13.0, 8.0, 10.0, 15.0, 20.0, 25.0, 32.0, 49.0, 69.0, 83.0, 100.0, 155.0, 207.0, 335.0, 468.0, 719.0, 1171.0, 1776.0, 2636.0, 3778.0, 5451.0, 17783.0, 336603.0, 515818.0, 34006.0, 6121.0, 4110.0, 2782.0, 1845.0, 1133.0, 752.0, 467.0, 298.0, 206.0, 123.0, 106.0, 78.0, 57.0, 42.0, 25.0, 18.0, 23.0, 16.0, 8.0, 4.0, 5.0, 3.0, 1.0, 3.0, 1.0, 1.0, 1.0, 1.0, 1.0], "bins": [-0.0005877221701666713, -0.0005699676112271845, -0.0005522130522876978, -0.000534458493348211, -0.0005167039344087243, -0.0004989493754692376, -0.0004811948165297508, -0.0004634402575902641, -0.00044568569865077734, -0.0004279311397112906, -0.00041017658077180386, -0.0003924220218323171, -0.00037466746289283037, -0.00035691290395334363, -0.0003391583450138569, -0.00032140378607437015, -0.0003036492271348834, -0.00028589466819539666, -0.0002681401092559099, -0.0002503855503164232, -0.00023263099137693644, -0.0002148764324374497, -0.00019712187349796295, -0.0001793673145584762, -0.00016161275561898947, -0.00014385819667950273, -0.00012610363774001598, -0.00010834907880052924, -9.05945198610425e-05, -7.283996092155576e-05, -5.5085401982069016e-05, -3.7330843042582273e-05, -1.9576342310756445e-05, -1.821783371269703e-06, 1.593277556821704e-05, 3.368733450770378e-05, 5.144189344719052e-05, 6.919645238667727e-05, 8.695101132616401e-05, 0.00010470557026565075, 0.0001224601292051375, 0.00014021468814462423, 0.00015796924708411098, 0.00017572380602359772, 0.00019347836496308446, 0.0002112329239025712, 0.00022898748284205794, 0.0002467420417815447, 0.00026449660072103143, 0.00028225115966051817, 0.0003000057186000049, 0.00031776027753949165, 0.0003355148364789784, 0.00035326939541846514, 0.0003710239543579519, 0.0003887785132974386, 0.00040653307223692536, 0.0004242876311764121, 0.00044204219011589885, 0.0004597967490553856, 0.00047755130799487233, 0.0004953058669343591, 0.0005130604258738458, 0.0005308149848133326, 0.0005485695437528193]}, "gradients/embedding_item.weight": {"_type": "histogram", "values": [2.0, 1.0, 1.0, 1.0, 0.0, 0.0, 2.0, 3.0, 2.0, 1.0, 5.0, 6.0, 16.0, 21.0, 28.0, 49.0, 71.0, 90.0, 135.0, 186.0, 284.0, 440.0, 692.0, 971.0, 1693.0, 2699.0, 4342.0, 7168.0, 12221.0, 19667.0, 28959.0, 37953.0, 65483.0, 226721.0, 43912.0, 34900.0, 25995.0, 16989.0, 10137.0, 5927.0, 3712.0, 2138.0, 1368.0, 899.0, 593.0, 361.0, 241.0, 174.0, 104.0, 76.0, 44.0, 44.0, 30.0, 17.0, 19.0, 9.0, 6.0, 5.0, 5.0, 6.0, 2.0, 3.0, 2.0, 1.0],