{"TOTAL_BEST_METRIC": 0.4191001060062848, "BEST_NDCG@10": 0.06598536249298916, "_timestamp": 1688571424.0397034, "_runtime": 721.0873503684998, "_step": 56, "epoch": 44, "Train_Metric_loss": 4.640070108266977, "Train_Reg_loss": 5.4906770646294506e-05, "Pos_loss": 9.924193382263184, "Neg_loss": 0.3475652039051056, "Recall@5": 0.0411915592491421, "Recall@10": 0.06746443105340279, "Recall@20": 0.10614206226587104, "NDCG@5": 0.05879602280784671, "NDCG@10": 0.06598536249298916, "NDCG@20": 0.07952066813703293, "Recall@5_total_best": 0.0411915592491421, "Recall@10_total_best": 0.06746443105340279, "Recall@20_total_best": 0.10614206226587104, "ndcg@5_total_best": 0.05879602280784671, "ndcg@10_total_best": 0.06598536249298916, "ndcg@20_total_best": 0.07952066813703293, "EPOCH_ndcg_best": 40, "Recall@5_ndcg_best": 0.0411915592491421, "Recall@10_ndcg_best": 0.06746443105340279, "Recall@20_ndcg_best": 0.10614206226587104, "ndcg@5_ndcg_best": 0.05879602280784671, "ndcg@10_ndcg_best": 0.06598536249298916, "ndcg@20_ndcg_best": 0.07952066813703293, "gradients/mass_i.weight": {"_type": "histogram", "values": [1.0, 0.0, 0.0, 0.0, 0.0, 0.0, 0.0, 0.0, 0.0, 0.0, 0.0, 1.0, 1.0, 0.0, 1.0, 0.0, 0.0, 1.0, 0.0, 1.0, 0.0, 0.0, 2.0, 6.0, 2.0, 5.0, 6.0, 10.0, 4.0, 18.0, 22.0, 31.0, 40.0, 66.0, 113.0, 142.0, 193.0, 236.0, 329.0, 611.0, 750.0, 240.0, 753.0, 35801.0, 198.0, 620.0, 511.0, 142.0, 165.0, 119.0, 37.0, 32.0, 23.0, 10.0, 13.0, 1.0, 1.0, 4.0, 0.0, 0.0, 0.0, 0.0, 1.0, 1.0], "bins": [-0.00019527894619386643, -0.00019077259639743716, -0.00018626623204909265, -0.00018175988225266337, -0.00017725351790431887, -0.0001727471681078896, -0.0001682408037595451, -0.0001637344539631158, -0.00015922810416668653, -0.00015472175437025726, -0.00015021539002191275, -0.00014570904022548348, -0.00014120267587713897, -0.0001366963260807097, -0.0001321899617323652, -0.00012768361193593591, -0.0001231772475875914, -0.00011867089051520452, -0.00011416453344281763, -0.00010965817637043074, -0.00010515181929804385, -0.00010064546950161457, -9.613911242922768e-05, -9.163275535684079e-05, -8.71263982844539e-05, -8.262004121206701e-05, -7.811368413968012e-05, -7.360732706729323e-05, -6.910097727086395e-05, -6.459461292251945e-05, -6.008826312609017e-05, -5.558190605370328e-05, -5.1075556257274e-05, -4.656919918488711e-05, -4.206284211250022e-05, -3.755648867809214e-05, -3.3050131605705246e-05, -2.8543774533318356e-05, -2.403741927992087e-05, -1.953106402652338e-05, -1.502470695413649e-05, -1.0518350791244302e-05, -6.011994628352113e-06, -1.5056384654599242e-06, 3.0007176974322647e-06, 7.507074769819155e-06, 1.2013430023216642e-05, 1.651978527661413e-05, 2.102614234900102e-05, 2.553249942138791e-05, 3.0038854674785398e-05, 3.4545209928182885e-05, 3.9051567000569776e-05, 4.3557924072956666e-05, 4.806427750736475e-05, 5.257063457975164e-05, 5.707699165213853e-05, 6.158334872452542e-05, 6.608970579691231e-05, 7.05960628692992e-05, 7.51024199416861e-05, 7.960876973811537e-05, 8.411512681050226e-05, 8.862148388288915e-05, 9.312784095527604e-05]}, "gradients/mass_u.weight": {"_type": "histogram", "values": [1.0, 0.0, 0.0, 0.0, 0.0, 0.0, 0.0, 0.0, 0.0, 0.0, 0.0, 0.0, 0.0, 0.0, 0.0, 0.0, 0.0, 0.0, 0.0, 0.0, 0.0, 0.0, 0.0, 0.0, 0.0, 0.0, 0.0, 1.0, 0.0, 0.0, 2.0, 0.0, 0.0, 0.0, 0.0, 1.0, 1.0, 0.0, 1.0, 1.0, 0.0, 1.0, 2.0, 0.0, 0.0, 3.0, 1.0, 2.0, 2.0, 1.0, 3.0, 5.0, 3.0, 9.0, 7.0, 10.0, 9.0, 12.0, 27.0, 25.0, 46.0, 104.0, 200.0, 51926.0], "bins": [-0.001989958342164755, -0.0019588652066886425, -0.001927772187627852, -0.0018966790521517396, -0.0018655859166756272, -0.0018344928976148367, -0.0018033997621387243, -0.001772306626662612, -0.0017412134911864996, -0.0017101203557103872, -0.0016790273366495967, -0.0016479342011734843, -0.001616841065697372, -0.0015857480466365814, -0.001554654911160469, -0.0015235617756843567, -0.0014924687566235662, -0.0014613756211474538, -0.0014302826020866632, -0.0013991894666105509, -0.0013680963311344385, -0.0013370031956583261, -0.0013059101765975356, -0.0012748170411214232, -0.0012437240220606327, -0.0012126308865845203, -0.0011815378675237298, -0.0011504447320476174, -0.001119351596571505, -0.0010882585775107145, -0.0010571654420346022, -0.0010260723065584898, -0.0009949791710823774, -0.000963886093813926, -0.0009327929583378136, -0.0009016998810693622, -0.0008706067455932498, -0.0008395136683247983, -0.0008084205910563469, -0.0007773274555802345, -0.0007462343783117831, -0.0007151413010433316, -0.0006840481655672193, -0.0006529550882987678, -0.0006218620110303164, -0.000590768875554204, -0.0005596757982857525, -0.0005285827210173011, -0.0004974895855411887, -0.0004663964791689068, -0.0004353033727966249, -0.00040421029552817345, -0.00037311718915589154, -0.00034202408278360963, -0.0003109310055151582, -0.00027983789914287627, -0.00024874479277059436, -0.00021765168639831245, -0.00018655859457794577, -0.0001554655027575791, -0.00012437239638529718, -9.327929001301527e-05, -6.218619819264859e-05, -3.109310637228191e-05, 0.0]}, "gradients/embedding_user.weight": {"_type": "histogram", "values": [1.0, 0.0, 0.0, 0.0, 0.0, 1.0, 2.0, 0.0, 1.0, 0.0, 1.0, 1.0, 1.0, 1.0, 0.0, 0.0, 2.0, 0.0, 3.0, 2.0, 3.0, 3.0, 1.0, 9.0, 13.0, 55.0, 218.0, 1429.0, 25740.0, 3322217.0, 3598.0, 486.0, 109.0, 38.0, 12.0, 7.0, 9.0, 0.0, 2.0, 4.0, 2.0, 5.0, 2.0, 0.0, 1.0, 0.0, 1.0, 1.0, 0.0, 0.0, 0.0, 0.0, 0.0, 0.0, 0.0, 0.0, 0.0, 0.0, 1.0, 0.0, 0.0, 0.0, 1.0, 1.0], "bins": [-0.0018463374581187963, -0.0017830469878390431, -0.00171975651755929, -0.001656465930864215, -0.0015931754605844617, -0.0015298849903047085, -0.0014665944036096334, -0.0014033039333298802, -0.001340013463050127, -0.0012767229927703738, -0.0012134325224906206, -0.0011501419357955456, -0.0010868514655157924, -0.0010235609952360392, -0.000960270466748625, -0.0008969799382612109, -0.0008336894679814577, -0.0007703989977017045, -0.0007071084692142904, -0.0006438179407268763, -0.000580527470447123, -0.0005172370001673698, -0.0004539464716799557, -0.00039065597229637206, -0.0003273654729127884, -0.0002640749735292047, -0.00020078447414562106, -0.0001374939747620374, -7.420347537845373e-05, -1.0912975994870067e-05, 5.23775233887136e-05, 0.00011566802277229726, 0.00017895875498652458, 0.00024224925437010825, 0.0003055397537536919, 0.0003688302531372756, 0.00043212075252085924, 0.0004954112228006124, 0.0005587017512880266, 0.0006219922797754407, 0.0006852827500551939, 0.0007485732203349471, 0.0008118637488223612, 0.0008751542773097754, 0.0009384447475895286, 0.0010017352178692818, 0.0010650258045643568, 0.00112831627484411, 0.0011916067451238632, 0.0012548972154036164, 0.0013181876856833696, 0.0013814782723784447, 0.0014447687426581979, 0.001508059212937951, 0.0015713497996330261, 0.0016346402699127793, 0.0016979307401925325, 0.0017612212104722857, 0.001824511680752039, 0.001887802267447114, 0.0019510927377268672, 0.0020143832080066204, 0.0020776737947016954, 0.002140964148566127, 0.002204254735261202]}, "gradients/embedding_item.weight": {"_type": "histogram", "values": [1.0, 1.0, 0.0, 2.0, 1.0, 2.0, 5.0, 4.0, 6.0, 8.0, 9.0, 11.0, 12.0, 25.0, 35.0, 70.0, 91.0, 138.0, 281.0, 407.0, 744.0, 1329.0, 2323.0, 4321.0, 8371.0, 17259.0, 36651.0, 79787.0, 170933.0, 318417.0, 1309512.0, 338369.0, 187101.0, 86607.0, 39791.0, 18873.0, 9108.0, 4603.0, 2479.0, 1285.0, 754.0, 442.0, 286.0, 142.0, 107.0, 59.0, 44.0, 31.0, 19.0, 10.0, 7.0, 6.0, 4.0, 5.0, 3.0, 0.0, 0.0, 3.0, 1.0, 0.0, 0.0, 0.0, 0.0, 1.0],