{"TOTAL_BEST_METRIC": 0.3579837233268335, "BEST_NDCG@10": 0.041596999926045986, "_timestamp": 1688293456.60893, "_runtime": 793.6252810955048, "_step": 1161, "epoch": 1000, "Train_Metric_loss": -5.18892410823277, "Train_Reg_loss": 0.00033512980943279605, "Recall@5": 0.04318180833063412, "Recall@10": 0.07265415205424978, "Recall@20": 0.1128762090721151, "NDCG@5": 0.03080474403673054, "NDCG@10": 0.0409421943083891, "NDCG@20": 0.05222756255876241, "Recall@5_total_best": 0.04497863475198266, "Recall@10_total_best": 0.07294599364165175, "Recall@20_total_best": 0.1135329308699483, "ndcg@5_total_best": 0.031964061464570905, "ndcg@10_total_best": 0.041596999926045986, "ndcg@20_total_best": 0.05296510267263387, "EPOCH_ndcg_best": 800, "Recall@5_ndcg_best": 0.04497863475198266, "Recall@10_ndcg_best": 0.07294599364165175, "Recall@20_ndcg_best": 0.1135329308699483, "ndcg@5_ndcg_best": 0.031964061464570905, "ndcg@10_ndcg_best": 0.041596999926045986, "ndcg@20_ndcg_best": 0.05296510267263387, "gradients/mass_i.weight": {"_type": "histogram", "values": [1.0, 0.0, 0.0, 0.0, 0.0, 0.0, 0.0, 0.0, 0.0, 0.0, 0.0, 0.0, 2.0, 0.0, 0.0, 0.0, 0.0, 0.0, 1.0, 1.0, 3.0, 0.0, 3.0, 4.0, 3.0, 5.0, 6.0, 3.0, 8.0, 3.0, 7.0, 6.0, 11.0, 14.0, 34.0, 47.0, 45.0, 25.0, 27.0, 16.0, 15.0, 8278.0, 12.0, 8.0, 16.0, 21.0, 22.0, 19.0, 17.0, 10.0, 6.0, 1.0, 4.0, 3.0, 2.0, 1.0, 0.0, 0.0, 0.0, 0.0, 2.0, 0.0, 0.0, 1.0], "bins": [-0.0002444353303872049, -0.0002385274856351316, -0.0002326196408830583, -0.00022671179613098502, -0.00022080395137891173, -0.00021489609207492322, -0.00020898824732284993, -0.00020308040257077664, -0.00019717255781870335, -0.00019126471306663007, -0.00018535686831455678, -0.0001794490235624835, -0.00017354116425849497, -0.00016763331950642169, -0.0001617254747543484, -0.0001558176300022751, -0.00014990978525020182, -0.00014400194049812853, -0.00013809409574605525, -0.00013218625099398196, -0.00012627840624190867, -0.00012037055421387777, -0.00011446270218584687, -0.00010855485743377358, -0.00010264701268170029, -9.6739167929627e-05, -9.083132317755371e-05, -8.492347114952281e-05, -7.901562639744952e-05, -7.310778164537624e-05, -6.719992961734533e-05, -6.129208486527205e-05, -5.538424011319876e-05, -4.947639536112547e-05, -4.3568546971073374e-05, -3.766069858102128e-05, -3.175285382894799e-05, -2.58450072578853e-05, -1.9937160686822608e-05, -1.4029312296770513e-05, -8.121467544697225e-06, -2.2136209736345336e-06, 3.694225597428158e-06, 9.60207216849085e-06, 1.550991873955354e-05, 2.1417765310616232e-05, 2.7325611881678924e-05, 3.323346027173102e-05, 3.914130502380431e-05, 4.5049149775877595e-05, 5.095699816592969e-05, 5.6864846555981785e-05, 6.277269130805507e-05, 6.868053606012836e-05, 7.458838808815926e-05, 8.049623284023255e-05, 8.640407759230584e-05, 9.231192234437913e-05, 9.821976709645241e-05, 0.00010412761912448332, 0.0001100354638765566, 0.00011594330862862989, 0.0001218511606566608, 0.00012775900540873408, 0.00013366685016080737]}, "gradients/mass_u.weight": {"_type": "histogram", "values": [1.0, 0.0, 0.0, 0.0, 0.0, 0.0, 0.0, 0.0, 0.0, 0.0, 1.0, 0.0, 0.0, 0.0, 0.0, 0.0, 0.0, 0.0, 0.0, 1.0, 0.0, 0.0, 0.0, 1.0, 2.0, 0.0, 1.0, 0.0, 0.0, 2.0, 1.0, 3.0, 2.0, 1.0, 1.0, 1.0, 2.0, 4.0, 3.0, 9.0, 2.0, 4.0, 6.0, 15.0, 15.0, 15.0, 9.0, 17.0, 19.0, 13.0, 10.0, 14490.0, 7.0, 7.0, 7.0, 2.0, 1.0, 3.0, 1.0, 1.0, 0.0, 0.0, 0.0, 1.0], "bins": [-0.0008459866512566805, -0.0008295358857139945, -0.0008130850619636476, -0.0007966342964209616, -0.0007801835308782756, -0.0007637327653355896, -0.0007472819415852427, -0.0007308311760425568, -0.0007143804104998708, -0.0006979296449571848, -0.0006814788212068379, -0.0006650280556641519, -0.0006485772901214659, -0.0006321265245787799, -0.000615675700828433, -0.000599224935285747, -0.0005827741697430611, -0.0005663234042003751, -0.0005498725804500282, -0.0005334218149073422, -0.0005169710493646562, -0.0005005202838219702, -0.0004840694600716233, -0.00046761869452893734, -0.00045116787077859044, -0.000434717076132074, -0.000418266310589388, -0.00040181551594287157, -0.0003853647504001856, -0.00036891395575366914, -0.0003524631611071527, -0.0003360123955644667, -0.00031956163002178073, -0.0003031108353752643, -0.0002866600698325783, -0.00027020927518606186, -0.0002537585096433759, -0.00023730771499685943, -0.00022085693490225822, -0.000204406154807657, -0.0001879553747130558, -0.00017150459461845458, -0.00015505381452385336, -0.00013860303442925215, -0.0001221522397827357, -0.0001057014669640921, -8.925067959353328e-05, -7.279989949893206e-05, -5.634911940433085e-05, -3.9898339309729636e-05, -2.3447555577149615e-05, -6.996771844569594e-06, 9.45400825003162e-06, 2.5904788344632834e-05, 4.235557571519166e-05, 5.8806355809792876e-05, 7.525713590439409e-05, 9.17079159989953e-05, 0.00010815869609359652, 0.00012460947618819773, 0.00014106027083471417, 0.00015751103637740016, 0.0001739618310239166, 0.00019041261111851782, 0.00020686339121311903]}, "gradients/embedding_user.weight": {"_type": "histogram", "values": [1.0, 0.0, 1.0, 0.0, 0.0, 1.0, 1.0, 0.0, 0.0, 1.0, 1.0, 0.0, 2.0, 0.0, 2.0, 6.0, 7.0, 15.0, 22.0, 24.0, 39.0, 74.0, 109.0, 198.0, 326.0, 526.0, 1025.0, 1957.0, 4337.0, 12183.0, 605742.0, 297089.0, 8682.0, 3683.0, 1594.0, 798.0, 477.0, 256.0, 156.0, 79.0, 54.0, 50.0, 21.0, 14.0, 6.0, 8.0, 5.0, 2.0, 5.0, 2.0, 1.0, 0.0, 0.0, 0.0, 0.0, 1.0, 0.0, 0.0, 0.0, 0.0, 0.0, 0.0, 0.0, 1.0], "bins": [-0.002842662623152137, -0.0027506316546350718, -0.0026586006861180067, -0.0025665697176009417, -0.0024745387490838766, -0.0023825077805668116, -0.0022904768120497465, -0.0021984458435326815, -0.0021064148750156164, -0.0020143839064985514, -0.0019223529379814863, -0.0018303219694644213, -0.0017382910009473562, -0.0016462600324302912, -0.0015542290639132261, -0.001462198095396161, -0.001370167126879096, -0.001278136158362031, -0.001186105189844966, -0.0010940742213279009, -0.0010020432528108358, -0.0009100122842937708, -0.0008179813157767057, -0.0007259503472596407, -0.0006339193787425756, -0.0005418884102255106, -0.00044985744170844555, -0.0003578264731913805, -0.00026579550467431545, -0.0001737645361572504, -8.173356764018536e-05, 1.0297400876879692e-05, 0.0001023286022245884, 0.00019435957074165344, 0.0002863905392587185, 0.00037842150777578354, 0.0004704524762928486, 0.0005624834448099136, 0.0006545144133269787, 0.0007465453818440437, 0.0008385763503611088, 0.0009306073188781738, 0.0010226382873952389, 0.001114669255912304, 0.001206700224429369, 0.001298731192946434, 0.001390762161463499, 0.0014827931299805641, 0.0015748240984976292, 0.0016668550670146942, 0.0017588860355317593, 0.0018509170040488243, 0.0019429479725658894, 0.0020349789410829544, 0.0021270099096000195, 0.0022190408781170845, 0.0023110718466341496, 0.0024031028151512146, 0.0024951337836682796, 0.0025871647521853447, 0.0026791957207024097, 0.002771226689219475, 0.00286325765773654, 0.002955288626253605, 0.00304731959477067]}, "gradients/embedding_item.weight": {"_type": "histogram", "values": [4.0, 0.0, 0.0, 2.0, 4.0, 4.0, 1.0, 4.0, 8.0, 5.0, 7.0, 11.0, 21.0, 34.0, 41.0, 43.0, 69.0, 98.0, 158.0, 213.0, 258.0, 439.0, 645.0, 1102.0, 2056.0, 4112.0, 8802.0, 18747.0, 40110.0, 78692.0, 292792.0, 55859.0, 27646.0, 12930.0, 5934.0, 2773.0, 1528.0, 834.0, 485.0, 362.0, 239.0, 153.0, 111.0, 89.0, 56.0, 47.0, 24.0, 29.0, 12.0, 13.0, 8.0, 5.0, 3.0, 1.0, 3.0, 1.0, 2.0, 1.0, 0.0, 1.0, 0.0, 0.0, 0.0, 1.0],