{"TOTAL_BEST_METRIC": 1.10990187005592, "BEST_NDCG@10": 0.14233036890050466, "_timestamp": 1688444964.2854779, "_runtime": 714.3153319358826, "_step": 1139, "epoch": 1000, "Train_Metric_loss": 8.741725730895997, "Train_Reg_loss": 6.074954944779165e-05, "Pos_loss": 8.66382122039795, "Neg_loss": 0.14082340896129608, "Recall@5": 0.14870667712199673, "Recall@10": 0.22379083365855557, "Recall@20": 0.30135663841268184, "NDCG@5": 0.11469736523148606, "NDCG@10": 0.14096824259481353, "NDCG@20": 0.16306759761442777, "Recall@5_total_best": 0.1576502579438985, "Recall@10_total_best": 0.2229960519259418, "Recall@20_total_best": 0.3033157179404173, "ndcg@5_total_best": 0.11916255294319732, "ndcg@10_total_best": 0.14200454493354048, "ndcg@20_total_best": 0.16477274436892472, "EPOCH_ndcg_best": 950, "Recall@5_ndcg_best": 0.14912481323843815, "Recall@10_ndcg_best": 0.2239810275124051, "Recall@20_ndcg_best": 0.307972601856488, "ndcg@5_ndcg_best": 0.1164219869707801, "ndcg@10_ndcg_best": 0.14233036890050466, "ndcg@20_ndcg_best": 0.16615178438744688, "gradients/embedding_user.weight": {"_type": "histogram", "values": [1.0, 0.0, 0.0, 0.0, 0.0, 0.0, 0.0, 1.0, 0.0, 0.0, 1.0, 0.0, 1.0, 1.0, 1.0, 1.0, 0.0, 1.0, 0.0, 2.0, 2.0, 3.0, 6.0, 2.0, 4.0, 8.0, 12.0, 22.0, 31.0, 40.0, 84.0, 140.0, 257.0, 430.0, 964.0, 2663.0, 20796.0, 200229.0, 117140.0, 8392.0, 1743.0, 784.0, 348.0, 208.0, 123.0, 56.0, 38.0, 25.0, 20.0, 9.0, 9.0, 4.0, 5.0, 6.0, 3.0, 0.0, 4.0, 1.0, 1.0, 1.0, 0.0, 0.0, 0.0, 1.0], "bins": [-0.001064992044121027, -0.0010368379298597574, -0.001008683699183166, -0.0009805295849218965, -0.0009523754706606269, -0.0009242212981916964, -0.0008960671839304268, -0.0008679130114614964, -0.0008397588972002268, -0.0008116047247312963, -0.0007834506104700267, -0.0007552964380010962, -0.0007271423237398267, -0.0006989881512708962, -0.0006708340370096266, -0.0006426798645406961, -0.0006145257502794266, -0.0005863715778104961, -0.0005582174635492265, -0.000530063291080296, -0.0005019091768190265, -0.000473755004350096, -0.0004456008900888264, -0.00041744671761989594, -0.00038929254515096545, -0.0003611384017858654, -0.0003329842584207654, -0.0003048301150556654, -0.00027667597169056535, -0.00024852179922163486, -0.00022036767040845007, -0.00019221352704335004, -0.00016405939823016524, -0.00013590525486506522, -0.00010775111149996519, -7.959696085890755e-05, -5.1442817493807524e-05, -2.3288666852749884e-05, 4.865476512350142e-06, 3.301961987745017e-05, 6.11737632425502e-05, 8.932790660765022e-05, 0.00011748204997275025, 0.0001456362078897655, 0.00017379035125486553, 0.00020194449461996555, 0.00023009863798506558, 0.0002582527813501656, 0.00028640692471526563, 0.00031456106808036566, 0.0003427152114454657, 0.0003708693548105657, 0.00039902349817566574, 0.00042717764154076576, 0.00045533181400969625, 0.0004834859282709658, 0.0005116401007398963, 0.0005397942732088268, 0.0005679483874700963, 0.0005961025599390268, 0.0006242566742002964, 0.0006524108466692269, 0.0006805649609304965, 0.0007087191333994269, 0.0007368732476606965]}, "gradients/embedding_item.weight": {"_type": "histogram", "values": [2.0, 1.0, 2.0, 0.0, 0.0, 0.0, 3.0, 3.0, 8.0, 6.0, 15.0, 21.0, 26.0, 30.0, 49.0, 76.0, 125.0, 158.0, 245.0, 420.0, 669.0, 1181.0, 2040.0, 3711.0, 7215.0, 15131.0, 33542.0, 83094.0, 42939.0, 18557.0, 8855.0, 4434.0, 2286.0, 1325.0, 821.0, 453.0, 307.0, 198.0, 126.0, 83.0, 53.0, 31.0, 30.0, 13.0, 19.0, 13.0, 10.0, 3.0, 7.0, 5.0, 2.0, 2.0, 3.0, 0.0, 0.0, 0.0, 1.0, 2.0, 0.0, 0.0, 0.0, 0.0, 0.0, 1.0], "bins": [-0.0005824854597449303, -0.00056140759261325, -0.0005403297254815698, -0.0005192518583498895, -0.0004981739912182093, -0.000477096124086529, -0.0004560182278510183, -0.00043494036071933806, -0.0004138624935876578, -0.00039278462645597756, -0.0003717067593242973, -0.0003506288630887866, -0.00032955099595710635, -0.0003084731288254261, -0.00028739526169374585, -0.0002663173945620656, -0.00024523952743038535, -0.0002241616602987051, -0.00020308379316702485, -0.00018200591148342937, -0.00016092804435174912, -0.00013985017722006887, -0.0001187722955364734, -9.769442840479314e-05, -7.661656127311289e-05, -5.5538690503453836e-05, -3.446081973379478e-05, -1.3382945326156914e-05, 7.694921805523336e-06, 2.8772788937203586e-05, 4.9850670620799065e-05, 7.092853775247931e-05, 9.200640488415956e-05, 0.00011308427201583982, 0.00013416213914752007, 0.00015524002083111554, 0.0001763178879627958, 0.00019739575509447604, 0.00021847363677807152, 0.00023955150390975177, 0.000260629371041432, 0.0002817072381731123, 0.0003027851053047925, 0.00032386300154030323, 0.0003449408686719835, 0.00036601873580366373, 0.000387096602935344, 0.00040817447006702423, 0.0004292523371987045, 0.00045033020433038473, 0.000471408071462065, 0.0004924859385937452, 0.0005135638057254255, 0.0005346416728571057, 0.0005557195981964469, 0.0005767974071204662, 0.0005978753324598074, 0.0006189531995914876, 0.0006400310667231679, 0.0006611089338548481, 0.0006821868009865284, 0.0007032646681182086, 0.0007243425352498889, 0.0007454204605892301, 0.0007664982695132494]}, "_wandb": {"runtime": 713}}