{"TOTAL_BEST_METRIC": 0.8908998302878832, "BEST_NDCG@10": 0.11181682419026628, "_timestamp": 1688309107.927157, "_runtime": 305.48939394950867, "_step": 1105, "epoch": 1000, "Train_Metric_loss": -13.032532119750977, "Train_Reg_loss": 0.09873767793178559, "Pos_loss": 25.141904830932617, "Neg_loss": -37.898292541503906, "Recall@5": 0.082770078545849, "Recall@10": 0.12714690515881855, "Recall@20": 0.18008788527483643, "NDCG@5": 0.0598704600009645, "NDCG@10": 0.07541005378126517, "NDCG@20": 0.090572765739582, "Recall@5_total_best": 0.12370675563247857, "Recall@10_total_best": 0.18229795774261348, "Recall@20_total_best": 0.250203462202875, "ndcg@5_total_best": 0.09131601690848454, "ndcg@10_total_best": 0.11181682419026628, "ndcg@20_total_best": 0.13155881361116528, "EPOCH_ndcg_best": 20, "Recall@5_ndcg_best": 0.12370675563247857, "Recall@10_ndcg_best": 0.18229795774261348, "Recall@20_ndcg_best": 0.250203462202875, "ndcg@5_ndcg_best": 0.09131601690848454, "ndcg@10_ndcg_best": 0.11181682419026628, "ndcg@20_ndcg_best": 0.13155881361116528, "gradients/mass_i.weight": {"_type": "histogram", "values": [1.0, 0.0, 0.0, 0.0, 0.0, 0.0, 0.0, 0.0, 0.0, 0.0, 0.0, 0.0, 0.0, 0.0, 0.0, 0.0, 0.0, 0.0, 0.0, 0.0, 0.0, 0.0, 0.0, 0.0, 0.0, 0.0, 0.0, 0.0, 0.0, 0.0, 0.0, 0.0, 0.0, 2.0, 0.0, 0.0, 0.0, 0.0, 1.0, 1.0, 2.0, 2.0, 8.0, 14.0, 25.0, 38.0, 86.0, 3318.0, 35.0, 14.0, 7.0, 4.0, 1.0, 0.0, 0.0, 3.0, 0.0, 2.0, 1.0, 1.0, 0.0, 1.0, 0.0, 1.0], "bins": [-0.0006252141902223229, -0.0006121110054664314, -0.0005990077625028789, -0.0005859045777469873, -0.0005728013929910958, -0.0005596982082352042, -0.0005465949652716517, -0.0005334917805157602, -0.0005203885957598686, -0.0005072854110039771, -0.0004941821680404246, -0.000481078983284533, -0.00046797579852864146, -0.00045487258466891944, -0.0004417693708091974, -0.00042866618605330586, -0.00041556297219358385, -0.00040245975833386183, -0.00038935657357797027, -0.00037625335971824825, -0.0003631501749623567, -0.00035004696110263467, -0.0003369437763467431, -0.0003238405624870211, -0.00031073734862729907, -0.00029763413476757705, -0.0002845309500116855, -0.00027142773615196347, -0.0002583245513960719, -0.0002452213375363499, -0.0002321181382285431, -0.0002190149389207363, -0.0002059117250610143, -0.0001928085257532075, -0.00017970532644540071, -0.0001666021125856787, -0.00015349892782978714, -0.00014039571397006512, -0.00012729251466225833, -0.00011418931535445154, -0.00010108611604664475, -8.798291673883796e-05, -7.487971743103117e-05, -6.177651084726676e-05, -4.8673311539459974e-05, -3.5570112231653184e-05, -2.246690564788878e-05, -9.36370634008199e-06, 3.7394929677248e-06, 1.6842694094520994e-05, 2.9945895221317187e-05, 4.3049098167102784e-05, 5.6152297474909574e-05, 6.925549678271636e-05, 8.235870336648077e-05, 9.546190267428756e-05, 0.00010856510198209435, 0.00012166830128990114, 0.00013477150059770793, 0.00014787469990551472, 0.00016097791376523674, 0.0001740810985211283, 0.00018718431238085032, 0.0002002875116886571, 0.0002133907109964639]}, "gradients/mass_u.weight": {"_type": "histogram", "values": [0.0, 0.0, 0.0, 0.0, 0.0, 0.0, 0.0, 0.0, 0.0, 0.0, 0.0, 0.0, 0.0, 0.0, 0.0, 0.0, 0.0, 0.0, 0.0, 0.0, 0.0, 0.0, 0.0, 0.0, 0.0, 0.0, 0.0, 0.0, 0.0, 0.0, 0.0, 0.0, 5541.0, 0.0, 0.0, 0.0, 0.0, 0.0, 0.0, 0.0, 0.0, 0.0, 0.0, 0.0, 0.0, 0.0, 0.0, 0.0, 0.0, 0.0, 0.0, 0.0, 0.0, 0.0, 0.0, 0.0, 0.0, 0.0, 0.0, 0.0, 0.0, 0.0, 0.0, 0.0], "bins": [0.0, 0.0, 0.0, 0.0, 0.0, 0.0, 0.0, 0.0, 0.0, 0.0, 0.0, 0.0, 0.0, 0.0, 0.0, 0.0, 0.0, 0.0, 0.0, 0.0, 0.0, 0.0, 0.0, 0.0, 0.0, 0.0, 0.0, 0.0, 0.0, 0.0, 0.0, 0.0, 0.0, 0.0, 0.0, 0.0, 0.0, 0.0, 0.0, 0.0, 0.0, 0.0, 0.0, 0.0, 0.0, 0.0, 0.0, 0.0, 0.0, 0.0, 0.0, 0.0, 0.0, 0.0, 0.0, 0.0, 0.0, 0.0, 0.0, 0.0, 0.0, 0.0, 0.0, 0.0, 0.0]}, "gradients/embedding_user.weight": {"_type": "histogram", "values": [1.0, 0.0, 0.0, 0.0, 1.0, 0.0, 1.0, 1.0, 3.0, 0.0, 1.0, 2.0, 0.0, 1.0, 1.0, 0.0, 3.0, 4.0, 7.0, 13.0, 8.0, 12.0, 35.0, 60.0, 130.0, 542.0, 1914.0, 24305.0, 320078.0, 5969.0, 989.0, 317.0, 87.0, 51.0, 27.0, 18.0, 10.0, 6.0, 7.0, 5.0, 2.0, 3.0, 0.0, 1.0, 0.0, 1.0, 0.0, 2.0, 0.0, 0.0, 1.0, 1.0, 0.0, 0.0, 1.0, 2.0, 0.0, 0.0, 0.0, 0.0, 0.0, 0.0, 0.0, 1.0], "bins": [-0.002301455708220601, -0.0022201172541826963, -0.0021387788001447916, -0.0020574405789375305, -0.0019761021248996258, -0.001894763670861721, -0.0018134252168238163, -0.0017320867627859116, -0.0016507483087480068, -0.001569409854710102, -0.0014880715170875192, -0.0014067330630496144, -0.0013253946090117097, -0.0012440562713891268, -0.001162717817351222, -0.0010813793633133173, -0.0010000410256907344, -0.0009187026298604906, -0.0008373641758225858, -0.000756025779992342, -0.0006746873259544373, -0.0005933489301241934, -0.0005120105342939496, -0.00043067208025604486, -0.00034933368442580104, -0.00026799525949172676, -0.0001866568491095677, -0.00010531843872740865, -2.3980013793334365e-05, 5.735841114073992e-05, 0.00013869680697098374, 0.00022003526100888848, 0.0003013736568391323, 0.0003827120817732066, 0.0004640505067072809, 0.0005453889025375247, 0.0006267273565754294, 0.0007080657524056733, 0.0007894041482359171, 0.0008707426022738218, 0.0009520809981040657, 0.0010334193939343095, 0.0011147578479722142, 0.0011960961855947971, 0.0012774346396327019, 0.0013587730936706066, 0.0014401115477085114, 0.001521450001746416, 0.001602788339368999, 0.0016841267934069037, 0.0017654651310294867, 0.0018468035850673914, 0.0019281420391052961, 0.002009480493143201, 0.002090818714350462, 0.0021721571683883667, 0.0022534956224262714, 0.002334834076464176, 0.002416172530502081, 0.0024975109845399857, 0.0025788492057472467, 0.0026601876597851515, 0.0027415261138230562, 0.002822864567860961, 0.0029042030218988657]}, "gradients/embedding_item.weight": {"_type": "histogram", "values": [1.0, 2.0, 1.0, 0.0, 2.0, 4.0, 4.0, 12.0, 11.0, 11.0, 13.0, 21.0, 23.0, 34.0, 32.0, 39.0, 57.0, 86.0, 82.0, 120.0, 140.0, 209.0, 319.0, 381.0, 518.0, 729.0, 1088.0, 1650.0, 2846.0, 5123.0, 10440.0, 29250.0, 117717.0, 32039.0, 11211.0, 5275.0, 2945.0, 1800.0, 1149.0, 812.0, 537.0, 389.0, 308.0, 220.0, 149.0, 119.0, 82.0, 65.0, 66.0, 50.0, 43.0, 27.0, 26.0, 12.0, 15.0, 10.0, 11.0, 5.0, 4.0, 8.0, 5.0, 1.0, 2.0, 2.0], "bins": [-0.0006305241258814931, -0.0006111417314969003, -0.0005917593371123075, -0.0005723768845200539, -0.0005529944901354611, -0.0005336120957508683, -0.0005142296431586146, -0.0004948472487740219, -0.0004754648543894291, -0.0004560824600048363, -0.0004367000365164131, -0.00041731761302798986, -0.0003979352186433971, -0.0003785528242588043, -0.0003591704007703811, -0.00033978797728195786, -0.0003204055828973651, -0.0003010231885127723, -0.0002816407650243491, -0.00026225834153592587, -0.0002428759471513331, -0.0002234935382148251, -0.0002041111292783171, -0.0001847287203418091, -0.0001653463114053011, -0.0001459639024687931, -0.0001265814935322851, -0.0001071990845957771, -8.78166756592691e-05, -6.84342667227611e-05, -4.9051857786253095e-05, -2.9669448849745095e-05, -1.0286981705576181e-05, 9.095427230931818e-06, 2.847783616743982e-05, 4.786024510394782e-05, 6.724265404045582e-05, 8.662506297696382e-05, 0.00010600747191347182, 0.00012538988084997982, 0.00014477228978648782, 0.00016415469872299582, 0.00018353710765950382, 0.00020291951659601182, 0.00022230192553251982, 0.00024168433446902782, 0.0002610667434055358, 0.00028044916689395905, 0.0002998315612785518, 0.0003192139556631446, 0.0003385963791515678, 0.00035797880263999104, 0.0003773611970245838, 0.0003967435914091766, 0.0004161260148975998, 0.00043550843838602304, 0.0004548908327706158, 0.0004742732271552086, 0.0004936556797474623, 0.000513038074132055, 0.0005324204685166478, 0.0005518028629012406, 0.0005711852572858334, 0.000590567709878087, 0.0006099501042626798]}, "_wandb": {"runtime": 304}}