{"TOTAL_BEST_METRIC": 1.1041603238678472, "BEST_NDCG@10": 0.14103268605980127, "_timestamp": 1688326572.1769366, "_runtime": 469.42262864112854, "_step": 1143, "epoch": 1000, "Train_Metric_loss": NaN, "Train_Reg_loss": NaN, "Pos_loss": NaN, "Neg_loss": NaN, "Recall@5": 0.0007852166725705515, "Recall@10": 0.003778486243948518, "Recall@20": 0.005806892363746774, "NDCG@5": 0.000556356529533085, "NDCG@10": 0.0016257618776651963, "NDCG@20": 0.002209725865082795, "Recall@5_total_best": 0.15676509497053148, "Recall@10_total_best": 0.22661978482703915, "Recall@20_total_best": 0.3010660694899187, "ndcg@5_total_best": 0.11642165656184475, "ndcg@10_total_best": 0.14103268605980127, "ndcg@20_total_best": 0.16225503195871188, "EPOCH_ndcg_best": 650, "Recall@5_ndcg_best": 0.15676509497053148, "Recall@10_ndcg_best": 0.22661978482703915, "Recall@20_ndcg_best": 0.3010660694899187, "ndcg@5_ndcg_best": 0.11642165656184475, "ndcg@10_ndcg_best": 0.14103268605980127, "ndcg@20_ndcg_best": 0.16225503195871188, "gradients/mass_i.weight": {"_type": "histogram", "values": [1.0, 0.0, 0.0, 1.0, 0.0, 0.0, 1.0, 2.0, 0.0, 1.0, 1.0, 2.0, 7.0, 12.0, 15.0, 13.0, 25.0, 37.0, 45.0, 72.0, 82.0, 82.0, 97.0, 111.0, 116.0, 2524.0, 77.0, 61.0, 59.0, 37.0, 25.0, 18.0, 12.0, 9.0, 5.0, 2.0, 2.0, 3.0, 2.0, 0.0, 1.0, 0.0, 1.0, 1.0, 0.0, 2.0, 0.0, 0.0, 1.0, 1.0, 0.0, 0.0, 1.0, 0.0, 0.0, 0.0, 0.0, 0.0, 0.0, 0.0, 0.0, 0.0, 0.0, 1.0], "bins": [-3.2491741876583546e-05, -3.121784175164066e-05, -2.9943939807708375e-05, -2.8670037863776088e-05, -2.7396137738833204e-05, -2.6122235794900917e-05, -2.484833385096863e-05, -2.3574433726025745e-05, -2.230053360108286e-05, -2.1026631657150574e-05, -1.975273153220769e-05, -1.8478829588275403e-05, -1.720492946333252e-05, -1.593102751940023e-05, -1.4657126484962646e-05, -1.338322545052506e-05, -1.2109323506592773e-05, -1.0835422472155187e-05, -9.561521437717602e-06, -8.287619493785314e-06, -7.0137189140950795e-06, -5.739817879657494e-06, -4.465916390472557e-06, -3.1920153560349718e-06, -1.918114321597386e-06, -6.442131734729628e-07, 6.296879746514605e-07, 1.9035892364627216e-06, 3.1774902709003072e-06, 4.451391305337893e-06, 5.725292794522829e-06, 6.999193828960415e-06, 8.273094863398e-06, 9.546995897835586e-06, 1.0820896932273172e-05, 1.209479887620546e-05, 1.3368699001148343e-05, 1.464260094508063e-05, 1.5916502889012918e-05, 1.7190403013955802e-05, 1.8464303138898686e-05, 1.9738205082830973e-05, 2.1012105207773857e-05, 2.2286007151706144e-05, 2.3559907276649028e-05, 2.4833809220581315e-05, 2.6107711164513603e-05, 2.7381611289456487e-05, 2.8655513233388774e-05, 2.992941517732106e-05, 3.1203315302263945e-05, 3.247721542720683e-05, 3.375111919012852e-05, 3.5025019315071404e-05, 3.629891944001429e-05, 3.757281956495717e-05, 3.884672332787886e-05, 4.0120623452821746e-05, 4.139452721574344e-05, 4.266842734068632e-05, 4.3942327465629205e-05, 4.521622759057209e-05, 4.649013135349378e-05, 4.7764031478436664e-05, 4.903793160337955e-05]}, "gradients/mass_u.weight": {"_type": "histogram", "values": [1.0, 0.0, 0.0, 0.0, 0.0, 0.0, 0.0, 0.0, 0.0, 0.0, 0.0, 0.0, 0.0, 0.0, 0.0, 0.0, 0.0, 0.0, 0.0, 0.0, 0.0, 0.0, 0.0, 0.0, 0.0, 0.0, 0.0, 0.0, 0.0, 0.0, 0.0, 0.0, 0.0, 0.0, 0.0, 0.0, 0.0, 1.0, 1.0, 0.0, 0.0, 1.0, 1.0, 0.0, 0.0, 0.0, 2.0, 0.0, 0.0, 1.0, 1.0, 0.0, 2.0, 2.0, 0.0, 4.0, 3.0, 10.0, 8.0, 15.0, 30.0, 74.0, 210.0, 5174.0], "bins": [-0.00026660761795938015, -0.00026244187029078603, -0.0002582761226221919, -0.0002541103749535978, -0.00024994462728500366, -0.00024577890872024, -0.00024161316105164587, -0.00023744741338305175, -0.00023328166571445763, -0.0002291159180458635, -0.0002249501703772694, -0.0002207844372605905, -0.00021661868959199637, -0.00021245294192340225, -0.00020828720880672336, -0.00020412146113812923, -0.0001999557134695351, -0.000195789965800941, -0.00019162421813234687, -0.00018745848501566797, -0.00018329273734707385, -0.00017912698967847973, -0.00017496125656180084, -0.00017079550889320672, -0.0001666297612246126, -0.00016246401355601847, -0.00015829826588742435, -0.00015413253277074546, -0.00014996678510215133, -0.0001458010374335572, -0.00014163530431687832, -0.0001374695566482842, -0.00013330380897969007, -0.00012913806131109595, -0.00012497231364250183, -0.00012080658052582294, -0.00011664083285722882, -0.0001124750851886347, -0.00010830934479599819, -0.00010414360440336168, -9.997785673476756e-05, -9.581210906617343e-05, -9.164636867353693e-05, -8.748062828090042e-05, -8.33148806123063e-05, -7.914913294371217e-05, -7.498339255107567e-05, -7.081765215843916e-05, -6.665190448984504e-05, -6.248615682125092e-05, -5.832041642861441e-05, -5.415467239799909e-05, -4.998892836738378e-05, -4.582318433676846e-05, -4.165744030615315e-05, -3.7491696275537834e-05, -3.332595224492252e-05, -2.9160208214307204e-05, -2.499446418369189e-05, -2.0828720153076574e-05, -1.666297612246126e-05, -1.2497232091845945e-05, -8.33148806123063e-06, -4.165744030615315e-06, 0.0]}, "gradients/embedding_user.weight": {"_type": "histogram", "values": [0.0, 0.0, 0.0, 0.0, 0.0, 0.0, 0.0, 0.0, 0.0, 0.0, 0.0, 0.0, 0.0, 0.0, 0.0, 0.0, 0.0, 0.0, 0.0, 0.0, 0.0, 0.0, 0.0, 0.0, 0.0, 0.0, 0.0, 0.0, 0.0, 0.0, 0.0, 0.0, 3392.0, 0.0, 0.0, 0.0, 0.0, 0.0, 0.0, 0.0, 0.0, 0.0, 0.0, 0.0, 0.0, 0.0, 0.0, 0.0, 0.0, 0.0, 0.0, 0.0, 0.0, 0.0, 0.0, 0.0, 0.0, 0.0, 0.0, 0.0, 0.0, 0.0, 0.0, 0.0], "bins": [0.0, 0.0, 0.0, 0.0, 0.0, 0.0, 0.0, 0.0, 0.0, 0.0, 0.0, 0.0, 0.0, 0.0, 0.0, 0.0, 0.0, 0.0, 0.0, 0.0, 0.0, 0.0, 0.0, 0.0, 0.0, 0.0, 0.0, 0.0, 0.0, 0.0, 0.0, 0.0, 0.0, 0.0, 0.0, 0.0, 0.0, 0.0, 0.0, 0.0, 0.0, 0.0, 0.0, 0.0, 0.0, 0.0, 0.0, 0.0, 0.0, 0.0, 0.0, 0.0, 0.0, 0.0, 0.0, 0.0, 0.0, 0.0, 0.0, 0.0, 0.0, 0.0, 0.0, 0.0, 0.0]}, "gradients/embedding_item.weight": {"_type": "histogram", "values": [1.0, 0.0, 1.0, 0.0, 1.0, 3.0, 4.0, 5.0, 4.0, 5.0, 12.0, 10.0, 15.0, 24.0, 35.0, 39.0, 53.0, 85.0, 122.0, 144.0, 244.0, 368.0, 501.0, 711.0, 1153.0, 1747.0, 2844.0, 4682.0, 8248.0, 15486.0, 29963.0, 73355.0, 41953.0, 20127.0, 10735.0, 5883.0, 3504.0, 2129.0, 1304.0, 879.0, 594.0, 389.0, 282.0, 182.0, 135.0, 121.0, 68.0, 53.0, 41.0, 37.0, 23.0, 11.0, 9.0, 7.0, 5.0, 3.0, 3.0, 2.0, 2.0, 1.0, 1.0, 1.0, 0.0, 3.0], "bins": [-0.00040163160883821547, -0.00038896530168130994, -0.00037629896542057395, -0.0003636326582636684, -0.0003509663511067629, -0.0003383000148460269, -0.00032563370768912137, -0.00031296740053221583, -0.0003003010933753103, -0.00028763478621840477, -0.0002749684499576688, -0.00026230214280076325, -0.0002496358356438577, -0.00023696951393503696, -0.0002243031922262162, -0.00021163688506931067, -0.0001989705633604899, -0.00018630424165166914, -0.0001736379344947636, -0.00016097161278594285, -0.00014830530562903732, -0.00013563898392021656, -0.00012297267676331103, -0.00011030635505449027, -9.764004062162712e-05, -8.497372618876398e-05, -7.230741175590083e-05, -5.964109368505888e-05, -4.697477925219573e-05, -3.430846118135378e-05, -2.164214674849063e-05, -8.975832315627486e-06, 3.6904821172356606e-06, 1.6356796550098807e-05, 2.9023112801951356e-05, 4.1689429053803906e-05, 5.435574348666705e-05, 6.7022061557509e-05, 7.968837599037215e-05, 9.23546904232353e-05, 0.00010502100485609844, 0.00011768731928896159, 0.00013035364099778235, 0.00014301994815468788, 0.00015568626986350864, 0.0001683525915723294, 0.00018101889872923493, 0.00019368520588614047, 0.00020635152759496123, 0.00021901784930378199, 0.00023168415646068752, 0.00024435046361759305, 0.00025701679987832904, 0.00026968310703523457, 0.0002823494141921401, 0.0002950157504528761, 0.0003076820576097816, 0.00032034836476668715, 0.00033301470102742314, 0.0003456810081843287, 0.0003583473153412342, 0.0003710136516019702, 0.00038367995875887573, 0.00039634626591578126, 0.0004090125730726868]}, "_wandb": {"runtime": 468}}