{"TOTAL_BEST_METRIC": 0.35474328310282177, "BEST_NDCG@10": 0.055830946359833045, "_timestamp": 1688436476.50251, "_runtime": 3255.181718111038, "_step": 197, "epoch": 169, "Train_Metric_loss": -6.665345852191631, "Train_Reg_loss": 0.0034065506188198924, "Pos_loss": 14.366499900817871, "Neg_loss": -21.133947372436523, "Recall@5": 0.033189542411263796, "Recall@10": 0.05313151539260032, "Recall@20": 0.08126942330259547, "NDCG@5": 0.046796694162963524, "NDCG@10": 0.052162784771118326, "NDCG@20": 0.062015766880521864, "Recall@5_total_best": 0.03556661825827384, "Recall@10_total_best": 0.05725314624269867, "Recall@20_total_best": 0.08905464589398651, "ndcg@5_total_best": 0.05003860358609269, "ndcg@10_total_best": 0.055784160081079066, "ndcg@20_total_best": 0.06704610904069094, "EPOCH_ndcg_best": 60, "Recall@5_ndcg_best": 0.03514015952251716, "Recall@10_ndcg_best": 0.057160548398487866, "Recall@20_ndcg_best": 0.08850729805914212, "ndcg@5_ndcg_best": 0.04969614927152592, "ndcg@10_ndcg_best": 0.055830946359833045, "ndcg@20_ndcg_best": 0.06692489115451299, "gradients/mass_i.weight": {"_type": "histogram", "values": [1.0, 0.0, 1.0, 0.0, 0.0, 0.0, 0.0, 0.0, 0.0, 0.0, 0.0, 0.0, 1.0, 1.0, 0.0, 2.0, 0.0, 1.0, 3.0, 1.0, 3.0, 7.0, 4.0, 10.0, 9.0, 18.0, 21.0, 34.0, 31.0, 73.0, 84.0, 120.0, 156.0, 293.0, 354.0, 467.0, 31.0, 38709.0, 144.0, 225.0, 130.0, 117.0, 60.0, 30.0, 24.0, 16.0, 19.0, 14.0, 19.0, 5.0, 6.0, 3.0, 3.0, 5.0, 3.0, 1.0, 0.0, 2.0, 1.0, 0.0, 1.0, 0.0, 0.0, 1.0], "bins": [-0.0002202934119850397, -0.00021435529924929142, -0.00020841718651354313, -0.00020247908832971007, -0.00019654097559396178, -0.00019060286285821348, -0.0001846647501224652, -0.00017872665193863213, -0.00017278853920288384, -0.00016685042646713555, -0.00016091231373138726, -0.0001549742155475542, -0.0001490361028118059, -0.0001430979900760576, -0.00013715987734030932, -0.00013122177915647626, -0.00012528366642072797, -0.00011934555368497968, -0.000113407448225189, -0.00010746933548944071, -0.00010153123002965003, -9.559311729390174e-05, -8.965500455815345e-05, -8.371689909836277e-05, -7.777877908665687e-05, -7.184066635090858e-05, -6.59025608911179e-05, -5.996444815536961e-05, -5.402634269557893e-05, -4.808822995983064e-05, -4.215012086206116e-05, -3.6212011764291674e-05, -3.0273906304500997e-05, -2.4335797206731513e-05, -1.839768810896203e-05, -1.2459577192203142e-05, -6.521468094433658e-06, -5.833589966641739e-07, 5.3547519200947136e-06, 1.1292861017864197e-05, 1.723097011563368e-05, 2.3169079213403165e-05, 2.910718831117265e-05, 3.504529740894213e-05, 4.0983410144690424e-05, 4.69215156044811e-05, 5.285962834022939e-05, 5.8797737437998876e-05, 6.473584653576836e-05, 7.067395927151665e-05, 7.661206473130733e-05, 8.255017746705562e-05, 8.84882829268463e-05, 9.442639566259459e-05, 0.00010036450112238526, 0.00010630261385813355, 0.00011224072659388185, 0.00011817883932963014, 0.00012411695206537843, 0.0001300550502492115, 0.00013599316298495978, 0.00014193127572070807, 0.00014786938845645636, 0.00015380748664028943, 0.00015974559937603772]}, "gradients/mass_u.weight": {"_type": "histogram", "values": [0.0, 0.0, 0.0, 0.0, 0.0, 0.0, 0.0, 0.0, 0.0, 0.0, 0.0, 0.0, 0.0, 0.0, 0.0, 0.0, 0.0, 0.0, 0.0, 0.0, 0.0, 0.0, 0.0, 0.0, 0.0, 0.0, 0.0, 0.0, 0.0, 0.0, 0.0, 0.0, 52406.0, 0.0, 0.0, 0.0, 0.0, 0.0, 0.0, 0.0, 0.0, 0.0, 0.0, 0.0, 0.0, 0.0, 0.0, 0.0, 0.0, 0.0, 0.0, 0.0, 0.0, 0.0, 0.0, 0.0, 0.0, 0.0, 0.0, 0.0, 0.0, 0.0, 0.0, 0.0], "bins": [0.0, 0.0, 0.0, 0.0, 0.0, 0.0, 0.0, 0.0, 0.0, 0.0, 0.0, 0.0, 0.0, 0.0, 0.0, 0.0, 0.0, 0.0, 0.0, 0.0, 0.0, 0.0, 0.0, 0.0, 0.0, 0.0, 0.0, 0.0, 0.0, 0.0, 0.0, 0.0, 0.0, 0.0, 0.0, 0.0, 0.0, 0.0, 0.0, 0.0, 0.0, 0.0, 0.0, 0.0, 0.0, 0.0, 0.0, 0.0, 0.0, 0.0, 0.0, 0.0, 0.0, 0.0, 0.0, 0.0, 0.0, 0.0, 0.0, 0.0, 0.0, 0.0, 0.0, 0.0, 0.0]}, "gradients/embedding_user.weight": {"_type": "histogram", "values": [1.0, 0.0, 0.0, 0.0, 0.0, 0.0, 0.0, 0.0, 0.0, 0.0, 0.0, 0.0, 1.0, 1.0, 2.0, 1.0, 1.0, 0.0, 2.0, 4.0, 1.0, 4.0, 7.0, 7.0, 7.0, 15.0, 29.0, 81.0, 301.0, 1050.0, 6803.0, 3336777.0, 7315.0, 1118.0, 290.0, 76.0, 29.0, 16.0, 13.0, 3.0, 7.0, 3.0, 5.0, 1.0, 1.0, 2.0, 0.0, 0.0, 3.0, 2.0, 1.0, 2.0, 0.0, 0.0, 0.0, 0.0, 0.0, 0.0, 1.0, 0.0, 0.0, 0.0, 0.0, 1.0], "bins": [-0.0029460994992405176, -0.002852607984095812, -0.002759116468951106, -0.0026656249538064003, -0.002572133671492338, -0.0024786421563476324, -0.0023851506412029266, -0.002291659126058221, -0.002198167610913515, -0.0021046760957688093, -0.0020111845806241035, -0.0019176931818947196, -0.0018242017831653357, -0.0017307102680206299, -0.0016372187528759241, -0.0015437272377312183, -0.0014502359554171562, -0.0013567444402724504, -0.0012632530415430665, -0.0011697615263983607, -0.0010762701276689768, -0.000982778612524271, -0.0008892870973795652, -0.0007957956404425204, -0.0007023041835054755, -0.0006088127265684307, -0.0005153212696313858, -0.00042182975448668003, -0.00032833829754963517, -0.0002348468406125903, -0.00014135532546788454, -4.786386853083968e-05, 4.562782123684883e-05, 0.00013911929272580892, 0.000232610764214769, 0.0003261022502556443, 0.0004195937071926892, 0.000513085164129734, 0.0006065766792744398, 0.0007000681362114847, 0.0007935595931485295, 0.0008870510500855744, 0.0009805425070226192, 0.001074034022167325, 0.0011675255373120308, 0.0012610169360414147, 0.0013545084511861205, 0.0014479998499155045, 0.0015414913650602102, 0.001634982880204916, 0.0017284742789343, 0.0018219657940790057, 0.0019154571928083897, 0.0020089487079530954, 0.002102440223097801, 0.002195931738242507, 0.0022894232533872128, 0.0023829147685319185, 0.0024764062836766243, 0.0025698975659906864, 0.002663389081135392, 0.002756880596280098, 0.0028503721114248037, 0.0029438636265695095, 0.0030373549088835716]}, "gradients/embedding_item.weight": {"_type": "histogram", "values": [1.0, 0.0, 0.0, 0.0, 0.0, 2.0, 0.0, 2.0, 7.0, 2.0, 7.0, 10.0, 14.0, 29.0, 36.0, 51.0, 55.0, 117.0, 171.0, 270.0, 409.0, 733.0, 1138.0, 1976.0, 3525.0, 6422.0, 11606.0, 22044.0, 42113.0, 94336.0, 272648.0, 1470913.0, 431349.0, 153154.0, 61695.0, 29991.0, 15821.0, 8669.0, 4918.0, 2655.0, 1547.0, 927.0, 555.0, 345.0, 229.0, 126.0, 101.0, 55.0, 36.0, 32.0, 21.0, 8.0, 5.0, 7.0, 2.0, 6.0, 0.0, 1.0, 2.0, 1.0, 0.0, 0.0, 0.0, 1.0], "bins": [-0.00023160636192187667, -0.0002243109338451177, -0.0002170155057683587, -0.00020972009224351496, -0.00020242466416675597, -0.000195129236089997, -0.00018783382256515324, -0.00018053839448839426, -0.00017324296641163528, -0.0001659475383348763, -0.00015865211025811732, -0.00015135669673327357, -0.00014406126865651459, -0.0001367658405797556, -0.00012947042705491185, -0.00012217499897815287, -0.00011487957090139389, -0.00010758414282463491, -0.00010028872202383354, -9.299330122303218e-05, -8.56978731462732e-05, -7.840244506951421e-05, -7.110702426871285e-05, -6.381160346791148e-05, -5.65161753911525e-05, -4.922075095237233e-05, -4.1925326513592154e-05, -3.462990207481198e-05, -2.7334477636031806e-05, -2.0039053197251633e-05, -1.2743628758471459e-05, -5.4482043196912855e-06, 1.8472201190888882e-06, 9.142644557869062e-06, 1.6438068996649235e-05, 2.373349343542941e-05, 3.102891787420958e-05, 3.8324342312989756e-05, 4.561976675176993e-05, 5.2915191190550104e-05, 6.021061562933028e-05, 6.750604370608926e-05, 7.480146450689062e-05, 8.209688530769199e-05, 8.939231338445097e-05, 9.668774146120995e-05, 0.00010398316226201132, 0.00011127858306281269, 0.00011857401113957167, 0.00012586943921633065, 0.00013316486729308963, 0.00014046028081793338, 0.00014775570889469236, 0.00015505113697145134, 0.0001623465504962951, 0.00016964197857305408, 0.00017693740664981306, 0.00018423283472657204, 0.00019152826280333102, 0.00019882367632817477, 0.00020611910440493375, 0.00021341453248169273, 0.00022070994600653648, 0.00022800537408329546, 0.00023530080216005445]}, "_wandb": {"runtime": 3269}}