{"TOTAL_BEST_METRIC": 0.38010464333678995, "BEST_NDCG@10": 0.044656096555156094, "_timestamp": 1688377575.2670248, "_runtime": 1229.785650730133, "_step": 1189, "epoch": 1000, "Train_Metric_loss": -0.13506020499127253, "Train_Reg_loss": 0.00011237843136768788, "Pos_loss": -0.3198646306991577, "Neg_loss": 0.26990893483161926, "Recall@5": 0.047321337188734214, "Recall@10": 0.07780583369077576, "Recall@20": 0.11903340327051844, "NDCG@5": 0.033760189113752136, "NDCG@10": 0.044287464308620884, "NDCG@20": 0.05596412943164779, "Recall@5_total_best": 0.047552150431562745, "Recall@10_total_best": 0.07859550706885712, "Recall@20_total_best": 0.11945309326557711, "ndcg@5_total_best": 0.03381588369378906, "ndcg@10_total_best": 0.04462092217746668, "ndcg@20_total_best": 0.056067086699537236, "EPOCH_ndcg_best": 910, "Recall@5_ndcg_best": 0.046955833631668664, "Recall@10_ndcg_best": 0.07875564052875846, "Recall@20_ndcg_best": 0.11903654579823773, "ndcg@5_ndcg_best": 0.033562239566449645, "ndcg@10_ndcg_best": 0.044656096555156094, "ndcg@20_ndcg_best": 0.05596222198451914, "gradients/mass_i.weight": {"_type": "histogram", "values": [1.0, 0.0, 0.0, 0.0, 0.0, 0.0, 0.0, 0.0, 0.0, 0.0, 0.0, 1.0, 0.0, 1.0, 1.0, 1.0, 0.0, 0.0, 0.0, 2.0, 2.0, 1.0, 2.0, 3.0, 4.0, 4.0, 5.0, 1.0, 7.0, 7.0, 7.0, 5.0, 7.0, 11.0, 9.0, 13.0, 37.0, 58.0, 51.0, 26.0, 36.0, 112.0, 330.0, 78.0, 37.0, 132.0, 112.0, 6843.0, 20.0, 101.0, 329.0, 94.0, 37.0, 51.0, 51.0, 23.0, 12.0, 17.0, 16.0, 5.0, 3.0, 1.0, 3.0, 3.0], "bins": [-0.0016293155495077372, -0.0015947603387758136, -0.0015602050116285682, -0.0015256498008966446, -0.001491094590164721, -0.0014565393794327974, -0.001421984052285552, -0.0013874288415536284, -0.0013528736308217049, -0.0013183184200897813, -0.0012837630929425359, -0.0012492078822106123, -0.0012146526714786887, -0.0011800974607467651, -0.0011455421335995197, -0.0011109869228675961, -0.0010764315957203507, -0.0010418763849884272, -0.0010073210578411818, -0.0009727658471092582, -0.0009382106363773346, -0.0009036553674377501, -0.0008691000984981656, -0.000834544887766242, -0.0007999896188266575, -0.000765434349887073, -0.0007308791391551495, -0.000696323870215565, -0.0006617686012759805, -0.0006272133905440569, -0.0005926581216044724, -0.0005581028526648879, -0.0005235475255176425, -0.000488992256578058, -0.0004544370458461344, -0.00041988177690654993, -0.0003853265370707959, -0.00035077129723504186, -0.00031621602829545736, -0.0002816607884597033, -0.0002471055486239493, -0.00021255030878819525, -0.000177995054400526, -0.00014343980001285672, -0.00010888456017710268, -7.432932034134865e-05, -3.977406595367938e-05, -5.2188115660101175e-06, 2.933642826974392e-05, 6.389167538145557e-05, 9.844692249316722e-05, 0.0001330021768808365, 0.00016755741671659052, 0.00020211265655234456, 0.00023666791094001383, 0.0002712231653276831, 0.00030577840516343713, 0.00034033364499919116, 0.0003748888848349452, 0.0004094441537745297, 0.00044399939361028373, 0.00047855463344603777, 0.0005131099023856223, 0.0005476651713252068, 0.0005822203820571303]}, "gradients/mass_u.weight": {"_type": "histogram", "values": [1.0, 0.0, 0.0, 0.0, 0.0, 0.0, 0.0, 1.0, 0.0, 0.0, 0.0, 0.0, 1.0, 0.0, 1.0, 0.0, 0.0, 1.0, 0.0, 0.0, 1.0, 0.0, 1.0, 0.0, 1.0, 1.0, 1.0, 0.0, 0.0, 1.0, 2.0, 0.0, 0.0, 2.0, 1.0, 0.0, 1.0, 0.0, 2.0, 0.0, 2.0, 1.0, 3.0, 0.0, 3.0, 4.0, 6.0, 3.0, 7.0, 7.0, 11.0, 6.0, 8.0, 18.0, 39.0, 20.0, 29.0, 84.0, 116.0, 33.0, 48.0, 28.0, 10.0, 14176.0], "bins": [-0.0016906894743442535, -0.0016642725095152855, -0.0016378554282709956, -0.0016114383470267057, -0.0015850213821977377, -0.0015586044173687696, -0.0015321873361244798, -0.00150577025488019, -0.0014793532900512218, -0.0014529363252222538, -0.001426519243977964, -0.001400102162733674, -0.001373685197904706, -0.001347268233075738, -0.001320851151831448, -0.0012944340705871582, -0.0012680171057581902, -0.001241600140929222, -0.0012151830596849322, -0.0011887659784406424, -0.0011623490136116743, -0.0011359320487827063, -0.0011095149675384164, -0.0010830978862941265, -0.0010566809214651585, -0.0010302639566361904, -0.0010038468753919005, -0.0009774297941476107, -0.0009510128293186426, -0.0009245958062820137, -0.0008981787832453847, -0.0008717617602087557, -0.0008453447371721268, -0.0008189277141354978, -0.0007925106910988688, -0.0007660936680622399, -0.0007396766450256109, -0.000713259621988982, -0.000686842598952353, -0.000660425575915724, -0.0006340085528790951, -0.0006075915298424661, -0.0005811745068058372, -0.0005547574837692082, -0.0005283404607325792, -0.0005019234376959503, -0.0004755064146593213, -0.00044908939162269235, -0.0004226723685860634, -0.0003962553455494344, -0.00036983832251280546, -0.0003434212994761765, -0.00031700427643954754, -0.0002905872534029186, -0.0002641702303662896, -0.00023775320732966065, -0.0002113361842930317, -0.00018491916125640273, -0.00015850213821977377, -0.0001320851151831448, -0.00010566809214651585, -7.925106910988688e-05, -5.283404607325792e-05, -2.641702303662896e-05, 0.0]}, "gradients/embedding_user.weight": {"_type": "histogram", "values": [1.0, 0.0, 1.0, 1.0, 0.0, 0.0, 0.0, 1.0, 0.0, 1.0, 3.0, 1.0, 1.0, 3.0, 0.0, 1.0, 0.0, 0.0, 1.0, 2.0, 5.0, 7.0, 22.0, 24.0, 55.0, 69.0, 123.0, 186.0, 354.0, 622.0, 1101.0, 1971.0, 3822.0, 8404.0, 185880.0, 683269.0, 41362.0, 5871.0, 2900.0, 1538.0, 821.0, 457.0, 298.0, 166.0, 97.0, 54.0, 23.0, 20.0, 8.0, 8.0, 6.0, 7.0, 5.0, 4.0, 2.0, 1.0, 0.0, 1.0, 0.0, 0.0, 0.0, 0.0, 0.0, 4.0], "bins": [-7.1935896812647115e-06, -6.9898032961646095e-06, -6.7860169110645074e-06, -6.582230525964405e-06, -6.3784436861169524e-06, -6.17465730101685e-06, -5.970870915916748e-06, -5.767084530816646e-06, -5.563298145716544e-06, -5.359511760616442e-06, -5.15572537551634e-06, -4.951938535668887e-06, -4.748152150568785e-06, -4.544365765468683e-06, -4.340579380368581e-06, -4.136792995268479e-06, -3.933006155421026e-06, -3.729219770320924e-06, -3.5254331578471465e-06, -3.3216467727470445e-06, -3.117860160273267e-06, -2.914073775173165e-06, -2.710287390073063e-06, -2.506501004972961e-06, -2.3027143924991833e-06, -2.0989280073990813e-06, -1.8951413949253038e-06, -1.6913550098252017e-06, -1.487568511038262e-06, -1.2837820122513222e-06, -1.07999562715122e-06, -8.762091283642803e-07, -6.724226295773406e-07, -4.686361592121102e-07, -2.6484968884687987e-07, -6.106324690335896e-08, 1.4272325188358082e-07, 3.465097506705206e-07, 5.502961357706226e-07, 7.540826345575624e-07, 9.578691333445022e-07, 1.161655632131442e-06, 1.3654421309183817e-06, 1.5692285160184838e-06, 1.7730150148054236e-06, 1.9768015135923633e-06, 2.1805878986924654e-06, 2.384374511166243e-06, 2.588160896266345e-06, 2.791947281366447e-06, 2.9957338938402245e-06, 3.1995202789403265e-06, 3.403306891414104e-06, 3.607093276514206e-06, 3.810879661614308e-06, 4.01466604671441e-06, 4.218452886561863e-06, 4.422239271661965e-06, 4.626025656762067e-06, 4.82981249660952e-06, 5.033598881709622e-06, 5.237385266809724e-06, 5.441171651909826e-06, 5.644958037009928e-06, 5.8487444221100304e-06]}, "gradients/embedding_item.weight": {"_type": "histogram", "values": [1.0, 0.0, 0.0, 0.0, 0.0, 2.0, 1.0, 2.0, 0.0, 4.0, 11.0, 6.0, 14.0, 11.0, 5.0, 23.0, 32.0, 50.0, 77.0, 95.0, 140.0, 213.0, 344.0, 528.0, 846.0, 1345.0, 2334.0, 4265.0, 7423.0, 12369.0, 20562.0, 32814.0, 47461.0, 273791.0, 58685.0, 36744.0, 23186.0, 13978.0, 8354.0, 4879.0, 2743.0, 1576.0, 960.0, 590.0, 384.0, 243.0, 156.0, 122.0, 79.0, 40.0, 40.0, 27.0, 19.0, 12.0, 9.0, 10.0, 6.0, 7.0, 2.0, 4.0, 3.0, 2.0, 1.0, 2.0],