{"TOTAL_BEST_METRIC": 1.1188799039812694, "BEST_NDCG@10": 0.1431366474070007, "_timestamp": 1688401447.263844, "_runtime": 1098.3238999843597, "_step": 1229, "epoch": 1000, "Train_Metric_loss": 4.207833385467529, "Train_Reg_loss": 3.687041680677794e-05, "Pos_loss": 8.55148983001709, "Neg_loss": 0.10517604649066925, "Recall@5": 0.15269150983956065, "Recall@10": 0.22544304799674234, "Recall@20": 0.3105780954570037, "NDCG@5": 0.11634706711101984, "NDCG@10": 0.14175604222951893, "NDCG@20": 0.16602583497297815, "Recall@5_total_best": 0.15493082206824585, "Recall@10_total_best": 0.22839049217691762, "Recall@20_total_best": 0.30888387221655306, "ndcg@5_total_best": 0.11754366250560166, "ndcg@10_total_best": 0.1431366474070007, "ndcg@20_total_best": 0.16599440760695056, "EPOCH_ndcg_best": 990, "Recall@5_ndcg_best": 0.15493082206824585, "Recall@10_ndcg_best": 0.22839049217691762, "Recall@20_ndcg_best": 0.30888387221655306, "ndcg@5_ndcg_best": 0.11754366250560166, "ndcg@10_ndcg_best": 0.1431366474070007, "ndcg@20_ndcg_best": 0.16599440760695056, "gradients/mass_i.weight": {"_type": "histogram", "values": [1.0, 0.0, 0.0, 0.0, 0.0, 0.0, 1.0, 0.0, 2.0, 3.0, 1.0, 1.0, 0.0, 2.0, 3.0, 3.0, 2.0, 1.0, 1.0, 5.0, 4.0, 6.0, 6.0, 4.0, 7.0, 9.0, 6.0, 15.0, 17.0, 21.0, 9.0, 38.0, 60.0, 13.0, 43.0, 163.0, 10.0, 34.0, 2779.0, 7.0, 35.0, 111.0, 6.0, 19.0, 58.0, 11.0, 11.0, 20.0, 4.0, 2.0, 4.0, 1.0, 4.0, 1.0, 0.0, 2.0, 1.0, 0.0, 0.0, 0.0, 0.0, 0.0, 0.0, 1.0], "bins": [-0.000753863831050694, -0.0007343945908360183, -0.0007149254088290036, -0.0006954561686143279, -0.0006759869283996522, -0.0006565177463926375, -0.0006370485061779618, -0.0006175793241709471, -0.0005981100839562714, -0.0005786408437415957, -0.000559171661734581, -0.0005397024215199053, -0.0005202331813052297, -0.0005007639992982149, -0.00048129475908353925, -0.00046182554797269404, -0.0004423563077580184, -0.00042288709664717317, -0.0004034178564324975, -0.0003839486453216523, -0.0003644794342108071, -0.0003450101939961314, -0.0003255409828852862, -0.000306071771774441, -0.00028660253155976534, -0.00026713332044892013, -0.00024766408023424447, -0.00022819486912339926, -0.00020872565801255405, -0.0001892564323497936, -0.00016978720668703318, -0.00015031799557618797, -0.00013084878446534276, -0.00011137956607853994, -9.191034769173712e-05, -7.244112202897668e-05, -5.2971903642173856e-05, -3.3502685255371034e-05, -1.4033459592610598e-05, 5.4357515182346106e-06, 2.4904977180995047e-05, 4.437419556779787e-05, 6.384341395460069e-05, 8.331263961736113e-05, 0.00010278185800416395, 0.00012225107639096677, 0.0001417203020537272, 0.00016118951316457242, 0.00018065873882733285, 0.0002001279644900933, 0.0002195971756009385, 0.00023906640126369894, 0.00025853561237454414, 0.0002780048525892198, 0.000297474063700065, 0.0003169432748109102, 0.0003364125150255859, 0.0003558817261364311, 0.00037535096635110676, 0.00039482017746195197, 0.0004142893885727972, 0.0004337585996836424, 0.00045322783989831805, 0.00047269705100916326, 0.0004921662621200085]}, "gradients/mass_u.weight": {"_type": "histogram", "values": [1.0, 0.0, 0.0, 0.0, 0.0, 0.0, 0.0, 0.0, 0.0, 0.0, 0.0, 0.0, 0.0, 0.0, 0.0, 0.0, 0.0, 0.0, 0.0, 0.0, 1.0, 0.0, 0.0, 0.0, 1.0, 0.0, 0.0, 0.0, 2.0, 3.0, 2.0, 0.0, 1.0, 2.0, 0.0, 0.0, 0.0, 2.0, 2.0, 2.0, 0.0, 2.0, 1.0, 2.0, 2.0, 2.0, 1.0, 1.0, 4.0, 6.0, 2.0, 4.0, 6.0, 19.0, 9.0, 25.0, 18.0, 36.0, 36.0, 68.0, 88.0, 71.0, 42.0, 5077.0], "bins": [-0.0003840676508843899, -0.00037806658656336367, -0.00037206552224233747, -0.0003660644870251417, -0.0003600634227041155, -0.0003540623583830893, -0.00034806132316589355, -0.00034206025884486735, -0.00033605919452384114, -0.00033005813020281494, -0.00032405706588178873, -0.000318056030664593, -0.0003120549663435668, -0.00030605390202254057, -0.0003000528668053448, -0.0002940518024843186, -0.0002880507381632924, -0.0002820496738422662, -0.00027604860952124, -0.00027004757430404425, -0.00026404650998301804, -0.00025804544566199183, -0.0002520444104447961, -0.0002460433461237699, -0.00024004228180274367, -0.00023404121748171747, -0.0002280401677126065, -0.0002220391179434955, -0.0002160380536224693, -0.0002100369893014431, -0.00020403593953233212, -0.00019803488976322114, -0.00019203382544219494, -0.00018603276112116873, -0.00018003171135205775, -0.00017403066158294678, -0.00016802959726192057, -0.00016202853294089437, -0.0001560274831717834, -0.0001500264334026724, -0.0001440253690816462, -0.00013802430476062, -0.00013202325499150902, -0.00012602220522239804, -0.00012002114090137184, -0.00011402008385630324, -0.00010801902681123465, -0.00010201796976616606, -9.601691272109747e-05, -9.001585567602888e-05, -8.401479863096029e-05, -7.80137415858917e-05, -7.20126845408231e-05, -6.601162749575451e-05, -6.001057045068592e-05, -5.4009513405617326e-05, -4.8008456360548735e-05, -4.200739931548014e-05, -3.600634227041155e-05, -3.000528522534296e-05, -2.4004228180274367e-05, -1.8003171135205775e-05, -1.2002114090137184e-05, -6.001057045068592e-06, 0.0]}, "gradients/embedding_user.weight": {"_type": "histogram", "values": [2.0, 0.0, 1.0, 0.0, 0.0, 0.0, 2.0, 2.0, 6.0, 5.0, 9.0, 6.0, 9.0, 10.0, 22.0, 32.0, 34.0, 55.0, 85.0, 99.0, 143.0, 187.0, 300.0, 470.0, 743.0, 1383.0, 2476.0, 5759.0, 19445.0, 64925.0, 125451.0, 88052.0, 29764.0, 7898.0, 3047.0, 1605.0, 924.0, 521.0, 372.0, 235.0, 161.0, 102.0, 76.0, 58.0, 41.0, 29.0, 21.0, 12.0, 12.0, 7.0, 2.0, 4.0, 4.0, 3.0, 2.0, 2.0, 4.0, 1.0, 0.0, 1.0, 1.0, 0.0, 1.0, 1.0], "bins": [-0.00038722483441233635, -0.0003745949943549931, -0.0003619651834014803, -0.00034933534334413707, -0.0003367055323906243, -0.00032407569233328104, -0.0003114458522759378, -0.00029881601221859455, -0.00028618620126508176, -0.0002735563612077385, -0.00026092655025422573, -0.0002482967101968825, -0.00023566688469145447, -0.00022303705918602645, -0.0002104072191286832, -0.0001977773936232552, -0.00018514756811782718, -0.00017251774261239916, -0.00015988791710697114, -0.0001472580770496279, -0.00013462825154419988, -0.00012199842603877187, -0.00010936859325738624, -9.673876047600061e-05, -8.410893497057259e-05, -7.147910946514457e-05, -5.8849276683758944e-05, -4.621944754035212e-05, -3.35896183969453e-05, -2.095979289151728e-05, -8.329960110131651e-06, 4.299872671253979e-06, 1.6929698176681995e-05, 2.955952732008882e-05, 4.218935646349564e-05, 5.4819185606902465e-05, 6.744901475030929e-05, 8.00788402557373e-05, 9.270867303712294e-05, 0.00010533850581850857, 0.00011796833132393658, 0.0001305981568293646, 0.00014322798233479261, 0.00015585782239213586, 0.00016848764789756387, 0.0001811174734029919, 0.00019374731346033514, 0.00020637713896576315, 0.00021900696447119117, 0.00023163678997661918, 0.0002442666154820472, 0.00025689645553939044, 0.00026952626649290323, 0.0002821561065502465, 0.0002947859466075897, 0.00030741578666493297, 0.00032004559761844575, 0.000332675437675789, 0.0003453052486293018, 0.00035793508868664503, 0.0003705649287439883, 0.00038319473969750106, 0.0003958245797548443, 0.0004084543907083571, 0.00042108423076570034]}, "gradients/embedding_item.weight": {"_type": "histogram", "values": [1.0, 0.0, 0.0, 0.0, 0.0, 0.0, 0.0, 0.0, 2.0, 0.0, 4.0, 1.0, 3.0, 2.0, 4.0, 5.0, 17.0, 15.0, 26.0, 28.0, 46.0, 54.0, 100.0, 123.0, 165.0, 289.0, 384.0, 574.0, 923.0, 1457.0, 2391.0, 4219.0, 7705.0, 14973.0, 28110.0, 67225.0, 47944.0, 23582.0, 12251.0, 6407.0, 3528.0, 2120.0, 1273.0, 802.0, 509.0, 330.0, 226.0, 171.0, 112.0, 71.0, 44.0, 36.0, 31.0, 16.0, 12.0, 9.0, 5.0, 5.0, 5.0, 4.0, 3.0, 5.0, 2.0, 3.0],