{"TOTAL_BEST_METRIC": 0.12310371768663786, "BEST_NDCG@10": 0.012310913959849394, "_timestamp": 1688424186.2644238, "_runtime": 1199.5250878334045, "_step": 1178, "epoch": 1000, "Train_Metric_loss": -0.006070015719160438, "Train_Reg_loss": 8.795709983847441e-07, "Pos_loss": -0.005676489323377609, "Neg_loss": 0.005193870980292559, "Recall@5": 0.011369340199214584, "Recall@10": 0.022506756434596414, "Recall@20": 0.04271795547737655, "NDCG@5": 0.007627694392550126, "NDCG@10": 0.011580928469142873, "NDCG@20": 0.017371755215240113, "Recall@5_total_best": 0.012181959447797786, "Recall@10_total_best": 0.024919897559507062, "Recall@20_total_best": 0.04859131761951259, "ndcg@5_total_best": 0.007372993333287378, "ndcg@10_total_best": 0.011762760575416392, "ndcg@20_total_best": 0.018274789151116654, "EPOCH_ndcg_best": 790, "Recall@5_ndcg_best": 0.011422307553178662, "Recall@10_ndcg_best": 0.024214919736492646, "Recall@20_ndcg_best": 0.04379376142244793, "ndcg@5_ndcg_best": 0.007859678376190496, "ndcg@10_ndcg_best": 0.012310913959849394, "ndcg@20_ndcg_best": 0.017875869761165456, "gradients/mass_i.weight": {"_type": "histogram", "values": [1.0, 0.0, 0.0, 0.0, 0.0, 0.0, 1.0, 0.0, 0.0, 0.0, 0.0, 1.0, 0.0, 0.0, 1.0, 0.0, 0.0, 1.0, 0.0, 0.0, 0.0, 0.0, 0.0, 0.0, 0.0, 0.0, 0.0, 1.0, 1.0, 1.0, 2.0, 1.0, 0.0, 1.0, 4.0, 5.0, 0.0, 0.0, 5.0, 0.0, 6.0, 2.0, 3.0, 6.0, 7.0, 7.0, 8.0, 6.0, 9.0, 30.0, 31.0, 38.0, 202.0, 103.0, 63.0, 1045.0, 90.0, 6454.0, 508.0, 44.0, 17.0, 3.0, 3.0, 2.0], "bins": [-0.005579166579991579, -0.005481800530105829, -0.005384434480220079, -0.005287068895995617, -0.005189702846109867, -0.005092336796224117, -0.0049949707463383675, -0.004897604696452618, -0.004800238646566868, -0.004702872596681118, -0.004605506546795368, -0.004508140496909618, -0.004410774912685156, -0.004313408862799406, -0.004216042812913656, -0.004118676763027906, -0.004021311178803444, -0.003923945128917694, -0.003826579311862588, -0.003729213261976838, -0.0036318472120910883, -0.003534481395035982, -0.0034371153451502323, -0.0033397492952644825, -0.0032423832453787327, -0.003145017195492983, -0.0030476513784378767, -0.002950285328552127, -0.002852919278666377, -0.002755553461611271, -0.002658187411725521, -0.0025608213618397713, -0.0024634553119540215, -0.0023660892620682716, -0.0022687234450131655, -0.0021713573951274157, -0.002073991345241666, -0.0019766255281865597, -0.0018792594783008099, -0.0017818935448303819, -0.0016845276113599539, -0.0015871616778895259, -0.001489795628003776, -0.001392429694533348, -0.00129506376106292, -0.001197697827592492, -0.0011003317777067423, -0.0010029658442363143, -0.0009055999107658863, -0.0008082339190877974, -0.0007108679856173694, -0.0006135019939392805, -0.0005161360604688525, -0.0004187700687907636, -0.0003214040771126747, -0.00022403814364224672, -0.00012667215196415782, -2.930618211394176e-05, 6.80597877362743e-05, 0.00016542576486244798, 0.0002627917274367064, 0.00036015769001096487, 0.0004575236816890538, 0.0005548896151594818, 0.0006522556068375707]}, "gradients/mass_u.weight": {"_type": "histogram", "values": [1.0, 0.0, 0.0, 0.0, 0.0, 0.0, 0.0, 0.0, 0.0, 0.0, 0.0, 0.0, 0.0, 0.0, 0.0, 0.0, 0.0, 0.0, 0.0, 0.0, 0.0, 0.0, 0.0, 0.0, 0.0, 0.0, 0.0, 0.0, 0.0, 0.0, 0.0, 1.0, 0.0, 0.0, 0.0, 0.0, 0.0, 0.0, 0.0, 0.0, 0.0, 0.0, 1.0, 0.0, 0.0, 2.0, 0.0, 0.0, 0.0, 0.0, 1.0, 2.0, 1.0, 1.0, 5.0, 8.0, 11.0, 10.0, 17.0, 16.0, 61.0, 135.0, 158.0, 14250.0], "bins": [-0.021433530375361443, -0.021098632365465164, -0.020763732492923737, -0.020428834483027458, -0.02009393461048603, -0.019759036600589752, -0.019424136728048325, -0.019089238718152046, -0.01875433884561062, -0.01841944083571434, -0.018084540963172913, -0.017749642953276634, -0.017414743080735207, -0.017079845070838928, -0.0167449451982975, -0.016410047188401222, -0.016075147315859795, -0.015740249305963516, -0.015405349433422089, -0.015070450492203236, -0.014735551550984383, -0.01440065260976553, -0.014065753668546677, -0.013730854727327824, -0.013395956717431545, -0.013061057776212692, -0.01272615883499384, -0.012391259893774986, -0.012056360952556133, -0.01172146201133728, -0.011386563070118427, -0.011051664128899574, -0.010716765187680721, -0.010381866246461868, -0.010046967305243015, -0.009712068364024162, -0.00937716942280531, -0.009042270481586456, -0.008707371540367603, -0.00837247259914875, -0.008037573657929897, -0.007702674716711044, -0.007367775775492191, -0.007032876834273338, -0.006697977893054485, -0.006363078951835632, -0.006028180010616779, -0.005693281069397926, -0.005358382593840361, -0.005023483652621508, -0.004688584711402655, -0.004353685770183802, -0.004018786828964949, -0.0036838878877460957, -0.0033489891793578863, -0.0030140902381390333, -0.0026791912969201803, -0.0023442923557013273, -0.0020093934144824743, -0.0016744945896789432, -0.0013395956484600902, -0.0010046967072412372, -0.000669797882437706, -0.000334898941218853, 0.0]}, "gradients/embedding_user.weight": {"_type": "histogram", "values": [1.0, 0.0, 0.0, 0.0, 0.0, 1.0, 2.0, 0.0, 0.0, 0.0, 0.0, 1.0, 0.0, 0.0, 2.0, 3.0, 2.0, 6.0, 4.0, 4.0, 8.0, 6.0, 11.0, 9.0, 13.0, 20.0, 18.0, 38.0, 52.0, 96.0, 238.0, 575.0, 1686.0, 11626.0, 913478.0, 9228.0, 1454.0, 493.0, 233.0, 98.0, 39.0, 37.0, 20.0, 15.0, 13.0, 10.0, 9.0, 10.0, 5.0, 5.0, 3.0, 4.0, 3.0, 0.0, 0.0, 0.0, 1.0, 2.0, 0.0, 0.0, 1.0, 0.0, 0.0, 1.0], "bins": [-0.000772881496232003, -0.0007504443638026714, -0.0007280072313733399, -0.0007055700989440084, -0.0006831329665146768, -0.0006606958340853453, -0.0006382586434483528, -0.0006158215110190213, -0.0005933843785896897, -0.0005709472461603582, -0.0005485101137310266, -0.0005260729813016951, -0.0005036358488723636, -0.00048119868733920157, -0.00045876155490987003, -0.00043632439337670803, -0.00041388729005120695, -0.0003914501576218754, -0.00036901302519254386, -0.00034657586365938187, -0.0003241387312300503, -0.0003017015988007188, -0.00027926446637138724, -0.0002568273339420557, -0.00023439018696080893, -0.0002119530545314774, -0.00018951590755023062, -0.00016707877512089908, -0.00014464164269156754, -0.00012220449571032077, -9.976736328098923e-05, -7.733021629974246e-05, -5.489308387041092e-05, -3.2455944165121764e-05, -1.0018808097811416e-05, 1.2418327969498932e-05, 3.485546767478809e-05, 5.729260738007724e-05, 7.972973980940878e-05, 0.00010216688679065555, 0.0001246040192199871, 0.00014704115164931864, 0.0001694782986305654, 0.00019191543105989695, 0.0002143525634892285, 0.00023678971047047526, 0.00025922682834789157, 0.00028166398988105357, 0.0003041011223103851, 0.00032653825473971665, 0.0003489753871690482, 0.0003714125487022102, 0.00039384968113154173, 0.00041628681356087327, 0.0004387239459902048, 0.00046116107841953635, 0.0004835982108488679, 0.0005060353432781994, 0.000528472475707531, 0.0005509096081368625, 0.0005733467405661941, 0.0005957839312031865, 0.0006182210054248571, 0.0006406581960618496, 0.0006630953284911811]}, "gradients/embedding_item.weight": {"_type": "histogram", "values": [1.0, 0.0, 1.0, 2.0, 1.0, 4.0, 3.0, 8.0, 10.0, 11.0, 17.0, 20.0, 24.0, 35.0, 56.0, 52.0, 101.0, 125.0, 225.0, 277.0, 438.0, 600.0, 925.0, 1357.0, 2038.0, 3146.0, 5065.0, 8585.0, 14558.0, 23049.0, 36299.0, 174832.0, 188678.0, 36407.0, 23078.0, 14421.0, 8786.0, 5029.0, 3133.0, 2044.0, 1370.0, 873.0, 614.0, 386.0, 309.0, 187.0, 134.0, 97.0, 61.0, 47.0, 40.0, 18.0, 13.0, 14.0, 9.0, 6.0, 5.0, 1.0, 3.0, 2.0, 0.0, 0.0, 1.0, 1.0],