{"TOTAL_BEST_METRIC": 0.8281526003642841, "BEST_NDCG@10": 0.09978250079321219, "_timestamp": 1688287168.4274535, "_runtime": 353.18928146362305, "_step": 1290, "epoch": 1000, "Train_Metric_loss": -0.655934751033783, "Train_Reg_loss": 9.301299178332556e-06, "Recall@5": 0.11016913117561922, "Recall@10": 0.16533237557064398, "Recall@20": 0.2502104308553215, "NDCG@5": 0.07975252738583749, "NDCG@10": 0.09936093189744513, "NDCG@20": 0.12332720347941689, "Recall@5_total_best": 0.11016913117561922, "Recall@10_total_best": 0.16533237557064398, "Recall@20_total_best": 0.2502104308553215, "ndcg@5_total_best": 0.07975252738583749, "ndcg@10_total_best": 0.09936093189744513, "ndcg@20_total_best": 0.12332720347941689, "EPOCH_ndcg_best": 950, "Recall@5_ndcg_best": 0.10972633981890649, "Recall@10_ndcg_best": 0.16590397895840034, "Recall@20_ndcg_best": 0.2478289161996304, "ndcg@5_ndcg_best": 0.07989158543560923, "ndcg@10_ndcg_best": 0.09978250079321219, "ndcg@20_ndcg_best": 0.12291659395474934, "gradients/mass_i.weight": {"_type": "histogram", "values": [1.0, 0.0, 0.0, 0.0, 0.0, 0.0, 2.0, 0.0, 0.0, 1.0, 0.0, 4.0, 2.0, 1.0, 1.0, 2.0, 4.0, 3.0, 5.0, 5.0, 5.0, 4.0, 7.0, 4.0, 4.0, 10.0, 11.0, 12.0, 17.0, 23.0, 21.0, 44.0, 47.0, 31.0, 54.0, 62.0, 57.0, 58.0, 44.0, 2654.0, 28.0, 44.0, 42.0, 61.0, 37.0, 29.0, 29.0, 26.0, 14.0, 9.0, 10.0, 11.0, 8.0, 4.0, 8.0, 1.0, 1.0, 3.0, 1.0, 1.0, 0.0, 0.0, 0.0, 1.0], "bins": [-3.1775216484675184e-05, -3.096910586464219e-05, -3.016299342561979e-05, -2.935688098659739e-05, -2.8550770366564393e-05, -2.7744659746531397e-05, -2.6938547307508998e-05, -2.6132434868486598e-05, -2.5326324248453602e-05, -2.4520213628420606e-05, -2.3714101189398207e-05, -2.2907988750375807e-05, -2.210187813034281e-05, -2.1295767510309815e-05, -2.0489655071287416e-05, -1.9683542632265016e-05, -1.887743201223202e-05, -1.8071321392199025e-05, -1.7265208953176625e-05, -1.6459096514154226e-05, -1.565298589412123e-05, -1.4846874364593532e-05, -1.4040762835065834e-05, -1.3234651305538137e-05, -1.2428539776010439e-05, -1.1622428246482741e-05, -1.0816316716955043e-05, -1.0010205187427346e-05, -9.204093657899648e-06, -8.39798212837195e-06, -7.5918705988442525e-06, -6.785759069316555e-06, -5.9796457207994536e-06, -5.173534191271756e-06, -4.367422661744058e-06, -3.5613111322163604e-06, -2.7551996026886627e-06, -1.949088073160965e-06, -1.1429765436332673e-06, -3.3686501410556957e-07, 4.6924651542212814e-07, 1.2753580449498259e-06, 2.0814695744775236e-06, 2.8875811040052213e-06, 3.693692633532919e-06, 4.499804163060617e-06, 5.305915692588314e-06, 6.112027222116012e-06, 6.91813875164371e-06, 7.724250281171408e-06, 8.530361810699105e-06, 9.336473340226803e-06, 1.01425848697545e-05, 1.0948696399282198e-05, 1.1754807928809896e-05, 1.2560919458337594e-05, 1.3367030987865292e-05, 1.417314251739299e-05, 1.4979254046920687e-05, 1.5785364666953683e-05, 1.6591477105976082e-05, 1.7397589544998482e-05, 1.8203700165031478e-05, 1.9009810785064474e-05, 1.9815923224086873e-05]}, "gradients/mass_u.weight": {"_type": "histogram", "values": [1.0, 0.0, 0.0, 0.0, 0.0, 0.0, 0.0, 0.0, 0.0, 0.0, 0.0, 0.0, 0.0, 0.0, 0.0, 0.0, 0.0, 0.0, 1.0, 0.0, 0.0, 0.0, 0.0, 2.0, 0.0, 1.0, 0.0, 0.0, 2.0, 2.0, 3.0, 1.0, 3.0, 4.0, 4.0, 2.0, 5.0, 3.0, 9.0, 11.0, 7.0, 7.0, 18.0, 11.0, 21.0, 25.0, 15.0, 25.0, 32.0, 31.0, 30.0, 5190.0, 21.0, 16.0, 7.0, 9.0, 8.0, 4.0, 1.0, 1.0, 2.0, 3.0, 1.0, 2.0], "bins": [-7.722455484326929e-05, -7.571481546619907e-05, -7.420506881317124e-05, -7.269532943610102e-05, -7.118558278307319e-05, -6.967584340600297e-05, -6.816610402893275e-05, -6.665635737590492e-05, -6.51466179988347e-05, -6.363687862176448e-05, -6.212713196873665e-05, -6.061739259166643e-05, -5.9107649576617405e-05, -5.759790656156838e-05, -5.6088163546519354e-05, -5.457842053147033e-05, -5.306868115440011e-05, -5.1558938139351085e-05, -5.004919512430206e-05, -4.853945574723184e-05, -4.7029712732182816e-05, -4.551996971713379e-05, -4.4010226702084765e-05, -4.250048368703574e-05, -4.0990740671986714e-05, -3.948099765693769e-05, -3.797125464188866e-05, -3.6461515264818445e-05, -3.495177224976942e-05, -3.3442029234720394e-05, -3.193228621967137e-05, -3.0422545023611747e-05, -2.891280200856272e-05, -2.7403058993513696e-05, -2.5893317797454074e-05, -2.438357478240505e-05, -2.2873833586345427e-05, -2.13640905712964e-05, -1.985434937523678e-05, -1.8344606360187754e-05, -1.683486334513873e-05, -1.5325120330089703e-05, -1.3815379134030081e-05, -1.2305636118981056e-05, -1.0795894922921434e-05, -9.286151907872409e-06, -7.776409802318085e-06, -6.266667696763761e-06, -4.7569265007041395e-06, -3.247184395149816e-06, -1.7374420622218167e-06, -2.2769972929381765e-07, 1.282042376260506e-06, 2.7917844818148296e-06, 4.301527042116504e-06, 5.811269147670828e-06, 7.3210112532251514e-06, 8.830753358779475e-06, 1.0340495464333799e-05, 1.1850237569888122e-05, 1.3359980584937148e-05, 1.486972178099677e-05, 1.6379464796045795e-05, 1.788920781109482e-05, 1.9398949007154442e-05]}, "gradients/embedding_user.weight": {"_type": "histogram", "values": [1.0, 1.0, 1.0, 1.0, 3.0, 1.0, 0.0, 2.0, 1.0, 6.0, 3.0, 6.0, 6.0, 8.0, 17.0, 19.0, 23.0, 37.0, 40.0, 67.0, 81.0, 131.0, 185.0, 273.0, 420.0, 711.0, 1155.0, 1905.0, 2921.0, 4595.0, 9816.0, 52934.0, 175438.0, 77051.0, 12886.0, 5167.0, 3155.0, 2021.0, 1249.0, 793.0, 493.0, 314.0, 213.0, 132.0, 94.0, 80.0, 26.0, 23.0, 25.0, 23.0, 16.0, 17.0, 8.0, 8.0, 6.0, 7.0, 2.0, 4.0, 0.0, 1.0, 0.0, 1.0, 0.0, 1.0], "bins": [-0.0027072245720773935, -0.0026241708546876907, -0.002541117137297988, -0.002458063419908285, -0.0023750094696879387, -0.002291955752298236, -0.002208902034908533, -0.0021258483175188303, -0.0020427946001291275, -0.0019597408827394247, -0.0018766870489344, -0.0017936333315446973, -0.0017105794977396727, -0.0016275257803499699, -0.001544472062960267, -0.0014614183455705643, -0.0013783643953502178, -0.001295310677960515, -0.0012122568441554904, -0.0011292031267657876, -0.001046149292960763, -0.0009630955755710602, -0.0008800418581813574, -0.0007969880825839937, -0.00071393430698663, -0.0006308805313892663, -0.0005478267557919025, -0.00046477303840219975, -0.00038171926280483603, -0.0002986654872074723, -0.00021561176981776953, -0.00013255799422040582, -4.950421862304211e-05, 3.3549542422406375e-05, 0.00011660330346785486, 0.0001996570499613881, 0.0002827108255587518, 0.00036576460115611553, 0.00044881831854581833, 0.000531872094143182, 0.0006149258697405457, 0.0006979796453379095, 0.0007810334209352732, 0.000864087138324976, 0.0009471409139223397, 0.0010301946895197034, 0.0011132484069094062, 0.0011963022407144308, 0.0012793559581041336, 0.0013624096754938364, 0.001445463509298861, 0.0015285172266885638, 0.0016115710604935884, 0.0016946247778832912, 0.001777678495272994, 0.0018607322126626968, 0.0019437860464677215, 0.002026839880272746, 0.002109893597662449, 0.0021929473150521517, 0.0022760010324418545, 0.002359054982662201, 0.00244210846722126, 0.0025251624174416065, 0.0026082161348313093]}, "gradients/embedding_item.weight": {"_type": "histogram", "values": [1.0, 0.0, 0.0, 0.0, 0.0, 0.0, 0.0, 1.0, 0.0, 1.0, 2.0, 3.0, 0.0, 6.0, 10.0, 14.0, 19.0, 27.0, 51.0, 77.0, 95.0, 159.0, 276.0, 359.0, 580.0, 873.0, 1325.0, 2067.0, 3127.0, 4692.0, 7006.0, 9959.0, 14218.0, 19150.0, 23421.0, 40569.0, 27659.0, 20710.0, 16249.0, 11753.0, 8062.0, 5249.0, 3672.0, 2344.0, 1619.0, 996.0, 628.0, 428.0, 287.0, 237.0, 121.0, 90.0, 67.0, 33.0, 20.0, 18.0, 8.0, 4.0, 4.0, 1.0, 2.0, 1.0, 0.0, 2.0],