{"TOTAL_BEST_METRIC": 0.3179666425382065, "BEST_NDCG@10": 0.03765645777789529, "_timestamp": 1688371530.202044, "_runtime": 1179.551057100296, "_step": 1117, "epoch": 1000, "Train_Metric_loss": -2.008272707462311, "Train_Reg_loss": 0.0029048715119383167, "Pos_loss": -0.048626285046339035, "Neg_loss": -3.518667221069336, "Recall@5": 0.03436939934261287, "Recall@10": 0.05737226879550961, "Recall@20": 0.09114170912215912, "NDCG@5": 0.024457868789376086, "NDCG@10": 0.032469975426323905, "NDCG@20": 0.041816119125845236, "Recall@5_total_best": 0.04102672882369769, "Recall@10_total_best": 0.06502031708203197, "Recall@20_total_best": 0.09798736122636999, "ndcg@5_total_best": 0.0294202858717808, "ndcg@10_total_best": 0.03765645777789529, "ndcg@20_total_best": 0.04685549175643079, "EPOCH_ndcg_best": 190, "Recall@5_ndcg_best": 0.04102672882369769, "Recall@10_ndcg_best": 0.06502031708203197, "Recall@20_ndcg_best": 0.09798736122636999, "ndcg@5_ndcg_best": 0.0294202858717808, "ndcg@10_ndcg_best": 0.03765645777789529, "ndcg@20_ndcg_best": 0.04685549175643079, "gradients/mass_i.weight": {"_type": "histogram", "values": [1.0, 0.0, 0.0, 0.0, 0.0, 0.0, 0.0, 0.0, 0.0, 0.0, 0.0, 0.0, 2.0, 0.0, 1.0, 0.0, 0.0, 1.0, 0.0, 1.0, 0.0, 7.0, 2.0, 1.0, 6.0, 3.0, 4.0, 8.0, 10.0, 12.0, 17.0, 24.0, 56.0, 61.0, 81.0, 115.0, 172.0, 131.0, 131.0, 25.0, 7424.0, 137.0, 88.0, 64.0, 38.0, 23.0, 26.0, 9.0, 5.0, 4.0, 7.0, 1.0, 3.0, 1.0, 3.0, 3.0, 0.0, 1.0, 3.0, 0.0, 0.0, 0.0, 0.0, 1.0], "bins": [-5.867684740223922e-05, -5.72126627957914e-05, -5.5748478189343587e-05, -5.428429358289577e-05, -5.2820108976447955e-05, -5.135592437000014e-05, -4.9891736125573516e-05, -4.84275515191257e-05, -4.6963366912677884e-05, -4.549918230623007e-05, -4.403499769978225e-05, -4.2570813093334436e-05, -4.110662848688662e-05, -3.9642443880438805e-05, -3.817825927399099e-05, -3.671407466754317e-05, -3.524989006109536e-05, -3.378570545464754e-05, -3.2321520848199725e-05, -3.085733624175191e-05, -2.9393151635304093e-05, -2.7928967028856277e-05, -2.6464780603419058e-05, -2.5000595996971242e-05, -2.3536411390523426e-05, -2.207222678407561e-05, -2.0608042177627794e-05, -1.9143855752190575e-05, -1.767967114574276e-05, -1.6215486539294943e-05, -1.4751301932847127e-05, -1.3287117326399311e-05, -1.1822932719951496e-05, -1.035874811350368e-05, -8.894563507055864e-06, -7.430377991113346e-06, -5.96619338466553e-06, -4.502008778217714e-06, -3.0378232622751966e-06, -1.5736386558273807e-06, -1.0945404937956482e-07, 1.3547307844419265e-06, 2.818915618263418e-06, 4.283100679458585e-06, 5.7472852859064005e-06, 7.2114698923542164e-06, 8.675655408296734e-06, 1.013984001474455e-05, 1.1604024621192366e-05, 1.3068209227640182e-05, 1.4532393834087998e-05, 1.5996578440535814e-05, 1.746076304698363e-05, 1.8924947653431445e-05, 2.0389134078868665e-05, 2.185331868531648e-05, 2.3317503291764297e-05, 2.4781687898212112e-05, 2.624587250465993e-05, 2.7710058930097148e-05, 2.9174243536544964e-05, 3.063842814299278e-05, 3.2102612749440596e-05, 3.356679735588841e-05, 3.503098196233623e-05]}, "gradients/mass_u.weight": {"_type": "histogram", "values": [1.0, 0.0, 0.0, 0.0, 0.0, 0.0, 0.0, 0.0, 0.0, 0.0, 1.0, 0.0, 0.0, 0.0, 0.0, 0.0, 0.0, 0.0, 1.0, 0.0, 0.0, 1.0, 0.0, 0.0, 0.0, 0.0, 0.0, 0.0, 0.0, 0.0, 0.0, 1.0, 0.0, 0.0, 0.0, 0.0, 0.0, 0.0, 0.0, 1.0, 1.0, 0.0, 0.0, 0.0, 1.0, 0.0, 3.0, 1.0, 2.0, 0.0, 4.0, 1.0, 5.0, 3.0, 3.0, 3.0, 8.0, 21.0, 29.0, 40.0, 107.0, 90.0, 105.0, 14248.0], "bins": [-0.0002632139949128032, -0.0002591012744233012, -0.00025498855393379927, -0.0002508758334442973, -0.00024676311295479536, -0.00024265040701720864, -0.00023853768652770668, -0.00023442496603820473, -0.00023031224554870278, -0.00022619952505920082, -0.00022208680456969887, -0.00021797408408019692, -0.0002138613781426102, -0.00020974865765310824, -0.00020563593716360629, -0.00020152321667410433, -0.00019741049618460238, -0.00019329777569510043, -0.00018918505520559847, -0.00018507233471609652, -0.00018095961422659457, -0.00017684690828900784, -0.0001727341877995059, -0.00016862146731000394, -0.00016450874682050198, -0.00016039602633100003, -0.00015628330584149808, -0.00015217058535199612, -0.0001480578794144094, -0.00014394515892490745, -0.0001398324384354055, -0.00013571971794590354, -0.0001316069974564016, -0.00012749427696689963, -0.00012338155647739768, -0.00011926884326385334, -0.00011515612277435139, -0.00011104340228484944, -0.0001069306890713051, -0.00010281796858180314, -9.870524809230119e-05, -9.459252760279924e-05, -9.047980711329728e-05, -8.636709389975294e-05, -8.225437341025099e-05, -7.814165292074904e-05, -7.40289397072047e-05, -6.991621921770275e-05, -6.58034987282008e-05, -6.169077823869884e-05, -5.7578061387175694e-05, -5.346534453565255e-05, -4.9352624046150595e-05, -4.523990355664864e-05, -4.1127186705125496e-05, -3.701446985360235e-05, -3.29017493641004e-05, -2.8789030693587847e-05, -2.4676312023075297e-05, -2.0563593352562748e-05, -1.64508746820502e-05, -1.2338156011537649e-05, -8.2254373410251e-06, -4.11271867051255e-06, 0.0]}, "gradients/embedding_user.weight": {"_type": "histogram", "values": [3.0, 2.0, 3.0, 1.0, 1.0, 0.0, 2.0, 3.0, 1.0, 5.0, 7.0, 10.0, 16.0, 15.0, 31.0, 36.0, 63.0, 117.0, 244.0, 755.0, 3251.0, 90041.0, 830626.0, 11711.0, 1730.0, 471.0, 174.0, 92.0, 66.0, 42.0, 17.0, 11.0, 14.0, 4.0, 3.0, 2.0, 4.0, 2.0, 0.0, 0.0, 1.0, 1.0, 2.0, 0.0, 1.0, 0.0, 0.0, 1.0, 0.0, 0.0, 0.0, 0.0, 0.0, 0.0, 0.0, 0.0, 1.0, 0.0, 0.0, 0.0, 0.0, 0.0, 0.0, 1.0], "bins": [-0.002962089842185378, -0.0028292189817875624, -0.0026963481213897467, -0.002563477260991931, -0.0024306064005941153, -0.0022977355401962996, -0.002164864679798484, -0.002031993819400668, -0.0018991229590028524, -0.0017662520986050367, -0.001633381238207221, -0.0015005103778094053, -0.0013676395174115896, -0.001234768657013774, -0.0011018977966159582, -0.0009690269362181425, -0.0008361560758203268, -0.0007032852154225111, -0.0005704143550246954, -0.0004375434946268797, -0.000304672634229064, -0.00017180177383124828, -3.893091343343258e-05, 9.393994696438313e-05, 0.00022681080736219883, 0.00035968166776001453, 0.0004925525281578302, 0.0006254233885556459, 0.0007582942489534616, 0.0008911651093512774, 0.001024035969749093, 0.0011569068301469088, 0.0012897779233753681, 0.0014226487837731838, 0.0015555196441709995, 0.0016883905045688152, 0.001821261364966631, 0.0019541322253644466, 0.0020870030857622623, 0.002219873946160078, 0.0023527448065578938, 0.0024856156669557095, 0.002618486527353525, 0.002751357387751341, 0.0028842282481491566, 0.0030170991085469723, 0.003149969968944788, 0.0032828408293426037, 0.0034157116897404194, 0.003548582550138235, 0.003681453410536051, 0.0038143242709338665, 0.003947195131331682, 0.004080065991729498, 0.004212936852127314, 0.004345807712525129, 0.004478678572922945, 0.004611549433320761, 0.004744420293718576, 0.004877291154116392, 0.005010162014514208, 0.0051430328749120235, 0.005275903735309839, 0.005408774595707655, 0.005541645456105471]}, "gradients/embedding_item.weight": {"_type": "histogram", "values": [2.0, 1.0, 0.0, 2.0, 0.0, 0.0, 1.0, 1.0, 6.0, 2.0, 8.0, 15.0, 20.0, 27.0, 55.0, 85.0, 145.0, 263.0, 508.0, 1277.0, 3319.0, 10254.0, 32781.0, 111634.0, 328387.0, 46427.0, 14675.0, 4701.0, 1716.0, 700.0, 285.0, 119.0, 83.0, 43.0, 34.0, 18.0, 14.0, 6.0, 10.0, 2.0, 2.0, 1.0, 0.0, 1.0, 0.0, 1.0, 0.0, 0.0, 0.0, 0.0, 0.0, 0.0, 0.0, 0.0, 0.0, 0.0, 0.0, 0.0, 0.0, 0.0, 0.0, 0.0, 0.0, 1.0],