{"TOTAL_BEST_METRIC": 0.875901242350455, "BEST_NDCG@10": 0.1087876230368307, "_timestamp": 1688308461.6483388, "_runtime": 303.52296686172485, "_step": 1106, "epoch": 1000, "Train_Metric_loss": -2.816719818115234, "Train_Reg_loss": 0.08624477982521057, "Pos_loss": 4.402951717376709, "Neg_loss": -7.260432243347168, "Recall@5": 0.08054271809585305, "Recall@10": 0.125692241611057, "Recall@20": 0.18312432252180003, "NDCG@5": 0.05834905427412495, "NDCG@10": 0.07421648138058493, "NDCG@20": 0.09051644004577064, "Recall@5_total_best": 0.11694785018516769, "Recall@10_total_best": 0.17882357053241887, "Recall@20_total_best": 0.254979085371585, "ndcg@5_total_best": 0.08681486901737386, "ndcg@10_total_best": 0.10828028887875982, "ndcg@20_total_best": 0.13005557836514972, "EPOCH_ndcg_best": 30, "Recall@5_ndcg_best": 0.1139951692653186, "Recall@10_ndcg_best": 0.17678394595028635, "Recall@20_ndcg_best": 0.24839343230262745, "ndcg@5_ndcg_best": 0.08681941510605853, "ndcg@10_ndcg_best": 0.1087876230368307, "ndcg@20_ndcg_best": 0.12906704366308527, "gradients/mass_i.weight": {"_type": "histogram", "values": [2.0, 0.0, 0.0, 0.0, 2.0, 0.0, 0.0, 3.0, 2.0, 5.0, 3.0, 12.0, 22.0, 30.0, 41.0, 50.0, 34.0, 3298.0, 17.0, 11.0, 14.0, 4.0, 3.0, 4.0, 3.0, 1.0, 1.0, 2.0, 0.0, 0.0, 0.0, 0.0, 1.0, 0.0, 0.0, 0.0, 0.0, 0.0, 0.0, 0.0, 1.0, 1.0, 0.0, 0.0, 0.0, 0.0, 0.0, 0.0, 0.0, 0.0, 0.0, 0.0, 0.0, 0.0, 0.0, 0.0, 0.0, 0.0, 0.0, 0.0, 0.0, 0.0, 0.0, 1.0], "bins": [-0.0001539885124657303, -0.00014514544454868883, -0.00013630237663164735, -0.00012745930871460587, -0.000118616248073522, -0.00010977318015648052, -0.00010093011951539665, -9.208705159835517e-05, -8.32439836813137e-05, -7.440091576427221e-05, -6.555784784723073e-05, -5.6714787206146866e-05, -4.7871719289105386e-05, -3.9028651372063905e-05, -3.018558709300123e-05, -2.1342522813938558e-05, -1.2499454896897078e-05, -3.6563887988450006e-06, 5.1866772992070764e-06, 1.4029743397259153e-05, 2.287280949531123e-05, 3.171587741235271e-05, 4.0558941691415384e-05, 4.940200597047806e-05, 5.824507388751954e-05, 6.708814180456102e-05, 7.59312097216025e-05, 8.477427036268637e-05, 9.361733827972785e-05, 0.00010246040619676933, 0.0001113034668378532, 0.00012014653475489467, 0.0001289896317757666, 0.0001378326996928081, 0.00014667576760984957, 0.00015551883552689105, 0.00016436190344393253, 0.00017320495680905879, 0.00018204802472610027, 0.00019089109264314175, 0.00019973416056018323, 0.0002085772284772247, 0.0002174202963942662, 0.00022626336431130767, 0.00023510641767643392, 0.00024394950014539063, 0.0002527925535105169, 0.0002616356359794736, 0.00027047868934459984, 0.0002793217427097261, 0.0002881648251786828, 0.00029700787854380906, 0.00030585096101276577, 0.000314694014377892, 0.0003235370968468487, 0.000332380150211975, 0.00034122320357710123, 0.0003500662569422275, 0.0003589093394111842, 0.00036775239277631044, 0.00037659547524526715, 0.0003854385286103934, 0.0003942816110793501, 0.00040312466444447637, 0.0004119677469134331]}, "gradients/mass_u.weight": {"_type": "histogram", "values": [0.0, 0.0, 0.0, 0.0, 0.0, 0.0, 0.0, 0.0, 0.0, 0.0, 0.0, 0.0, 0.0, 0.0, 0.0, 0.0, 0.0, 0.0, 0.0, 0.0, 0.0, 0.0, 0.0, 0.0, 0.0, 0.0, 0.0, 0.0, 0.0, 0.0, 0.0, 0.0, 5541.0, 0.0, 0.0, 0.0, 0.0, 0.0, 0.0, 0.0, 0.0, 0.0, 0.0, 0.0, 0.0, 0.0, 0.0, 0.0, 0.0, 0.0, 0.0, 0.0, 0.0, 0.0, 0.0, 0.0, 0.0, 0.0, 0.0, 0.0, 0.0, 0.0, 0.0, 0.0], "bins": [0.0, 0.0, 0.0, 0.0, 0.0, 0.0, 0.0, 0.0, 0.0, 0.0, 0.0, 0.0, 0.0, 0.0, 0.0, 0.0, 0.0, 0.0, 0.0, 0.0, 0.0, 0.0, 0.0, 0.0, 0.0, 0.0, 0.0, 0.0, 0.0, 0.0, 0.0, 0.0, 0.0, 0.0, 0.0, 0.0, 0.0, 0.0, 0.0, 0.0, 0.0, 0.0, 0.0, 0.0, 0.0, 0.0, 0.0, 0.0, 0.0, 0.0, 0.0, 0.0, 0.0, 0.0, 0.0, 0.0, 0.0, 0.0, 0.0, 0.0, 0.0, 0.0, 0.0, 0.0, 0.0]}, "gradients/embedding_user.weight": {"_type": "histogram", "values": [2.0, 0.0, 1.0, 0.0, 0.0, 1.0, 2.0, 1.0, 1.0, 2.0, 2.0, 3.0, 2.0, 3.0, 1.0, 5.0, 9.0, 14.0, 23.0, 22.0, 26.0, 46.0, 49.0, 122.0, 250.0, 538.0, 1224.0, 3622.0, 23443.0, 295929.0, 23246.0, 3603.0, 1268.0, 530.0, 261.0, 131.0, 67.0, 49.0, 35.0, 25.0, 21.0, 8.0, 9.0, 6.0, 3.0, 3.0, 2.0, 2.0, 0.0, 2.0, 0.0, 3.0, 2.0, 0.0, 2.0, 0.0, 1.0, 0.0, 0.0, 0.0, 0.0, 1.0, 0.0, 1.0], "bins": [-0.00024343121913261712, -0.00023518175294157118, -0.00022693230130244046, -0.00021868283511139452, -0.00021043336892034858, -0.00020218390272930264, -0.00019393445109017193, -0.000185684984899126, -0.00017743551870808005, -0.0001691860525170341, -0.0001609366008779034, -0.00015268713468685746, -0.00014443766849581152, -0.00013618820230476558, -0.00012793875066563487, -0.00011968928447458893, -0.00011143983283545822, -0.0001031903739203699, -9.494090772932395e-05, -8.669144881423563e-05, -7.844198262318969e-05, -7.019252370810136e-05, -6.194306479301304e-05, -5.3693602239945903e-05, -4.544413968687877e-05, -3.719467713381164e-05, -2.894521639973391e-05, -2.069575566565618e-05, -1.2446293112589046e-05, -4.1968305595219135e-06, 4.052628355566412e-06, 1.2302090908633545e-05, 2.0551553461700678e-05, 2.880101601476781e-05, 3.7050478567834944e-05, 4.529993748292327e-05, 5.35494000359904e-05, 6.179886258905753e-05, 7.004832150414586e-05, 7.82977876951918e-05, 8.654724661028013e-05, 9.479670552536845e-05, 0.00010304617171641439, 0.00011129563063150272, 0.00011954508954659104, 0.00012779455573763698, 0.00013604402192868292, 0.00014429347356781363, 0.00015254293975885957, 0.00016079240594990551, 0.00016904185758903623, 0.00017729132378008217, 0.0001855407899711281, 0.00019379024161025882, 0.00020203970780130476, 0.0002102891739923507, 0.0002185386256314814, 0.00022678809182252735, 0.00023503754346165806, 0.000243287009652704, 0.0002515364612918347, 0.0002597859420347959, 0.0002680353936739266, 0.0002762848453130573, 0.00028453432605601847]}, "gradients/embedding_item.weight": {"_type": "histogram", "values": [1.0, 0.0, 0.0, 0.0, 0.0, 1.0, 0.0, 1.0, 0.0, 1.0, 5.0, 4.0, 5.0, 2.0, 5.0, 10.0, 15.0, 15.0, 19.0, 27.0, 70.0, 99.0, 137.0, 246.0, 357.0, 641.0, 1131.0, 1997.0, 4155.0, 10744.0, 54262.0, 126074.0, 16986.0, 5644.0, 2493.0, 1272.0, 744.0, 427.0, 278.0, 181.0, 105.0, 61.0, 35.0, 35.0, 19.0, 15.0, 10.0, 3.0, 4.0, 6.0, 3.0, 1.0, 0.0, 2.0, 1.0, 1.0, 1.0, 0.0, 0.0, 0.0, 0.0, 0.0, 0.0, 1.0], "bins": [-0.00017273021512664855, -0.00016719024279154837, -0.0001616502704564482, -0.00015611031267326325, -0.00015057034033816308, -0.0001450303680030629, -0.00013949041021987796, -0.00013395043788477778, -0.0001284104655496776, -0.00012287049321457744, -0.00011733052815543488, -0.00011179056309629232, -0.00010625059076119214, -0.00010071061842609197, -9.517065336694941e-05, -8.963068830780685e-05, -8.409071597270668e-05, -7.85507436376065e-05, -7.301077857846394e-05, -6.747081351932138e-05, -6.193084118422121e-05, -5.639087248709984e-05, -5.0850903789978474e-05, -4.531093509285711e-05, -3.977096639573574e-05, -3.4230997698614374e-05, -2.8691029001493007e-05, -2.315106030437164e-05, -1.7611091607250273e-05, -1.2071122910128906e-05, -6.5311542130075395e-06, -9.911855158861727e-07, 4.548768629319966e-06, 1.0088737326441333e-05, 1.56287060235627e-05, 2.1168674720684066e-05, 2.6708643417805433e-05, 3.22486121149268e-05, 3.778858081204817e-05, 4.3328549509169534e-05, 4.88685182062909e-05, 5.440848690341227e-05, 5.9948455600533634e-05, 6.54884206596762e-05, 7.102839299477637e-05, 7.656836532987654e-05, 8.21083303890191e-05, 8.764829544816166e-05, 9.318826778326184e-05, 9.872824011836201e-05, 0.00010426820517750457, 0.00010980817023664713, 0.0001153481425717473, 0.00012088811490684748, 0.00012642808724194765, 0.0001319680450251326, 0.00013750801736023277, 0.00014304798969533294, 0.0001485879474785179, 0.00015412791981361806, 0.00015966789214871824, 0.0001652078644838184, 0.00017074783681891859, 0.00017628779460210353, 0.0001818277669372037]}, "_wandb": {"runtime": 302}}