{"TOTAL_BEST_METRIC": 0.44620873014158324, "BEST_NDCG@10": 0.05318425619568852, "_timestamp": 1688570712.6780772, "_runtime": 567.1028082370758, "_step": 425, "epoch": 367, "Train_Metric_loss": 1.146025836467743, "Train_Reg_loss": 0.00014874149409089505, "Pos_loss": 8.643842697143555, "Neg_loss": 0.18648143112659454, "Recall@5": 0.055667770393330186, "Recall@10": 0.08725405507919379, "Recall@20": 0.13768877525911, "NDCG@5": 0.04005960826248988, "NDCG@10": 0.0510479186337667, "NDCG@20": 0.0652596549874459, "Recall@5_total_best": 0.05803580540916696, "Recall@10_total_best": 0.09110301120832467, "Recall@20_total_best": 0.13756806377507247, "ndcg@5_total_best": 0.041142673889370665, "ndcg@10_total_best": 0.05255252563332304, "ndcg@20_total_best": 0.06580665022632547, "EPOCH_ndcg_best": 180, "Recall@5_ndcg_best": 0.058176460615360116, "Recall@10_ndcg_best": 0.09123626571248307, "Recall@20_ndcg_best": 0.13349092000291016, "ndcg@5_ndcg_best": 0.04172138910792763, "ndcg@10_ndcg_best": 0.05318425619568852, "ndcg@20_ndcg_best": 0.06512196895840833, "gradients/mass_i.weight": {"_type": "histogram", "values": [1.0, 0.0, 0.0, 0.0, 0.0, 0.0, 0.0, 0.0, 0.0, 0.0, 0.0, 0.0, 0.0, 0.0, 0.0, 0.0, 0.0, 0.0, 0.0, 1.0, 1.0, 0.0, 3.0, 3.0, 2.0, 5.0, 6.0, 5.0, 7.0, 14.0, 20.0, 22.0, 21.0, 39.0, 40.0, 65.0, 87.0, 156.0, 224.0, 127.0, 131.0, 170.0, 6797.0, 86.0, 170.0, 213.0, 88.0, 65.0, 42.0, 34.0, 23.0, 20.0, 2.0, 5.0, 4.0, 8.0, 0.0, 1.0, 0.0, 1.0, 2.0, 0.0, 1.0, 1.0], "bins": [-0.0009290566085837781, -0.0009071837412193418, -0.0008853109320625663, -0.0008634381229057908, -0.0008415652555413544, -0.000819692388176918, -0.0007978195790201426, -0.0007759467698633671, -0.0007540739024989307, -0.0007322010351344943, -0.0007103282259777188, -0.0006884554168209434, -0.000666582549456507, -0.0006447096820920706, -0.0006228368729352951, -0.0006009640637785196, -0.0005790911964140832, -0.0005572183290496469, -0.0005353455198928714, -0.0005134727107360959, -0.0004915998433716595, -0.0004697270051110536, -0.00044785416685044765, -0.0004259813285898417, -0.0004041084903292358, -0.00038223565206862986, -0.00036036281380802393, -0.000338489975547418, -0.00031661713728681207, -0.00029474429902620614, -0.0002728714607656002, -0.0002509986225049943, -0.0002291258133482188, -0.00020725297508761287, -0.00018538013682700694, -0.000163507298566401, -0.00014163446030579507, -0.00011976162204518914, -9.788878378458321e-05, -7.601594552397728e-05, -5.414310726337135e-05, -3.227026900276542e-05, -1.0397430742159486e-05, 1.1475407518446445e-05, 3.334824577905238e-05, 5.522108403965831e-05, 7.709392230026424e-05, 9.896676056087017e-05, 0.0001208395988214761, 0.00014271243708208203, 0.00016458527534268796, 0.0001864581136032939, 0.00020833095186389983, 0.00023020379012450576, 0.0002520766283851117, 0.0002739494666457176, 0.00029582230490632355, 0.0003176951431669295, 0.0003395679814275354, 0.00036144081968814135, 0.0003833136579487473, 0.0004051864962093532, 0.00042705933446995914, 0.00044893217273056507, 0.000470805010991171]}, "gradients/mass_u.weight": {"_type": "histogram", "values": [1.0, 0.0, 0.0, 0.0, 0.0, 0.0, 0.0, 0.0, 0.0, 0.0, 0.0, 0.0, 0.0, 0.0, 0.0, 0.0, 0.0, 0.0, 1.0, 0.0, 0.0, 0.0, 0.0, 0.0, 0.0, 1.0, 0.0, 0.0, 0.0, 0.0, 0.0, 0.0, 0.0, 0.0, 1.0, 0.0, 2.0, 0.0, 1.0, 0.0, 0.0, 0.0, 1.0, 2.0, 0.0, 1.0, 3.0, 3.0, 6.0, 7.0, 3.0, 4.0, 6.0, 12.0, 9.0, 21.0, 48.0, 33.0, 50.0, 79.0, 96.0, 81.0, 45.0, 14164.0], "bins": [-0.0017572548240423203, -0.0017297976883128285, -0.0017023405525833368, -0.001674883533269167, -0.0016474263975396752, -0.0016199692618101835, -0.0015925122424960136, -0.001565055106766522, -0.0015375979710370302, -0.0015101408353075385, -0.0014826836995780468, -0.001455226680263877, -0.0014277695445343852, -0.0014003124088048935, -0.0013728553894907236, -0.001345398253761232, -0.0013179411180317402, -0.0012904839823022485, -0.0012630268465727568, -0.0012355698272585869, -0.0012081126915290952, -0.0011806555557996035, -0.0011531985364854336, -0.0011257414007559419, -0.0010982842650264502, -0.0010708271292969584, -0.0010433699935674667, -0.0010159129742532969, -0.0009884558385238051, -0.0009609987027943134, -0.0009335416252724826, -0.0009060845477506518, -0.0008786274120211601, -0.0008511702762916684, -0.0008237131987698376, -0.0007962561212480068, -0.0007687989855185151, -0.0007413418497890234, -0.0007138847722671926, -0.0006864276947453618, -0.0006589705590158701, -0.0006315134232863784, -0.0006040563457645476, -0.0005765992682427168, -0.0005491421325132251, -0.0005216849967837334, -0.0004942279192619026, -0.0004667708126362413, -0.00043931370601058006, -0.0004118565993849188, -0.00038439949275925756, -0.0003569423861335963, -0.00032948527950793505, -0.0003020281728822738, -0.00027457106625661254, -0.0002471139596309513, -0.00021965685300529003, -0.00019219974637962878, -0.00016474263975396752, -0.00013728553312830627, -0.00010982842650264502, -8.237131987698376e-05, -5.491421325132251e-05, -2.7457106625661254e-05, 0.0]}, "gradients/embedding_user.weight": {"_type": "histogram", "values": [1.0, 0.0, 1.0, 1.0, 3.0, 2.0, 0.0, 4.0, 7.0, 3.0, 8.0, 9.0, 15.0, 16.0, 23.0, 27.0, 49.0, 78.0, 126.0, 194.0, 247.0, 392.0, 656.0, 966.0, 1598.0, 2401.0, 4300.0, 10668.0, 44345.0, 176517.0, 369826.0, 232491.0, 66931.0, 15174.0, 5086.0, 2700.0, 1651.0, 1071.0, 659.0, 433.0, 302.0, 162.0, 130.0, 97.0, 57.0, 48.0, 30.0, 23.0, 9.0, 17.0, 6.0, 7.0, 3.0, 2.0, 5.0, 1.0, 2.0, 0.0, 1.0, 0.0, 1.0, 0.0, 1.0, 1.0], "bins": [-0.0011002096580341458, -0.0010642969282343984, -0.001028384082019329, -0.0009924713522195816, -0.0009565585642121732, -0.0009206457762047648, -0.0008847330464050174, -0.000848820258397609, -0.0008129074703902006, -0.0007769946823827922, -0.0007410818943753839, -0.0007051691645756364, -0.000669256376568228, -0.0006333435885608196, -0.0005974308587610722, -0.0005615180707536638, -0.0005256052827462554, -0.000489692494738847, -0.0004537797358352691, -0.00041786697693169117, -0.0003819541889242828, -0.0003460414009168744, -0.0003101286420132965, -0.00027421588310971856, -0.00023830309510231018, -0.00020239032164681703, -0.00016647754819132388, -0.00013056477473583072, -9.465200128033757e-05, -5.873922782484442e-05, -2.2826454369351268e-05, 1.3086304534226656e-05, 4.8999092541635036e-05, 8.491186599712819e-05, 0.00012082463945262134, 0.0001567374129081145, 0.00019265018636360765, 0.0002285629598191008, 0.00026447573327459395, 0.0003003884921781719, 0.00033630128018558025, 0.00037221406819298863, 0.00040812682709656656, 0.0004440395860001445, 0.00047995237400755286, 0.0005158651620149612, 0.0005517778918147087, 0.0005876906798221171, 0.0006236034678295255, 0.0006595162558369339, 0.0006954290438443422, 0.0007313417736440897, 0.0007672545616514981, 0.0008031673496589065, 0.0008390800794586539, 0.0008749928674660623, 0.0009109056554734707, 0.0009468184434808791, 0.0009827312314882874, 0.001018643961288035, 0.0010545568075031042, 0.0010904695373028517, 0.0011263822671025991, 0.0011622949969023466, 0.001198207843117416]}, "gradients/embedding_item.weight": {"_type": "histogram", "values": [2.0, 0.0, 0.0, 2.0, 0.0, 1.0, 0.0, 1.0, 3.0, 5.0, 4.0, 6.0, 8.0, 8.0, 23.0, 30.0, 51.0, 61.0, 95.0, 128.0, 216.0, 313.0, 436.0, 674.0, 986.0, 1670.0, 2532.0, 4327.0, 7196.0, 12092.0, 19953.0, 32960.0, 49154.0, 256261.0, 68480.0, 38700.0, 24350.0, 14535.0, 8653.0, 5169.0, 3074.0, 1849.0, 1204.0, 788.0, 513.0, 342.0, 248.0, 165.0, 104.0, 76.0, 61.0, 42.0, 26.0, 14.0, 13.0, 12.0, 3.0, 4.0, 4.0, 2.0, 0.0, 1.0, 1.0, 1.0],