{"TOTAL_BEST_METRIC": 0.2756922352928106, "BEST_NDCG@10": 0.042336872052166574, "_timestamp": 1688577950.189669, "_runtime": 437.82186698913574, "_step": 29, "epoch": 23, "Train_Metric_loss": 3.6592196271969724, "Train_Reg_loss": 2.718945888073694e-05, "Pos_loss": 10.900775909423828, "Neg_loss": 1.4531800746917725, "Recall@5": 0.02612346653319383, "Recall@10": 0.044577197487074824, "Recall@20": 0.07325168597164548, "NDCG@5": 0.0367421405466124, "NDCG@10": 0.042336872052166574, "NDCG@20": 0.05266087270211753, "Recall@5_total_best": 0.02612346653319383, "Recall@10_total_best": 0.044577197487074824, "Recall@20_total_best": 0.07325168597164548, "ndcg@5_total_best": 0.0367421405466124, "ndcg@10_total_best": 0.042336872052166574, "ndcg@20_total_best": 0.05266087270211753, "EPOCH_ndcg_best": 20, "Recall@5_ndcg_best": 0.02612346653319383, "Recall@10_ndcg_best": 0.044577197487074824, "Recall@20_ndcg_best": 0.07325168597164548, "ndcg@5_ndcg_best": 0.0367421405466124, "ndcg@10_ndcg_best": 0.042336872052166574, "ndcg@20_ndcg_best": 0.05266087270211753, "gradients/mass_i.weight": {"_type": "histogram", "values": [1.0, 0.0, 0.0, 0.0, 0.0, 0.0, 0.0, 1.0, 0.0, 0.0, 0.0, 0.0, 0.0, 0.0, 1.0, 0.0, 1.0, 0.0, 0.0, 1.0, 0.0, 3.0, 1.0, 1.0, 3.0, 3.0, 3.0, 3.0, 6.0, 5.0, 5.0, 8.0, 11.0, 12.0, 9.0, 15.0, 20.0, 29.0, 42.0, 46.0, 66.0, 70.0, 135.0, 218.0, 301.0, 383.0, 423.0, 307.0, 1695.0, 821.0, 1265.0, 122.0, 31549.0, 12.0, 2515.0, 122.0, 645.0, 140.0, 128.0, 53.0, 37.0, 19.0, 3.0, 5.0], "bins": [-0.00026946220896206796, -0.0002643354528117925, -0.0002592087257653475, -0.000254081969615072, -0.00024895521346479654, -0.00024382848641835153, -0.00023870173026807606, -0.00023357498866971582, -0.00022844824707135558, -0.00022332150547299534, -0.0002181947638746351, -0.00021306800772435963, -0.0002079412661259994, -0.00020281452452763915, -0.00019768776837736368, -0.00019256102677900344, -0.0001874342851806432, -0.00018230754358228296, -0.00017718080198392272, -0.00017205404583364725, -0.000166927304235287, -0.00016180056263692677, -0.0001566738064866513, -0.00015154706488829106, -0.00014642032328993082, -0.00014129358169157058, -0.00013616684009321034, -0.00013104008394293487, -0.00012591334234457463, -0.00012078660074621439, -0.00011565985187189654, -0.00011053310299757868, -0.00010540634684730321, -0.00010027960524894297, -9.515285637462512e-05, -9.002610750030726e-05, -8.489936590194702e-05, -7.977262430358678e-05, -7.464587542926893e-05, -6.951912655495107e-05, -6.439238495659083e-05, -5.9265639720251784e-05, -5.4138894483912736e-05, -4.901214924757369e-05, -4.388540401123464e-05, -3.8758658774895594e-05, -3.3631913538556546e-05, -2.85051683022175e-05, -2.337842306587845e-05, -1.8251677829539403e-05, -1.3124932593200356e-05, -7.998187356861308e-06, -2.8714421205222607e-06, 2.255303115816787e-06, 7.3820483521558344e-06, 1.2508793588494882e-05, 1.763553882483393e-05, 2.2762284061172977e-05, 2.7889029297512025e-05, 3.301577453385107e-05, 3.814251977019012e-05, 4.326926500652917e-05, 4.8396010242868215e-05, 5.352275547920726e-05, 5.864950071554631e-05]}, "gradients/mass_u.weight": {"_type": "histogram", "values": [1.0, 0.0, 0.0, 0.0, 0.0, 0.0, 0.0, 0.0, 0.0, 0.0, 0.0, 1.0, 0.0, 0.0, 0.0, 0.0, 0.0, 0.0, 0.0, 0.0, 1.0, 1.0, 0.0, 0.0, 1.0, 0.0, 0.0, 0.0, 1.0, 2.0, 1.0, 0.0, 1.0, 1.0, 0.0, 1.0, 1.0, 1.0, 1.0, 1.0, 0.0, 0.0, 4.0, 2.0, 0.0, 3.0, 1.0, 3.0, 0.0, 5.0, 3.0, 2.0, 7.0, 7.0, 10.0, 12.0, 25.0, 16.0, 45.0, 55.0, 68.0, 127.0, 96.0, 51899.0], "bins": [-0.0037124520167708397, -0.003654445055872202, -0.0035964378621429205, -0.0035384309012442827, -0.0034804237075150013, -0.0034224167466163635, -0.003364409552887082, -0.0033064025919884443, -0.003248395398259163, -0.003190388437360525, -0.0031323812436312437, -0.003074374282732606, -0.0030163670890033245, -0.0029583601281046867, -0.0029003529343754053, -0.0028423459734767675, -0.0027843390125781298, -0.002726332051679492, -0.0026683248579502106, -0.002610317897051573, -0.0025523107033222914, -0.0024943037424236536, -0.002436296548694372, -0.0023782895877957344, -0.0023202826268970966, -0.002262275665998459, -0.0022042684722691774, -0.0021462615113705397, -0.0020882543176412582, -0.0020302473567426205, -0.001972240163013339, -0.0019142332021147013, -0.0018562260083854198, -0.0017982189310714602, -0.0017402118537575006, -0.001682204776443541, -0.0016241976991295815, -0.0015661907382309437, -0.001508183660916984, -0.0014501765836030245, -0.0013921695062890649, -0.0013341624289751053, -0.0012761553516611457, -0.001218148274347186, -0.0011601413134485483, -0.0011021341197192669, -0.0010441271588206291, -0.0009861200815066695, -0.0009281130041927099, -0.0008701059268787503, -0.0008120988495647907, -0.000754091830458492, -0.0006960847531445324, -0.0006380776758305728, -0.0005800706567242742, -0.0005220635794103146, -0.00046405650209635496, -0.00040604942478239536, -0.0003480423765722662, -0.0002900353283621371, -0.00023202825104817748, -0.00017402117373421788, -0.00011601412552408874, -5.80070773139596e-05, 0.0]}, "gradients/embedding_user.weight": {"_type": "histogram", "values": [1.0, 1.0, 0.0, 0.0, 0.0, 0.0, 0.0, 1.0, 1.0, 1.0, 0.0, 2.0, 3.0, 0.0, 1.0, 1.0, 6.0, 6.0, 10.0, 11.0, 10.0, 8.0, 27.0, 17.0, 25.0, 44.0, 57.0, 80.0, 149.0, 304.0, 815.0, 4088.0, 3324674.0, 19292.0, 2798.0, 713.0, 324.0, 179.0, 99.0, 55.0, 48.0, 23.0, 20.0, 25.0, 15.0, 6.0, 11.0, 3.0, 8.0, 2.0, 5.0, 2.0, 2.0, 2.0, 1.0, 1.0, 1.0, 2.0, 1.0, 0.0, 1.0, 0.0, 1.0, 1.0], "bins": [-0.004854293540120125, -0.004706377163529396, -0.004558460786938667, -0.004410543944686651, -0.0042626275680959225, -0.004114711191505194, -0.003966794814914465, -0.003818878438323736, -0.0036709618289023638, -0.003523045452311635, -0.0033751288428902626, -0.003227212466299534, -0.003079296089708805, -0.0029313794802874327, -0.002783463103696704, -0.0026355464942753315, -0.0024876301176846027, -0.002339713741093874, -0.0021917971316725016, -0.002043880755081773, -0.0018959642620757222, -0.0017480477690696716, -0.0016001313924789429, -0.0014522148994728923, -0.0013042984064668417, -0.0011563819134607911, -0.0010084654204547405, -0.0008605490438640118, -0.0007126325508579612, -0.0005647160578519106, -0.0004167996230535209, -0.00026888318825513124, -0.00012096716091036797, 2.6949302991852164e-05, 0.0001748657668940723, 0.0003227822307962924, 0.00047069869469851255, 0.0006186151877045631, 0.0007665316225029528, 0.0009144480573013425, 0.001062364550307393, 0.0012102810433134437, 0.0013581975363194942, 0.001506113912910223, 0.0016540304059162736, 0.0018019468989223242, 0.001949863275513053, 0.0020977798849344254, 0.002245696261525154, 0.002393612638115883, 0.0025415292475372553, 0.002689445624127984, 0.0028373622335493565, 0.0029852786101400852, 0.003133194986730814, 0.0032811113633215427, 0.003429027972742915, 0.003576944349333644, 0.0037248609587550163, 0.003872777335345745, 0.004020693711936474, 0.004168610088527203, 0.004316526930779219, 0.004464443307369947, 0.004612359683960676]}, "gradients/embedding_item.weight": {"_type": "histogram", "values": [2.0, 0.0, 2.0, 0.0, 1.0, 0.0, 5.0, 6.0, 1.0, 3.0, 3.0, 4.0, 1.0, 1.0, 1.0, 1.0, 0.0, 2.0, 0.0, 0.0, 0.0, 0.0, 0.0, 7.0, 18.0, 52.0, 179.0, 822.0, 6300.0, 86084.0, 1862561.0, 638166.0, 42342.0, 3566.0, 545.0, 136.0, 43.0, 6.0, 4.0, 2.0, 1.0, 0.0, 3.0, 2.0, 3.0, 1.0, 1.0, 0.0, 0.0, 2.0, 2.0, 1.0, 2.0, 1.0, 0.0, 1.0, 2.0, 2.0, 2.0, 0.0, 0.0, 1.0, 1.0, 2.0],