{"TOTAL_BEST_METRIC": 0.49744081943647517, "BEST_NDCG@10": 0.060417660392075447, "_timestamp": 1688573799.3743722, "_runtime": 1542.6772103309631, "_step": 1135, "epoch": 1000, "Train_Metric_loss": 5.31308194569179, "Train_Reg_loss": 0.00015118823856547742, "Pos_loss": 8.433708190917969, "Neg_loss": 0.1175299659371376, "Recall@5": 0.06543302971672929, "Recall@10": 0.09977909678910717, "Recall@20": 0.14633295065112598, "NDCG@5": 0.04718442323055861, "NDCG@10": 0.05910379217383856, "NDCG@20": 0.07234559056540416, "Recall@5_total_best": 0.0667744336948324, "Recall@10_total_best": 0.10045238335295897, "Recall@20_total_best": 0.14829529887082202, "ndcg@5_total_best": 0.04818768158259799, "ndcg@10_total_best": 0.060092862692922015, "ndcg@20_total_best": 0.0736381592423418, "EPOCH_ndcg_best": 350, "Recall@5_ndcg_best": 0.06588239912584534, "Recall@10_ndcg_best": 0.10182335812285295, "Recall@20_ndcg_best": 0.14775113177661398, "ndcg@5_ndcg_best": 0.047866849662671136, "ndcg@10_ndcg_best": 0.060417660392075447, "ndcg@20_ndcg_best": 0.07338012437919122, "gradients/mass_i.weight": {"_type": "histogram", "values": [1.0, 1.0, 0.0, 0.0, 1.0, 0.0, 1.0, 0.0, 3.0, 3.0, 0.0, 1.0, 1.0, 2.0, 3.0, 3.0, 11.0, 8.0, 14.0, 18.0, 22.0, 30.0, 39.0, 45.0, 83.0, 92.0, 123.0, 159.0, 185.0, 140.0, 105.0, 6894.0, 54.0, 170.0, 176.0, 109.0, 64.0, 27.0, 34.0, 23.0, 16.0, 4.0, 10.0, 4.0, 8.0, 3.0, 4.0, 4.0, 3.0, 5.0, 1.0, 1.0, 0.0, 2.0, 0.0, 0.0, 0.0, 1.0, 0.0, 0.0, 0.0, 1.0, 0.0, 1.0], "bins": [-0.0001632603962207213, -0.00015805670409463346, -0.00015285302652046084, -0.000147649334394373, -0.00014244564226828516, -0.00013724196469411254, -0.0001320382725680247, -0.00012683458044193685, -0.00012163090286776423, -0.000116427218017634, -0.00011122353316750377, -0.00010601984104141593, -0.0001008161561912857, -9.561247134115547e-05, -9.040877921506763e-05, -8.52050943649374e-05, -8.000140951480716e-05, -7.479772466467693e-05, -6.95940398145467e-05, -6.439034768845886e-05, -5.918666283832863e-05, -5.39829779881984e-05, -4.877928950008936e-05, -4.3575601011980325e-05, -3.8371916161850095e-05, -3.3168231311719865e-05, -2.7964542823610827e-05, -2.2760856154491194e-05, -1.755716948537156e-05, -1.2353482816251926e-05, -7.149796147132292e-06, -1.946107659023255e-06, 3.2575626391917467e-06, 8.46124930831138e-06, 1.3664935977431014e-05, 1.8868622646550648e-05, 2.407230931567028e-05, 2.9275995984789915e-05, 3.447968265390955e-05, 3.9683371142018586e-05, 4.4887055992148817e-05, 5.009074084227905e-05, 5.5294429330388084e-05, 6.049811781849712e-05, 6.570180266862735e-05, 7.090548751875758e-05, 7.610917964484543e-05, 8.131286449497566e-05, 8.651654934510589e-05, 9.172023419523612e-05, 9.692391904536635e-05, 0.00010212761117145419, 0.00010733129602158442, 0.00011253498087171465, 0.0001177386729978025, 0.0001229423505719751, 0.00012814604269806296, 0.0001333497348241508, 0.00013855341239832342, 0.00014375710452441126, 0.0001489607966504991, 0.00015416447422467172, 0.00015936816635075957, 0.0001645718584768474, 0.00016977553605102003]}, "gradients/mass_u.weight": {"_type": "histogram", "values": [1.0, 0.0, 0.0, 0.0, 0.0, 0.0, 0.0, 0.0, 0.0, 0.0, 0.0, 0.0, 0.0, 0.0, 0.0, 0.0, 0.0, 0.0, 1.0, 0.0, 0.0, 0.0, 0.0, 0.0, 0.0, 1.0, 0.0, 0.0, 0.0, 0.0, 1.0, 1.0, 0.0, 1.0, 1.0, 0.0, 0.0, 0.0, 1.0, 2.0, 2.0, 3.0, 1.0, 3.0, 3.0, 2.0, 0.0, 2.0, 5.0, 1.0, 4.0, 6.0, 6.0, 13.0, 9.0, 16.0, 24.0, 51.0, 51.0, 77.0, 85.0, 71.0, 34.0, 14202.0], "bins": [-0.00038712244713678956, -0.0003810736525338143, -0.00037502485793083906, -0.00036897609243169427, -0.000362927297828719, -0.00035687850322574377, -0.0003508297086227685, -0.00034478091401979327, -0.0003387321485206485, -0.00033268335391767323, -0.000326634559314698, -0.0003205857938155532, -0.00031453699921257794, -0.0003084882046096027, -0.00030243941000662744, -0.0002963906154036522, -0.0002903418499045074, -0.00028429305530153215, -0.0002782442606985569, -0.0002721954951994121, -0.00026614670059643686, -0.0002600979059934616, -0.00025404911139048636, -0.0002480003167875111, -0.00024195152218453586, -0.0002359027275815606, -0.0002298539475305006, -0.00022380515292752534, -0.00021775637287646532, -0.00021170757827349007, -0.00020565878367051482, -0.0001996100036194548, -0.00019356122356839478, -0.00018751242896541953, -0.0001814636489143595, -0.00017541485431138426, -0.00016936607426032424, -0.000163317279657349, -0.00015726848505437374, -0.00015121970500331372, -0.0001451709249522537, -0.00013912213034927845, -0.00013307335029821843, -0.00012702455569524318, -0.00012097577564418316, -0.00011492698104120791, -0.00010887819371419027, -0.00010282940638717264, -9.678061178419739e-05, -9.073182445717975e-05, -8.468303713016212e-05, -7.863424252718687e-05, -7.258546247612685e-05, -6.65366678731516e-05, -6.0487880546133965e-05, -5.443909321911633e-05, -4.8390305892098695e-05, -4.234151856508106e-05, -3.6292731238063425e-05, -3.0243940273066983e-05, -2.4195152946049348e-05, -1.8146365619031712e-05, -1.209757465403527e-05, -6.048787327017635e-06, 0.0]}, "gradients/embedding_user.weight": {"_type": "histogram", "values": [1.0, 0.0, 0.0, 0.0, 0.0, 0.0, 0.0, 0.0, 0.0, 1.0, 2.0, 0.0, 0.0, 2.0, 3.0, 8.0, 8.0, 13.0, 23.0, 30.0, 39.0, 83.0, 123.0, 233.0, 331.0, 724.0, 1624.0, 4053.0, 28103.0, 471625.0, 403736.0, 22178.0, 3645.0, 1504.0, 677.0, 346.0, 155.0, 103.0, 73.0, 42.0, 34.0, 23.0, 9.0, 7.0, 6.0, 3.0, 5.0, 3.0, 1.0, 0.0, 0.0, 0.0, 0.0, 1.0, 0.0, 0.0, 1.0, 0.0, 1.0, 0.0, 0.0, 0.0, 0.0, 2.0], "bins": [-0.0013440006878226995, -0.0012991480762138963, -0.0012542955810204148, -0.0012094429694116116, -0.0011645903578028083, -0.0011197378626093268, -0.0010748852510005236, -0.0010300327558070421, -0.0009851801441982388, -0.0009403275907970965, -0.0008954749791882932, -0.0008506224257871509, -0.0008057698723860085, -0.0007609173189848661, -0.0007160647073760629, -0.0006712121539749205, -0.0006263595423661172, -0.0005815069889649749, -0.0005366543773561716, -0.0004918018239550292, -0.0004469492705538869, -0.0004020966880489141, -0.00035724410554394126, -0.0003123915521427989, -0.0002675389696378261, -0.0002226864016847685, -0.0001778338337317109, -0.0001329812512267381, -8.812868327368051e-05, -4.327611532062292e-05, 1.5764671843498945e-06, 4.642902058549225e-05, 9.128160309046507e-05, 0.00013613417104352266, 0.00018098673899658024, 0.00022583932150155306, 0.0002706918749026954, 0.00031554445740766823, 0.00036039703991264105, 0.0004052495933137834, 0.0004501021758187562, 0.000494954758323729, 0.0005398073117248714, 0.0005846598651260138, 0.000629512476734817, 0.0006743650301359594, 0.0007192175835371017, 0.000764070195145905, 0.0008089227485470474, 0.0008537753019481897, 0.000898627913556993, 0.0009434804669581354, 0.0009883330203592777, 0.001033185631968081, 0.0010780382435768843, 0.0011228907387703657, 0.001167743350379169, 0.0012125959619879723, 0.0012574484571814537, 0.001302301068790257, 0.0013471536803990602, 0.0013920061755925417, 0.001436858787201345, 0.0014817113988101482, 0.0015265638940036297]}, "gradients/embedding_item.weight": {"_type": "histogram", "values": [2.0, 1.0, 0.0, 0.0, 1.0, 1.0, 3.0, 1.0, 4.0, 6.0, 5.0, 12.0, 17.0, 29.0, 47.0, 59.0, 81.0, 89.0, 147.0, 174.0, 266.0, 402.0, 598.0, 828.0, 1344.0, 2023.0, 3463.0, 6064.0, 11027.0, 20395.0, 38902.0, 83849.0, 272468.0, 52031.0, 28247.0, 14865.0, 8231.0, 4558.0, 2588.0, 1596.0, 990.0, 651.0, 471.0, 330.0, 217.0, 173.0, 101.0, 85.0, 49.0, 31.0, 32.0, 23.0, 19.0, 15.0, 8.0, 4.0, 3.0, 1.0, 3.0, 1.0, 0.0, 0.0, 0.0, 1.0],