{"TOTAL_BEST_METRIC": 1.000106776394411, "BEST_NDCG@10": 0.12521743854371906, "_timestamp": 1688324263.5532875, "_runtime": 377.619437456131, "_step": 1188, "epoch": 1000, "Train_Metric_loss": -0.34893435835838316, "Train_Reg_loss": 4.529689322225749e-05, "Pos_loss": 0.3522833287715912, "Neg_loss": -0.8595454692840576, "Recall@5": 0.13872776044318078, "Recall@10": 0.20341493374451033, "Recall@20": 0.27678830432969365, "NDCG@5": 0.10171963807901836, "NDCG@10": 0.12449791690687634, "NDCG@20": 0.1455798713579245, "Recall@5_total_best": 0.14170499566494868, "Recall@10_total_best": 0.2018804859826449, "Recall@20_total_best": 0.28023290161063524, "ndcg@5_total_best": 0.10391096279403407, "ndcg@10_total_best": 0.12499413524151386, "ndcg@20_total_best": 0.14738329510063417, "EPOCH_ndcg_best": 640, "Recall@5_ndcg_best": 0.1406363804176881, "Recall@10_ndcg_best": 0.20467033988833305, "Recall@20_ndcg_best": 0.27952865250043507, "ndcg@5_ndcg_best": 0.10275350136588439, "ndcg@10_ndcg_best": 0.12521743854371906, "ndcg@20_ndcg_best": 0.1466883980493049, "gradients/mass_i.weight": {"_type": "histogram", "values": [1.0, 1.0, 0.0, 0.0, 1.0, 0.0, 1.0, 0.0, 2.0, 0.0, 1.0, 0.0, 1.0, 0.0, 0.0, 1.0, 1.0, 0.0, 2.0, 0.0, 4.0, 1.0, 0.0, 2.0, 5.0, 3.0, 3.0, 5.0, 5.0, 6.0, 6.0, 10.0, 7.0, 16.0, 13.0, 21.0, 26.0, 39.0, 26.0, 39.0, 66.0, 49.0, 70.0, 98.0, 138.0, 65.0, 153.0, 2237.0, 29.0, 74.0, 125.0, 45.0, 44.0, 34.0, 25.0, 26.0, 10.0, 12.0, 8.0, 1.0, 1.0, 4.0, 3.0, 2.0], "bins": [-0.002163223223760724, -0.0021180114708840847, -0.0020727994851768017, -0.0020275877323001623, -0.001982375979423523, -0.00193716399371624, -0.0018919522408396006, -0.0018467403715476394, -0.0018015285022556782, -0.001756316632963717, -0.0017111047636717558, -0.0016658930107951164, -0.0016206811415031552, -0.001575469272211194, -0.0015302575193345547, -0.0014850456500425935, -0.0014398337807506323, -0.001394621911458671, -0.00134941004216671, -0.0013041982892900705, -0.0012589864199981093, -0.0012137745507061481, -0.0011685627978295088, -0.0011233509285375476, -0.0010781390592455864, -0.0010329271899536252, -0.000987715320661664, -0.0009425035677850246, -0.0008972916984930634, -0.0008520798292011023, -0.000806868018116802, -0.0007616562070325017, -0.0007164443377405405, -0.0006712324684485793, -0.000626020657364279, -0.0005808088462799788, -0.0005355969769880176, -0.0004903851076960564, -0.0004451732966117561, -0.00039996145642362535, -0.0003547496162354946, -0.0003095377760473639, -0.00026432593585923314, -0.0002191140956711024, -0.00017390225548297167, -0.00012869041529484093, -8.34785751067102e-05, -3.826673491857946e-05, 6.945105269551277e-06, 5.2156945457682014e-05, 9.736878564581275e-05, 0.00014258062583394349, 0.00018779246602207422, 0.00023300430621020496, 0.0002782161463983357, 0.00032342798658646643, 0.00036863982677459717, 0.0004138516669627279, 0.00045906350715085864, 0.0005042753182351589, 0.0005494871875271201, 0.0005946990568190813, 0.0006399108679033816, 0.0006851226789876819, 0.0007303345482796431]}, "gradients/mass_u.weight": {"_type": "histogram", "values": [1.0, 0.0, 0.0, 0.0, 0.0, 0.0, 0.0, 0.0, 0.0, 0.0, 0.0, 0.0, 0.0, 0.0, 0.0, 0.0, 0.0, 0.0, 0.0, 0.0, 0.0, 0.0, 0.0, 0.0, 1.0, 0.0, 0.0, 0.0, 0.0, 0.0, 0.0, 0.0, 1.0, 0.0, 0.0, 0.0, 0.0, 1.0, 1.0, 1.0, 0.0, 1.0, 0.0, 0.0, 0.0, 3.0, 0.0, 0.0, 0.0, 0.0, 0.0, 2.0, 1.0, 5.0, 0.0, 5.0, 4.0, 6.0, 9.0, 17.0, 23.0, 50.0, 200.0, 5209.0], "bins": [-0.010207921266555786, -0.01004842296242714, -0.009888923726975918, -0.009729424491524696, -0.00956992618739605, -0.009410427883267403, -0.009250928647816181, -0.00909142941236496, -0.008931931108236313, -0.008772432804107666, -0.008612933568656445, -0.008453434333205223, -0.008293936029076576, -0.00813443772494793, -0.007974938489496708, -0.007815439254045486, -0.00765594094991684, -0.0074964421801269054, -0.007336943410336971, -0.007177444640547037, -0.007017945870757103, -0.006858447100967169, -0.006698948331177235, -0.0065394495613873005, -0.006379950791597366, -0.006220452021807432, -0.006060953252017498, -0.005901454482227564, -0.00574195571243763, -0.0055824569426476955, -0.005422958172857761, -0.005263459403067827, -0.005103960633277893, -0.004944461863487959, -0.004784963093698025, -0.004625464323908091, -0.004465965554118156, -0.004306466784328222, -0.004146968014538288, -0.003987469244748354, -0.00382797047495842, -0.0036684717051684856, -0.0035089729353785515, -0.0033494741655886173, -0.003189975395798683, -0.003030476626008749, -0.002870977856218815, -0.0027114790864288807, -0.0025519803166389465, -0.0023924815468490124, -0.002232982777059078, -0.002073484007269144, -0.00191398523747921, -0.0017544864676892757, -0.0015949876978993416, -0.0014354889281094074, -0.0012759901583194733, -0.001116491388529539, -0.000956992618739605, -0.0007974938489496708, -0.0006379950791597366, -0.0004784963093698025, -0.0003189975395798683, -0.00015949876978993416, 0.0]}, "gradients/embedding_user.weight": {"_type": "histogram", "values": [2.0, 0.0, 0.0, 0.0, 2.0, 1.0, 0.0, 2.0, 2.0, 0.0, 0.0, 2.0, 2.0, 0.0, 2.0, 1.0, 4.0, 0.0, 6.0, 4.0, 12.0, 19.0, 22.0, 34.0, 50.0, 99.0, 195.0, 452.0, 1142.0, 2989.0, 8501.0, 66688.0, 204027.0, 57594.0, 7851.0, 2863.0, 1124.0, 491.0, 177.0, 100.0, 58.0, 38.0, 23.0, 12.0, 5.0, 3.0, 4.0, 5.0, 4.0, 3.0, 2.0, 1.0, 0.0, 0.0, 1.0, 0.0, 0.0, 3.0, 0.0, 0.0, 1.0, 0.0, 0.0, 1.0], "bins": [-0.0007894014124758542, -0.0007650932529941201, -0.000740785151720047, -0.000716476992238313, -0.0006921688909642398, -0.0006678607314825058, -0.0006435526302084327, -0.0006192444707266986, -0.0005949363112449646, -0.0005706281517632306, -0.0005463200504891574, -0.0005220118910074234, -0.0004977037897333503, -0.00047339563025161624, -0.00044908749987371266, -0.0004247793694958091, -0.00040047126822173595, -0.0003761631378438324, -0.0003518550074659288, -0.00032754684798419476, -0.00030323874671012163, -0.0002789305872283876, -0.000254622456850484, -0.00023031432647258043, -0.00020600619609467685, -0.00018169806571677327, -0.0001573899353388697, -0.00013308179040905088, -0.0001087736600311473, -8.446552965324372e-05, -6.015738472342491e-05, -3.584925434552133e-05, -1.154112396761775e-05, 1.2767010048264638e-05, 3.7075144064147025e-05, 6.138328171800822e-05, 8.56914120959118e-05, 0.00010999954247381538, 0.0001343076874036342, 0.00015861581778153777, 0.00018292394815944135, 0.00020723207853734493, 0.0002315402089152485, 0.0002558483392931521, 0.00028015649877488613, 0.00030446460004895926, 0.0003287727595306933, 0.0003530808899085969, 0.00037738902028650045, 0.00040169715066440403, 0.0004260052810423076, 0.00045031344052404165, 0.0004746215417981148, 0.0004989297012798488, 0.0005232378607615829, 0.000547545962035656, 0.0005718540633097291, 0.0005961622227914631, 0.0006204703240655363, 0.0006447784835472703, 0.0006690865848213434, 0.0006933947443030775, 0.0007177029037848115, 0.0007420110050588846, 0.0007663191645406187]}, "gradients/embedding_item.weight": {"_type": "histogram", "values": [1.0, 1.0, 0.0, 0.0, 0.0, 1.0, 0.0, 1.0, 5.0, 2.0, 3.0, 9.0, 13.0, 20.0, 31.0, 51.0, 59.0, 65.0, 111.0, 149.0, 210.0, 316.0, 448.0, 626.0, 937.0, 1337.0, 2103.0, 3300.0, 5396.0, 8408.0, 13558.0, 20656.0, 28856.0, 53648.0, 29573.0, 20978.0, 13864.0, 8435.0, 5418.0, 3260.0, 2168.0, 1350.0, 916.0, 660.0, 428.0, 272.0, 193.0, 144.0, 90.0, 80.0, 62.0, 42.0, 34.0, 23.0, 12.0, 8.0, 7.0, 3.0, 3.0, 2.0, 3.0, 2.0, 0.0, 1.0],