{"TOTAL_BEST_METRIC": 0.8335473995308336, "BEST_NDCG@10": 0.10216998656807481, "_timestamp": 1688312182.5089834, "_runtime": 310.74269247055054, "_step": 1115, "epoch": 1000, "Train_Metric_loss": -1.9576974868774415, "Train_Reg_loss": 1.199625858134823e-05, "Pos_loss": -2.6841745376586914, "Neg_loss": 2.617594003677368, "Recall@5": 0.09757475958465946, "Recall@10": 0.15624222087880568, "Recall@20": 0.23522412734127593, "NDCG@5": 0.06817733734997937, "NDCG@10": 0.08896410281262183, "NDCG@20": 0.11099187610603616, "Recall@5_total_best": 0.11344495658215666, "Recall@10_total_best": 0.16861477901734626, "Recall@20_total_best": 0.24314370841791277, "ndcg@5_total_best": 0.08272821348044905, "ndcg@10_total_best": 0.10216998656807481, "ndcg@20_total_best": 0.12344575546489397, "EPOCH_ndcg_best": 310, "Recall@5_ndcg_best": 0.11344495658215666, "Recall@10_ndcg_best": 0.16861477901734626, "Recall@20_ndcg_best": 0.24314370841791277, "ndcg@5_ndcg_best": 0.08272821348044905, "ndcg@10_ndcg_best": 0.10216998656807481, "ndcg@20_ndcg_best": 0.12344575546489397, "gradients/mass_i.weight": {"_type": "histogram", "values": [1.0, 0.0, 0.0, 0.0, 1.0, 0.0, 1.0, 0.0, 0.0, 0.0, 0.0, 0.0, 0.0, 0.0, 1.0, 0.0, 0.0, 5.0, 1.0, 3.0, 3.0, 1.0, 3.0, 3.0, 7.0, 3.0, 9.0, 7.0, 9.0, 8.0, 15.0, 12.0, 20.0, 31.0, 49.0, 58.0, 66.0, 70.0, 111.0, 121.0, 158.0, 109.0, 94.0, 2322.0, 106.0, 54.0, 41.0, 16.0, 17.0, 11.0, 7.0, 7.0, 1.0, 1.0, 2.0, 1.0, 1.0, 0.0, 0.0, 0.0, 0.0, 0.0, 0.0, 1.0], "bins": [-0.00014226260827854276, -0.0001389753888361156, -0.00013568818394560367, -0.0001324009645031765, -0.00012911374506074935, -0.00012582654017023742, -0.00012253932072781026, -0.0001192521012853831, -0.00011596488911891356, -0.00011267767695244402, -0.00010939045751001686, -0.00010610324534354731, -0.00010281602590112016, -9.952881373465061e-05, -9.624159429222345e-05, -9.295438212575391e-05, -8.966716995928437e-05, -8.637995779281482e-05, -8.309273835038766e-05, -7.980552618391812e-05, -7.651830674149096e-05, -7.323109457502142e-05, -6.994388240855187e-05, -6.665666296612471e-05, -6.336944352369756e-05, -6.0082227719249204e-05, -5.679501191480085e-05, -5.350779974833131e-05, -5.022058394388296e-05, -4.6933368139434606e-05, -4.3646152334986255e-05, -4.03589365305379e-05, -3.707172436406836e-05, -3.378450855962001e-05, -3.049729457416106e-05, -2.721007876971271e-05, -2.392286478425376e-05, -2.063564897980541e-05, -1.734843317535706e-05, -1.4061219189898111e-05, -1.077400338544976e-05, -7.48678849049611e-06, -4.19957314079511e-06, -9.123577910941094e-07, 2.37485710385954e-06, 5.6620719988131896e-06, 8.94928780326154e-06, 1.2236501788720489e-05, 1.552371759316884e-05, 1.881093339761719e-05, 2.209814738307614e-05, 2.538536318752449e-05, 2.8672577172983438e-05, 3.195979297743179e-05, 3.524700878188014e-05, 3.8534220948349684e-05, 4.182144039077684e-05, 4.5108656195225194e-05, 4.8395871999673545e-05, 5.168308416614309e-05, 5.497029997059144e-05, 5.825751577503979e-05, 6.154473521746695e-05, 6.48319473839365e-05, 6.811915955040604e-05]}, "gradients/mass_u.weight": {"_type": "histogram", "values": [1.0, 0.0, 0.0, 0.0, 0.0, 0.0, 0.0, 0.0, 0.0, 0.0, 0.0, 0.0, 0.0, 0.0, 0.0, 0.0, 0.0, 0.0, 0.0, 0.0, 1.0, 0.0, 0.0, 0.0, 2.0, 0.0, 0.0, 0.0, 0.0, 0.0, 0.0, 1.0, 0.0, 0.0, 0.0, 0.0, 0.0, 0.0, 0.0, 0.0, 0.0, 1.0, 0.0, 0.0, 3.0, 1.0, 1.0, 2.0, 0.0, 2.0, 0.0, 0.0, 5.0, 4.0, 5.0, 13.0, 8.0, 11.0, 24.0, 40.0, 73.0, 198.0, 114.0, 5031.0], "bins": [-0.0007782779866829515, -0.0007661174167878926, -0.0007539567886851728, -0.0007417962187901139, -0.0007296355906873941, -0.0007174750207923353, -0.0007053144508972764, -0.0006931538227945566, -0.0006809932528994977, -0.0006688326830044389, -0.0006566720549017191, -0.0006445114850066602, -0.0006323508569039404, -0.0006201902870088816, -0.0006080296589061618, -0.0005958690890111029, -0.000583708519116044, -0.0005715479492209852, -0.0005593873211182654, -0.0005472267512232065, -0.0005350661231204867, -0.0005229055532254279, -0.000510744983330369, -0.0004985843552276492, -0.00048642372712492943, -0.0004742631281260401, -0.0004621025291271508, -0.0004499419592320919, -0.0004377813602332026, -0.00042562076123431325, -0.0004134601622354239, -0.0004012995632365346, -0.0003891389933414757, -0.0003769783943425864, -0.00036481779534369707, -0.0003526572254486382, -0.0003404966264497489, -0.00032833602745085955, -0.0003161754284519702, -0.0003040148294530809, -0.000291854259558022, -0.0002796936605591327, -0.00026753306156024337, -0.0002553724916651845, -0.00024321189266629517, -0.00023105129366740584, -0.00021889069466851652, -0.0002067300956696272, -0.00019456949667073786, -0.00018240889767184854, -0.00017024831322487444, -0.0001580877142259851, -0.000145927129779011, -0.00013376653078012168, -0.00012160593178123236, -0.00010944534005830064, -9.728474833536893e-05, -8.512415661243722e-05, -7.29635648895055e-05, -6.080296589061618e-05, -4.8642374167684466e-05, -3.648178244475275e-05, -2.4321183445863426e-05, -1.2160591722931713e-05, 0.0]}, "gradients/embedding_user.weight": {"_type": "histogram", "values": [1.0, 1.0, 3.0, 0.0, 0.0, 2.0, 0.0, 0.0, 0.0, 1.0, 1.0, 0.0, 1.0, 2.0, 0.0, 2.0, 6.0, 6.0, 7.0, 8.0, 14.0, 24.0, 19.0, 34.0, 49.0, 114.0, 238.0, 1019.0, 27005.0, 321173.0, 3809.0, 536.0, 210.0, 97.0, 70.0, 43.0, 25.0, 16.0, 21.0, 10.0, 14.0, 2.0, 6.0, 5.0, 7.0, 3.0, 1.0, 1.0, 2.0, 4.0, 1.0, 0.0, 0.0, 1.0, 1.0, 1.0, 0.0, 2.0, 0.0, 1.0, 2.0, 1.0, 0.0, 2.0], "bins": [-1.014436475088587e-05, -9.797770871955436e-06, -9.451176993025001e-06, -9.104583114094567e-06, -8.757989235164132e-06, -8.411395356233697e-06, -8.064801477303263e-06, -7.718207598372828e-06, -7.371613719442394e-06, -7.025019840511959e-06, -6.6784259615815245e-06, -6.33183208265109e-06, -5.985238203720655e-06, -5.638644324790221e-06, -5.292050445859786e-06, -4.9454565669293515e-06, -4.598862687998917e-06, -4.252268809068482e-06, -3.905674930138048e-06, -3.559081051207613e-06, -3.2124871722771786e-06, -2.865893293346744e-06, -2.5192994144163094e-06, -2.172705535485875e-06, -1.8261116565554403e-06, -1.4795177776250057e-06, -1.1329238986945711e-06, -7.863300197641365e-07, -4.3973614083370194e-07, -9.314226190326735e-08, 2.5345161702716723e-07, 6.000454959576018e-07, 9.466384653933346e-07, 1.2932323443237692e-06, 1.6398262232542038e-06, 1.9864201021846384e-06, 2.333013981115073e-06, 2.6796078600455076e-06, 3.026201738975942e-06, 3.3727956179063767e-06, 3.7193894968368113e-06, 4.065983375767246e-06, 4.4125772546976805e-06, 4.759171133628115e-06, 5.10576501255855e-06, 5.452358891488984e-06, 5.798952770419419e-06, 6.145546649349853e-06, 6.492140528280288e-06, 6.8387344072107226e-06, 7.185328286141157e-06, 7.531922165071592e-06, 7.878516044002026e-06, 8.225109922932461e-06, 8.571703801862895e-06, 8.91829768079333e-06, 9.264891559723765e-06, 9.6114854386542e-06, 9.958079317584634e-06, 1.0304673196515068e-05, 1.0651267075445503e-05, 1.0997860954375938e-05, 1.1344454833306372e-05, 1.1691048712236807e-05, 1.2037642591167241e-05]}, "gradients/embedding_item.weight": {"_type": "histogram", "values": [1.0, 0.0, 0.0, 0.0, 1.0, 0.0, 1.0, 1.0, 2.0, 0.0, 1.0, 5.0, 2.0, 6.0, 7.0, 14.0, 18.0, 33.0, 36.0, 76.0, 80.0, 139.0, 247.0, 386.0, 704.0, 1459.0, 3067.0, 7753.0, 27066.0, 129284.0, 39781.0, 10571.0, 3848.0, 1733.0, 853.0, 480.0, 252.0, 164.0, 81.0, 56.0, 37.0, 26.0, 24.0, 21.0, 18.0, 3.0, 3.0, 2.0, 5.0, 0.0, 2.0, 0.0, 1.0, 0.0, 1.0, 0.0, 0.0, 0.0, 0.0, 0.0, 0.0, 0.0, 0.0, 1.0],