{"TOTAL_BEST_METRIC": 0.15241999043389157, "BEST_NDCG@10": 0.017117504285603415, "_timestamp": 1688432522.179382, "_runtime": 676.6378350257874, "_step": 1293, "epoch": 1000, "Train_Metric_loss": 4.7152925491333, "Train_Reg_loss": 4.9339389988745095e-06, "Pos_loss": 8.173920631408691, "Neg_loss": 1.2564113140106201, "Recall@5": 0.015524634883939096, "Recall@10": 0.030649199184911474, "Recall@20": 0.053209263004273914, "NDCG@5": 0.011946595603521555, "NDCG@10": 0.017106648593032913, "NDCG@20": 0.023471961822425638, "Recall@5_total_best": 0.01587886796930927, "Recall@10_total_best": 0.030649199184911474, "Recall@20_total_best": 0.053209263004273914, "ndcg@5_total_best": 0.01208363166701236, "ndcg@10_total_best": 0.017117504285603415, "ndcg@20_total_best": 0.023481524322781142, "EPOCH_ndcg_best": 1000, "Recall@5_ndcg_best": 0.01587886796930927, "Recall@10_ndcg_best": 0.030649199184911474, "Recall@20_ndcg_best": 0.053209263004273914, "ndcg@5_ndcg_best": 0.01208363166701236, "ndcg@10_ndcg_best": 0.017117504285603415, "ndcg@20_ndcg_best": 0.023481524322781142, "gradients/mass_i.weight": {"_type": "histogram", "values": [1.0, 0.0, 2.0, 0.0, 0.0, 0.0, 1.0, 0.0, 0.0, 0.0, 2.0, 1.0, 1.0, 3.0, 1.0, 0.0, 0.0, 2.0, 5.0, 4.0, 3.0, 11.0, 7.0, 9.0, 15.0, 9.0, 22.0, 26.0, 13.0, 23.0, 70.0, 23.0, 33.0, 176.0, 31.0, 66.0, 308.0, 42.0, 121.0, 2132.0, 56.0, 102.0, 39.0, 50.0, 33.0, 30.0, 12.0, 26.0, 9.0, 15.0, 7.0, 7.0, 8.0, 3.0, 3.0, 0.0, 1.0, 0.0, 0.0, 1.0, 0.0, 0.0, 0.0, 3.0], "bins": [-0.0012794116046279669, -0.0012473321985453367, -0.0012152527924627066, -0.0011831733863800764, -0.0011510939802974463, -0.001119014574214816, -0.001086935168132186, -0.0010548557620495558, -0.0010227763559669256, -0.0009906969498842955, -0.0009586175438016653, -0.0009265381377190351, -0.000894458731636405, -0.0008623793255537748, -0.0008302999194711447, -0.0007982205133885145, -0.0007661411073058844, -0.0007340617012232542, -0.000701982295140624, -0.0006699028890579939, -0.0006378234829753637, -0.0006057440768927336, -0.0005736646708101034, -0.0005415852647274733, -0.0005095058586448431, -0.00047742645256221294, -0.0004453470464795828, -0.00041326764039695263, -0.00038118823431432247, -0.0003491088282316923, -0.00031702942214906216, -0.000284950016066432, -0.00025287049356848, -0.00022079108748584986, -0.0001887116814032197, -0.00015663227532058954, -0.00012455286923795938, -9.247346315532923e-05, -6.039405707269907e-05, -2.8314650990068913e-05, 3.764755092561245e-06, 3.58441611751914e-05, 6.792356725782156e-05, 0.00010000297334045172, 0.00013208237942308187, 0.00016416178550571203, 0.0001962411915883422, 0.00022832059767097235, 0.0002604000037536025, 0.00029247940983623266, 0.0003245588159188628, 0.000356638222001493, 0.00038871762808412313, 0.0004207970341667533, 0.00045287644024938345, 0.0004849558463320136, 0.0005170352524146438, 0.0005491146584972739, 0.0005811940645799041, 0.0006132734706625342, 0.0006453528767451644, 0.0006774322828277946, 0.0007095116889104247, 0.0007415910949930549, 0.000773670501075685]}, "gradients/mass_u.weight": {"_type": "histogram", "values": [1.0, 0.0, 0.0, 0.0, 0.0, 0.0, 0.0, 0.0, 0.0, 0.0, 0.0, 0.0, 0.0, 0.0, 0.0, 0.0, 0.0, 0.0, 1.0, 0.0, 0.0, 0.0, 1.0, 0.0, 1.0, 0.0, 0.0, 1.0, 0.0, 0.0, 1.0, 0.0, 0.0, 0.0, 0.0, 0.0, 0.0, 0.0, 0.0, 0.0, 1.0, 0.0, 1.0, 0.0, 1.0, 1.0, 1.0, 3.0, 1.0, 3.0, 3.0, 4.0, 5.0, 2.0, 9.0, 11.0, 4.0, 28.0, 25.0, 41.0, 125.0, 97.0, 113.0, 5056.0], "bins": [-0.004126987885683775, -0.0040625035762786865, -0.003998019732534885, -0.003933535423129797, -0.0038690511137247086, -0.003804567037150264, -0.0037400827277451754, -0.0036755986511707306, -0.003611114341765642, -0.0035466302651911974, -0.003482145955786109, -0.003417661879211664, -0.0033531775698065758, -0.003288693493232131, -0.0032242091838270426, -0.003159725107252598, -0.0030952407978475094, -0.0030307567212730646, -0.002966272411867976, -0.0029017883352935314, -0.002837304025888443, -0.0027728199493139982, -0.00270833563990891, -0.002643851563334465, -0.0025793674867600203, -0.0025148834101855755, -0.002450399100780487, -0.0023859150242060423, -0.002321430714800954, -0.002256946638226509, -0.0021924623288214207, -0.002127978252246976, -0.0020634939428418875, -0.0019990098662674427, -0.0019345255568623543, -0.0018700413638725877, -0.001805557170882821, -0.0017410729778930545, -0.0016765887849032879, -0.0016121047083288431, -0.0015476203989237547, -0.001483136205933988, -0.0014186520129442215, -0.001354167819954455, -0.0012896836269646883, -0.0012251994339749217, -0.001160715240985155, -0.0010962311644107103, -0.0010317469714209437, -0.0009672627784311771, -0.0009027785854414105, -0.0008382943924516439, -0.0007738101994618773, -0.0007093260064721107, -0.0006448418716900051, -0.0005803576787002385, -0.0005158734857104719, -0.00045138929272070527, -0.0003869050997309387, -0.00032242093584500253, -0.00025793674285523593, -0.00019345254986546934, -0.0001289683859795332, -6.44841929897666e-05, 0.0]}, "gradients/embedding_user.weight": {"_type": "histogram", "values": [1.0, 0.0, 1.0, 0.0, 0.0, 0.0, 1.0, 1.0, 1.0, 2.0, 5.0, 7.0, 6.0, 9.0, 10.0, 17.0, 26.0, 39.0, 62.0, 62.0, 128.0, 217.0, 411.0, 856.0, 1749.0, 3929.0, 11906.0, 90157.0, 193279.0, 38948.0, 7109.0, 2889.0, 1287.0, 622.0, 343.0, 215.0, 106.0, 58.0, 45.0, 28.0, 23.0, 17.0, 13.0, 13.0, 6.0, 5.0, 3.0, 1.0, 3.0, 2.0, 2.0, 1.0, 1.0, 0.0, 1.0, 0.0, 0.0, 0.0, 0.0, 0.0, 0.0, 0.0, 0.0, 1.0], "bins": [-0.00021802341507282108, -0.00021031925280112773, -0.00020261507597751915, -0.0001949109137058258, -0.00018720673688221723, -0.00017950257461052388, -0.0001717983977869153, -0.00016409423551522195, -0.0001563900732435286, -0.00014868591097183526, -0.00014098173414822668, -0.00013327757187653333, -0.00012557339505292475, -0.0001178692327812314, -0.00011016506323358044, -0.00010246089368592948, -9.47567168623209e-05, -8.705254731466994e-05, -7.934837776701897e-05, -7.164421549532562e-05, -6.394003867171705e-05, -5.623587276204489e-05, -4.8531706852372736e-05, -4.082753730472177e-05, -3.312336775707081e-05, -2.5419198209419847e-05, -1.7715030480758287e-05, -1.0010862752096727e-05, -2.3066932044457644e-06, 5.397476343205199e-06, 1.3101642252877355e-05, 2.0805811800528318e-05, 2.850999590009451e-05, 3.621416544774547e-05, 4.3918334995396435e-05, 5.162250090506859e-05, 5.9326670452719554e-05, 6.703083636239171e-05, 7.473500591004267e-05, 8.243917545769364e-05, 9.01433450053446e-05, 9.784751455299556e-05, 0.00010555168410064653, 0.00011325585364829749, 0.00012096001591999084, 0.00012866419274359941, 0.00013636835501529276, 0.0001440725172869861, 0.0001517766941105947, 0.00015948085638228804, 0.00016718503320589662, 0.00017488919547758996, 0.00018259337230119854, 0.0001902975345728919, 0.00019800171139650047, 0.00020570587366819382, 0.00021341003593988717, 0.00022111419821158051, 0.0002288183750351891, 0.00023652253730688244, 0.000244226714130491, 0.00025193087640218437, 0.0002596350386738777, 0.0002673392300494015, 0.00027504339232109487]}, "gradients/embedding_item.weight": {"_type": "histogram", "values": [1.0, 0.0, 0.0, 0.0, 0.0, 1.0, 1.0, 1.0, 0.0, 2.0, 5.0, 4.0, 3.0, 6.0, 17.0, 8.0, 6.0, 13.0, 13.0, 30.0, 35.0, 46.0, 63.0, 96.0, 128.0, 234.0, 326.0, 532.0, 981.0, 2038.0, 4794.0, 10298.0, 18854.0, 27663.0, 32574.0, 33420.0, 32354.0, 27032.0, 17912.0, 9703.0, 4586.0, 2055.0, 951.0, 535.0, 293.0, 202.0, 135.0, 98.0, 78.0, 61.0, 39.0, 34.0, 18.0, 19.0, 15.0, 9.0, 10.0, 4.0, 5.0, 3.0, 1.0, 4.0, 0.0, 3.0],