{"TOTAL_BEST_METRIC": 0.7349005534826452, "BEST_NDCG@10": 0.08737048420805385, "_timestamp": 1688348255.914302, "_runtime": 627.510171175003, "_step": 1123, "epoch": 1000, "Train_Metric_loss": NaN, "Train_Reg_loss": NaN, "Pos_loss": NaN, "Neg_loss": NaN, "Recall@5": 0.0007852166725705515, "Recall@10": 0.003778486243948518, "Recall@20": 0.005806892363746774, "NDCG@5": 0.000556356529533085, "NDCG@10": 0.0016257618776651963, "NDCG@20": 0.002209725865082795, "Recall@5_total_best": 0.0927921982881712, "Recall@10_total_best": 0.14816961953616692, "Recall@20_total_best": 0.23220547676683362, "ndcg@5_total_best": 0.06654163941934611, "ndcg@10_total_best": 0.08585115995401073, "ndcg@20_total_best": 0.10934045951811656, "EPOCH_ndcg_best": 690, "Recall@5_ndcg_best": 0.09084294954030396, "Recall@10_ndcg_best": 0.14745889296199716, "Recall@20_ndcg_best": 0.22573545065015507, "ndcg@5_ndcg_best": 0.06771303746726264, "ndcg@10_ndcg_best": 0.08737048420805385, "ndcg@20_ndcg_best": 0.10975675985079145, "gradients/mass_i.weight": {"_type": "histogram", "values": [1.0, 0.0, 0.0, 0.0, 2.0, 0.0, 0.0, 0.0, 0.0, 0.0, 0.0, 0.0, 0.0, 1.0, 0.0, 0.0, 2.0, 2.0, 1.0, 1.0, 2.0, 7.0, 1.0, 2.0, 4.0, 2.0, 6.0, 10.0, 5.0, 16.0, 18.0, 23.0, 27.0, 40.0, 56.0, 66.0, 104.0, 126.0, 117.0, 153.0, 179.0, 2251.0, 104.0, 92.0, 60.0, 31.0, 21.0, 15.0, 8.0, 2.0, 2.0, 2.0, 2.0, 0.0, 1.0, 1.0, 0.0, 0.0, 0.0, 0.0, 0.0, 1.0, 0.0, 1.0], "bins": [-0.00013968026905786246, -0.00013633527851197869, -0.0001329902879660949, -0.00012964529742021114, -0.00012630030687432736, -0.0001229553163284436, -0.0001196103185066022, -0.00011626532796071842, -0.00011292033741483465, -0.00010957534686895087, -0.0001062303563230671, -0.00010288536577718332, -9.954036795534194e-05, -9.619537740945816e-05, -9.285038686357439e-05, -8.950539631769061e-05, -8.616040577180684e-05, -8.281541522592306e-05, -7.947042468003929e-05, -7.612543413415551e-05, -7.278044358827174e-05, -6.943545304238796e-05, -6.609045522054657e-05, -6.27454646746628e-05, -5.9400474128779024e-05, -5.605548358289525e-05, -5.2710493037011474e-05, -4.936549885314889e-05, -4.602050830726512e-05, -4.267551776138134e-05, -3.933052357751876e-05, -3.5985533031634986e-05, -3.2640549761708826e-05, -2.929555921582505e-05, -2.5950566850951873e-05, -2.2605574486078694e-05, -1.926058394019492e-05, -1.5915593394311145e-05, -1.2570601029437967e-05, -9.225608664564788e-06, -5.880618118681014e-06, -2.535626663302537e-06, 8.093647920759395e-07, 4.154356247454416e-06, 7.4993477028328925e-06, 1.0844338248716667e-05, 1.4189330613589846e-05, 1.7534322978463024e-05, 2.08793135243468e-05, 2.4224304070230573e-05, 2.7569296435103752e-05, 3.091428879997693e-05, 3.4259279345860705e-05, 3.760426989174448e-05, 4.094926407560706e-05, 4.4294254621490836e-05, 4.763924516737461e-05, 5.0984235713258386e-05, 5.432922625914216e-05, 5.767422044300474e-05, 6.101921098888852e-05, 6.436419789679348e-05, 6.770919571863487e-05, 7.105418626451865e-05, 7.439917681040242e-05]}, "gradients/mass_u.weight": {"_type": "histogram", "values": [1.0, 0.0, 0.0, 0.0, 0.0, 0.0, 0.0, 0.0, 0.0, 0.0, 0.0, 0.0, 0.0, 0.0, 0.0, 0.0, 0.0, 1.0, 0.0, 0.0, 0.0, 0.0, 0.0, 0.0, 0.0, 0.0, 0.0, 1.0, 0.0, 0.0, 0.0, 0.0, 0.0, 0.0, 0.0, 0.0, 0.0, 0.0, 1.0, 0.0, 0.0, 0.0, 0.0, 0.0, 1.0, 0.0, 0.0, 0.0, 0.0, 0.0, 2.0, 1.0, 3.0, 2.0, 3.0, 2.0, 4.0, 14.0, 23.0, 24.0, 40.0, 93.0, 251.0, 5074.0], "bins": [-0.0010634217178449035, -0.001046805758960545, -0.0010301898000761867, -0.0010135738411918283, -0.0009969578823074698, -0.0009803419234231114, -0.000963725964538753, -0.0009471099474467337, -0.0009304939885623753, -0.0009138780296780169, -0.0008972620707936585, -0.0008806461119093001, -0.0008640301530249417, -0.0008474141359329224, -0.000830798177048564, -0.0008141822181642056, -0.0007975662592798471, -0.0007809503003954887, -0.0007643343415111303, -0.0007477183826267719, -0.0007311024237424135, -0.0007144864648580551, -0.0006978705059736967, -0.0006812544888816774, -0.0006646385882049799, -0.0006480226293206215, -0.0006314066704362631, -0.0006147907115519047, -0.0005981747526675463, -0.0005815587937831879, -0.0005649428348988295, -0.0005483268178068101, -0.0005317108589224517, -0.0005150949000380933, -0.0004984789411537349, -0.0004818629822693765, -0.00046524699428118765, -0.00044863103539682925, -0.00043201507651247084, -0.00041539911762811244, -0.00039878312963992357, -0.00038216717075556517, -0.00036555121187120676, -0.00034893525298684835, -0.0003323192649986595, -0.0003157033061143011, -0.0002990873472299427, -0.0002824713883455843, -0.00026585542946122587, -0.00024923947057686746, -0.00023262349714059383, -0.00021600753825623542, -0.00019939156481996179, -0.00018277560593560338, -0.00016615964705124497, -0.00014954368816688657, -0.00013292771473061293, -0.00011631174857029691, -9.969578240998089e-05, -8.307982352562249e-05, -6.646385736530647e-05, -4.9847891204990447e-05, -3.323193232063204e-05, -1.661596616031602e-05, 0.0]}, "gradients/embedding_user.weight": {"_type": "histogram", "values": [0.0, 0.0, 0.0, 0.0, 0.0, 0.0, 0.0, 0.0, 0.0, 0.0, 0.0, 0.0, 0.0, 0.0, 0.0, 0.0, 0.0, 0.0, 0.0, 0.0, 0.0, 0.0, 0.0, 0.0, 0.0, 0.0, 0.0, 0.0, 0.0, 0.0, 0.0, 0.0, 3392.0, 0.0, 0.0, 0.0, 0.0, 0.0, 0.0, 0.0, 0.0, 0.0, 0.0, 0.0, 0.0, 0.0, 0.0, 0.0, 0.0, 0.0, 0.0, 0.0, 0.0, 0.0, 0.0, 0.0, 0.0, 0.0, 0.0, 0.0, 0.0, 0.0, 0.0, 0.0], "bins": [0.0, 0.0, 0.0, 0.0, 0.0, 0.0, 0.0, 0.0, 0.0, 0.0, 0.0, 0.0, 0.0, 0.0, 0.0, 0.0, 0.0, 0.0, 0.0, 0.0, 0.0, 0.0, 0.0, 0.0, 0.0, 0.0, 0.0, 0.0, 0.0, 0.0, 0.0, 0.0, 0.0, 0.0, 0.0, 0.0, 0.0, 0.0, 0.0, 0.0, 0.0, 0.0, 0.0, 0.0, 0.0, 0.0, 0.0, 0.0, 0.0, 0.0, 0.0, 0.0, 0.0, 0.0, 0.0, 0.0, 0.0, 0.0, 0.0, 0.0, 0.0, 0.0, 0.0, 0.0, 0.0]}, "gradients/embedding_item.weight": {"_type": "histogram", "values": [1.0, 1.0, 0.0, 0.0, 1.0, 0.0, 0.0, 1.0, 0.0, 1.0, 3.0, 1.0, 3.0, 5.0, 3.0, 4.0, 3.0, 4.0, 11.0, 15.0, 13.0, 25.0, 34.0, 65.0, 97.0, 144.0, 239.0, 446.0, 838.0, 1577.0, 3540.0, 9562.0, 39752.0, 133936.0, 25251.0, 6999.0, 2717.0, 1302.0, 706.0, 392.0, 210.0, 149.0, 95.0, 65.0, 37.0, 32.0, 10.0, 16.0, 12.0, 8.0, 7.0, 2.0, 3.0, 5.0, 3.0, 1.0, 1.0, 0.0, 1.0, 0.0, 1.0, 1.0, 0.0, 1.0], "bins": [-0.0023136695381253958, -0.002244347706437111, -0.002175025874748826, -0.002105704275891185, -0.0020363824442029, -0.001967060612514615, -0.0018977387808263302, -0.0018284169491380453, -0.0017590952338650823, -0.0016897734021767974, -0.0016204516869038343, -0.0015511298552155495, -0.0014818080235272646, -0.0014124863082543015, -0.0013431644765660167, -0.0012738427612930536, -0.0012045209296047688, -0.0011351990979164839, -0.0010658773826435208, -0.000996555550955236, -0.000927233777474612, -0.000857912003993988, -0.0007885901723057032, -0.0007192683988250792, -0.0006499466253444552, -0.0005806248518638313, -0.0005113030783832073, -0.00044198124669492245, -0.0003726594732142985, -0.0003033376997336745, -0.0002340158971492201, -0.0001646940945647657, -9.537232108414173e-05, -2.6050533051602542e-05, 4.3271254980936646e-05, 0.00011259304301347584, 0.00018191483104601502, 0.000251236604526639, 0.0003205584071110934, 0.0003898802096955478, 0.0004592019831761718, 0.0005285237566567957, 0.0005978455301374197, 0.0006671673618257046, 0.0007364891353063285, 0.0008058109087869525, 0.0008751327404752374, 0.0009444545139558613, 0.0010137762874364853, 0.0010830981191247702, 0.0011524198343977332, 0.001221741666086018, 0.0012910633813589811, 0.001360385213047266, 0.0014297070447355509, 0.0014990288764238358, 0.0015683505916967988, 0.0016376724233850837, 0.0017069941386580467, 0.0017763159703463316, 0.0018456378020346165, 0.0019149595173075795, 0.0019842812325805426, 0.0020536030642688274, 0.0021229248959571123]}, "_wandb": {"runtime": 626}}