{"TOTAL_BEST_METRIC": 0.5019132974994256, "BEST_NDCG@10": 0.061429570008063636, "_timestamp": 1688583104.5336974, "_runtime": 2086.029356479645, "_step": 1136, "epoch": 1000, "Train_Metric_loss": 3.9643439054489136, "Train_Reg_loss": 0.00012237968777688884, "Pos_loss": 8.49134635925293, "Neg_loss": 0.10239411890506744, "Recall@5": 0.06613063392846512, "Recall@10": 0.10068763455421237, "Recall@20": 0.14915689107746946, "NDCG@5": 0.04839888233394532, "NDCG@10": 0.060644856122567224, "NDCG@20": 0.0743779565183551, "Recall@5_total_best": 0.06547969723847873, "Recall@10_total_best": 0.10394283765410418, "Recall@20_total_best": 0.1492874414315998, "ndcg@5_total_best": 0.04778518743111575, "ndcg@10_total_best": 0.061223056647457696, "ndcg@20_total_best": 0.0741950770966694, "EPOCH_ndcg_best": 310, "Recall@5_ndcg_best": 0.06528533609875771, "Recall@10_ndcg_best": 0.1028332473324964, "Recall@20_ndcg_best": 0.1471782044097467, "ndcg@5_ndcg_best": 0.04815034022891402, "ndcg@10_ndcg_best": 0.061429570008063636, "ndcg@20_ndcg_best": 0.07409204344039513, "gradients/mass_i.weight": {"_type": "histogram", "values": [1.0, 0.0, 1.0, 0.0, 0.0, 0.0, 1.0, 0.0, 0.0, 2.0, 3.0, 2.0, 5.0, 6.0, 2.0, 5.0, 4.0, 11.0, 12.0, 21.0, 27.0, 32.0, 46.0, 71.0, 97.0, 75.0, 52.0, 93.0, 7822.0, 16.0, 47.0, 61.0, 54.0, 39.0, 26.0, 26.0, 18.0, 12.0, 6.0, 2.0, 3.0, 1.0, 2.0, 1.0, 2.0, 3.0, 0.0, 1.0, 0.0, 0.0, 0.0, 0.0, 0.0, 0.0, 1.0, 0.0, 0.0, 0.0, 0.0, 0.0, 0.0, 0.0, 0.0, 1.0], "bins": [-0.00020941070397384465, -0.0002020229585468769, -0.00019463519856799394, -0.0001872474531410262, -0.00017985970771405846, -0.0001724719477351755, -0.00016508420230820775, -0.00015769645688124, -0.00015030871145427227, -0.00014292096602730453, -0.00013553320604842156, -0.00012814546062145382, -0.00012075771519448608, -0.00011336996249156073, -0.00010598220978863537, -9.859446436166763e-05, -9.120670438278466e-05, -8.381895167985931e-05, -7.643120625289157e-05, -6.904345354996622e-05, -6.165570812299848e-05, -5.426795542007312e-05, -4.688020271714777e-05, -3.949245365220122e-05, -3.210470458725467e-05, -2.4716955522308126e-05, -1.7329204638372175e-05, -9.941453754436225e-06, -2.5537046894896775e-06, 4.83404437545687e-06, 1.2221797078382224e-05, 1.960954614332877e-05, 2.6997295208275318e-05, 3.4385044273221865e-05, 4.177279333816841e-05, 4.916054604109377e-05, 5.6548295106040314e-05, 6.393604417098686e-05, 7.132379687391222e-05, 7.871154230087996e-05, 8.609929500380531e-05, 9.348704770673066e-05, 0.0001008747931336984, 0.00010826254583662376, 0.00011565029853954911, 0.00012303804396651685, 0.0001304257893934846, 0.00013781354937236756, 0.0001452012947993353, 0.00015258904022630304, 0.000159976800205186, 0.00016736454563215375, 0.0001747522910591215, 0.00018214003648608923, 0.0001895277964649722, 0.00019691554189193994, 0.0002043033018708229, 0.00021169104729779065, 0.00021907880727667361, 0.00022646655270364136, 0.0002338542981306091, 0.00024124205810949206, 0.0002486298035364598, 0.00025601754896342754, 0.0002634052943903953]}, "gradients/mass_u.weight": {"_type": "histogram", "values": [1.0, 0.0, 0.0, 0.0, 0.0, 0.0, 0.0, 0.0, 0.0, 0.0, 0.0, 0.0, 0.0, 0.0, 0.0, 0.0, 0.0, 0.0, 0.0, 0.0, 0.0, 0.0, 0.0, 0.0, 0.0, 0.0, 0.0, 0.0, 0.0, 0.0, 0.0, 0.0, 1.0, 0.0, 0.0, 1.0, 0.0, 0.0, 0.0, 0.0, 0.0, 0.0, 1.0, 0.0, 0.0, 0.0, 0.0, 1.0, 0.0, 1.0, 1.0, 3.0, 1.0, 2.0, 3.0, 5.0, 7.0, 12.0, 17.0, 31.0, 55.0, 137.0, 177.0, 14224.0], "bins": [-0.00023995758965611458, -0.0002362082595936954, -0.000232458914979361, -0.0002287095703650266, -0.00022496024030260742, -0.00022121091024018824, -0.00021746156562585384, -0.00021371222101151943, -0.00020996289094910026, -0.00020621356088668108, -0.00020246421627234668, -0.00019871487165801227, -0.0001949655415955931, -0.00019121621153317392, -0.00018746686691883951, -0.0001837175223045051, -0.00017996819224208593, -0.00017621886217966676, -0.00017246951756533235, -0.00016872017295099795, -0.00016497084288857877, -0.0001612215128261596, -0.0001574721682118252, -0.0001537228235974908, -0.0001499734935350716, -0.00014622416347265244, -0.00014247481885831803, -0.00013872547424398363, -0.00013497614418156445, -0.00013122681411914527, -0.00012747746950481087, -0.00012372812489047647, -0.00011997879482805729, -0.0001162294574896805, -0.00011248012015130371, -0.00010873078281292692, -0.00010498144547455013, -0.00010123210813617334, -9.748277079779655e-05, -9.373343345941976e-05, -8.998409612104297e-05, -8.623475878266618e-05, -8.248542144428939e-05, -7.87360841059126e-05, -7.49867467675358e-05, -7.123740942915902e-05, -6.748807209078223e-05, -6.373873475240543e-05, -5.9989397414028645e-05, -5.6240060075651854e-05, -5.2490722737275064e-05, -4.8741385398898274e-05, -4.4992048060521483e-05, -4.124271072214469e-05, -3.74933733837679e-05, -3.374403604539111e-05, -2.9994698707014322e-05, -2.6245361368637532e-05, -2.2496024030260742e-05, -1.874668669188395e-05, -1.4997349353507161e-05, -1.1248012015130371e-05, -7.4986746767535806e-06, -3.7493373383767903e-06, 0.0]}, "gradients/embedding_user.weight": {"_type": "histogram", "values": [1.0, 0.0, 0.0, 0.0, 0.0, 0.0, 0.0, 1.0, 0.0, 0.0, 1.0, 0.0, 0.0, 0.0, 1.0, 1.0, 2.0, 0.0, 2.0, 3.0, 5.0, 5.0, 11.0, 8.0, 8.0, 25.0, 36.0, 61.0, 94.0, 182.0, 459.0, 1246.0, 8697.0, 872880.0, 52804.0, 1990.0, 559.0, 237.0, 99.0, 57.0, 27.0, 24.0, 10.0, 6.0, 12.0, 6.0, 5.0, 2.0, 5.0, 4.0, 3.0, 0.0, 1.0, 0.0, 1.0, 0.0, 0.0, 0.0, 0.0, 1.0, 0.0, 1.0, 0.0, 1.0], "bins": [-0.0015354577917605639, -0.0014898478984832764, -0.0014442380052059889, -0.0013986282283440232, -0.0013530183350667357, -0.0013074084417894483, -0.0012617985485121608, -0.0012161887716501951, -0.0011705788783729076, -0.0011249689850956202, -0.0010793590918183327, -0.001033749314956367, -0.0009881394216790795, -0.000942529528401792, -0.0008969196351245046, -0.000851309800054878, -0.0008056999067775905, -0.000760090013500303, -0.0007144801784306765, -0.000668870285153389, -0.0006232604500837624, -0.0005776505568064749, -0.0005320407217368484, -0.00048643082845956087, -0.00044082096428610384, -0.0003952111001126468, -0.0003496012359391898, -0.00030399137176573277, -0.0002583814784884453, -0.00021277162886690348, -0.00016716175014153123, -0.0001215518859680742, -7.594202179461718e-05, -3.0332153983181342e-05, 1.527771382825449e-05, 6.088758527766913e-05, 0.00010649744945112616, 0.00015210731362458318, 0.00019771719234995544, 0.00024332705652341247, 0.0002889369206968695, 0.0003345467848703265, 0.00038015664904378355, 0.00042576651321724057, 0.00047137640649452806, 0.0005169862415641546, 0.0005625961348414421, 0.0006082060281187296, 0.0006538158631883562, 0.0006994257564656436, 0.0007450355915352702, 0.0007906454848125577, 0.0008362553198821843, 0.0008818652131594718, 0.0009274750482290983, 0.0009730849415063858, 0.0010186948347836733, 0.0010643047280609608, 0.0011099146213382483, 0.001155524398200214, 0.0012011342914775014, 0.0012467441847547889, 0.0012923540780320764, 0.001337963854894042, 0.0013835737481713295]}, "gradients/embedding_item.weight": {"_type": "histogram", "values": [2.0, 2.0, 1.0, 0.0, 1.0, 0.0, 1.0, 8.0, 7.0, 4.0, 14.0, 18.0, 21.0, 31.0, 34.0, 35.0, 45.0, 79.0, 103.0, 149.0, 248.0, 388.0, 639.0, 1063.0, 1896.0, 3891.0, 8560.0, 20273.0, 50547.0, 307711.0, 100763.0, 34522.0, 13912.0, 5947.0, 2908.0, 1428.0, 822.0, 481.0, 326.0, 241.0, 153.0, 93.0, 64.0, 49.0, 39.0, 22.0, 12.0, 21.0, 13.0, 6.0, 11.0, 8.0, 4.0, 1.0, 2.0, 3.0, 2.0, 0.0, 2.0, 2.0, 0.0, 1.0, 0.0, 3.0],