{"TOTAL_BEST_METRIC": 0.5087931276858989, "BEST_NDCG@10": 0.06227174105190683, "_timestamp": 1688613336.6048107, "_runtime": 1756.5903406143188, "_step": 1139, "epoch": 1000, "Train_Metric_loss": 5.530202184404645, "Train_Reg_loss": 9.594711342028209e-05, "Pos_loss": 8.483859062194824, "Neg_loss": 0.14499418437480927, "Recall@5": 0.06791623985115462, "Recall@10": 0.10184517331074072, "Recall@20": 0.14897731138020817, "NDCG@5": 0.050005855840995345, "NDCG@10": 0.062026484453244976, "NDCG@20": 0.07557594391606541, "Recall@5_total_best": 0.06857579853075912, "Recall@10_total_best": 0.10573761723271986, "Recall@20_total_best": 0.1486190654237666, "ndcg@5_total_best": 0.049168347901902165, "ndcg@10_total_best": 0.06227174105190683, "ndcg@20_total_best": 0.07442055754484429, "EPOCH_ndcg_best": 920, "Recall@5_ndcg_best": 0.06857579853075912, "Recall@10_ndcg_best": 0.10573761723271986, "Recall@20_ndcg_best": 0.1486190654237666, "ndcg@5_ndcg_best": 0.049168347901902165, "ndcg@10_ndcg_best": 0.06227174105190683, "ndcg@20_ndcg_best": 0.07442055754484429, "gradients/mass_i.weight": {"_type": "histogram", "values": [1.0, 0.0, 1.0, 2.0, 0.0, 1.0, 0.0, 1.0, 0.0, 0.0, 0.0, 0.0, 0.0, 0.0, 2.0, 0.0, 0.0, 3.0, 0.0, 1.0, 0.0, 2.0, 2.0, 1.0, 0.0, 2.0, 4.0, 1.0, 4.0, 2.0, 5.0, 5.0, 6.0, 11.0, 15.0, 16.0, 29.0, 28.0, 23.0, 37.0, 64.0, 64.0, 55.0, 78.0, 146.0, 294.0, 206.0, 207.0, 97.0, 100.0, 13.0, 6424.0, 172.0, 366.0, 82.0, 74.0, 28.0, 17.0, 13.0, 0.0, 6.0, 1.0, 0.0, 1.0], "bins": [-0.00010581455717328936, -0.0001037498441291973, -0.00010168513108510524, -9.962041804101318e-05, -9.755570499692112e-05, -9.549099195282906e-05, -9.3426278908737e-05, -9.136156586464494e-05, -8.929685282055289e-05, -8.723213977646083e-05, -8.516742673236877e-05, -8.310271368827671e-05, -8.103800064418465e-05, -7.897328760009259e-05, -7.690857455600053e-05, -7.484386151190847e-05, -7.277915574377403e-05, -7.071444269968197e-05, -6.864972965558991e-05, -6.658501661149785e-05, -6.452030356740579e-05, -6.245559052331373e-05, -6.039088111720048e-05, -5.832616807310842e-05, -5.626145502901636e-05, -5.41967419849243e-05, -5.213202894083224e-05, -5.006731589674018e-05, -4.800260649062693e-05, -4.593789344653487e-05, -4.387318040244281e-05, -4.1808467358350754e-05, -3.974375067627989e-05, -3.767903763218783e-05, -3.561432458809577e-05, -3.354961154400371e-05, -3.148490213789046e-05, -2.9420187274808995e-05, -2.735547604970634e-05, -2.529076300561428e-05, -2.322604996152222e-05, -2.1161336917430162e-05, -1.9096623873338103e-05, -1.7031912648235448e-05, -1.4967199604143389e-05, -1.290248656005133e-05, -1.0837774425453972e-05, -8.773062290856615e-06, -6.7083492467645556e-06, -4.643636657419847e-06, -2.578924068075139e-06, -5.142114787304308e-07, 1.5505011106142774e-06, 3.6152141547063366e-06, 5.679926289303694e-06, 7.744638423901051e-06, 9.80935146799311e-06, 1.187406451208517e-05, 1.3938776646682527e-05, 1.6003488781279884e-05, 1.8068201825371943e-05, 2.0132914869464003e-05, 2.2197626094566658e-05, 2.4262339138658717e-05, 2.6327052182750776e-05]}, "gradients/mass_u.weight": {"_type": "histogram", "values": [1.0, 0.0, 0.0, 0.0, 0.0, 0.0, 0.0, 0.0, 0.0, 0.0, 0.0, 0.0, 0.0, 0.0, 0.0, 0.0, 0.0, 0.0, 0.0, 0.0, 1.0, 0.0, 1.0, 0.0, 0.0, 1.0, 0.0, 0.0, 0.0, 0.0, 2.0, 0.0, 1.0, 2.0, 1.0, 0.0, 0.0, 0.0, 3.0, 1.0, 0.0, 0.0, 2.0, 3.0, 1.0, 0.0, 0.0, 1.0, 4.0, 4.0, 5.0, 9.0, 6.0, 5.0, 14.0, 13.0, 26.0, 39.0, 47.0, 85.0, 97.0, 80.0, 34.0, 14192.0], "bins": [-0.0007371328538283706, -0.00072561512934044, -0.0007140974630601704, -0.0007025797385722399, -0.0006910620722919703, -0.0006795443478040397, -0.0006680266233161092, -0.0006565089570358396, -0.000644991232547909, -0.0006334735080599785, -0.0006219558417797089, -0.0006104381172917783, -0.0005989204510115087, -0.0005874027265235782, -0.0005758850602433085, -0.000564367335755378, -0.0005528496112674475, -0.0005413318867795169, -0.0005298142204992473, -0.0005182964960113168, -0.0005067788297310472, -0.0004952611052431166, -0.00048374340985901654, -0.00047222571447491646, -0.00046070804819464684, -0.00044919035281054676, -0.0004376726574264467, -0.00042615493293851614, -0.00041463723755441606, -0.000403119542170316, -0.0003916018467862159, -0.0003800841514021158, -0.0003685664269141853, -0.0003570487315300852, -0.0003455310361459851, -0.0003340133116580546, -0.0003224956162739545, -0.00031097792088985443, -0.00029946022550575435, -0.00028794253012165427, -0.00027642480563372374, -0.00026490711024962366, -0.0002533894148655236, -0.00024187170492950827, -0.00023035399499349296, -0.00021883629960939288, -0.0002073186042252928, -0.00019580090884119272, -0.00018428321345709264, -0.00017276551807299256, -0.00016124780813697726, -0.00014973011275287718, -0.00013821240281686187, -0.0001266947074327618, -0.00011517701204866171, -0.00010365930938860402, -9.214160672854632e-05, -8.062390406848863e-05, -6.910620140843093e-05, -5.7588506024330854e-05, -4.607080336427316e-05, -3.455310070421547e-05, -2.3035405320115387e-05, -1.1517702660057694e-05, 0.0]}, "gradients/embedding_user.weight": {"_type": "histogram", "values": [1.0, 1.0, 0.0, 0.0, 1.0, 0.0, 1.0, 1.0, 2.0, 1.0, 1.0, 2.0, 3.0, 8.0, 7.0, 8.0, 17.0, 18.0, 41.0, 56.0, 94.0, 152.0, 273.0, 558.0, 1329.0, 5670.0, 69182.0, 504834.0, 322657.0, 29573.0, 3153.0, 950.0, 428.0, 212.0, 130.0, 80.0, 53.0, 31.0, 21.0, 11.0, 9.0, 1.0, 3.0, 5.0, 1.0, 1.0, 1.0, 0.0, 0.0, 0.0, 1.0, 0.0, 1.0, 0.0, 0.0, 0.0, 0.0, 0.0, 0.0, 0.0, 0.0, 0.0, 0.0, 1.0], "bins": [-0.0004213260253891349, -0.0004061913932673633, -0.00039105676114559174, -0.00037592212902382016, -0.0003607874969020486, -0.000345652864780277, -0.000330518203554675, -0.0003153835714329034, -0.00030024893931113183, -0.00028511430718936026, -0.0002699796750675887, -0.0002548450429458171, -0.0002397103962721303, -0.00022457576415035874, -0.00020944111747667193, -0.00019430648535490036, -0.00017917185323312879, -0.0001640372211113572, -0.00014890258898958564, -0.00013376794231589884, -0.00011863331019412726, -0.00010349867807235569, -8.83640386746265e-05, -7.322939927689731e-05, -5.809476715512574e-05, -4.2960131395375356e-05, -2.7825495635624975e-05, -1.2690859875874594e-05, 2.4437758838757873e-06, 1.757840800564736e-05, 3.271304740337655e-05, 4.784768680110574e-05, 6.298231892287731e-05, 7.811695104464889e-05, 9.325159044237807e-05, 0.00010838622984010726, 0.00012352086196187884, 0.0001386554940836504, 0.0001537901407573372, 0.0001689247728791088, 0.00018405940500088036, 0.00019919403712265193, 0.0002143286692444235, 0.0002294633159181103, 0.0002445979625917971, 0.0002597325947135687, 0.00027486722683534026, 0.00029000185895711184, 0.0003051364910788834, 0.000320271123200655, 0.00033540575532242656, 0.00035054038744419813, 0.0003656750195659697, 0.0003808096516877413, 0.0003959443129133433, 0.0004110789450351149, 0.00042621357715688646, 0.00044134820927865803, 0.0004564828414004296, 0.0004716174735222012, 0.0004867521347478032, 0.0005018867668695748, 0.0005170213989913464, 0.0005321560311131179, 0.0005472906632348895]}, "gradients/embedding_item.weight": {"_type": "histogram", "values": [1.0, 0.0, 1.0, 3.0, 2.0, 2.0, 4.0, 3.0, 5.0, 7.0, 12.0, 14.0, 19.0, 31.0, 56.0, 57.0, 88.0, 119.0, 143.0, 235.0, 423.0, 657.0, 1018.0, 1708.0, 3104.0, 5926.0, 12508.0, 27056.0, 69085.0, 317159.0, 66749.0, 26325.0, 11881.0, 5735.0, 3013.0, 1658.0, 963.0, 640.0, 362.0, 260.0, 175.0, 115.0, 80.0, 65.0, 38.0, 38.0, 25.0, 12.0, 16.0, 4.0, 6.0, 9.0, 3.0, 3.0, 2.0, 1.0, 3.0, 0.0, 2.0, 0.0, 0.0, 1.0, 1.0, 1.0],