{"TOTAL_BEST_METRIC": 0.5318392636780115, "BEST_NDCG@10": 0.08533659123174943, "_timestamp": 1688609354.5384138, "_runtime": 5899.619531869888, "_step": 415, "epoch": 332, "Train_Metric_loss": 5.145318544827974, "Train_Reg_loss": 0.00011426196495169558, "Pos_loss": 11.825624465942383, "Neg_loss": 0.2430020123720169, "Recall@5": 0.05307992740841699, "Recall@10": 0.08505791446979416, "Recall@20": 0.13018480263888957, "NDCG@5": 0.07753411601288533, "NDCG@10": 0.08533659123174943, "NDCG@20": 0.10064591191627595, "Recall@5_total_best": 0.05307992740841699, "Recall@10_total_best": 0.08505791446979416, "Recall@20_total_best": 0.13018480263888957, "ndcg@5_total_best": 0.07753411601288533, "ndcg@10_total_best": 0.08533659123174943, "ndcg@20_total_best": 0.10064591191627595, "EPOCH_ndcg_best": 330, "Recall@5_ndcg_best": 0.05307992740841699, "Recall@10_ndcg_best": 0.08505791446979416, "Recall@20_ndcg_best": 0.13018480263888957, "ndcg@5_ndcg_best": 0.07753411601288533, "ndcg@10_ndcg_best": 0.08533659123174943, "ndcg@20_ndcg_best": 0.10064591191627595, "gradients/mass_i.weight": {"_type": "histogram", "values": [1.0, 0.0, 1.0, 0.0, 0.0, 0.0, 0.0, 0.0, 1.0, 1.0, 2.0, 1.0, 1.0, 1.0, 1.0, 2.0, 7.0, 7.0, 7.0, 16.0, 6.0, 17.0, 22.0, 54.0, 66.0, 95.0, 142.0, 219.0, 339.0, 457.0, 565.0, 38110.0, 187.0, 291.0, 192.0, 129.0, 89.0, 71.0, 51.0, 19.0, 16.0, 20.0, 14.0, 11.0, 8.0, 7.0, 1.0, 0.0, 2.0, 2.0, 3.0, 2.0, 1.0, 4.0, 2.0, 0.0, 0.0, 0.0, 0.0, 0.0, 0.0, 0.0, 0.0, 1.0], "bins": [-6.389566988218576e-05, -6.188405677676201e-05, -5.9872450947295874e-05, -5.786084147985093e-05, -5.584923201240599e-05, -5.383762254496105e-05, -5.182601307751611e-05, -4.981439997209236e-05, -4.7802794142626226e-05, -4.5791184675181285e-05, -4.377957520773634e-05, -4.17679657402914e-05, -3.975635627284646e-05, -3.774474680540152e-05, -3.573313733795658e-05, -3.372152423253283e-05, -3.170991476508789e-05, -2.9698305297642946e-05, -2.7686695830198005e-05, -2.5675086362753063e-05, -2.3663476895308122e-05, -2.165186742786318e-05, -1.9640256141428836e-05, -1.7628646673983894e-05, -1.5617037206538953e-05, -1.3605427739094011e-05, -1.159381827164907e-05, -9.582207894709427e-06, -7.5705984272644855e-06, -5.558988959819544e-06, -3.547378582879901e-06, -1.5357691154349595e-06, 4.7584035200998187e-07, 2.4874500468285987e-06, 4.4990597416472156e-06, 6.510669663839508e-06, 8.52227913128445e-06, 1.053388859872939e-05, 1.2545498975669034e-05, 1.4557108443113975e-05, 1.6568717910558917e-05, 1.8580327378003858e-05, 2.05919368454488e-05, 2.2603548131883144e-05, 2.4615157599328086e-05, 2.6626767066773027e-05, 2.863837653421797e-05, 3.064998600166291e-05, 3.266159546910785e-05, 3.467320493655279e-05, 3.6684814403997734e-05, 3.8696423871442676e-05, 4.070803333888762e-05, 4.271964280633256e-05, 4.473125591175631e-05, 4.674286174122244e-05, 4.875447484664619e-05, 5.076608431409113e-05, 5.277769378153607e-05, 5.4789303248981014e-05, 5.6800912716425955e-05, 5.88125221838709e-05, 6.082413165131584e-05, 6.283574475673959e-05, 6.484735058620572e-05]}, "gradients/mass_u.weight": {"_type": "histogram", "values": [1.0, 0.0, 0.0, 0.0, 0.0, 2.0, 0.0, 0.0, 0.0, 1.0, 0.0, 1.0, 0.0, 0.0, 0.0, 1.0, 0.0, 2.0, 2.0, 1.0, 0.0, 1.0, 0.0, 2.0, 1.0, 1.0, 1.0, 1.0, 3.0, 1.0, 1.0, 3.0, 2.0, 2.0, 1.0, 2.0, 0.0, 3.0, 0.0, 6.0, 0.0, 2.0, 5.0, 2.0, 4.0, 10.0, 6.0, 11.0, 6.0, 6.0, 8.0, 14.0, 7.0, 14.0, 24.0, 14.0, 34.0, 63.0, 42.0, 80.0, 99.0, 0.0, 0.0, 51913.0], "bins": [-9.346648585051298e-05, -9.200607019010931e-05, -9.054565452970564e-05, -8.908524614525959e-05, -8.762483048485592e-05, -8.616441482445225e-05, -8.47040064400062e-05, -8.324359077960253e-05, -8.178317511919886e-05, -8.032275945879519e-05, -7.886234379839152e-05, -7.740193541394547e-05, -7.59415197535418e-05, -7.448110409313813e-05, -7.302069570869207e-05, -7.15602800482884e-05, -7.009986438788474e-05, -6.863944872748107e-05, -6.71790330670774e-05, -6.571862468263134e-05, -6.425820902222767e-05, -6.2797793361824e-05, -6.133738497737795e-05, -5.987696931697428e-05, -5.841655365657061e-05, -5.6956137996166945e-05, -5.549572597374208e-05, -5.403531395131722e-05, -5.257489829091355e-05, -5.111448263050988e-05, -4.965407060808502e-05, -4.819365858566016e-05, -4.673324292525649e-05, -4.527282726485282e-05, -4.381241524242796e-05, -4.23520032200031e-05, -4.089158755959943e-05, -3.943117189919576e-05, -3.79707598767709e-05, -3.651034785434604e-05, -3.504993219394237e-05, -3.35895165335387e-05, -3.212910451111384e-05, -3.0668692488688976e-05, -2.9208276828285307e-05, -2.774786298687104e-05, -2.6287449145456776e-05, -2.482703530404251e-05, -2.3366621462628245e-05, -2.190620762121398e-05, -2.0445793779799715e-05, -1.898537993838545e-05, -1.7524966096971184e-05, -1.606455225555692e-05, -1.4604138414142653e-05, -1.3143724572728388e-05, -1.1683310731314123e-05, -1.0222896889899857e-05, -8.762483048485592e-06, -7.302069207071327e-06, -5.841655365657061e-06, -4.381241524242796e-06, -2.9208276828285307e-06, -1.4604138414142653e-06, 0.0]}, "gradients/embedding_user.weight": {"_type": "histogram", "values": [1.0, 0.0, 0.0, 0.0, 1.0, 0.0, 0.0, 2.0, 1.0, 0.0, 1.0, 0.0, 0.0, 1.0, 1.0, 5.0, 5.0, 3.0, 7.0, 10.0, 14.0, 22.0, 24.0, 29.0, 51.0, 80.0, 129.0, 226.0, 436.0, 916.0, 2391.0, 8730.0, 3308667.0, 24692.0, 4594.0, 1487.0, 618.0, 338.0, 191.0, 100.0, 58.0, 47.0, 32.0, 19.0, 13.0, 15.0, 5.0, 6.0, 6.0, 3.0, 2.0, 1.0, 0.0, 1.0, 0.0, 1.0, 1.0, 0.0, 0.0, 0.0, 0.0, 0.0, 0.0, 1.0], "bins": [-0.0015724009135738015, -0.0015243998495861888, -0.001476398785598576, -0.0014283977216109633, -0.0013803966576233506, -0.001332395593635738, -0.0012843945296481252, -0.0012363934656605124, -0.0011883924016728997, -0.001140391337685287, -0.0010923902736976743, -0.0010443892097100616, -0.0009963881457224488, -0.0009483870817348361, -0.0009003860177472234, -0.0008523849537596107, -0.0008043838897719979, -0.0007563828257843852, -0.0007083817617967725, -0.0006603806978091598, -0.000612379633821547, -0.0005643785698339343, -0.0005163775058463216, -0.00046837644185870886, -0.00042037537787109613, -0.0003723743138834834, -0.0003243732498958707, -0.00027637218590825796, -0.00022837112192064524, -0.0001803700579330325, -0.0001323689939454198, -8.436792995780706e-05, -3.636674955487251e-05, 1.1634314432740211e-05, 5.9635378420352936e-05, 0.00010763644240796566, 0.00015563750639557838, 0.0002036385703831911, 0.00025163963437080383, 0.00029964069835841656, 0.0003476417623460293, 0.000395642826333642, 0.00044364389032125473, 0.0004916449543088675, 0.0005396460182964802, 0.0005876470822840929, 0.0006356481462717056, 0.0006836492102593184, 0.0007316502742469311, 0.0007796513382345438, 0.0008276524022221565, 0.0008756534662097692, 0.000923654530197382, 0.0009716555941849947, 0.0010196566581726074, 0.0010676577221602201, 0.0011156587861478329, 0.0011636598501354456, 0.0012116609141230583, 0.001259661978110671, 0.0013076630420982838, 0.0013556641060858965, 0.0014036651700735092, 0.001451666234061122, 0.0014996672980487347]}, "gradients/embedding_item.weight": {"_type": "histogram", "values": [1.0, 0.0, 1.0, 0.0, 0.0, 0.0, 2.0, 0.0, 2.0, 1.0, 3.0, 2.0, 3.0, 2.0, 2.0, 2.0, 6.0, 9.0, 8.0, 19.0, 18.0, 33.0, 28.0, 43.0, 76.0, 107.0, 160.0, 212.0, 363.0, 564.0, 1077.0, 2018.0, 4566.0, 13213.0, 49695.0, 237617.0, 1671791.0, 512068.0, 108025.0, 24911.0, 7613.0, 3030.0, 1407.0, 809.0, 473.0, 280.0, 192.0, 131.0, 88.0, 55.0, 53.0, 41.0, 20.0, 10.0, 16.0, 10.0, 4.0, 4.0, 2.0, 2.0, 3.0, 3.0, 0.0, 2.0],