{"TOTAL_BEST_METRIC": 0.9994241863519282, "BEST_NDCG@10": 0.12523664659777442, "_timestamp": 1688355460.5389585, "_runtime": 594.9143426418304, "_step": 1113, "epoch": 1000, "Train_Metric_loss": NaN, "Train_Reg_loss": NaN, "Pos_loss": NaN, "Neg_loss": NaN, "Recall@5": 0.0007852166725705515, "Recall@10": 0.003778486243948518, "Recall@20": 0.005806892363746774, "NDCG@5": 0.000556356529533085, "NDCG@10": 0.0016257618776651963, "NDCG@20": 0.002209725865082795, "Recall@5_total_best": 0.13517676231684284, "Recall@10_total_best": 0.20456208676467078, "Recall@20_total_best": 0.2852549428476494, "ndcg@5_total_best": 0.10080090691932152, "ndcg@10_total_best": 0.12523664659777442, "ndcg@20_total_best": 0.14839284090566912, "EPOCH_ndcg_best": 160, "Recall@5_ndcg_best": 0.13517676231684284, "Recall@10_ndcg_best": 0.20456208676467078, "Recall@20_ndcg_best": 0.2852549428476494, "ndcg@5_ndcg_best": 0.10080090691932152, "ndcg@10_ndcg_best": 0.12523664659777442, "ndcg@20_ndcg_best": 0.14839284090566912, "gradients/mass_i.weight": {"_type": "histogram", "values": [1.0, 2.0, 1.0, 1.0, 0.0, 1.0, 3.0, 3.0, 2.0, 4.0, 4.0, 1.0, 5.0, 4.0, 7.0, 7.0, 1.0, 5.0, 6.0, 11.0, 14.0, 12.0, 12.0, 10.0, 14.0, 13.0, 13.0, 12.0, 9.0, 1.0, 3361.0, 0.0, 3.0, 2.0, 3.0, 4.0, 4.0, 1.0, 2.0, 1.0, 0.0, 0.0, 1.0, 1.0, 1.0, 0.0, 1.0, 0.0, 0.0, 0.0, 0.0, 1.0, 0.0, 0.0, 1.0, 1.0, 0.0, 0.0, 0.0, 0.0, 0.0, 0.0, 0.0, 1.0], "bins": [-5.278302342048846e-05, -5.106218668515794e-05, -4.934134994982742e-05, -4.762050957651809e-05, -4.5899672841187567e-05, -4.4178836105857044e-05, -4.245799937052652e-05, -4.0737162635196e-05, -3.901632226188667e-05, -3.729548552655615e-05, -3.557464879122563e-05, -3.38538084179163e-05, -3.2132971682585776e-05, -3.0412134947255254e-05, -2.8691298211924732e-05, -2.6970459657604806e-05, -2.5249622922274284e-05, -2.3528786186943762e-05, -2.1807947632623836e-05, -2.0087110897293314e-05, -1.836627234297339e-05, -1.6645435607642867e-05, -1.4924597962817643e-05, -1.3203760317992419e-05, -1.1482922673167195e-05, -9.762085028341971e-06, -8.041247383516748e-06, -6.3204101934388746e-06, -4.599572548613651e-06, -2.8787353585357778e-06, -1.157897713710554e-06, 5.629399311146699e-07, 2.2837775759398937e-06, 4.0046152207651176e-06, 5.725452865590341e-06, 7.446290055668214e-06, 9.167128155240789e-06, 1.0887964890571311e-05, 1.2608802535396535e-05, 1.4329640180221759e-05, 1.6050478734541684e-05, 1.7771315469872206e-05, 1.9492154024192132e-05, 2.1212990759522654e-05, 2.293382931384258e-05, 2.4654666049173102e-05, 2.6375502784503624e-05, 2.809634133882355e-05, 2.981717807415407e-05, 3.1538016628474e-05, 3.325885336380452e-05, 3.497969009913504e-05, 3.670052683446556e-05, 3.8421363569796085e-05, 4.0142203943105415e-05, 4.1863040678435937e-05, 4.358387741376646e-05, 4.530471414909698e-05, 4.70255508844275e-05, 4.874639125773683e-05, 5.0467227993067354e-05, 5.2188064728397876e-05, 5.39089014637284e-05, 5.562973819905892e-05, 5.735057857236825e-05]}, "gradients/mass_u.weight": {"_type": "histogram", "values": [0.0, 0.0, 0.0, 0.0, 0.0, 0.0, 0.0, 0.0, 0.0, 0.0, 0.0, 0.0, 0.0, 0.0, 0.0, 0.0, 0.0, 0.0, 0.0, 0.0, 0.0, 0.0, 0.0, 0.0, 0.0, 0.0, 0.0, 0.0, 0.0, 0.0, 0.0, 0.0, 5541.0, 0.0, 0.0, 0.0, 0.0, 0.0, 0.0, 0.0, 0.0, 0.0, 0.0, 0.0, 0.0, 0.0, 0.0, 0.0, 0.0, 0.0, 0.0, 0.0, 0.0, 0.0, 0.0, 0.0, 0.0, 0.0, 0.0, 0.0, 0.0, 0.0, 0.0, 0.0], "bins": [0.0, 0.0, 0.0, 0.0, 0.0, 0.0, 0.0, 0.0, 0.0, 0.0, 0.0, 0.0, 0.0, 0.0, 0.0, 0.0, 0.0, 0.0, 0.0, 0.0, 0.0, 0.0, 0.0, 0.0, 0.0, 0.0, 0.0, 0.0, 0.0, 0.0, 0.0, 0.0, 0.0, 0.0, 0.0, 0.0, 0.0, 0.0, 0.0, 0.0, 0.0, 0.0, 0.0, 0.0, 0.0, 0.0, 0.0, 0.0, 0.0, 0.0, 0.0, 0.0, 0.0, 0.0, 0.0, 0.0, 0.0, 0.0, 0.0, 0.0, 0.0, 0.0, 0.0, 0.0, 0.0]}, "gradients/embedding_user.weight": {"_type": "histogram", "values": [0.0, 0.0, 0.0, 0.0, 0.0, 0.0, 0.0, 0.0, 0.0, 0.0, 0.0, 0.0, 0.0, 0.0, 0.0, 0.0, 0.0, 0.0, 0.0, 0.0, 0.0, 0.0, 0.0, 0.0, 0.0, 0.0, 0.0, 0.0, 0.0, 0.0, 0.0, 0.0, 3392.0, 0.0, 0.0, 0.0, 0.0, 0.0, 0.0, 0.0, 0.0, 0.0, 0.0, 0.0, 0.0, 0.0, 0.0, 0.0, 0.0, 0.0, 0.0, 0.0, 0.0, 0.0, 0.0, 0.0, 0.0, 0.0, 0.0, 0.0, 0.0, 0.0, 0.0, 0.0], "bins": [0.0, 0.0, 0.0, 0.0, 0.0, 0.0, 0.0, 0.0, 0.0, 0.0, 0.0, 0.0, 0.0, 0.0, 0.0, 0.0, 0.0, 0.0, 0.0, 0.0, 0.0, 0.0, 0.0, 0.0, 0.0, 0.0, 0.0, 0.0, 0.0, 0.0, 0.0, 0.0, 0.0, 0.0, 0.0, 0.0, 0.0, 0.0, 0.0, 0.0, 0.0, 0.0, 0.0, 0.0, 0.0, 0.0, 0.0, 0.0, 0.0, 0.0, 0.0, 0.0, 0.0, 0.0, 0.0, 0.0, 0.0, 0.0, 0.0, 0.0, 0.0, 0.0, 0.0, 0.0, 0.0]}, "gradients/embedding_item.weight": {"_type": "histogram", "values": [1.0, 2.0, 1.0, 1.0, 0.0, 0.0, 1.0, 2.0, 0.0, 2.0, 5.0, 5.0, 10.0, 13.0, 26.0, 23.0, 19.0, 54.0, 76.0, 110.0, 169.0, 215.0, 379.0, 583.0, 793.0, 1344.0, 2174.0, 3661.0, 6277.0, 11395.0, 20938.0, 37848.0, 70811.0, 31076.0, 17085.0, 9334.0, 5427.0, 3110.0, 1954.0, 1183.0, 734.0, 507.0, 322.0, 192.0, 145.0, 102.0, 69.0, 49.0, 40.0, 21.0, 19.0, 13.0, 8.0, 7.0, 5.0, 1.0, 3.0, 3.0, 1.0, 0.0, 3.0, 0.0, 0.0, 1.0], "bins": [-0.0015163953648880124, -0.0014694806886836886, -0.001422565896064043, -0.0013756512198597193, -0.0013287365436553955, -0.0012818218674510717, -0.0012349070748314261, -0.0011879923986271024, -0.0011410777224227786, -0.0010941630462184548, -0.0010472482535988092, -0.0010003335773944855, -0.0009534189011901617, -0.000906504166778177, -0.0008595894323661923, -0.0008126747561618686, -0.0007657600217498839, -0.0007188452873378992, -0.0006719306111335754, -0.0006250158767215908, -0.000578101200517267, -0.0005311864661052823, -0.0004842717607971281, -0.00043735705548897386, -0.00039044235018081963, -0.0003435276448726654, -0.0002966129395645112, -0.00024969823425635695, -0.0002027835143962875, -0.00015586880908813328, -0.00010895408922806382, -6.20393839199096e-05, -1.5124678611755371e-05, 3.179003033437766e-05, 7.87047392805107e-05, 0.00012561945186462253, 0.00017253415717277676, 0.00021944886248093098, 0.00026636358234100044, 0.00031327828764915466, 0.0003601929929573089, 0.0004071076982654631, 0.00045402240357361734, 0.0005009371088817716, 0.0005478518432937562, 0.00059476651949808, 0.0006416812539100647, 0.0006885959301143885, 0.0007355106645263731, 0.0007824253989383578, 0.0008293400751426816, 0.0008762548095546663, 0.00092316948575899, 0.0009700842201709747, 0.0010169988963752985, 0.0010639135725796223, 0.0011108283651992679, 0.0011577430414035916, 0.0012046578340232372, 0.001251572510227561, 0.0012984871864318848, 0.0013454018626362085, 0.0013923166552558541, 0.001439231331460178, 0.0014861460076645017]}, "_wandb": {"runtime": 594}}