{"TOTAL_BEST_METRIC": 0.40195889081048786, "BEST_NDCG@10": 0.04723609208105789, "_timestamp": 1688407819.4223237, "_runtime": 1502.7926857471466, "_step": 1153, "epoch": 1000, "Train_Metric_loss": -0.5104123950004578, "Train_Reg_loss": 4.6029920278150325e-05, "Pos_loss": 0.8472781181335449, "Neg_loss": -2.7659645080566406, "Recall@5": 0.05083814587007046, "Recall@10": 0.0813417955367458, "Recall@20": 0.12468632300385869, "NDCG@5": 0.03577086046859559, "NDCG@10": 0.04651852388646728, "NDCG@20": 0.058686283489492175, "Recall@5_total_best": 0.0508654533523206, "Recall@10_total_best": 0.08294352418312217, "Recall@20_total_best": 0.1258514693372874, "ndcg@5_total_best": 0.03590853732746606, "ndcg@10_total_best": 0.04716422083788687, "ndcg@20_total_best": 0.059225685772404765, "EPOCH_ndcg_best": 820, "Recall@5_ndcg_best": 0.05193808475332447, "Recall@10_ndcg_best": 0.08286252282208258, "Recall@20_ndcg_best": 0.12417623115535889, "ndcg@5_ndcg_best": 0.036396526026783456, "ndcg@10_ndcg_best": 0.04723609208105789, "ndcg@20_ndcg_best": 0.058854615252854986, "gradients/mass_i.weight": {"_type": "histogram", "values": [1.0, 0.0, 0.0, 0.0, 0.0, 0.0, 0.0, 0.0, 0.0, 0.0, 0.0, 0.0, 0.0, 0.0, 1.0, 1.0, 0.0, 0.0, 0.0, 0.0, 1.0, 0.0, 0.0, 1.0, 0.0, 0.0, 5.0, 3.0, 1.0, 2.0, 3.0, 2.0, 3.0, 2.0, 3.0, 4.0, 5.0, 3.0, 3.0, 2.0, 2.0, 7.0, 17.0, 18.0, 22.0, 38.0, 71.0, 93.0, 84.0, 181.0, 485.0, 223.0, 106.0, 6386.0, 170.0, 488.0, 152.0, 70.0, 39.0, 7.0, 5.0, 1.0, 1.0, 1.0], "bins": [-0.001886024372652173, -0.0018507628701627254, -0.001815501251257956, -0.0017802396323531866, -0.001744978129863739, -0.0017097166273742914, -0.001674455008469522, -0.0016391933895647526, -0.001603931887075305, -0.0015686703845858574, -0.001533408765681088, -0.0014981471467763186, -0.001462885644286871, -0.0014276241417974234, -0.001392362522892654, -0.0013571009039878845, -0.001321839401498437, -0.0012865778990089893, -0.00125131628010422, -0.0012160546611994505, -0.001180793158710003, -0.0011455316562205553, -0.0011102700373157859, -0.0010750084184110165, -0.0010397469159215689, -0.0010044854134321213, -0.0009692237945273519, -0.0009339622338302433, -0.0008987006731331348, -0.0008634391124360263, -0.0008281775517389178, -0.0007929159910418093, -0.0007576543721370399, -0.0007223928114399314, -0.0006871312507428229, -0.0006518696900457144, -0.0006166081293486059, -0.0005813465686514974, -0.0005460850079543889, -0.0005108234472572803, -0.00047556188656017184, -0.00044030032586306334, -0.00040503876516595483, -0.0003697772044688463, -0.0003345156437717378, -0.0002992540830746293, -0.0002639925223775208, -0.0002287309616804123, -0.00019346940098330379, -0.00015820784028619528, -0.00012294627958908677, -8.768471889197826e-05, -5.242315819486976e-05, -1.716159749776125e-05, 1.8099963199347258e-05, 5.3361523896455765e-05, 8.862308459356427e-05, 0.00012388464529067278, 0.00015914620598778129, 0.0001944077666848898, 0.0002296693273819983, 0.0002649308880791068, 0.0003001924487762153, 0.0003354540094733238, 0.00037071557017043233]}, "gradients/mass_u.weight": {"_type": "histogram", "values": [1.0, 0.0, 0.0, 0.0, 0.0, 0.0, 0.0, 0.0, 0.0, 0.0, 0.0, 0.0, 1.0, 0.0, 0.0, 0.0, 0.0, 0.0, 0.0, 1.0, 0.0, 0.0, 0.0, 0.0, 0.0, 0.0, 0.0, 0.0, 1.0, 0.0, 0.0, 1.0, 0.0, 0.0, 0.0, 0.0, 0.0, 1.0, 1.0, 0.0, 0.0, 1.0, 1.0, 3.0, 1.0, 0.0, 3.0, 1.0, 1.0, 5.0, 2.0, 4.0, 5.0, 4.0, 8.0, 18.0, 11.0, 26.0, 51.0, 53.0, 94.0, 173.0, 41.0, 14168.0], "bins": [-0.004882609937340021, -0.004806319251656532, -0.0047300285659730434, -0.004653737414628267, -0.0045774467289447784, -0.00450115604326129, -0.004424865357577801, -0.004348574671894312, -0.004272283520549536, -0.004195992834866047, -0.004119702149182558, -0.004043410997837782, -0.003967120312154293, -0.003890829626470804, -0.0038145389407873154, -0.003738248022273183, -0.0036619575694203377, -0.003585666883736849, -0.0035093759652227163, -0.0034330852795392275, -0.003356794361025095, -0.003280503675341606, -0.0032042129896581173, -0.003127922071143985, -0.0030516311526298523, -0.0029753404669463634, -0.002899049548432231, -0.002822758862748742, -0.0027464679442346096, -0.0026701772585511208, -0.002593886572867632, -0.0025175956543534994, -0.0024413049686700106, -0.0023650142829865217, -0.0022887233644723892, -0.0022124326787889004, -0.002136141760274768, -0.002059851074591279, -0.0019835601560771465, -0.0019072694703936577, -0.0018309787847101688, -0.0017546879826113582, -0.0016783971805125475, -0.0016021064948290586, -0.001525815692730248, -0.0014495248906314373, -0.0013732340885326266, -0.001296943286433816, -0.0012206524843350053, -0.0011443616822361946, -0.001068070880137384, -0.0009917800780385733, -0.0009154893923550844, -0.0008391985902562737, -0.0007629077881574631, -0.0006866170442663133, -0.0006103262421675026, -0.000534035440068692, -0.0004577446961775422, -0.00038145389407873154, -0.0003051631210837513, -0.0002288723480887711, -0.00015258154598996043, -7.629080209881067e-05, 0.0]}, "gradients/embedding_user.weight": {"_type": "histogram", "values": [2.0, 0.0, 1.0, 0.0, 0.0, 1.0, 4.0, 1.0, 2.0, 2.0, 5.0, 8.0, 5.0, 3.0, 14.0, 17.0, 20.0, 36.0, 44.0, 45.0, 69.0, 123.0, 173.0, 233.0, 377.0, 553.0, 839.0, 1318.0, 1929.0, 2914.0, 5097.0, 16025.0, 101281.0, 412161.0, 310828.0, 62419.0, 10842.0, 4315.0, 2619.0, 1733.0, 1136.0, 738.0, 501.0, 326.0, 239.0, 176.0, 116.0, 81.0, 56.0, 41.0, 33.0, 27.0, 16.0, 17.0, 8.0, 5.0, 2.0, 1.0, 3.0, 1.0, 0.0, 1.0, 0.0, 2.0], "bins": [-0.0012108940863981843, -0.0011751464335247874, -0.0011393986642360687, -0.0011036510113626719, -0.001067903358489275, -0.001032155705615878, -0.0009964080527424812, -0.0009606602834537625, -0.0009249126305803657, -0.0008891649777069688, -0.000853417266625911, -0.0008176695555448532, -0.0007819219026714563, -0.0007461742497980595, -0.0007104265387170017, -0.0006746788276359439, -0.000638931174762547, -0.0006031835218891501, -0.0005674358108080924, -0.0005316880997270346, -0.0004959404468536377, -0.00046019276487641037, -0.00042444508289918303, -0.0003886974009219557, -0.0003529497189447284, -0.00031720203696750104, -0.0002814543549902737, -0.0002457066730130464, -0.00020995899103581905, -0.00017421130905859172, -0.0001384636270813644, -0.00010271594510413706, -6.696826312690973e-05, -3.12205811496824e-05, 4.527100827544928e-06, 4.027478280477226e-05, 7.602246478199959e-05, 0.00011177014675922692, 0.00014751782873645425, 0.00018326551071368158, 0.0002190131926909089, 0.00025476087466813624, 0.00029050855664536357, 0.0003262562386225909, 0.00036200392059981823, 0.00039775160257704556, 0.0004334992845542729, 0.0004692469665315002, 0.0005049946485087276, 0.0005407423013821244, 0.0005764900124631822, 0.00061223772354424, 0.0006479853764176369, 0.0006837330292910337, 0.0007194807403720915, 0.0007552284514531493, 0.0007909761043265462, 0.0008267237571999431, 0.0008624714682810009, 0.0008982191793620586, 0.0009339668322354555, 0.0009697144851088524, 0.0010054621379822493, 0.001041209907270968, 0.0010769575601443648]}, "gradients/embedding_item.weight": {"_type": "histogram", "values": [3.0, 3.0, 3.0, 3.0, 6.0, 8.0, 7.0, 21.0, 13.0, 19.0, 39.0, 53.0, 89.0, 143.0, 177.0, 316.0, 443.0, 658.0, 1102.0, 1818.0, 3107.0, 5275.0, 9051.0, 15147.0, 25592.0, 39196.0, 89175.0, 244533.0, 44634.0, 30651.0, 18801.0, 11176.0, 6641.0, 3797.0, 2210.0, 1309.0, 882.0, 480.0, 345.0, 233.0, 139.0, 111.0, 60.0, 54.0, 34.0, 24.0, 12.0, 9.0, 8.0, 7.0, 2.0, 1.0, 3.0, 1.0, 3.0, 1.0, 2.0, 1.0, 0.0, 0.0, 0.0, 0.0, 0.0, 1.0],