{"TOTAL_BEST_METRIC": 1.0545973096533927, "BEST_NDCG@10": 0.13412388210276321, "_timestamp": 1688335118.470211, "_runtime": 473.18181800842285, "_step": 1126, "epoch": 1000, "Train_Metric_loss": NaN, "Train_Reg_loss": NaN, "Pos_loss": NaN, "Neg_loss": NaN, "Recall@5": 0.0007852166725705515, "Recall@10": 0.003778486243948518, "Recall@20": 0.005806892363746774, "NDCG@5": 0.000556356529533085, "NDCG@10": 0.0016257618776651963, "NDCG@20": 0.002209725865082795, "Recall@5_total_best": 0.1484578921760811, "Recall@10_total_best": 0.211827588791485, "Recall@20_total_best": 0.2934618044866101, "ndcg@5_total_best": 0.11099561552172277, "ndcg@10_total_best": 0.13333445386475654, "ndcg@20_total_best": 0.1565199548127372, "EPOCH_ndcg_best": 280, "Recall@5_ndcg_best": 0.1433264669281784, "Recall@10_ndcg_best": 0.21174105027019063, "Recall@20_ndcg_best": 0.29482980940626785, "ndcg@5_ndcg_best": 0.1100949895359022, "ndcg@10_ndcg_best": 0.13412388210276321, "ndcg@20_ndcg_best": 0.15780067693477617, "gradients/mass_i.weight": {"_type": "histogram", "values": [1.0, 0.0, 0.0, 0.0, 1.0, 0.0, 0.0, 2.0, 3.0, 2.0, 0.0, 0.0, 1.0, 3.0, 5.0, 6.0, 14.0, 20.0, 19.0, 31.0, 33.0, 51.0, 66.0, 59.0, 56.0, 3098.0, 23.0, 22.0, 19.0, 8.0, 6.0, 1.0, 3.0, 1.0, 4.0, 1.0, 0.0, 1.0, 0.0, 1.0, 0.0, 1.0, 2.0, 0.0, 1.0, 0.0, 0.0, 0.0, 0.0, 1.0, 0.0, 0.0, 0.0, 1.0, 0.0, 0.0, 0.0, 0.0, 0.0, 0.0, 0.0, 0.0, 0.0, 1.0], "bins": [-0.00013391731772571802, -0.00012872798833996058, -0.00012353867350611836, -0.00011834934412036091, -0.00011316002201056108, -0.00010797069990076125, -0.0001027813705150038, -9.759204840520397e-05, -9.240272629540414e-05, -8.72134041856043e-05, -8.202407479984686e-05, -7.683475269004703e-05, -7.16454305802472e-05, -6.645610847044736e-05, -6.126677908468992e-05, -5.607745697489008e-05, -5.088812758913264e-05, -4.5698801841354e-05, -4.0509479731554165e-05, -3.5320153983775526e-05, -3.013083005498629e-05, -2.4941506126197055e-05, -1.9752180378418416e-05, -1.4562858268618584e-05, -9.373532520839944e-06, -4.184208137303358e-06, 1.0051162462332286e-06, 6.194441084517166e-06, 1.1383765013306402e-05, 1.6573088942095637e-05, 2.1762414689874277e-05, 2.695173679967411e-05, 3.214106254745275e-05, 3.733038829523139e-05, 4.251971040503122e-05, 4.770903615280986e-05, 5.289835826260969e-05, 5.808768401038833e-05, 6.327700975816697e-05, 6.84663318679668e-05, 7.365565397776663e-05, 7.884497608756647e-05, 8.403430547332391e-05, 8.922362758312374e-05, 9.441294969292358e-05, 9.960227180272341e-05, 0.00010479160118848085, 0.00010998092329828069, 0.00011517025268403813, 0.00012035957479383796, 0.0001255489041795954, 0.00013073821901343763, 0.00013592754839919508, 0.00014111687778495252, 0.00014630620717070997, 0.00015149552200455219, 0.00015668485139030963, 0.00016187418077606708, 0.0001670634956099093, 0.00017225282499566674, 0.0001774421543814242, 0.0001826314692152664, 0.00018782079860102385, 0.00019301011343486607, 0.00019819944282062352]}, "gradients/mass_u.weight": {"_type": "histogram", "values": [1.0, 0.0, 0.0, 0.0, 0.0, 0.0, 0.0, 0.0, 0.0, 0.0, 0.0, 0.0, 0.0, 0.0, 0.0, 0.0, 0.0, 0.0, 0.0, 1.0, 0.0, 0.0, 0.0, 0.0, 0.0, 0.0, 0.0, 0.0, 1.0, 0.0, 0.0, 0.0, 1.0, 0.0, 1.0, 0.0, 0.0, 0.0, 0.0, 0.0, 1.0, 0.0, 0.0, 0.0, 1.0, 0.0, 0.0, 1.0, 1.0, 1.0, 3.0, 6.0, 6.0, 3.0, 6.0, 7.0, 8.0, 15.0, 14.0, 32.0, 86.0, 177.0, 131.0, 5037.0], "bins": [-0.00026226340560242534, -0.0002581655280664563, -0.00025406767963431776, -0.00024996980209834874, -0.0002458719536662102, -0.00024177407613024116, -0.00023767621314618737, -0.00023357835016213357, -0.00022948047262616456, -0.00022538260964211076, -0.00022128474665805697, -0.00021718686912208796, -0.00021308900613803416, -0.00020899114315398037, -0.00020489328016992658, -0.0002007954171858728, -0.000196697554201819, -0.0001925996912177652, -0.00018850182823371142, -0.0001844039506977424, -0.0001803060877136886, -0.00017620822472963482, -0.00017211036174558103, -0.00016801249876152724, -0.00016391463577747345, -0.00015981677279341966, -0.00015571890980936587, -0.00015162103227339685, -0.00014752316928934306, -0.00014342530630528927, -0.00013932744332123548, -0.0001352295803371817, -0.00013113170280121267, -0.00012703383981715888, -0.0001229359768331051, -0.00011883810657309368, -0.00011474023631308228, -0.00011064237332902849, -0.0001065445103449747, -0.0001024466473609209, -9.83487771009095e-05, -9.425091411685571e-05, -9.01530438568443e-05, -8.605518087279052e-05, -8.195731788873672e-05, -7.785944762872532e-05, -7.376158464467153e-05, -6.966371438466012e-05, -6.556585140060633e-05, -6.146798841655254e-05, -5.737011815654114e-05, -5.327225517248735e-05, -4.917438855045475e-05, -4.507652192842215e-05, -4.097865894436836e-05, -3.6880792322335765e-05, -3.278292570030317e-05, -2.868505907827057e-05, -2.4587194275227375e-05, -2.048932947218418e-05, -1.6391462850151584e-05, -1.2293596228118986e-05, -8.195731425075792e-06, -4.097866622032598e-06, 0.0]}, "gradients/embedding_user.weight": {"_type": "histogram", "values": [0.0, 0.0, 0.0, 0.0, 0.0, 0.0, 0.0, 0.0, 0.0, 0.0, 0.0, 0.0, 0.0, 0.0, 0.0, 0.0, 0.0, 0.0, 0.0, 0.0, 0.0, 0.0, 0.0, 0.0, 0.0, 0.0, 0.0, 0.0, 0.0, 0.0, 0.0, 0.0, 3392.0, 0.0, 0.0, 0.0, 0.0, 0.0, 0.0, 0.0, 0.0, 0.0, 0.0, 0.0, 0.0, 0.0, 0.0, 0.0, 0.0, 0.0, 0.0, 0.0, 0.0, 0.0, 0.0, 0.0, 0.0, 0.0, 0.0, 0.0, 0.0, 0.0, 0.0, 0.0], "bins": [0.0, 0.0, 0.0, 0.0, 0.0, 0.0, 0.0, 0.0, 0.0, 0.0, 0.0, 0.0, 0.0, 0.0, 0.0, 0.0, 0.0, 0.0, 0.0, 0.0, 0.0, 0.0, 0.0, 0.0, 0.0, 0.0, 0.0, 0.0, 0.0, 0.0, 0.0, 0.0, 0.0, 0.0, 0.0, 0.0, 0.0, 0.0, 0.0, 0.0, 0.0, 0.0, 0.0, 0.0, 0.0, 0.0, 0.0, 0.0, 0.0, 0.0, 0.0, 0.0, 0.0, 0.0, 0.0, 0.0, 0.0, 0.0, 0.0, 0.0, 0.0, 0.0, 0.0, 0.0, 0.0]}, "gradients/embedding_item.weight": {"_type": "histogram", "values": [2.0, 1.0, 1.0, 3.0, 1.0, 1.0, 0.0, 3.0, 6.0, 5.0, 17.0, 17.0, 18.0, 35.0, 50.0, 53.0, 73.0, 106.0, 176.0, 240.0, 368.0, 666.0, 1015.0, 1737.0, 3011.0, 5436.0, 10182.0, 19978.0, 37950.0, 76135.0, 33128.0, 17388.0, 9029.0, 4739.0, 2677.0, 1540.0, 918.0, 559.0, 386.0, 228.0, 134.0, 97.0, 70.0, 54.0, 38.0, 28.0, 16.0, 10.0, 2.0, 6.0, 2.0, 8.0, 2.0, 2.0, 1.0, 2.0, 0.0, 0.0, 0.0, 1.0, 0.0, 0.0, 0.0, 1.0], "bins": [-0.0005102308350615203, -0.0004928734852001071, -0.00047551613533869386, -0.0004581588145811111, -0.00044080146471969783, -0.0004234441148582846, -0.0004060867941007018, -0.00038872944423928857, -0.00037137209437787533, -0.0003540147445164621, -0.00033665739465504885, -0.00031930007389746606, -0.0003019427240360528, -0.0002845853741746396, -0.0002672280534170568, -0.00024987070355564356, -0.00023251335369423032, -0.00021515600383281708, -0.00019779866852331907, -0.00018044133321382105, -0.0001630839833524078, -0.00014572663349099457, -0.00012836929818149656, -0.00011101195559604093, -9.365461301058531e-05, -7.629727042512968e-05, -5.8939927839674056e-05, -4.158258525421843e-05, -2.4225242668762803e-05, -6.867900083307177e-06, 1.048944250214845e-05, 2.7846785087604076e-05, 4.52041276730597e-05, 6.256147025851533e-05, 7.991881284397095e-05, 9.727615542942658e-05, 0.00011463349801488221, 0.00013199084787629545, 0.00014934818318579346, 0.00016670551849529147, 0.0001840628683567047, 0.00020142021821811795, 0.00021877755352761596, 0.00023613488883711398, 0.0002534922386985272, 0.00027084958855994046, 0.00028820690931752324, 0.0003055642591789365, 0.0003229216090403497, 0.00034027895890176296, 0.0003576363087631762, 0.000374993629520759, 0.0003923509793821722, 0.00040970832924358547, 0.00042706565000116825, 0.0004444229998625815, 0.00046178034972399473, 0.00047913769958540797, 0.0004964950494468212, 0.0005138523993082345, 0.0005312097491696477, 0.0005485670408234, 0.0005659243906848133, 0.0005832817405462265, 0.0006006390904076397]}, "_wandb": {"runtime": 472}}