{"TOTAL_BEST_METRIC": 0.11920818984722117, "BEST_NDCG@10": 0.013732694805970455, "_timestamp": 1688340299.392417, "_runtime": 457.1754159927368, "_step": 1283, "epoch": 1000, "Train_Metric_loss": 0.059124422073364255, "Train_Reg_loss": 4.1790275645325895e-06, "Pos_loss": 0.26372581720352173, "Neg_loss": -0.28790903091430664, "Recall@5": 0.014929467073043334, "Recall@10": 0.02398525955072742, "Recall@20": 0.038333475112657396, "NDCG@5": 0.010393714670608414, "NDCG@10": 0.013732694805970455, "NDCG@20": 0.01783357863421415, "Recall@5_total_best": 0.014929467073043334, "Recall@10_total_best": 0.02398525955072742, "Recall@20_total_best": 0.038333475112657396, "ndcg@5_total_best": 0.010393714670608414, "ndcg@10_total_best": 0.013732694805970455, "ndcg@20_total_best": 0.01783357863421415, "EPOCH_ndcg_best": 1000, "Recall@5_ndcg_best": 0.014929467073043334, "Recall@10_ndcg_best": 0.02398525955072742, "Recall@20_ndcg_best": 0.038333475112657396, "ndcg@5_ndcg_best": 0.010393714670608414, "ndcg@10_ndcg_best": 0.013732694805970455, "ndcg@20_ndcg_best": 0.01783350743103095, "gradients/mass_i.weight": {"_type": "histogram", "values": [1.0, 0.0, 0.0, 0.0, 0.0, 0.0, 0.0, 0.0, 0.0, 0.0, 0.0, 0.0, 0.0, 0.0, 0.0, 0.0, 0.0, 0.0, 0.0, 0.0, 1.0, 0.0, 0.0, 0.0, 2.0, 0.0, 1.0, 1.0, 1.0, 2.0, 2.0, 4.0, 4.0, 6.0, 2.0, 6.0, 8.0, 7.0, 11.0, 15.0, 31.0, 30.0, 34.0, 30.0, 125.0, 59.0, 325.0, 87.0, 149.0, 2068.0, 241.0, 66.0, 118.0, 41.0, 30.0, 19.0, 8.0, 12.0, 14.0, 1.0, 4.0, 0.0, 1.0, 1.0], "bins": [-0.003653295338153839, -0.003578788600862026, -0.0035042816307395697, -0.0034297748934477568, -0.0033552679233253, -0.0032807611860334873, -0.0032062544487416744, -0.0031317477114498615, -0.003057240741327405, -0.002982734004035592, -0.0029082270339131355, -0.0028337202966213226, -0.0027592135593295097, -0.002684706589207053, -0.0026101998519152403, -0.0025356928817927837, -0.002461186144500971, -0.002386679407209158, -0.0023121724370867014, -0.0022376656997948885, -0.002163158729672432, -0.002088651992380619, -0.002014145255088806, -0.0019396384013816714, -0.0018651315476745367, -0.001790624693967402, -0.0017161178402602673, -0.0016416111029684544, -0.0015671042492613196, -0.001492597395554185, -0.001418090658262372, -0.0013435838045552373, -0.001269076718017459, -0.0011945698643103242, -0.0011200630106031895, -0.0010455562733113766, -0.0009710494196042418, -0.0008965425658971071, -0.0008220357703976333, -0.0007475289748981595, -0.0006730221211910248, -0.0005985152674838901, -0.0005240084719844162, -0.000449501647381112, -0.0003749948227778077, -0.00030048799817450345, -0.00022598117357119918, -0.00015147437807172537, -7.696752436459064e-05, -2.460699761286378e-06, 7.204612484201789e-05, 0.00014655294944532216, 0.00022105977404862642, 0.0002955665986519307, 0.00037007342325523496, 0.00044458021875470877, 0.0005190870724618435, 0.0005935939261689782, 0.000668100721668452, 0.0007426075171679258, 0.0008171143708750606, 0.0008916212245821953, 0.0009661280200816691, 0.001040634815581143, 0.0011151416692882776]}, "gradients/mass_u.weight": {"_type": "histogram", "values": [1.0, 0.0, 0.0, 0.0, 0.0, 1.0, 0.0, 0.0, 0.0, 0.0, 0.0, 0.0, 1.0, 1.0, 0.0, 0.0, 0.0, 0.0, 0.0, 0.0, 1.0, 0.0, 1.0, 1.0, 0.0, 0.0, 0.0, 0.0, 0.0, 0.0, 0.0, 0.0, 0.0, 0.0, 0.0, 0.0, 0.0, 0.0, 1.0, 0.0, 0.0, 1.0, 2.0, 0.0, 2.0, 1.0, 3.0, 2.0, 0.0, 4.0, 4.0, 0.0, 10.0, 9.0, 5.0, 18.0, 14.0, 13.0, 38.0, 45.0, 82.0, 155.0, 50.0, 5075.0], "bins": [-0.0035927100107073784, -0.0035365738440304995, -0.003480437910184264, -0.0034243017435073853, -0.0033681655768305063, -0.0033120294101536274, -0.003255893476307392, -0.003199757309630513, -0.0031436211429536343, -0.0030874849762767553, -0.00303134904243052, -0.002975212875753641, -0.002919076709076762, -0.0028629405423998833, -0.002806804608553648, -0.002750668441876769, -0.002694532508030534, -0.002638396341353655, -0.0025822604075074196, -0.0025261242408305407, -0.0024699880741536617, -0.0024138521403074265, -0.0023577159736305475, -0.0023015798069536686, -0.0022454438731074333, -0.0021893077064305544, -0.002133171772584319, -0.00207703560590744, -0.0020208994392305613, -0.0019647632725536823, -0.001908627338707447, -0.0018524911720305681, -0.0017963550053536892, -0.001740218955092132, -0.0016840827884152532, -0.001627946738153696, -0.0015718105714768171, -0.00151567452121526, -0.001459538470953703, -0.001403402304276824, -0.001347266254015267, -0.0012911302037537098, -0.0012349940370768309, -0.0011788579868152738, -0.0011227219365537167, -0.0010665857698768377, -0.0010104497196152806, -0.0009543136111460626, -0.0008981775026768446, -0.0008420413942076266, -0.0007859052857384086, -0.0007297692354768515, -0.0006736331270076334, -0.0006174970185384154, -0.0005613609682768583, -0.0005052248598076403, -0.0004490887513384223, -0.0003929526428692043, -0.0003368165635038167, -0.00028068048413842916, -0.00022454437566921115, -0.00016840826719999313, -0.00011227218783460557, -5.6136108469218016e-05, 0.0]}, "gradients/embedding_user.weight": {"_type": "histogram", "values": [1.0, 0.0, 0.0, 0.0, 1.0, 0.0, 0.0, 0.0, 0.0, 3.0, 4.0, 4.0, 3.0, 3.0, 8.0, 11.0, 12.0, 10.0, 9.0, 18.0, 32.0, 26.0, 28.0, 52.0, 62.0, 83.0, 132.0, 209.0, 407.0, 836.0, 1812.0, 4371.0, 14529.0, 156303.0, 153659.0, 13929.0, 4306.0, 1857.0, 789.0, 414.0, 218.0, 120.0, 91.0, 50.0, 45.0, 34.0, 32.0, 15.0, 18.0, 11.0, 12.0, 15.0, 5.0, 4.0, 5.0, 6.0, 10.0, 1.0, 4.0, 2.0, 1.0, 0.0, 1.0, 1.0], "bins": [-0.002335726050660014, -0.0022670207545161247, -0.0021983154583722353, -0.002129610162228346, -0.0020609050989151, -0.0019921998027712107, -0.0019234945066273212, -0.0018547892104834318, -0.0017860839143395424, -0.001717378618195653, -0.0016486733220517635, -0.001579968142323196, -0.0015112628461793065, -0.001442557550035417, -0.0013738523703068495, -0.00130514707416296, -0.0012364417780190706, -0.0011677364818751812, -0.0010990311857312918, -0.0010303260060027242, -0.0009616207098588347, -0.0008929154137149453, -0.0008242101757787168, -0.0007555049378424883, -0.0006867996416985989, -0.0006180943455547094, -0.0005493891076184809, -0.00048068384057842195, -0.000411978573538363, -0.000343273306498304, -0.00027456803945824504, -0.00020586277241818607, -0.00013715727254748344, -6.845200550742447e-05, 2.532615326344967e-07, 6.895852857269347e-05, 0.00013766379561275244, 0.0002063690626528114, 0.0002750743296928704, 0.00034377959673292935, 0.0004124848637729883, 0.0004811901308130473, 0.0005498953978531063, 0.0006186006357893348, 0.0006873059319332242, 0.0007560112280771136, 0.0008247164660133421, 0.0008934217039495707, 0.0009621270000934601, 0.0010308322962373495, 0.001099537592381239, 0.0011682427721098065, 0.001236948068253696, 0.0013056533643975854, 0.001374358544126153, 0.0014430638402700424, 0.0015117691364139318, 0.0015804744325578213, 0.0016491797287017107, 0.0017178849084302783, 0.0017865902045741677, 0.0018552955007180572, 0.0019240006804466248, 0.001992705976590514, 0.0020614112727344036]}, "gradients/embedding_item.weight": {"_type": "histogram", "values": [1.0, 0.0, 0.0, 2.0, 2.0, 0.0, 0.0, 1.0, 1.0, 1.0, 1.0, 1.0, 6.0, 3.0, 4.0, 8.0, 10.0, 14.0, 16.0, 25.0, 33.0, 53.0, 82.0, 98.0, 137.0, 213.0, 372.0, 524.0, 907.0, 1632.0, 3059.0, 6026.0, 12405.0, 25077.0, 46178.0, 67754.0, 31175.0, 15993.0, 7623.0, 3877.0, 2039.0, 1144.0, 674.0, 368.0, 246.0, 146.0, 129.0, 77.0, 62.0, 41.0, 30.0, 20.0, 26.0, 14.0, 4.0, 3.0, 6.0, 1.0, 0.0, 2.0, 1.0, 2.0, 1.0, 2.0],