{"TOTAL_BEST_METRIC": 1.015335935435595, "BEST_NDCG@10": 0.12745571691412877, "_timestamp": 1688369315.6617355, "_runtime": 756.3934116363525, "_step": 1115, "epoch": 1000, "Train_Metric_loss": NaN, "Train_Reg_loss": NaN, "Pos_loss": NaN, "Neg_loss": NaN, "Recall@5": 0.0007852166725705515, "Recall@10": 0.003778486243948518, "Recall@20": 0.005806892363746774, "NDCG@5": 0.000556356529533085, "NDCG@10": 0.0016257618776651963, "NDCG@20": 0.002209725865082795, "Recall@5_total_best": 0.14392762678321153, "Recall@10_total_best": 0.2022893071343768, "Recall@20_total_best": 0.28390294604708166, "ndcg@5_total_best": 0.10727773651616397, "ndcg@10_total_best": 0.12745571691412877, "ndcg@20_total_best": 0.15048260204063235, "EPOCH_ndcg_best": 170, "Recall@5_ndcg_best": 0.14392762678321153, "Recall@10_ndcg_best": 0.2022893071343768, "Recall@20_ndcg_best": 0.28390294604708166, "ndcg@5_ndcg_best": 0.10727773651616397, "ndcg@10_ndcg_best": 0.12745571691412877, "ndcg@20_ndcg_best": 0.15048260204063235, "gradients/mass_i.weight": {"_type": "histogram", "values": [1.0, 0.0, 0.0, 0.0, 0.0, 0.0, 0.0, 0.0, 0.0, 2.0, 2.0, 2.0, 2.0, 3.0, 6.0, 7.0, 10.0, 14.0, 47.0, 70.0, 92.0, 112.0, 3091.0, 45.0, 23.0, 9.0, 11.0, 3.0, 0.0, 3.0, 2.0, 1.0, 1.0, 0.0, 1.0, 2.0, 0.0, 0.0, 1.0, 0.0, 1.0, 0.0, 0.0, 0.0, 1.0, 0.0, 0.0, 1.0, 0.0, 0.0, 0.0, 0.0, 0.0, 0.0, 0.0, 0.0, 0.0, 0.0, 0.0, 1.0, 0.0, 0.0, 0.0, 1.0], "bins": [-0.00019415197311900556, -0.00018567249935586005, -0.00017719304014462978, -0.00016871356638148427, -0.000160234107170254, -0.00015175463340710849, -0.00014327515964396298, -0.0001347957004327327, -0.0001263162266695872, -0.0001178367601823993, -0.00010935729369521141, -0.0001008778199320659, -9.239835344487801e-05, -8.391888695769012e-05, -7.543941319454461e-05, -6.695994670735672e-05, -5.848048022016883e-05, -5.000101373298094e-05, -4.152154360781424e-05, -3.304207348264754e-05, -2.4562606995459646e-05, -1.6083140508271754e-05, -7.6036703831050545e-06, 8.757997420616448e-07, 9.355266229249537e-06, 1.7834734535426833e-05, 2.631420284160413e-05, 3.479367296677083e-05, 4.327313945395872e-05, 5.175260594114661e-05, 6.023207606631331e-05, 6.871154619148001e-05, 7.71910126786679e-05, 8.56704791658558e-05, 9.414994565304369e-05, 0.0001026294194161892, 0.00011110888590337709, 0.00011958835239056498, 0.00012806782615371048, 0.00013654728536494076, 0.00014502675912808627, 0.00015350623289123178, 0.00016198569210246205, 0.00017046516586560756, 0.00017894463962875307, 0.00018742409883998334, 0.00019590357260312885, 0.00020438304636627436, 0.00021286250557750463, 0.00022134197934065014, 0.00022982143855188042, 0.00023830091231502593, 0.0002467803715262562, 0.00025525985984131694, 0.0002637393190525472, 0.0002722187782637775, 0.00028069823747500777, 0.00028917769668623805, 0.0002976571850012988, 0.00030613664421252906, 0.00031461610342375934, 0.0003230955917388201, 0.00033157505095005035, 0.00034005451016128063, 0.00034853399847634137]}, "gradients/mass_u.weight": {"_type": "histogram", "values": [1.0, 0.0, 0.0, 0.0, 0.0, 0.0, 0.0, 0.0, 0.0, 0.0, 1.0, 0.0, 0.0, 0.0, 0.0, 0.0, 0.0, 0.0, 0.0, 0.0, 0.0, 0.0, 0.0, 0.0, 0.0, 0.0, 0.0, 0.0, 0.0, 0.0, 0.0, 1.0, 0.0, 0.0, 0.0, 0.0, 1.0, 0.0, 1.0, 1.0, 1.0, 0.0, 0.0, 1.0, 0.0, 0.0, 0.0, 2.0, 0.0, 0.0, 4.0, 2.0, 1.0, 1.0, 4.0, 4.0, 9.0, 3.0, 11.0, 22.0, 28.0, 87.0, 240.0, 5115.0], "bins": [-0.00043560611084103584, -0.00042879977263510227, -0.0004219934344291687, -0.0004151870671194047, -0.0004083807289134711, -0.00040157439070753753, -0.0003947680233977735, -0.00038796168519183993, -0.00038115534698590636, -0.0003743490087799728, -0.0003675426705740392, -0.0003607363032642752, -0.0003539299650583416, -0.00034712362685240805, -0.000340317259542644, -0.00033351092133671045, -0.0003267045831307769, -0.0003198982449248433, -0.00031309190671890974, -0.0003062855394091457, -0.00029947920120321214, -0.00029267286299727857, -0.00028586649568751454, -0.00027906015748158097, -0.0002722538192756474, -0.00026544748106971383, -0.00025864114286378026, -0.00025183477555401623, -0.00024502843734808266, -0.0002382220991421491, -0.0002314157463843003, -0.0002246093936264515, -0.00021780305542051792, -0.00021099671721458435, -0.00020419036445673555, -0.00019738401169888675, -0.00019057767349295318, -0.0001837713352870196, -0.0001769649825291708, -0.000170158629771322, -0.00016335229156538844, -0.00015654595335945487, -0.00014973960060160607, -0.00014293324784375727, -0.0001361269096378237, -0.00012932057143189013, -0.00012251421867404133, -0.00011570787319215015, -0.00010890152771025896, -0.00010209518222836778, -9.528883674647659e-05, -8.84824912645854e-05, -8.167614578269422e-05, -7.486980030080304e-05, -6.806345481891185e-05, -6.125710933702067e-05, -5.445076385512948e-05, -4.7644418373238295e-05, -4.083807289134711e-05, -3.4031727409455925e-05, -2.722538192756474e-05, -2.0419036445673555e-05, -1.361269096378237e-05, -6.806345481891185e-06, 0.0]}, "gradients/embedding_user.weight": {"_type": "histogram", "values": [0.0, 0.0, 0.0, 0.0, 0.0, 0.0, 0.0, 0.0, 0.0, 0.0, 0.0, 0.0, 0.0, 0.0, 0.0, 0.0, 0.0, 0.0, 0.0, 0.0, 0.0, 0.0, 0.0, 0.0, 0.0, 0.0, 0.0, 0.0, 0.0, 0.0, 0.0, 0.0, 3392.0, 0.0, 0.0, 0.0, 0.0, 0.0, 0.0, 0.0, 0.0, 0.0, 0.0, 0.0, 0.0, 0.0, 0.0, 0.0, 0.0, 0.0, 0.0, 0.0, 0.0, 0.0, 0.0, 0.0, 0.0, 0.0, 0.0, 0.0, 0.0, 0.0, 0.0, 0.0], "bins": [0.0, 0.0, 0.0, 0.0, 0.0, 0.0, 0.0, 0.0, 0.0, 0.0, 0.0, 0.0, 0.0, 0.0, 0.0, 0.0, 0.0, 0.0, 0.0, 0.0, 0.0, 0.0, 0.0, 0.0, 0.0, 0.0, 0.0, 0.0, 0.0, 0.0, 0.0, 0.0, 0.0, 0.0, 0.0, 0.0, 0.0, 0.0, 0.0, 0.0, 0.0, 0.0, 0.0, 0.0, 0.0, 0.0, 0.0, 0.0, 0.0, 0.0, 0.0, 0.0, 0.0, 0.0, 0.0, 0.0, 0.0, 0.0, 0.0, 0.0, 0.0, 0.0, 0.0, 0.0, 0.0]}, "_wandb": {"runtime": 755}}