{"TOTAL_BEST_METRIC": 0.13161919936167568, "BEST_NDCG@10": 0.014252732813131082, "_timestamp": 1688476867.2545407, "_runtime": 1681.4519917964935, "_step": 1203, "epoch": 1000, "Train_Metric_loss": 6.547477619988578, "Train_Reg_loss": 1.4318064326549314e-06, "Pos_loss": 8.006756782531738, "Neg_loss": 1.2967379093170166, "Recall@5": 0.01379397713745496, "Recall@10": 0.026925007047225998, "Recall@20": 0.04609402469897165, "NDCG@5": 0.00953975805765159, "NDCG@10": 0.014252732813131082, "NDCG@20": 0.01978673431409858, "Recall@5_total_best": 0.014197087589718882, "Recall@10_total_best": 0.026921756156481933, "Recall@20_total_best": 0.04667831812870473, "ndcg@5_total_best": 0.009672066891985085, "ndcg@10_total_best": 0.014238123538938855, "ndcg@20_total_best": 0.019911847055846192, "EPOCH_ndcg_best": 1000, "Recall@5_ndcg_best": 0.01379397713745496, "Recall@10_ndcg_best": 0.026925007047225998, "Recall@20_ndcg_best": 0.04609402469897165, "ndcg@5_ndcg_best": 0.00953975805765159, "ndcg@10_ndcg_best": 0.014252732813131082, "ndcg@20_ndcg_best": 0.01978673431409858, "gradients/mass_i.weight": {"_type": "histogram", "values": [1.0, 0.0, 0.0, 0.0, 0.0, 0.0, 0.0, 0.0, 0.0, 0.0, 0.0, 0.0, 0.0, 0.0, 0.0, 0.0, 0.0, 0.0, 0.0, 0.0, 0.0, 0.0, 0.0, 0.0, 0.0, 1.0, 0.0, 0.0, 1.0, 2.0, 2.0, 1.0, 1.0, 0.0, 2.0, 2.0, 1.0, 3.0, 2.0, 2.0, 5.0, 4.0, 9.0, 5.0, 13.0, 11.0, 11.0, 34.0, 38.0, 60.0, 169.0, 85.0, 857.0, 206.0, 6675.0, 315.0, 152.0, 28.0, 7.0, 7.0, 0.0, 0.0, 0.0, 1.0], "bins": [-0.0017831734148785472, -0.0017506519798189402, -0.0017181305447593331, -0.001685609109699726, -0.001653087674640119, -0.001620566239580512, -0.0015880449209362268, -0.0015555234858766198, -0.0015230020508170128, -0.0014904806157574058, -0.0014579591806977987, -0.0014254377456381917, -0.0013929163105785847, -0.0013603949919342995, -0.0013278734404593706, -0.0012953521218150854, -0.0012628305703401566, -0.0012303091352805495, -0.0011977877002209425, -0.0011652662651613355, -0.0011327448301017284, -0.0011002235114574432, -0.0010677019599825144, -0.0010351806413382292, -0.0010026592062786222, -0.0009701377712190151, -0.0009376163361594081, -0.0009050949010998011, -0.000872573524247855, -0.0008400520891882479, -0.0008075306541286409, -0.0007750092190690339, -0.0007424878422170877, -0.0007099664071574807, -0.0006774449720978737, -0.0006449235370382667, -0.0006124021601863205, -0.0005798807251267135, -0.0005473592900671065, -0.0005148378550074995, -0.00048231647815555334, -0.0004497950430959463, -0.00041727363714016974, -0.0003847522020805627, -0.00035223079612478614, -0.0003197093610651791, -0.0002871879260055721, -0.00025466649094596505, -0.00022214508499018848, -0.00018962366448249668, -0.00015710224397480488, -0.00012458080891519785, -9.205938840750605e-05, -5.953796789981425e-05, -2.701653284020722e-05, 5.5048876674845815e-06, 3.802630817517638e-05, 7.054772868286818e-05, 0.0001030691564665176, 0.000135590584250167, 0.0001681120047578588, 0.0002006334252655506, 0.00023315486032515764, 0.00026567629538476467, 0.00029819770134054124]}, "gradients/mass_u.weight": {"_type": "histogram", "values": [1.0, 0.0, 0.0, 0.0, 0.0, 0.0, 0.0, 0.0, 0.0, 0.0, 0.0, 0.0, 0.0, 0.0, 0.0, 0.0, 1.0, 0.0, 0.0, 0.0, 0.0, 0.0, 1.0, 0.0, 0.0, 3.0, 0.0, 0.0, 0.0, 0.0, 0.0, 1.0, 1.0, 0.0, 1.0, 1.0, 1.0, 2.0, 0.0, 0.0, 0.0, 2.0, 2.0, 1.0, 1.0, 0.0, 1.0, 2.0, 2.0, 6.0, 4.0, 4.0, 13.0, 13.0, 11.0, 11.0, 32.0, 42.0, 43.0, 84.0, 102.0, 74.0, 38.0, 14180.0], "bins": [-0.0033396678045392036, -0.0032874855678528547, -0.003235303098335862, -0.0031831208616495132, -0.0031309386249631643, -0.0030787563882768154, -0.003026573918759823, -0.002974391682073474, -0.002922209445387125, -0.002870027208700776, -0.0028178447391837835, -0.0027656625024974346, -0.0027134802658110857, -0.002661298029124737, -0.0026091155596077442, -0.0025569333229213953, -0.0025047508534044027, -0.002452568616718054, -0.0024003861472010612, -0.0023482039105147123, -0.0022960216738283634, -0.002243839204311371, -0.002191656967625022, -0.002139474730938673, -0.0020872922614216805, -0.0020351100247353315, -0.001982927555218339, -0.00193074531853199, -0.0018785630818456411, -0.0018263807287439704, -0.0017741983756422997, -0.0017220161389559507, -0.0016698339022696018, -0.001617651549167931, -0.0015654693124815822, -0.0015132869593799114, -0.0014611047226935625, -0.0014089223695918918, -0.001356740016490221, -0.0013045577798038721, -0.0012523754267022014, -0.0012001930736005306, -0.0011480108369141817, -0.001095828483812511, -0.0010436461307108402, -0.0009914638940244913, -0.0009392815409228206, -0.0008870992460288107, -0.0008349169511348009, -0.0007827346562407911, -0.0007305523613467813, -0.0006783700082451105, -0.0006261877133511007, -0.0005740054184570909, -0.0005218230653554201, -0.0004696407704614103, -0.00041745847556740046, -0.0003652761806733906, -0.00031309385667555034, -0.00026091153267771006, -0.00020872923778370023, -0.0001565469428896904, -0.00010436461889185011, -5.218229489400983e-05, 0.0]}, "gradients/embedding_user.weight": {"_type": "histogram", "values": [1.0, 0.0, 0.0, 0.0, 0.0, 1.0, 0.0, 2.0, 0.0, 3.0, 3.0, 1.0, 3.0, 4.0, 5.0, 5.0, 9.0, 10.0, 13.0, 23.0, 24.0, 26.0, 39.0, 38.0, 85.0, 140.0, 237.0, 483.0, 1362.0, 4530.0, 24468.0, 880248.0, 21087.0, 4298.0, 1306.0, 497.0, 225.0, 131.0, 79.0, 50.0, 27.0, 29.0, 25.0, 22.0, 10.0, 7.0, 6.0, 7.0, 7.0, 2.0, 1.0, 0.0, 2.0, 1.0, 0.0, 0.0, 0.0, 0.0, 1.0, 0.0, 0.0, 0.0, 0.0, 1.0], "bins": [-0.0007341265445575118, -0.0007108083227649331, -0.0006874901009723544, -0.0006641718791797757, -0.000640853657387197, -0.0006175354355946183, -0.0005942172138020396, -0.0005708989920094609, -0.0005475807702168822, -0.0005242625484243035, -0.0005009443266317248, -0.00047762610483914614, -0.00045430788304656744, -0.00043098966125398874, -0.0004076714103575796, -0.0003843531885650009, -0.00036103493766859174, -0.00033771671587601304, -0.00031439849408343434, -0.00029108027229085565, -0.00026776205049827695, -0.00024444382870569825, -0.0002211255778092891, -0.0001978073560167104, -0.0001744891342241317, -0.000151170912431553, -0.0001278526906389743, -0.00010453445429448038, -8.121623250190169e-05, -5.789801070932299e-05, -3.4579774364829063e-05, -1.1261552572250366e-05, 1.2056611012667418e-05, 3.537483644322492e-05, 5.8693061873782426e-05, 8.201129094231874e-05, 0.00010532951273489743, 0.00012864773452747613, 0.00015196597087197006, 0.00017528419266454875, 0.00019860241445712745, 0.00022192063624970615, 0.00024523885804228485, 0.000268557108938694, 0.0002918753307312727, 0.0003151935525238514, 0.0003385117743164301, 0.0003618299961090088, 0.0003851482179015875, 0.0004084664396941662, 0.0004317846614867449, 0.0004551028832793236, 0.0004784211050719023, 0.000501739326864481, 0.0005250575486570597, 0.0005483757704496384, 0.0005716939922422171, 0.0005950122140347958, 0.0006183304358273745, 0.0006416486576199532, 0.0006649668794125319, 0.0006882851012051105, 0.0007116033229976892, 0.0007349215447902679, 0.0007582398247905076]}, "gradients/embedding_item.weight": {"_type": "histogram", "values": [2.0, 1.0, 1.0, 1.0, 2.0, 3.0, 3.0, 4.0, 9.0, 12.0, 18.0, 27.0, 49.0, 64.0, 141.0, 198.0, 341.0, 545.0, 920.0, 1573.0, 2664.0, 4986.0, 9321.0, 16898.0, 31289.0, 89131.0, 220466.0, 104541.0, 34159.0, 17842.0, 9882.0, 5404.0, 2944.0, 1730.0, 1004.0, 566.0, 341.0, 220.0, 124.0, 68.0, 55.0, 33.0, 17.0, 8.0, 8.0, 6.0, 1.0, 3.0, 2.0, 0.0, 0.0, 0.0, 0.0, 1.0, 1.0, 2.0, 0.0, 0.0, 0.0, 0.0, 0.0, 0.0, 0.0, 1.0],