{"TOTAL_BEST_METRIC": 0.4463828571717211, "BEST_NDCG@10": 0.05384892756362956, "_timestamp": 1688538467.365142, "_runtime": 1495.7727551460266, "_step": 1120, "epoch": 1000, "Train_Metric_loss": 1.8066329104559762, "Train_Reg_loss": 0.00016348580954529877, "Pos_loss": 8.400762557983398, "Neg_loss": 0.3433059751987457, "Recall@5": 0.05299271065263909, "Recall@10": 0.0840380178243799, "Recall@20": 0.12907486076025337, "NDCG@5": 0.03851203412727922, "NDCG@10": 0.04928518884967949, "NDCG@20": 0.06195573114272574, "Recall@5_total_best": 0.05890341396724521, "Recall@10_total_best": 0.09038453233753833, "Recall@20_total_best": 0.134122964325399, "ndcg@5_total_best": 0.042861407084734966, "ndcg@10_total_best": 0.05384892756362956, "ndcg@20_total_best": 0.06626161189317402, "EPOCH_ndcg_best": 180, "Recall@5_ndcg_best": 0.05890341396724521, "Recall@10_ndcg_best": 0.09038453233753833, "Recall@20_ndcg_best": 0.134122964325399, "ndcg@5_ndcg_best": 0.042861407084734966, "ndcg@10_ndcg_best": 0.05384892756362956, "ndcg@20_ndcg_best": 0.06626161189317402, "gradients/mass_i.weight": {"_type": "histogram", "values": [1.0, 2.0, 1.0, 1.0, 2.0, 0.0, 0.0, 1.0, 1.0, 3.0, 4.0, 3.0, 3.0, 10.0, 11.0, 9.0, 22.0, 18.0, 32.0, 37.0, 48.0, 77.0, 109.0, 146.0, 234.0, 226.0, 190.0, 143.0, 23.0, 6502.0, 107.0, 365.0, 127.0, 89.0, 58.0, 43.0, 20.0, 14.0, 5.0, 8.0, 3.0, 4.0, 5.0, 1.0, 0.0, 2.0, 1.0, 0.0, 1.0, 0.0, 0.0, 0.0, 0.0, 0.0, 0.0, 0.0, 0.0, 0.0, 0.0, 0.0, 0.0, 0.0, 0.0, 1.0], "bins": [-0.00017165274766739458, -0.00016577266796957701, -0.00015989258827175945, -0.00015401252312585711, -0.00014813244342803955, -0.000142252363730222, -0.00013637228403240442, -0.00013049220433458686, -0.0001246121246367693, -0.00011873204493895173, -0.00011285197251709178, -0.00010697189281927422, -0.00010109182039741427, -9.52117406995967e-05, -8.933166100177914e-05, -8.345158130396158e-05, -7.757151615805924e-05, -7.169143646024168e-05, -6.581136403838173e-05, -5.993128434056416e-05, -5.4051208280725405e-05, -4.817113222088665e-05, -4.2291052523069084e-05, -3.641097646323033e-05, -3.053090040339157e-05, -2.4650824343552813e-05, -1.8770746464724652e-05, -1.2890668585896492e-05, -7.010592526057735e-06, -1.1305164662189782e-06, 4.749563231598586e-06, 1.0629639291437343e-05, 1.65097153512761e-05, 2.2389791411114857e-05, 2.8269869289943017e-05, 3.414994716877118e-05, 4.0030023228609934e-05, 4.591009928844869e-05, 5.1790178986266255e-05, 5.767025504610501e-05, 6.355033110594377e-05, 6.943041080376133e-05, 7.531048322562128e-05, 8.119056292343885e-05, 8.707064262125641e-05, 9.295071504311636e-05, 9.883079474093392e-05, 0.00010471086716279387, 0.00011059094686061144, 0.000116471026558429, 0.00012235110625624657, 0.00012823118595406413, 0.00013411125109996647, 0.00013999133079778403, 0.0001458714104956016, 0.00015175149019341916, 0.0001576315553393215, 0.00016351163503713906, 0.00016939171473495662, 0.00017527179443277419, 0.00018115185957867652, 0.00018703193927649409, 0.00019291201897431165, 0.00019879209867212921, 0.00020467217836994678]}, "gradients/mass_u.weight": {"_type": "histogram", "values": [1.0, 0.0, 0.0, 0.0, 0.0, 0.0, 0.0, 0.0, 1.0, 0.0, 0.0, 0.0, 0.0, 0.0, 0.0, 0.0, 0.0, 0.0, 0.0, 1.0, 0.0, 0.0, 0.0, 0.0, 0.0, 1.0, 2.0, 0.0, 0.0, 0.0, 2.0, 0.0, 0.0, 0.0, 1.0, 0.0, 1.0, 4.0, 0.0, 2.0, 0.0, 4.0, 3.0, 3.0, 1.0, 4.0, 1.0, 2.0, 9.0, 4.0, 4.0, 6.0, 5.0, 7.0, 5.0, 10.0, 37.0, 35.0, 44.0, 91.0, 105.0, 88.0, 42.0, 14155.0], "bins": [-0.0008912089397199452, -0.0008772838045842946, -0.0008633586694486439, -0.0008494335343129933, -0.0008355083991773427, -0.000821583264041692, -0.0008076580706983805, -0.0007937329355627298, -0.0007798078004270792, -0.0007658826652914286, -0.0007519575301557779, -0.0007380323950201273, -0.0007241072598844767, -0.000710182124748826, -0.0006962569896131754, -0.0006823318544775248, -0.0006684067193418741, -0.0006544815842062235, -0.0006405564490705729, -0.0006266313139349222, -0.0006127061787992716, -0.000598781043663621, -0.0005848559085279703, -0.0005709307733923197, -0.0005570055800490081, -0.0005430804449133575, -0.0005291553097777069, -0.0005152301746420562, -0.0005013050395064056, -0.0004873798752669245, -0.00047345474013127387, -0.00045952960499562323, -0.0004456044698599726, -0.00043167933472432196, -0.0004177541995886713, -0.00040382903534919024, -0.0003899039002135396, -0.00037597876507788897, -0.00036205362994223833, -0.0003481284948065877, -0.00033420335967093706, -0.0003202782245352864, -0.0003063530893996358, -0.00029242795426398516, -0.00027850279002450407, -0.00026457765488885343, -0.0002506525197532028, -0.00023672738461755216, -0.0002228022349299863, -0.00020887709979433566, -0.0001949519501067698, -0.00018102681497111917, -0.00016710167983546853, -0.0001531765446998179, -0.00013925139501225203, -0.0001253262598766014, -0.00011140111746499315, -9.74759750533849e-05, -8.355083991773427e-05, -6.962569750612602e-05, -5.5700558732496575e-05, -4.177541995886713e-05, -2.7850277547258884e-05, -1.3925142411608249e-05, 0.0]}, "gradients/embedding_user.weight": {"_type": "histogram", "values": [1.0, 0.0, 1.0, 3.0, 0.0, 2.0, 5.0, 7.0, 2.0, 5.0, 9.0, 13.0, 9.0, 21.0, 29.0, 45.0, 44.0, 49.0, 92.0, 113.0, 181.0, 230.0, 349.0, 519.0, 828.0, 1228.0, 1973.0, 3318.0, 7371.0, 24174.0, 87867.0, 233654.0, 324408.0, 171482.0, 53988.0, 14993.0, 5263.0, 2603.0, 1586.0, 998.0, 611.0, 424.0, 304.0, 207.0, 173.0, 102.0, 60.0, 55.0, 41.0, 31.0, 27.0, 19.0, 18.0, 15.0, 12.0, 5.0, 1.0, 6.0, 3.0, 3.0, 1.0, 2.0, 0.0, 1.0], "bins": [-0.0006279267254285514, -0.0006084847846068442, -0.0005890428437851369, -0.0005696008447557688, -0.0005501589039340615, -0.0005307169631123543, -0.000511275022290647, -0.0004918330814689398, -0.0004723911115434021, -0.0004529491707216948, -0.0004335072007961571, -0.0004140652599744499, -0.0003946233191527426, -0.0003751813492272049, -0.00035573940840549767, -0.00033629743847995996, -0.0003168554976582527, -0.00029741355683654547, -0.00027797158691100776, -0.0002585296460893005, -0.00023908769071567804, -0.00021964573534205556, -0.0002002037945203483, -0.00018076183914672583, -0.00016131988377310336, -0.00014187792839948088, -0.0001224359730258584, -0.00010299403220415115, -8.355207683052868e-05, -6.41101214569062e-05, -4.4668173359241337e-05, -2.5226225261576474e-05, -5.784269887953997e-06, 1.3657681847689673e-05, 3.309963358333334e-05, 5.254158531897701e-05, 7.198353705462068e-05, 9.142549242824316e-05, 0.00011086744052590802, 0.00013030938862357289, 0.00014975134399719536, 0.00016919329937081784, 0.00018863525474444032, 0.00020807719556614757, 0.00022751915093977004, 0.0002469611063133925, 0.00026640304713509977, 0.0002858450170606375, 0.0003052869578823447, 0.00032472889870405197, 0.0003441708686295897, 0.0003636128094512969, 0.00038305477937683463, 0.0004024967201985419, 0.00042193866102024913, 0.0004413806018419564, 0.0004608225717674941, 0.00048026451258920133, 0.000499706482514739, 0.0005191484233364463, 0.0005385903641581535, 0.0005580323049798608, 0.0005774743040092289, 0.0005969162448309362, 0.0006163581856526434]}, "gradients/embedding_item.weight": {"_type": "histogram", "values": [2.0, 0.0, 1.0, 1.0, 1.0, 1.0, 1.0, 2.0, 1.0, 2.0, 8.0, 2.0, 5.0, 6.0, 14.0, 15.0, 28.0, 50.0, 71.0, 129.0, 210.0, 400.0, 618.0, 1093.0, 1985.0, 3784.0, 7510.0, 14500.0, 28671.0, 54743.0, 278112.0, 82764.0, 40281.0, 20767.0, 10370.0, 5151.0, 2689.0, 1497.0, 850.0, 482.0, 335.0, 172.0, 102.0, 62.0, 47.0, 27.0, 14.0, 14.0, 8.0, 10.0, 12.0, 2.0, 4.0, 1.0, 0.0, 0.0, 2.0, 0.0, 2.0, 0.0, 0.0, 0.0, 0.0, 1.0],