{"TOTAL_BEST_METRIC": 1.088033037064702, "BEST_NDCG@10": 0.1396907391707723, "_timestamp": 1688367147.708884, "_runtime": 784.840558052063, "_step": 1225, "epoch": 1000, "Train_Metric_loss": 4.250794506072998, "Train_Reg_loss": 3.567816820577718e-05, "Pos_loss": 8.592370986938477, "Neg_loss": 0.14915049076080322, "Recall@5": 0.15283371030057083, "Recall@10": 0.22198031029341503, "Recall@20": 0.2972953905248776, "NDCG@5": 0.11525839643644445, "NDCG@10": 0.13956294547706719, "NDCG@20": 0.16110228403232688, "Recall@5_total_best": 0.15283371030057083, "Recall@10_total_best": 0.22198031029341503, "Recall@20_total_best": 0.2972953905248776, "ndcg@5_total_best": 0.11525839643644445, "ndcg@10_total_best": 0.13956294547706719, "ndcg@20_total_best": 0.16110228403232688, "EPOCH_ndcg_best": 1000, "Recall@5_ndcg_best": 0.15247947721520066, "Recall@10_ndcg_best": 0.2219507908696342, "Recall@20_ndcg_best": 0.29608509414986284, "ndcg@5_ndcg_best": 0.11525248138893096, "ndcg@10_ndcg_best": 0.1396907391707723, "ndcg@20_ndcg_best": 0.1609345048888875, "gradients/mass_i.weight": {"_type": "histogram", "values": [1.0, 0.0, 0.0, 0.0, 0.0, 1.0, 0.0, 0.0, 0.0, 0.0, 0.0, 0.0, 1.0, 0.0, 0.0, 0.0, 0.0, 0.0, 1.0, 1.0, 0.0, 0.0, 1.0, 0.0, 2.0, 1.0, 4.0, 2.0, 5.0, 5.0, 2.0, 5.0, 3.0, 2.0, 5.0, 4.0, 5.0, 6.0, 6.0, 7.0, 10.0, 10.0, 6.0, 14.0, 20.0, 24.0, 24.0, 26.0, 47.0, 51.0, 63.0, 113.0, 92.0, 78.0, 225.0, 178.0, 100.0, 2128.0, 151.0, 79.0, 35.0, 12.0, 5.0, 7.0], "bins": [-0.0014314033323898911, -0.0014066069852560759, -0.0013818107545375824, -0.001357014523819089, -0.0013322181766852736, -0.0013074218295514584, -0.001282625598832965, -0.0012578293681144714, -0.0012330330209806561, -0.0012082366738468409, -0.0011834404431283474, -0.001158644212409854, -0.0011338478652760386, -0.0011090515181422234, -0.00108425528742373, -0.0010594590567052364, -0.0010346627095714211, -0.0010098663624376059, -0.0009850701317191124, -0.000960273842792958, -0.0009354775538668036, -0.0009106812649406493, -0.0008858849760144949, -0.0008610886870883405, -0.0008362923981621861, -0.0008114961092360318, -0.0007866998203098774, -0.000761903531383723, -0.0007371072424575686, -0.0007123109535314143, -0.0006875146646052599, -0.0006627183756791055, -0.0006379220867529511, -0.0006131257978267968, -0.0005883295089006424, -0.000563533219974488, -0.0005387369310483336, -0.0005139406421221793, -0.0004891443531960249, -0.0004643480642698705, -0.00043955177534371614, -0.00041475548641756177, -0.0003899591974914074, -0.000365162908565253, -0.00034036661963909864, -0.00031557033071294427, -0.0002907740417867899, -0.0002659777528606355, -0.00024118147848639637, -0.000216385189560242, -0.00019158890063408762, -0.00016679261170793325, -0.00014199632278177887, -0.0001172000338556245, -9.240374492947012e-05, -6.760745600331575e-05, -4.281116707716137e-05, -1.8014878151006997e-05, 6.7814107751473784e-06, 3.1577699701301754e-05, 5.637398862745613e-05, 8.11702775536105e-05, 0.00010596656647976488, 0.00013076285540591925, 0.00015555914433207363]}, "gradients/mass_u.weight": {"_type": "histogram", "values": [1.0, 0.0, 0.0, 0.0, 0.0, 0.0, 0.0, 0.0, 0.0, 0.0, 0.0, 0.0, 0.0, 0.0, 0.0, 0.0, 0.0, 0.0, 0.0, 0.0, 0.0, 0.0, 0.0, 0.0, 0.0, 1.0, 0.0, 1.0, 0.0, 0.0, 0.0, 0.0, 0.0, 1.0, 1.0, 0.0, 0.0, 0.0, 0.0, 0.0, 0.0, 1.0, 0.0, 0.0, 1.0, 0.0, 0.0, 0.0, 0.0, 0.0, 3.0, 2.0, 2.0, 0.0, 5.0, 5.0, 9.0, 3.0, 15.0, 15.0, 27.0, 83.0, 258.0, 5107.0], "bins": [-0.009531809017062187, -0.009382874704897404, -0.00923394039273262, -0.009085005149245262, -0.008936070837080479, -0.008787136524915695, -0.008638202212750912, -0.008489267900586128, -0.00834033265709877, -0.008191398344933987, -0.008042464032769203, -0.007893528789281845, -0.007744594477117062, -0.007595660164952278, -0.007446725387126207, -0.007297791074961424, -0.00714885676279664, -0.006999922450631857, -0.006850987672805786, -0.006702053360641003, -0.006553118582814932, -0.006404184270650148, -0.006255249492824078, -0.006106315180659294, -0.005957380868494511, -0.005808446556329727, -0.005659511778503656, -0.005510577466338873, -0.005361642688512802, -0.005212708376348019, -0.005063773598521948, -0.004914839286357164, -0.004765904508531094, -0.00461697019636631, -0.004468035418540239, -0.004319101106375456, -0.004170166328549385, -0.004021232016384602, -0.0038722974713891745, -0.0037233629263937473, -0.00357442838139832, -0.003425493836402893, -0.003276559291407466, -0.003127624746412039, -0.0029786904342472553, -0.0028297556564211845, -0.002680821344256401, -0.002531886799260974, -0.002382952254265547, -0.0022340177092701197, -0.0020850831642746925, -0.0019361487356945872, -0.00178721419069916, -0.001638279645703733, -0.0014893452171236277, -0.0013404106721282005, -0.0011914761271327734, -0.0010425415821373463, -0.00089360709534958, -0.0007446726085618138, -0.0005957380635663867, -0.00044680351857095957, -0.00029786903178319335, -0.00014893454499542713, 0.0]}, "gradients/embedding_user.weight": {"_type": "histogram", "values": [1.0, 0.0, 0.0, 0.0, 1.0, 0.0, 0.0, 0.0, 0.0, 0.0, 1.0, 2.0, 2.0, 1.0, 3.0, 2.0, 11.0, 4.0, 13.0, 12.0, 19.0, 18.0, 53.0, 39.0, 77.0, 117.0, 180.0, 275.0, 475.0, 868.0, 1616.0, 3824.0, 17014.0, 106543.0, 170157.0, 41821.0, 6488.0, 2323.0, 1060.0, 564.0, 353.0, 213.0, 139.0, 103.0, 54.0, 41.0, 39.0, 23.0, 20.0, 12.0, 12.0, 4.0, 2.0, 6.0, 4.0, 5.0, 3.0, 1.0, 0.0, 3.0, 2.0, 0.0, 0.0, 1.0], "bins": [-0.00037534715374931693, -0.00036437794915400445, -0.00035340877366252244, -0.00034243956906720996, -0.0003314703644718975, -0.00032050118898041546, -0.000309531984385103, -0.00029856280889362097, -0.0002875936042983085, -0.000276624399702996, -0.000265655224211514, -0.0002546860196162015, -0.00024371682957280427, -0.00023274763952940702, -0.00022177843493409455, -0.0002108092448906973, -0.00019984004029538482, -0.00018887085025198758, -0.0001779016456566751, -0.00016693245561327785, -0.0001559632655698806, -0.00014499406097456813, -0.00013402487093117088, -0.00012305568088777363, -0.00011208648356841877, -0.00010111728624906391, -9.014809620566666e-05, -7.91788988863118e-05, -6.820970156695694e-05, -5.724051152355969e-05, -4.627131420420483e-05, -3.530212416080758e-05, -2.4332926841452718e-05, -1.3363732250581961e-05, -2.3945376597112045e-06, 8.574657840654254e-06, 1.954385152203031e-05, 3.0513045203406364e-05, 4.1482242522761226e-05, 5.2451432566158473e-05, 6.342062988551334e-05, 7.43898272048682e-05, 8.535901724826545e-05, 9.632821456762031e-05, 0.00010729741188697517, 0.00011826660193037242, 0.00012923579197376966, 0.00014020499656908214, 0.0001511741866124794, 0.00016214337665587664, 0.0001731125812511891, 0.00018408177129458636, 0.0001950509613379836, 0.00020602016593329608, 0.00021698935597669333, 0.00022795854602009058, 0.00023892775061540306, 0.00024989695521071553, 0.00026086613070219755, 0.00027183533529751003, 0.0002828045398928225, 0.0002937737153843045, 0.000304742919979617, 0.0003157121245749295, 0.0003266813000664115]}, "gradients/embedding_item.weight": {"_type": "histogram", "values": [1.0, 4.0, 0.0, 0.0, 2.0, 3.0, 2.0, 4.0, 7.0, 9.0, 16.0, 16.0, 14.0, 26.0, 27.0, 34.0, 71.0, 81.0, 106.0, 166.0, 242.0, 359.0, 534.0, 747.0, 1157.0, 1941.0, 3191.0, 5569.0, 10013.0, 19446.0, 39282.0, 72289.0, 34195.0, 17126.0, 8832.0, 4866.0, 2877.0, 1687.0, 1089.0, 688.0, 514.0, 301.0, 238.0, 139.0, 116.0, 87.0, 60.0, 38.0, 30.0, 26.0, 25.0, 7.0, 13.0, 16.0, 5.0, 5.0, 4.0, 2.0, 0.0, 3.0, 0.0, 2.0, 1.0, 1.0],