{"epoch": 1000, "Train_Metric_loss": -0.698677693094526, "Train_Reg_loss": 0.0031681172383416977, "_timestamp": 1688278135.258492, "_runtime": 985.6733939647675, "_step": 1104, "Recall@5": 0.029964021505528883, "Recall@10": 0.045503530208106366, "Recall@20": 0.07604471123484269, "NDCG@5": 0.020332277194826418, "NDCG@10": 0.025918563547128473, "NDCG@20": 0.03456693763481009, "Recall@5_total_best": 0.03895366288696438, "Recall@10_total_best": 0.06537284416687748, "Recall@20_total_best": 0.10192762253659736, "ndcg@5_total_best": 0.027150591019774913, "ndcg@10_total_best": 0.03648906319553872, "ndcg@20_total_best": 0.04674473217885298, "EPOCH_ndcg_best": 20, "Recall@5_ndcg_best": 0.03895366288696438, "Recall@10_ndcg_best": 0.06537284416687748, "Recall@20_ndcg_best": 0.10192762253659736, "ndcg@5_ndcg_best": 0.027150591019774913, "ndcg@10_ndcg_best": 0.03648906319553872, "ndcg@20_ndcg_best": 0.04674473217885298, "BEST_NDCG@10": 0.03648906319553872, "gradients/mass_i.weight": {"_type": "histogram", "values": [1.0, 1.0, 1.0, 2.0, 3.0, 7.0, 12.0, 38.0, 86.0, 8517.0, 23.0, 10.0, 4.0, 1.0, 1.0, 1.0, 0.0, 0.0, 0.0, 2.0, 0.0, 0.0, 0.0, 1.0, 0.0, 0.0, 0.0, 0.0, 0.0, 0.0, 0.0, 0.0, 0.0, 0.0, 0.0, 0.0, 0.0, 0.0, 0.0, 0.0, 0.0, 1.0, 0.0, 0.0, 0.0, 0.0, 0.0, 0.0, 0.0, 0.0, 0.0, 0.0, 0.0, 0.0, 0.0, 0.0, 0.0, 0.0, 0.0, 0.0, 0.0, 0.0, 0.0, 1.0], "bins": [-0.0001173424388980493, -0.00010531167936278507, -9.328091982752085e-05, -8.125015301629901e-05, -6.92194007569924e-05, -5.718863758374937e-05, -4.515787441050634e-05, -3.3127114875242114e-05, -2.109635533997789e-05, -9.065594895218965e-06, 2.965165549539961e-06, 1.4995926903793588e-05, 2.7026686439057812e-05, 3.9057445974322036e-05, 5.108820914756507e-05, 6.311896868282929e-05, 7.514972821809351e-05, 8.718048775335774e-05, 9.921124728862196e-05, 0.0001112420140998438, 0.0001232727663591504, 0.00013530353317037225, 0.00014733429998159409, 0.0001593650522409007, 0.0001713958045002073, 0.00018342657131142914, 0.00019545732357073575, 0.0002074880903819576, 0.0002195188426412642, 0.00023154960945248604, 0.00024358037626370788, 0.0002556111430749297, 0.0002676418807823211, 0.00027967264759354293, 0.00029170341440476477, 0.00030373415211215615, 0.000315764918923378, 0.00032779568573459983, 0.00033982645254582167, 0.0003518572193570435, 0.0003638879570644349, 0.0003759187238756567, 0.00038794949068687856, 0.00039998022839426994, 0.0004120109952054918, 0.0004240417620167136, 0.00043607252882793546, 0.0004481032956391573, 0.00046013406245037913, 0.00047216482926160097, 0.0004841955960728228, 0.0004962263628840446, 0.0005082571296952665, 0.0005202878382988274, 0.0005323186051100492, 0.0005443493719212711, 0.0005563801387324929, 0.0005684109055437148, 0.0005804416723549366, 0.0005924724391661584, 0.0006045032059773803, 0.0006165339145809412, 0.000628564681392163, 0.0006405954482033849, 0.0006526262150146067]}, "gradients/mass_u.weight": {"_type": "histogram", "values": [1.0, 0.0, 0.0, 0.0, 0.0, 0.0, 0.0, 0.0, 1.0, 0.0, 0.0, 2.0, 0.0, 0.0, 1.0, 1.0, 1.0, 0.0, 0.0, 0.0, 1.0, 1.0, 1.0, 2.0, 0.0, 2.0, 2.0, 1.0, 1.0, 2.0, 4.0, 3.0, 5.0, 3.0, 6.0, 9.0, 9.0, 18.0, 11.0, 8.0, 18.0, 14.0, 6.0, 2.0, 3.0, 5.0, 14526.0, 2.0, 3.0, 0.0, 3.0, 0.0, 0.0, 1.0, 0.0, 0.0, 1.0, 0.0, 0.0, 0.0, 0.0, 0.0, 0.0, 1.0], "bins": [-0.00021541293244808912, -0.00021079732687212527, -0.0002061817212961614, -0.00020156611572019756, -0.0001969505101442337, -0.00019233490456826985, -0.000187719298992306, -0.00018310369341634214, -0.00017848808784037828, -0.00017387248226441443, -0.00016925687668845057, -0.00016464127111248672, -0.00016002566553652287, -0.000155410059960559, -0.00015079445438459516, -0.0001461788488086313, -0.00014156322868075222, -0.00013694762310478836, -0.0001323320175288245, -0.00012771641195286065, -0.0001231008063768968, -0.00011848520080093294, -0.00011386958794901147, -0.00010925398237304762, -0.00010463837679708377, -0.00010002277122111991, -9.540716564515606e-05, -9.07915600691922e-05, -8.617594721727073e-05, -8.156034164130688e-05, -7.694473606534302e-05, -7.232913048937917e-05, -6.771351036150008e-05, -6.309790478553623e-05, -5.8482299209572375e-05, -5.386668999562971e-05, -4.925108441966586e-05, -4.4635478843702e-05, -4.001986962975934e-05, -3.540426405379549e-05, -3.078865847783163e-05, -2.6173052901867777e-05, -2.155744550691452e-05, -1.694183811196126e-05, -1.2326232535997406e-05, -7.710626960033551e-06, -3.0950195650802925e-06, 1.5205878298729658e-06, 6.136193405836821e-06, 1.0751799891295377e-05, 1.5367406376753934e-05, 1.9983013771707192e-05, 2.4598619347671047e-05, 2.92142249236349e-05, 3.3829834137577564e-05, 3.844543971354142e-05, 4.306104528950527e-05, 4.767665086546913e-05, 5.229225644143298e-05, 5.6907865655375645e-05, 6.15234748693183e-05, 6.613908044528216e-05, 7.075468602124602e-05, 7.537029159720987e-05, 7.998589717317373e-05]}, "gradients/embedding_user.weight": {"_type": "histogram", "values": [1.0, 2.0, 1.0, 2.0, 3.0, 4.0, 5.0, 2.0, 2.0, 2.0, 13.0, 13.0, 15.0, 16.0, 14.0, 32.0, 31.0, 51.0, 62.0, 87.0, 162.0, 195.0, 328.0, 571.0, 1115.0, 2630.0, 11948.0, 706311.0, 205315.0, 6554.0, 1874.0, 846.0, 509.0, 272.0, 191.0, 112.0, 80.0, 59.0, 38.0, 33.0, 14.0, 14.0, 12.0, 5.0, 10.0, 3.0, 6.0, 5.0, 3.0, 1.0, 0.0, 0.0, 1.0, 2.0, 2.0, 1.0, 0.0, 0.0, 2.0, 0.0, 0.0, 0.0, 0.0, 2.0], "bins": [-3.5314080832904438e-06, -3.4045820029859897e-06, -3.2777559226815356e-06, -3.1509298423770815e-06, -3.024103989446303e-06, -2.8972776817681734e-06, -2.7704518288373947e-06, -2.6436257485329406e-06, -2.5167996682284866e-06, -2.3899735879240325e-06, -2.2631475076195784e-06, -2.1363214273151243e-06, -2.0094953470106702e-06, -1.8826693803930539e-06, -1.7558434137754375e-06, -1.6290173334709834e-06, -1.5021912531665293e-06, -1.3753651728620753e-06, -1.2485390925576212e-06, -1.1217131259400048e-06, -9.948870456355507e-07, -8.680609653310967e-07, -7.412349418700614e-07, -6.144089184090262e-07, -4.875828381045721e-07, -3.607567862218275e-07, -2.3393073433908285e-07, -1.071046824563382e-07, 1.9721369426406454e-08, 1.4654744973086054e-07, 2.7337347319189576e-07, 4.00199496652931e-07, 5.270253495837096e-07, 6.538514298881637e-07, 7.806774533491989e-07, 9.075034768102341e-07, 1.0343295571146882e-06, 1.1611556374191423e-06, 1.2879816040367587e-06, 1.4148076843412127e-06, 1.5416337646456668e-06, 1.668459844950121e-06, 1.795285925254575e-06, 1.922112005559029e-06, 2.0489378584898077e-06, 2.1757641661679372e-06, 2.302590019098716e-06, 2.42941609940317e-06, 2.556242179707624e-06, 2.683068260012078e-06, 2.809894340316532e-06, 2.9367204206209863e-06, 3.0635465009254403e-06, 3.190372353856219e-06, 3.317198434160673e-06, 3.444024514465127e-06, 3.5708505947695812e-06, 3.6976766750740353e-06, 3.824502528004814e-06, 3.9513288356829435e-06, 4.078154688613722e-06, 4.204980996291852e-06, 4.33180684922263e-06, 4.45863315690076e-06, 4.5854590098315384e-06]}, "gradients/embedding_item.weight": {"_type": "histogram", "values": [1.0, 0.0, 0.0, 0.0, 0.0, 0.0, 0.0, 0.0, 0.0, 0.0, 0.0, 0.0, 2.0, 4.0, 4.0, 2.0, 7.0, 14.0, 7.0, 12.0, 11.0, 20.0, 35.0, 57.0, 70.0, 106.0, 118.0, 202.0, 265.0, 363.0, 538.0, 801.0, 1419.0, 2758.0, 5818.0, 13303.0, 40406.0, 350304.0, 96715.0, 24940.0, 9481.0, 4328.0, 2050.0, 1136.0, 698.0, 475.0, 320.0, 261.0, 177.0, 114.0, 88.0, 53.0, 32.0, 31.0, 28.0, 17.0, 7.0, 13.0, 5.0, 7.0, 3.0, 2.0, 2.0, 2.0],