{"TOTAL_BEST_METRIC": 0.886949706846453, "BEST_NDCG@10": 0.11040544777043645, "_timestamp": 1688314755.7224274, "_runtime": 373.32834029197693, "_step": 1106, "epoch": 1000, "Train_Metric_loss": -2.3698904514312744, "Train_Reg_loss": 0.04654978290200233, "Pos_loss": 1.8974977731704712, "Neg_loss": -4.702601432800293, "Recall@5": 0.08296575796715626, "Recall@10": 0.12625548615466953, "Recall@20": 0.18039188153358413, "NDCG@5": 0.06186974567983334, "NDCG@10": 0.07701094291246056, "NDCG@20": 0.09237075229454139, "Recall@5_total_best": 0.12381273293516709, "Recall@10_total_best": 0.1800336557439863, "Recall@20_total_best": 0.25168700100044133, "ndcg@5_total_best": 0.09061603502742711, "ndcg@10_total_best": 0.11024180552501436, "ndcg@20_total_best": 0.13055847661441689, "EPOCH_ndcg_best": 30, "Recall@5_ndcg_best": 0.1184519626350825, "Recall@10_ndcg_best": 0.1795176395363766, "Recall@20_ndcg_best": 0.24949499830855057, "ndcg@5_ndcg_best": 0.0893585606212106, "ndcg@10_ndcg_best": 0.11040544777043645, "ndcg@20_ndcg_best": 0.13030781616794615, "gradients/mass_i.weight": {"_type": "histogram", "values": [1.0, 0.0, 0.0, 1.0, 0.0, 0.0, 0.0, 4.0, 0.0, 1.0, 4.0, 2.0, 4.0, 0.0, 4.0, 4.0, 8.0, 17.0, 29.0, 48.0, 60.0, 88.0, 75.0, 3095.0, 46.0, 28.0, 18.0, 10.0, 3.0, 3.0, 5.0, 2.0, 0.0, 3.0, 0.0, 1.0, 1.0, 1.0, 0.0, 0.0, 0.0, 0.0, 0.0, 0.0, 1.0, 0.0, 0.0, 0.0, 0.0, 0.0, 0.0, 0.0, 0.0, 0.0, 0.0, 0.0, 0.0, 0.0, 0.0, 0.0, 0.0, 0.0, 0.0, 1.0], "bins": [-0.0002247222582809627, -0.0002151374501409009, -0.00020555262744892389, -0.0001959678193088621, -0.00018638299661688507, -0.00017679818847682327, -0.00016721338033676147, -0.00015762855764478445, -0.00014804374950472265, -0.00013845894136466086, -0.00012887411867268384, -0.00011928931053262204, -0.00010970449511660263, -0.00010011967970058322, -9.053487156052142e-05, -8.095005614450201e-05, -7.13652407284826e-05, -6.17804253124632e-05, -5.219561353442259e-05, -4.261080175638199e-05, -3.302598634036258e-05, -2.344117092434317e-05, -1.3856359146302566e-05, -4.271547368261963e-06, 5.313268047757447e-06, 1.4898081644787453e-05, 2.448289524181746e-05, 3.406770701985806e-05, 4.365252243587747e-05, 5.323733785189688e-05, 6.282214599195868e-05, 7.240696140797809e-05, 8.199180592782795e-05, 9.157662134384736e-05, 0.00010116143675986677, 0.00011074624489992857, 0.00012033106031594798, 0.0001299158757319674, 0.00013950068387202919, 0.0001490855065640062, 0.000158670314704068, 0.0001682551228441298, 0.00017783994553610682, 0.00018742475367616862, 0.00019700956181623042, 0.00020659438450820744, 0.00021617919264826924, 0.00022576400078833103, 0.00023534882348030806, 0.0002449336461722851, 0.00025451843976043165, 0.00026410326245240867, 0.0002736880851443857, 0.00028327287873253226, 0.0002928577014245093, 0.0003024425241164863, 0.00031202734680846334, 0.00032161216950044036, 0.0003311969630885869, 0.00034078178578056395, 0.000350366608472541, 0.00035995140206068754, 0.00036953622475266457, 0.0003791210474446416, 0.00038870584103278816]}, "gradients/mass_u.weight": {"_type": "histogram", "values": [1.0, 0.0, 0.0, 0.0, 0.0, 0.0, 0.0, 0.0, 0.0, 0.0, 0.0, 0.0, 0.0, 0.0, 0.0, 0.0, 0.0, 0.0, 0.0, 0.0, 0.0, 0.0, 0.0, 0.0, 0.0, 0.0, 0.0, 0.0, 0.0, 0.0, 0.0, 0.0, 1.0, 0.0, 0.0, 0.0, 0.0, 1.0, 0.0, 1.0, 0.0, 1.0, 1.0, 1.0, 0.0, 0.0, 1.0, 0.0, 0.0, 1.0, 0.0, 0.0, 5.0, 2.0, 3.0, 3.0, 4.0, 5.0, 9.0, 12.0, 32.0, 65.0, 212.0, 5180.0], "bins": [-0.0003750085597857833, -0.00036914905649609864, -0.000363289553206414, -0.0003574300208128989, -0.0003515705175232142, -0.00034571101423352957, -0.0003398515109438449, -0.00033399200765416026, -0.00032813247526064515, -0.0003222729719709605, -0.00031641346868127584, -0.00031055393628776073, -0.0003046944329980761, -0.00029883492970839143, -0.0002929754264187068, -0.0002871159231290221, -0.00028125641983933747, -0.0002753969165496528, -0.00026953741325996816, -0.00026367788086645305, -0.0002578183775767684, -0.00025195887428708375, -0.0002460993709973991, -0.00024023986770771444, -0.00023438034986611456, -0.0002285208465764299, -0.00022266132873483002, -0.00021680182544514537, -0.00021094232215546072, -0.00020508280431386083, -0.00019922330102417618, -0.0001933637831825763, -0.00018750427989289165, -0.000181644776603207, -0.0001757852587616071, -0.00016992575547192246, -0.00016406623763032258, -0.00015820673434063792, -0.00015234723105095327, -0.00014648772776126862, -0.00014062820991966873, -0.00013476870662998408, -0.0001289091887883842, -0.00012304968549869955, -0.00011719017493305728, -0.00011133066436741501, -0.00010547116107773036, -9.961165051208809e-05, -9.375213994644582e-05, -8.789262938080356e-05, -8.203311881516129e-05, -7.617361552547663e-05, -7.031410495983437e-05, -6.44545943941921e-05, -5.859508746652864e-05, -5.273558053886518e-05, -4.687606997322291e-05, -4.1016559407580644e-05, -3.5157052479917184e-05, -2.929754373326432e-05, -2.3438034986611456e-05, -1.7578526239958592e-05, -1.1719017493305728e-05, -5.8595105656422675e-06, 0.0]}, "gradients/embedding_user.weight": {"_type": "histogram", "values": [1.0, 1.0, 0.0, 1.0, 0.0, 0.0, 2.0, 0.0, 0.0, 2.0, 4.0, 5.0, 2.0, 2.0, 1.0, 5.0, 2.0, 6.0, 6.0, 7.0, 16.0, 16.0, 14.0, 29.0, 44.0, 61.0, 96.0, 194.0, 309.0, 657.0, 1595.0, 4691.0, 37725.0, 278689.0, 23882.0, 3931.0, 1317.0, 569.0, 307.0, 129.0, 85.0, 55.0, 40.0, 33.0, 17.0, 15.0, 9.0, 9.0, 2.0, 8.0, 2.0, 7.0, 8.0, 2.0, 1.0, 4.0, 2.0, 1.0, 1.0, 0.0, 1.0, 1.0, 0.0, 3.0], "bins": [-0.0003685039409901947, -0.0003574777510948479, -0.0003464515320956707, -0.00033542534220032394, -0.0003243991523049772, -0.00031337293330579996, -0.0003023467434104532, -0.00029132055351510644, -0.0002802943345159292, -0.00026926814462058246, -0.00025824192562140524, -0.0002472157357260585, -0.0002361895312787965, -0.0002251633268315345, -0.00021413713693618774, -0.00020311093248892576, -0.00019208472804166377, -0.00018105852359440178, -0.0001700323191471398, -0.00015900612925179303, -0.00014797992480453104, -0.00013695372035726905, -0.0001259275304619223, -0.0001149013260146603, -0.00010387512156739831, -9.284891712013632e-05, -8.182271994883195e-05, -7.079652277752757e-05, -5.977031833026558e-05, -4.87441175209824e-05, -3.771791671169922e-05, -2.6691719540394843e-05, -1.5665515093132854e-05, -4.6393142838496715e-06, 6.3868865254335105e-06, 1.7413087334716693e-05, 2.8439288143999875e-05, 3.946548895328306e-05, 5.049168976256624e-05, 6.151788693387061e-05, 7.25440913811326e-05, 8.357029582839459e-05, 9.459649299969897e-05, 0.00010562269017100334, 0.00011664889461826533, 0.00012767509906552732, 0.00013870128896087408, 0.00014972749340813607, 0.00016075369785539806, 0.00017177990230266005, 0.00018280610674992204, 0.0001938322966452688, 0.0002048585010925308, 0.00021588470553979278, 0.00022691089543513954, 0.00023793709988240153, 0.0002489633043296635, 0.0002599894942250103, 0.0002710157132241875, 0.00028204190311953425, 0.00029306812211871147, 0.00030409431201405823, 0.000315120501909405, 0.0003261467209085822, 0.00033717291080392897]}, "gradients/embedding_item.weight": {"_type": "histogram", "values": [1.0, 1.0, 0.0, 0.0, 0.0, 1.0, 1.0, 3.0, 4.0, 0.0, 2.0, 6.0, 6.0, 10.0, 6.0, 24.0, 24.0, 22.0, 42.0, 58.0, 89.0, 131.0, 161.0, 235.0, 342.0, 560.0, 847.0, 1453.0, 2610.0, 5453.0, 13444.0, 54951.0, 112807.0, 19834.0, 7144.0, 3375.0, 1769.0, 1026.0, 586.0, 381.0, 253.0, 230.0, 138.0, 84.0, 52.0, 42.0, 37.0, 23.0, 22.0, 20.0, 12.0, 12.0, 8.0, 0.0, 3.0, 1.0, 1.0, 1.0, 1.0, 0.0, 0.0, 0.0, 1.0, 2.0],