{"TOTAL_BEST_METRIC": 0.9976038466163051, "BEST_NDCG@10": 0.12432240049820703, "_timestamp": 1688352894.5882182, "_runtime": 641.876442193985, "_step": 1118, "epoch": 1000, "Train_Metric_loss": NaN, "Train_Reg_loss": NaN, "Pos_loss": NaN, "Neg_loss": NaN, "Recall@5": 0.0007852166725705515, "Recall@10": 0.003778486243948518, "Recall@20": 0.005806892363746774, "NDCG@5": 0.000556356529533085, "NDCG@10": 0.0016257618776651963, "NDCG@20": 0.002209725865082795, "Recall@5_total_best": 0.13788241803790774, "Recall@10_total_best": 0.2029177844463934, "Recall@20_total_best": 0.2854167649276436, "ndcg@5_total_best": 0.10060968733171133, "ndcg@10_total_best": 0.12363795320278248, "ndcg@20_total_best": 0.1471392386698665, "EPOCH_ndcg_best": 300, "Recall@5_ndcg_best": 0.1372898499457591, "Recall@10_ndcg_best": 0.19822478322534254, "Recall@20_ndcg_best": 0.2841822170140308, "ndcg@5_ndcg_best": 0.10304302161959114, "ndcg@10_ndcg_best": 0.12432240049820703, "ndcg@20_ndcg_best": 0.14846363103008467, "gradients/mass_i.weight": {"_type": "histogram", "values": [2.0, 0.0, 0.0, 0.0, 0.0, 1.0, 0.0, 0.0, 1.0, 1.0, 0.0, 0.0, 0.0, 1.0, 1.0, 1.0, 0.0, 3.0, 1.0, 6.0, 2.0, 6.0, 10.0, 17.0, 34.0, 32.0, 67.0, 100.0, 157.0, 164.0, 173.0, 2585.0, 82.0, 45.0, 30.0, 16.0, 10.0, 4.0, 5.0, 0.0, 3.0, 0.0, 0.0, 0.0, 0.0, 2.0, 1.0, 0.0, 0.0, 0.0, 0.0, 1.0, 1.0, 0.0, 0.0, 0.0, 0.0, 0.0, 1.0, 0.0, 1.0, 0.0, 0.0, 1.0], "bins": [-6.986482185311615e-05, -6.762986595276743e-05, -6.53949027764611e-05, -6.315994687611237e-05, -6.092499097576365e-05, -5.869003143743612e-05, -5.645507189910859e-05, -5.4220115998759866e-05, -5.1985156460432336e-05, -4.9750196922104806e-05, -4.751524102175608e-05, -4.528028148342855e-05, -4.304532194510102e-05, -4.08103660447523e-05, -3.857540650642477e-05, -3.634044696809724e-05, -3.410549106774852e-05, -3.187053152942099e-05, -2.9635575629072264e-05, -2.7400616090744734e-05, -2.5165658371406607e-05, -2.293070065206848e-05, -2.069574111374095e-05, -1.8460783394402824e-05, -1.6225825675064698e-05, -1.3990867955726571e-05, -1.1755909326893743e-05, -9.520950698060915e-06, -7.285992978722788e-06, -5.051035259384662e-06, -2.8160766305518337e-06, -5.811180017190054e-07, 1.6538469935767353e-06, 3.888805167662213e-06, 6.12376334174769e-06, 8.358721970580518e-06, 1.0593679689918645e-05, 1.2828637409256771e-05, 1.50635960380896e-05, 1.7298554666922428e-05, 1.9533512386260554e-05, 2.176847010559868e-05, 2.4003427824936807e-05, 2.6238387363264337e-05, 2.8473345082602464e-05, 3.070830280194059e-05, 3.294326234026812e-05, 3.517822187859565e-05, 3.741317777894437e-05, 3.96481373172719e-05, 4.1883093217620626e-05, 4.4118052755948156e-05, 4.635300865629688e-05, 4.858796819462441e-05, 5.082292773295194e-05, 5.305788363330066e-05, 5.529284317162819e-05, 5.752780270995572e-05, 5.9762758610304445e-05, 6.199771451065317e-05, 6.42326776869595e-05, 6.646763358730823e-05, 6.870258948765695e-05, 7.093755266396329e-05, 7.317250856431201e-05]}, "gradients/mass_u.weight": {"_type": "histogram", "values": [1.0, 0.0, 0.0, 0.0, 0.0, 0.0, 0.0, 0.0, 0.0, 0.0, 0.0, 0.0, 0.0, 0.0, 0.0, 0.0, 0.0, 0.0, 0.0, 0.0, 0.0, 0.0, 0.0, 0.0, 0.0, 0.0, 0.0, 0.0, 0.0, 0.0, 0.0, 0.0, 0.0, 0.0, 0.0, 0.0, 0.0, 0.0, 0.0, 0.0, 0.0, 0.0, 0.0, 0.0, 0.0, 1.0, 0.0, 2.0, 5.0, 7.0, 1.0, 4.0, 2.0, 4.0, 6.0, 6.0, 8.0, 14.0, 27.0, 33.0, 49.0, 123.0, 158.0, 5090.0], "bins": [-0.0002855792117770761, -0.00028111704159528017, -0.0002766548714134842, -0.00027219270123168826, -0.00026773050194606185, -0.0002632683317642659, -0.00025880616158246994, -0.000254343991400674, -0.00024988182121887803, -0.0002454196510370821, -0.0002409574663033709, -0.00023649529612157494, -0.00023203312593977898, -0.0002275709412060678, -0.00022310877102427185, -0.0002186466008424759, -0.00021418440155684948, -0.00020972223137505352, -0.00020526004664134234, -0.0002007978764595464, -0.00019633570627775043, -0.00019187352154403925, -0.0001874113513622433, -0.00018294918118044734, -0.00017848701099865139, -0.00017402484081685543, -0.00016956265608314425, -0.0001651004859013483, -0.00016063831571955234, -0.00015617613098584116, -0.0001517139608040452, -0.00014725179062224925, -0.00014278960588853806, -0.0001383274357067421, -0.00013386525097303092, -0.00012940308079123497, -0.00012494091060943902, -0.00012047872587572783, -0.00011601655569393188, -0.00011155437823617831, -0.00010709220077842474, -0.00010263002332067117, -9.816785313887522e-05, -9.370567568112165e-05, -8.924349822336808e-05, -8.478132076561451e-05, -8.031915058381855e-05, -7.585697312606499e-05, -7.139480294426903e-05, -6.693262548651546e-05, -6.247045530471951e-05, -5.800827784696594e-05, -5.354610038921237e-05, -4.908392656943761e-05, -4.4621752749662846e-05, -4.015957529190928e-05, -3.5697401472134516e-05, -3.1235227652359754e-05, -2.6773050194606185e-05, -2.2310876374831423e-05, -1.7848700736067258e-05, -1.3386525097303092e-05, -8.92435127752833e-06, -4.462173819774762e-06, 0.0]}, "gradients/embedding_user.weight": {"_type": "histogram", "values": [0.0, 0.0, 0.0, 0.0, 0.0, 0.0, 0.0, 0.0, 0.0, 0.0, 0.0, 0.0, 0.0, 0.0, 0.0, 0.0, 0.0, 0.0, 0.0, 0.0, 0.0, 0.0, 0.0, 0.0, 0.0, 0.0, 0.0, 0.0, 0.0, 0.0, 0.0, 0.0, 3392.0, 0.0, 0.0, 0.0, 0.0, 0.0, 0.0, 0.0, 0.0, 0.0, 0.0, 0.0, 0.0, 0.0, 0.0, 0.0, 0.0, 0.0, 0.0, 0.0, 0.0, 0.0, 0.0, 0.0, 0.0, 0.0, 0.0, 0.0, 0.0, 0.0, 0.0, 0.0], "bins": [0.0, 0.0, 0.0, 0.0, 0.0, 0.0, 0.0, 0.0, 0.0, 0.0, 0.0, 0.0, 0.0, 0.0, 0.0, 0.0, 0.0, 0.0, 0.0, 0.0, 0.0, 0.0, 0.0, 0.0, 0.0, 0.0, 0.0, 0.0, 0.0, 0.0, 0.0, 0.0, 0.0, 0.0, 0.0, 0.0, 0.0, 0.0, 0.0, 0.0, 0.0, 0.0, 0.0, 0.0, 0.0, 0.0, 0.0, 0.0, 0.0, 0.0, 0.0, 0.0, 0.0, 0.0, 0.0, 0.0, 0.0, 0.0, 0.0, 0.0, 0.0, 0.0, 0.0, 0.0, 0.0]}, "gradients/embedding_item.weight": {"_type": "histogram", "values": [1.0, 0.0, 0.0, 1.0, 0.0, 1.0, 1.0, 1.0, 3.0, 11.0, 8.0, 15.0, 21.0, 35.0, 47.0, 61.0, 101.0, 154.0, 248.0, 353.0, 572.0, 845.0, 1393.0, 2249.0, 3890.0, 6642.0, 12113.0, 22024.0, 40789.0, 67018.0, 30374.0, 16950.0, 9290.0, 5191.0, 2997.0, 1806.0, 1110.0, 703.0, 461.0, 277.0, 183.0, 127.0, 73.0, 54.0, 53.0, 28.0, 23.0, 17.0, 9.0, 7.0, 8.0, 1.0, 3.0, 3.0, 3.0, 1.0, 2.0, 0.0, 0.0, 0.0, 0.0, 0.0, 0.0, 1.0], "bins": [-0.0008451826288364828, -0.0008163090096786618, -0.0007874353905208409, -0.0007585617713630199, -0.0007296880939975381, -0.0007008144748397171, -0.0006719408556818962, -0.0006430672365240753, -0.0006141936173662543, -0.0005853199982084334, -0.0005564463790506124, -0.0005275727016851306, -0.0004986990825273097, -0.0004698254633694887, -0.0004409518442116678, -0.00041207822505384684, -0.000383204547688365, -0.00035433092853054404, -0.00032545728026889265, -0.0002965836611110717, -0.0002677100128494203, -0.00023883639369159937, -0.00020996277453377843, -0.00018108914082404226, -0.0001522155071143061, -0.00012334187340456992, -9.446824697079137e-05, -6.559462053701282e-05, -3.672098682727665e-05, -7.847353117540479e-06, 2.102626604028046e-05, 4.989989975001663e-05, 7.877347525209188e-05, 0.00010764710896182805, 0.00013652074267156422, 0.00016539436182938516, 0.00019426799553912133, 0.0002231416292488575, 0.00025201524840667844, 0.0002808888675644994, 0.0003097625158261508, 0.0003386361349839717, 0.0003675097832456231, 0.00039638340240344405, 0.000425257021561265, 0.0004541306698229164, 0.00048300428898073733, 0.0005118779372423887, 0.0005407515564002097, 0.0005696251755580306, 0.0005984987947158515, 0.0006273724138736725, 0.0006562460912391543, 0.0006851197103969753, 0.0007139933295547962, 0.0007428669487126172, 0.0007717405678704381, 0.000800614187028259, 0.00082948780618608, 0.0008583614835515618, 0.0008872351027093828, 0.0009161087218672037, 0.0009449823410250247, 0.0009738559601828456, 0.0010027296375483274]}, "_wandb": {"runtime": 641}}