{"TOTAL_BEST_METRIC": 0.8965927130798537, "BEST_NDCG@10": 0.11218862869548978, "_timestamp": 1688307829.7184422, "_runtime": 305.19990611076355, "_step": 1105, "epoch": 1000, "Train_Metric_loss": -2.9810230255126955, "Train_Reg_loss": 0.08728649169206619, "Pos_loss": 4.361663818359375, "Neg_loss": -7.27661657333374, "Recall@5": 0.0782867376650586, "Recall@10": 0.12732160137985407, "Recall@20": 0.18449164136073357, "NDCG@5": 0.056020299759293485, "NDCG@10": 0.07308768046297787, "NDCG@20": 0.08944416491086628, "Recall@5_total_best": 0.12408005230450558, "Recall@10_total_best": 0.1804448324171183, "Recall@20_total_best": 0.2545493672647037, "ndcg@5_total_best": 0.09208774808624473, "ndcg@10_total_best": 0.11218862869548978, "ndcg@20_total_best": 0.13324208431179163, "EPOCH_ndcg_best": 20, "Recall@5_ndcg_best": 0.12408005230450558, "Recall@10_ndcg_best": 0.1804448324171183, "Recall@20_ndcg_best": 0.2545493672647037, "ndcg@5_ndcg_best": 0.09208774808624473, "ndcg@10_ndcg_best": 0.11218862869548978, "ndcg@20_ndcg_best": 0.13324208431179163, "gradients/mass_i.weight": {"_type": "histogram", "values": [1.0, 0.0, 0.0, 0.0, 0.0, 0.0, 0.0, 3.0, 0.0, 1.0, 0.0, 1.0, 0.0, 0.0, 2.0, 0.0, 1.0, 0.0, 3.0, 8.0, 2.0, 11.0, 9.0, 12.0, 25.0, 22.0, 31.0, 31.0, 30.0, 36.0, 3273.0, 11.0, 13.0, 9.0, 6.0, 6.0, 3.0, 3.0, 4.0, 2.0, 0.0, 1.0, 3.0, 1.0, 0.0, 0.0, 1.0, 0.0, 0.0, 0.0, 0.0, 0.0, 0.0, 0.0, 0.0, 1.0, 0.0, 1.0, 0.0, 0.0, 0.0, 0.0, 0.0, 1.0], "bins": [-0.0001963884715223685, -0.0001899161870824173, -0.00018344390264246613, -0.00017697161820251495, -0.000170499348314479, -0.0001640270638745278, -0.00015755477943457663, -0.00015108249499462545, -0.00014461021055467427, -0.00013813792611472309, -0.0001316656416747719, -0.00012519335723482072, -0.00011872108007082716, -0.00011224879563087597, -0.00010577651846688241, -9.930423402693123e-05, -9.283194958698004e-05, -8.635966514702886e-05, -7.988738070707768e-05, -7.341510354308411e-05, -6.694281910313293e-05, -6.047053466318175e-05, -5.399825386120938e-05, -4.7525973059237e-05, -4.105368861928582e-05, -3.458140417933464e-05, -2.8109123377362266e-05, -2.163684075640049e-05, -1.516455813543871e-05, -8.692273695487529e-06, -2.2199928935151547e-06, 4.25228790845722e-06, 1.072458690032363e-05, 1.7196869521285407e-05, 2.3669152142247185e-05, 3.0141434763208963e-05, 3.661371738417074e-05, 4.308600182412192e-05, 4.9558282626094297e-05, 5.603056342806667e-05, 6.250284786801785e-05, 6.897513230796903e-05, 7.544741674792022e-05, 8.191969391191378e-05, 8.839197835186496e-05, 9.486426279181615e-05, 0.00010133653995580971, 0.0001078088243957609, 0.00011428110883571208, 0.00012075339327566326, 0.00012722567771561444, 0.00013369796215556562, 0.0001401702465955168, 0.00014664253103546798, 0.00015311480092350394, 0.00015958708536345512, 0.0001660593698034063, 0.00017253165424335748, 0.00017900393868330866, 0.00018547622312325984, 0.0001919484930112958, 0.00019842077745124698, 0.00020489306189119816, 0.00021136534633114934, 0.00021783763077110052]}, "gradients/mass_u.weight": {"_type": "histogram", "values": [0.0, 0.0, 0.0, 0.0, 0.0, 0.0, 0.0, 0.0, 0.0, 0.0, 0.0, 0.0, 0.0, 0.0, 0.0, 0.0, 0.0, 0.0, 0.0, 0.0, 0.0, 0.0, 0.0, 0.0, 0.0, 0.0, 0.0, 0.0, 0.0, 0.0, 0.0, 0.0, 5541.0, 0.0, 0.0, 0.0, 0.0, 0.0, 0.0, 0.0, 0.0, 0.0, 0.0, 0.0, 0.0, 0.0, 0.0, 0.0, 0.0, 0.0, 0.0, 0.0, 0.0, 0.0, 0.0, 0.0, 0.0, 0.0, 0.0, 0.0, 0.0, 0.0, 0.0, 0.0], "bins": [0.0, 0.0, 0.0, 0.0, 0.0, 0.0, 0.0, 0.0, 0.0, 0.0, 0.0, 0.0, 0.0, 0.0, 0.0, 0.0, 0.0, 0.0, 0.0, 0.0, 0.0, 0.0, 0.0, 0.0, 0.0, 0.0, 0.0, 0.0, 0.0, 0.0, 0.0, 0.0, 0.0, 0.0, 0.0, 0.0, 0.0, 0.0, 0.0, 0.0, 0.0, 0.0, 0.0, 0.0, 0.0, 0.0, 0.0, 0.0, 0.0, 0.0, 0.0, 0.0, 0.0, 0.0, 0.0, 0.0, 0.0, 0.0, 0.0, 0.0, 0.0, 0.0, 0.0, 0.0, 0.0]}, "gradients/embedding_user.weight": {"_type": "histogram", "values": [1.0, 0.0, 1.0, 1.0, 0.0, 1.0, 0.0, 0.0, 1.0, 1.0, 2.0, 2.0, 3.0, 2.0, 3.0, 5.0, 5.0, 7.0, 8.0, 5.0, 19.0, 23.0, 25.0, 44.0, 63.0, 120.0, 139.0, 253.0, 414.0, 727.0, 1232.0, 2627.0, 7999.0, 68868.0, 237881.0, 25065.0, 4673.0, 1904.0, 942.0, 534.0, 368.0, 211.0, 118.0, 90.0, 63.0, 51.0, 31.0, 21.0, 24.0, 14.0, 8.0, 8.0, 5.0, 4.0, 4.0, 0.0, 1.0, 1.0, 0.0, 1.0, 0.0, 0.0, 0.0, 1.0], "bins": [-0.00018508511129766703, -0.00017968914471566677, -0.00017429317813366652, -0.00016889721155166626, -0.000163501244969666, -0.00015810527838766575, -0.0001527093118056655, -0.00014731334522366524, -0.00014191737864166498, -0.00013652141205966473, -0.00013112544547766447, -0.00012572947889566422, -0.00012033351231366396, -0.0001149375457316637, -0.00010954157187370583, -0.00010414560529170558, -9.874963143374771e-05, -9.335366485174745e-05, -8.79576982697472e-05, -8.256173168774694e-05, -7.716576510574669e-05, -7.176979852374643e-05, -6.637382466578856e-05, -6.0977858083788306e-05, -5.558189150178805e-05, -5.0185924919787794e-05, -4.478995833778754e-05, -3.9393988117808476e-05, -3.399802153580822e-05, -2.8602054953807965e-05, -2.3206084733828902e-05, -1.7810118151828647e-05, -1.2414137017913163e-05, -7.018169526418205e-06, -1.622202034923248e-06, 3.773766366066411e-06, 9.169732948066667e-06, 1.4565699530066922e-05, 1.9961669750045985e-05, 2.535763633204624e-05, 3.0753602914046496e-05, 3.614956949604675e-05, 4.154553607804701e-05, 4.694150629802607e-05, 5.2337472880026326e-05, 5.773343946202658e-05, 6.312940968200564e-05, 6.85253762640059e-05, 7.392134284600616e-05, 7.931730942800641e-05, 8.471327601000667e-05, 9.010924259200692e-05, 9.550520917400718e-05, 0.00010090117575600743, 0.0001062971496139653, 0.00011169311619596556, 0.00011708908277796581, 0.00012248505663592368, 0.00012788102321792394, 0.0001332769897999242, 0.00013867295638192445, 0.0001440689229639247, 0.00014946488954592496, 0.00015486085612792522, 0.00016025682270992547]}, "gradients/embedding_item.weight": {"_type": "histogram", "values": [2.0, 2.0, 7.0, 3.0, 6.0, 10.0, 17.0, 25.0, 40.0, 32.0, 58.0, 111.0, 166.0, 244.0, 412.0, 588.0, 942.0, 1594.0, 3152.0, 6812.0, 21123.0, 131779.0, 41478.0, 10168.0, 4234.0, 2129.0, 1209.0, 764.0, 431.0, 296.0, 150.0, 125.0, 81.0, 67.0, 27.0, 17.0, 17.0, 7.0, 9.0, 3.0, 3.0, 5.0, 1.0, 1.0, 1.0, 0.0, 0.0, 0.0, 1.0, 1.0, 0.0, 0.0, 0.0, 1.0, 0.0, 0.0, 0.0, 0.0, 0.0, 0.0, 0.0, 0.0, 0.0, 1.0], "bins": [-0.00010750440560514107, -0.00010254956578137353, -9.759472595760599e-05, -9.263988613383844e-05, -8.76850463100709e-05, -8.273020648630336e-05, -7.777537393849343e-05, -7.282053411472589e-05, -6.786569429095834e-05, -6.29108544671908e-05, -5.795601464342326e-05, -5.3001174819655716e-05, -4.8046334995888174e-05, -4.309149517212063e-05, -3.8136658986331895e-05, -3.318181916256435e-05, -2.8226975700818002e-05, -2.327213587705046e-05, -1.8317296053282917e-05, -1.3362458048504777e-05, -8.407618224737234e-06, -3.4527784009696916e-06, 1.5020596038084477e-06, 6.4568994275759906e-06, 1.1411739251343533e-05, 1.6366579075111076e-05, 2.132141889887862e-05, 2.627625690365676e-05, 3.12310949084349e-05, 3.618593473220244e-05, 4.114077455596998e-05, 4.6095614379737526e-05, 5.105046147946268e-05, 5.6005301303230226e-05, 6.096014112699777e-05, 6.591498095076531e-05, 7.086982077453285e-05, 7.58246605983004e-05, 8.077950042206794e-05, 8.573434024583548e-05, 9.068918006960303e-05, 9.564401989337057e-05, 0.00010059885971713811, 0.00010555369954090565, 0.0001105085393646732, 0.00011546337918844074, 0.00012041821901220828, 0.00012537305883597583, 0.00013032788410782814, 0.00013528272393159568, 0.00014023756375536323, 0.00014519240357913077, 0.0001501472434028983, 0.00015510208322666585, 0.0001600569230504334, 0.00016501176287420094, 0.00016996660269796848, 0.00017492144252173603, 0.00017987628234550357, 0.0001848311221692711, 0.00018978596199303865, 0.0001947408018168062, 0.00019969564164057374, 0.00020465048146434128, 0.00020960532128810883]}, "_wandb": {"runtime": 304}}