{"TOTAL_BEST_METRIC": 0.19783764734080958, "BEST_NDCG@10": 0.02201246048089722, "_timestamp": 1688482463.0632563, "_runtime": 1697.0040912628174, "_step": 1281, "epoch": 1000, "Train_Metric_loss": 2.802505476134164, "Train_Reg_loss": 1.5816779393519807e-06, "Pos_loss": 8.004340171813965, "Neg_loss": 1.2928175926208496, "Recall@5": 0.02258050239856629, "Recall@10": 0.04145409535394517, "Recall@20": 0.06698660823815326, "NDCG@5": 0.01546668382517966, "NDCG@10": 0.02201246048089722, "NDCG@20": 0.029284238761495652, "Recall@5_total_best": 0.023024248985131016, "Recall@10_total_best": 0.04124018674298576, "Recall@20_total_best": 0.06688420517971526, "ndcg@5_total_best": 0.01558736858777388, "ndcg@10_total_best": 0.021889859876234187, "ndcg@20_total_best": 0.0292117779689695, "EPOCH_ndcg_best": 1000, "Recall@5_ndcg_best": 0.02258050239856629, "Recall@10_ndcg_best": 0.04145409535394517, "Recall@20_ndcg_best": 0.06698660823815326, "ndcg@5_ndcg_best": 0.01546668382517966, "ndcg@10_ndcg_best": 0.02201246048089722, "ndcg@20_ndcg_best": 0.029284238761495652, "gradients/mass_i.weight": {"_type": "histogram", "values": [1.0, 0.0, 0.0, 0.0, 0.0, 0.0, 0.0, 0.0, 0.0, 0.0, 0.0, 0.0, 0.0, 0.0, 0.0, 0.0, 0.0, 0.0, 1.0, 0.0, 0.0, 1.0, 0.0, 0.0, 1.0, 2.0, 0.0, 0.0, 2.0, 1.0, 2.0, 0.0, 2.0, 1.0, 2.0, 3.0, 2.0, 0.0, 6.0, 1.0, 3.0, 9.0, 3.0, 8.0, 30.0, 8.0, 28.0, 30.0, 144.0, 30.0, 90.0, 676.0, 282.0, 6366.0, 678.0, 50.0, 151.0, 55.0, 14.0, 16.0, 7.0, 4.0, 1.0, 2.0], "bins": [-0.0037661350797861814, -0.003695565043017268, -0.0036249952390789986, -0.0035544252023100853, -0.0034838553983718157, -0.0034132853616029024, -0.003342715557664633, -0.0032721455208957195, -0.00320157571695745, -0.0031310056801885366, -0.003060435876250267, -0.0029898658394813538, -0.002919296035543084, -0.002848725998774171, -0.0027781561948359013, -0.002707586158066988, -0.0026370161212980747, -0.0025664460845291615, -0.002495876280590892, -0.0024253062438219786, -0.002354736439883709, -0.0022841664031147957, -0.002213596599176526, -0.002143026562407613, -0.002072456758469343, -0.00200188672170043, -0.0019313169177621603, -0.0018607469974085689, -0.0017901770770549774, -0.001719607156701386, -0.0016490372363477945, -0.0015784671995788813, -0.0015078976284712553, -0.0014373277081176639, -0.0013667577877640724, -0.001296187867410481, -0.0012256179470568895, -0.001155048026703298, -0.0010844781063497066, -0.0010139080695807934, -0.0009433381492272019, -0.0008727682288736105, -0.0008021983085200191, -0.0007316283881664276, -0.0006610584678128362, -0.0005904885474592447, -0.0005199185688979924, -0.00044934864854440093, -0.0003787787281908095, -0.00030820880783721805, -0.00023763887293171138, -0.0001670689380262047, -9.649901767261326e-05, -2.592909731902182e-05, 4.464085213840008e-05, 0.00011521077249199152, 0.00018578069284558296, 0.0002563506131991744, 0.00032692053355276585, 0.00039749048301018775, 0.0004680604033637792, 0.0005386302946135402, 0.0006092002731747925, 0.000679770193528384, 0.0007503401138819754]}, "gradients/mass_u.weight": {"_type": "histogram", "values": [1.0, 0.0, 0.0, 0.0, 0.0, 0.0, 0.0, 0.0, 0.0, 0.0, 0.0, 0.0, 0.0, 0.0, 0.0, 0.0, 0.0, 0.0, 0.0, 0.0, 0.0, 0.0, 0.0, 0.0, 0.0, 0.0, 0.0, 0.0, 0.0, 0.0, 0.0, 0.0, 0.0, 0.0, 1.0, 0.0, 0.0, 1.0, 0.0, 0.0, 0.0, 0.0, 1.0, 0.0, 0.0, 0.0, 0.0, 0.0, 0.0, 0.0, 1.0, 2.0, 1.0, 2.0, 5.0, 4.0, 6.0, 17.0, 12.0, 24.0, 53.0, 121.0, 176.0, 14253.0], "bins": [-0.007956497371196747, -0.007832176983356476, -0.007707856595516205, -0.007583536673337221, -0.00745921628549695, -0.007334895897656679, -0.0072105759754776955, -0.0070862555876374245, -0.0069619351997971535, -0.0068376148119568825, -0.0067132944241166115, -0.006588974501937628, -0.006464654114097357, -0.006340333726257086, -0.006216013804078102, -0.006091693416237831, -0.00596737302839756, -0.005843052640557289, -0.005718732252717018, -0.0055944123305380344, -0.0054700919426977634, -0.0053457715548574924, -0.005221451632678509, -0.005097131244838238, -0.004972810856997967, -0.004848490469157696, -0.004724170081317425, -0.004599850159138441, -0.00447552977129817, -0.004351209383457899, -0.004226889461278915, -0.004102569073438644, -0.003978248685598373, -0.0038539282977581024, -0.003729608142748475, -0.0036052879877388477, -0.0034809675998985767, -0.0033566472120583057, -0.0032323270570486784, -0.003108006902039051, -0.00298368651419878, -0.002859366126358509, -0.0027350459713488817, -0.0026107258163392544, -0.0024864054284989834, -0.0023620850406587124, -0.002237764885649085, -0.0021134447306394577, -0.0019891243427991867, -0.0018648040713742375, -0.0017404837999492884, -0.0016161635285243392, -0.00149184325709939, -0.0013675229856744409, -0.0012432027142494917, -0.0011188824428245425, -0.0009945621713995934, -0.0008702418999746442, -0.000745921628549695, -0.0006216013571247458, -0.0004972810856997967, -0.0003729608142748475, -0.00024864054284989834, -0.00012432027142494917, 0.0]}, "gradients/embedding_user.weight": {"_type": "histogram", "values": [2.0, 1.0, 0.0, 0.0, 1.0, 0.0, 1.0, 1.0, 0.0, 1.0, 2.0, 2.0, 3.0, 1.0, 1.0, 5.0, 4.0, 6.0, 4.0, 13.0, 14.0, 21.0, 31.0, 48.0, 72.0, 131.0, 237.0, 555.0, 1581.0, 5095.0, 18858.0, 875540.0, 28814.0, 5566.0, 1813.0, 633.0, 219.0, 110.0, 63.0, 36.0, 19.0, 24.0, 7.0, 12.0, 11.0, 5.0, 4.0, 3.0, 1.0, 3.0, 1.0, 2.0, 3.0, 1.0, 0.0, 0.0, 0.0, 0.0, 0.0, 0.0, 1.0, 0.0, 0.0, 2.0], "bins": [-0.0018580830655992031, -0.00179918366484344, -0.001740284264087677, -0.001681384863331914, -0.001622485462576151, -0.0015635860618203878, -0.0015046866610646248, -0.0014457872603088617, -0.0013868878595530987, -0.0013279884587973356, -0.0012690890580415726, -0.0012101896572858095, -0.0011512902565300465, -0.0010923908557742834, -0.0010334914550185204, -0.0009745920542627573, -0.0009156926535069942, -0.0008567932527512312, -0.0007978938519954681, -0.0007389944512397051, -0.000680095050483942, -0.000621195649728179, -0.0005622962489724159, -0.0005033968482166529, -0.0004444974474608898, -0.00038559804670512676, -0.0003266986459493637, -0.00026779924519360065, -0.0002088998444378376, -0.00015000044368207455, -9.110104292631149e-05, -3.220164217054844e-05, 2.6697642169892788e-05, 8.559704292565584e-05, 0.0001444964436814189, 0.00020339584443718195, 0.000262295245192945, 0.00032119464594870806, 0.0003800940467044711, 0.00043899344746023417, 0.0004978928482159972, 0.0005567922489717603, 0.0006156916497275233, 0.0006745910504832864, 0.0007334904512390494, 0.0007923898519948125, 0.0008512892527505755, 0.0009101886535063386, 0.0009690880542621017, 0.0010279874550178647, 0.0010868868557736278, 0.0011457862565293908, 0.0012046856572851539, 0.001263585058040917, 0.00132248445879668, 0.001381383859552443, 0.001440283260308206, 0.0014991826610639691, 0.0015580820618197322, 0.0016169814625754952, 0.0016758808633312583, 0.0017347802640870214, 0.0017936796648427844, 0.0018525790655985475, 0.0019114784663543105]}, "gradients/embedding_item.weight": {"_type": "histogram", "values": [1.0, 0.0, 1.0, 0.0, 2.0, 5.0, 5.0, 2.0, 3.0, 5.0, 12.0, 14.0, 25.0, 21.0, 30.0, 55.0, 70.0, 97.0, 141.0, 255.0, 292.0, 434.0, 671.0, 1076.0, 1574.0, 2547.0, 4231.0, 7276.0, 12574.0, 21250.0, 32361.0, 43807.0, 274382.0, 59626.0, 35086.0, 23810.0, 14451.0, 8490.0, 4805.0, 2930.0, 1801.0, 1175.0, 710.0, 499.0, 307.0, 222.0, 131.0, 120.0, 73.0, 44.0, 37.0, 30.0, 21.0, 13.0, 9.0, 7.0, 4.0, 1.0, 2.0, 2.0, 3.0, 0.0, 2.0, 2.0],