{"TOTAL_BEST_METRIC": 0.31313012452896094, "BEST_NDCG@10": 0.03611152817468528, "_timestamp": 1688280649.8849843, "_runtime": 998.6444301605225, "_step": 1107, "epoch": 1000, "Train_Metric_loss": -0.6555759906768799, "Train_Reg_loss": 0.003217348446404295, "Recall@5": 0.027264768586777226, "Recall@10": 0.04395263227953112, "Recall@20": 0.07564671873194635, "NDCG@5": 0.019410863770989144, "NDCG@10": 0.025271770602955986, "NDCG@20": 0.03422295886248718, "Recall@5_total_best": 0.03783416940332561, "Recall@10_total_best": 0.06515857326566171, "Recall@20_total_best": 0.10118040802111201, "ndcg@5_total_best": 0.026527742342363485, "ndcg@10_total_best": 0.03611152817468528, "ndcg@20_total_best": 0.04631770332181282, "EPOCH_ndcg_best": 30, "Recall@5_ndcg_best": 0.03783416940332561, "Recall@10_ndcg_best": 0.06515857326566171, "Recall@20_ndcg_best": 0.10118040802111201, "ndcg@5_ndcg_best": 0.026527742342363485, "ndcg@10_ndcg_best": 0.03611152817468528, "ndcg@20_ndcg_best": 0.04631770332181282, "gradients/mass_i.weight": {"_type": "histogram", "values": [1.0, 1.0, 1.0, 1.0, 3.0, 8.0, 11.0, 27.0, 42.0, 59.0, 34.0, 8470.0, 11.0, 23.0, 8.0, 2.0, 4.0, 3.0, 2.0, 0.0, 0.0, 0.0, 0.0, 1.0, 0.0, 0.0, 0.0, 0.0, 0.0, 0.0, 0.0, 0.0, 0.0, 0.0, 0.0, 0.0, 0.0, 0.0, 0.0, 0.0, 0.0, 0.0, 0.0, 0.0, 0.0, 0.0, 0.0, 0.0, 0.0, 0.0, 0.0, 0.0, 0.0, 0.0, 0.0, 0.0, 0.0, 0.0, 0.0, 0.0, 0.0, 0.0, 0.0, 1.0], "bins": [-8.334709127666429e-05, -7.590880704810843e-05, -6.847052281955257e-05, -6.103223859099671e-05, -5.3593954362440854e-05, -4.6155670133884996e-05, -3.871738590532914e-05, -3.127910167677328e-05, -2.3840817448217422e-05, -1.6402533219661564e-05, -8.964248991105705e-06, -1.5259647625498474e-06, 5.912319466006011e-06, 1.3350603694561869e-05, 2.0788887923117727e-05, 2.8227172151673585e-05, 3.566545638022944e-05, 4.31037406087853e-05, 5.054202483734116e-05, 5.798030906589702e-05, 6.541859329445288e-05, 7.285687752300873e-05, 8.029516175156459e-05, 8.773344598012045e-05, 9.517173020867631e-05, 0.00010261001443723217, 0.00011004829866578802, 0.00011748658289434388, 0.00012492487439885736, 0.00013236314407549798, 0.00013980144285596907, 0.0001472397125326097, 0.0001546780113130808, 0.00016211629554163665, 0.0001695545797701925, 0.00017699286399874836, 0.00018443114822730422, 0.00019186943245586008, 0.00019930771668441594, 0.0002067460009129718, 0.00021418428514152765, 0.0002216225693700835, 0.00022906085359863937, 0.00023649913782719523, 0.00024393742205575109, 0.00025137572083622217, 0.0002588139905128628, 0.00026625226018950343, 0.0002736905589699745, 0.0002811288577504456, 0.00028856712742708623, 0.00029600539710372686, 0.00030344369588419795, 0.00031088199466466904, 0.00031832026434130967, 0.0003257585340179503, 0.0003331968327984214, 0.00034063513157889247, 0.0003480734012555331, 0.00035551167093217373, 0.0003629499697126448, 0.0003703882684931159, 0.00037782653816975653, 0.00038526480784639716, 0.00039270310662686825]}, "gradients/mass_u.weight": {"_type": "histogram", "values": [1.0, 1.0, 0.0, 0.0, 0.0, 0.0, 0.0, 0.0, 0.0, 1.0, 0.0, 1.0, 0.0, 0.0, 0.0, 0.0, 0.0, 0.0, 0.0, 1.0, 2.0, 2.0, 1.0, 1.0, 0.0, 1.0, 4.0, 1.0, 2.0, 3.0, 4.0, 1.0, 4.0, 8.0, 10.0, 11.0, 25.0, 14.0, 24.0, 18.0, 7.0, 9.0, 14513.0, 3.0, 2.0, 1.0, 2.0, 0.0, 0.0, 1.0, 0.0, 1.0, 0.0, 0.0, 0.0, 0.0, 0.0, 0.0, 0.0, 0.0, 0.0, 0.0, 0.0, 1.0], "bins": [-0.00028282974380999804, -0.0002761517243925482, -0.00026947373407892883, -0.000262795714661479, -0.00025611769524402916, -0.00024943967582657933, -0.00024276168551295996, -0.00023608366609551013, -0.0002294056466780603, -0.0002227276418125257, -0.00021604962239507586, -0.00020937161752954125, -0.00020269359811209142, -0.00019601559324655682, -0.00018933758838102221, -0.00018265956896357238, -0.00017598156409803778, -0.00016930355923250318, -0.00016262553981505334, -0.00015594753494951874, -0.0001492695155320689, -0.0001425915106665343, -0.00013591349124908447, -0.00012923548638354987, -0.00012255748151801527, -0.00011587946937652305, -0.00010920145723503083, -0.00010252345236949623, -9.58454329520464e-05, -8.916742808651179e-05, -8.248941594501957e-05, -7.581140380352736e-05, -6.913338438607752e-05, -6.24553722445853e-05, -5.577736010309309e-05, -4.909935159957968e-05, -4.242133945808746e-05, -3.574332731659524e-05, -2.906531881308183e-05, -2.2387306671589613e-05, -1.5709294530097395e-05, -9.03128329809988e-06, -2.353272066102363e-06, 4.324738256400451e-06, 1.1002750397892669e-05, 1.7680762539384887e-05, 2.4358771042898297e-05, 3.1036783184390515e-05, 3.771479532588273e-05, 4.439280746737495e-05, 5.107081960886717e-05, 5.774882811238058e-05, 6.44268438918516e-05, 7.110484875738621e-05, 7.778286089887843e-05, 8.446087304037064e-05, 9.113888518186286e-05, 9.781689732335508e-05, 0.0001044949094648473, 0.00011117292160633951, 0.00011785092647187412, 0.00012452894588932395, 0.00013120695075485855, 0.00013788495562039316, 0.000144562975037843]}, "gradients/embedding_user.weight": {"_type": "histogram", "values": [1.0, 0.0, 1.0, 3.0, 4.0, 2.0, 5.0, 3.0, 6.0, 5.0, 7.0, 10.0, 12.0, 12.0, 27.0, 27.0, 33.0, 43.0, 42.0, 52.0, 95.0, 125.0, 201.0, 289.0, 427.0, 734.0, 1150.0, 2407.0, 7836.0, 76507.0, 776483.0, 60734.0, 6418.0, 2325.0, 1267.0, 762.0, 473.0, 283.0, 185.0, 134.0, 92.0, 75.0, 54.0, 43.0, 27.0, 33.0, 23.0, 38.0, 16.0, 5.0, 6.0, 9.0, 8.0, 9.0, 4.0, 3.0, 1.0, 2.0, 2.0, 2.0, 1.0, 0.0, 0.0, 1.0], "bins": [-2.7244236662227195e-06, -2.6350239750172477e-06, -2.545624283811776e-06, -2.4562243652326288e-06, -2.366824674027157e-06, -2.2774249828216853e-06, -2.1880252916162135e-06, -2.0986253730370663e-06, -2.0092256818315946e-06, -1.919825990626123e-06, -1.8304261857338133e-06, -1.7410264945283416e-06, -1.651626689636032e-06, -1.5622269984305603e-06, -1.4728273072250886e-06, -1.3834275023327791e-06, -1.2940278111273074e-06, -1.2046281199218356e-06, -1.1152283150295261e-06, -1.0258286238240544e-06, -9.364288189317449e-07, -8.470291277262731e-07, -7.576293796773825e-07, -6.682296316284919e-07, -5.788298835796013e-07, -4.894301355307107e-07, -4.0003038748182007e-07, -3.106306678546389e-07, -2.2123091980574827e-07, -1.3183117175685766e-07, -4.243145212967647e-08, 4.696829591921414e-08, 1.3636804396810476e-07, 2.2576779201699537e-07, 3.15167540065886e-07, 4.0456725969306717e-07, 4.939670361636672e-07, 5.83366727369139e-07, 6.727664754180296e-07, 7.621662234669202e-07, 8.515659715158108e-07, 9.409657195647014e-07, 1.0303654107701732e-06, 1.1197652156624827e-06, 1.2091649068679544e-06, 1.2985647117602639e-06, 1.3879644029657356e-06, 1.4773640941712074e-06, 1.5667638990635169e-06, 1.6561635902689886e-06, 1.745563395161298e-06, 1.8349630863667699e-06, 1.9243627775722416e-06, 2.013762696151389e-06, 2.1031623873568606e-06, 2.1925620785623323e-06, 2.281961769767804e-06, 2.371361460973276e-06, 2.4607611521787476e-06, 2.5501610707578948e-06, 2.6395607619633665e-06, 2.7289604531688383e-06, 2.81836014437431e-06, 2.9077600629534572e-06, 2.997159754158929e-06]}, "gradients/embedding_item.weight": {"_type": "histogram", "values": [1.0, 1.0, 2.0, 0.0, 2.0, 3.0, 2.0, 1.0, 3.0, 3.0, 5.0, 3.0, 3.0, 6.0, 4.0, 7.0, 13.0, 21.0, 43.0, 36.0, 64.0, 88.0, 158.0, 267.0, 425.0, 804.0, 1588.0, 3871.0, 15202.0, 137202.0, 368562.0, 20556.0, 4793.0, 1796.0, 881.0, 498.0, 259.0, 168.0, 85.0, 53.0, 46.0, 28.0, 18.0, 9.0, 12.0, 11.0, 5.0, 6.0, 2.0, 3.0, 1.0, 1.0, 1.0, 3.0, 4.0, 0.0, 0.0, 0.0, 1.0, 0.0, 0.0, 0.0, 0.0, 2.0],