{"TOTAL_BEST_METRIC": 1.0053489896524934, "BEST_NDCG@10": 0.12628887182697626, "_timestamp": 1688321152.31859, "_runtime": 373.3910868167877, "_step": 1194, "epoch": 1000, "Train_Metric_loss": -0.14459878206253052, "Train_Reg_loss": 2.9678626378881746e-05, "Pos_loss": -0.21140450239181519, "Neg_loss": 0.1988292783498764, "Recall@5": 0.13829937424657487, "Recall@10": 0.20679720865483492, "Recall@20": 0.28244830438395513, "NDCG@5": 0.101864675820815, "NDCG@10": 0.12589205283788052, "NDCG@20": 0.14764702033800128, "Recall@5_total_best": 0.13865360733194504, "Recall@10_total_best": 0.20765917582923568, "Recall@20_total_best": 0.28311383321101424, "ndcg@5_total_best": 0.10195536968269708, "ndcg@10_total_best": 0.1261388638667091, "ndcg@20_total_best": 0.14782813973089237, "EPOCH_ndcg_best": 900, "Recall@5_ndcg_best": 0.14003943700235438, "Recall@10_ndcg_best": 0.20646021372921647, "Recall@20_ndcg_best": 0.28110959279858544, "ndcg@5_ndcg_best": 0.10269556452043503, "ndcg@10_ndcg_best": 0.12628887182697626, "ndcg@20_ndcg_best": 0.14768310516869537, "gradients/mass_i.weight": {"_type": "histogram", "values": [1.0, 0.0, 0.0, 0.0, 0.0, 0.0, 1.0, 0.0, 1.0, 0.0, 1.0, 1.0, 2.0, 2.0, 1.0, 2.0, 4.0, 3.0, 2.0, 1.0, 2.0, 1.0, 3.0, 4.0, 4.0, 5.0, 8.0, 8.0, 10.0, 14.0, 14.0, 10.0, 29.0, 21.0, 18.0, 33.0, 31.0, 48.0, 58.0, 57.0, 60.0, 77.0, 168.0, 104.0, 62.0, 138.0, 2112.0, 73.0, 53.0, 117.0, 31.0, 58.0, 37.0, 21.0, 24.0, 9.0, 9.0, 7.0, 1.0, 2.0, 1.0, 1.0, 1.0, 2.0], "bins": [-0.001899079536087811, -0.0018583943601697683, -0.0018177090678364038, -0.0017770238919183612, -0.0017363387160003185, -0.001695653423666954, -0.0016549682477489114, -0.0016142830718308687, -0.0015735977794975042, -0.0015329126035794616, -0.001492227311246097, -0.0014515421353280544, -0.0014108569594100118, -0.0013701716670766473, -0.0013294864911586046, -0.0012888011988252401, -0.0012481161393225193, -0.0012074309634044766, -0.0011667456710711122, -0.0011260604951530695, -0.0010853753192350268, -0.0010446900269016623, -0.0010040048509836197, -0.0009633196168579161, -0.0009226343827322125, -0.000881949148606509, -0.0008412639726884663, -0.0008005787385627627, -0.0007598935044370592, -0.0007192082703113556, -0.0006785230943933129, -0.0006378378602676094, -0.0005971526261419058, -0.0005564673920162022, -0.0005157822160981596, -0.000475096981972456, -0.0004344117478467524, -0.0003937265428248793, -0.00035304133780300617, -0.0003123561036773026, -0.0002716708986554295, -0.00023098567908164114, -0.0001903004595078528, -0.00014961525448597968, -0.00010893003491219133, -6.824481533840299e-05, -2.755961031652987e-05, 1.3125623809173703e-05, 5.381082883104682e-05, 9.449604840483516e-05, 0.0001351812679786235, 0.00017586647300049663, 0.00021655169257428497, 0.0002572369121480733, 0.00029792211716994643, 0.00033860735129565, 0.0003792925563175231, 0.00041997776133939624, 0.0004606629954650998, 0.0005013481713831425, 0.000542033405508846, 0.0005827186396345496, 0.0006234038155525923, 0.0006640891078859568, 0.0007047742838039994]}, "gradients/mass_u.weight": {"_type": "histogram", "values": [1.0, 0.0, 0.0, 0.0, 0.0, 0.0, 0.0, 0.0, 0.0, 0.0, 0.0, 0.0, 0.0, 0.0, 0.0, 0.0, 0.0, 0.0, 0.0, 0.0, 0.0, 0.0, 1.0, 0.0, 0.0, 0.0, 0.0, 0.0, 0.0, 0.0, 0.0, 0.0, 0.0, 0.0, 0.0, 0.0, 0.0, 3.0, 0.0, 1.0, 0.0, 0.0, 1.0, 0.0, 0.0, 0.0, 0.0, 0.0, 0.0, 2.0, 1.0, 0.0, 1.0, 4.0, 2.0, 4.0, 7.0, 6.0, 7.0, 16.0, 33.0, 55.0, 209.0, 5187.0], "bins": [-0.012384597212076187, -0.012191087938845158, -0.011997578665614128, -0.011804069392383099, -0.011610560119152069, -0.01141705084592104, -0.01122354157269001, -0.011030031368136406, -0.010836523026227951, -0.010643013752996922, -0.010449504479765892, -0.010255995206534863, -0.010062485933303833, -0.009868976660072803, -0.009675467386841774, -0.00948195718228817, -0.00928844790905714, -0.00909493863582611, -0.008901429362595081, -0.008707920089364052, -0.008514410816133022, -0.008320901542901993, -0.008127392269670963, -0.007933882996439934, -0.007740373257547617, -0.0075468639843165874, -0.007353354711085558, -0.007159845437854528, -0.006966335698962212, -0.006772826425731182, -0.006579317152500153, -0.006385807879269123, -0.006192298606038094, -0.005998789332807064, -0.0058052800595760345, -0.005611770786345005, -0.0054182615131139755, -0.005224751774221659, -0.005031242500990629, -0.0048377332277596, -0.00464422395452857, -0.004450714681297541, -0.004257205408066511, -0.004063696134835482, -0.0038701866287738085, -0.003676677355542779, -0.003483167849481106, -0.0032896585762500763, -0.003096149303019047, -0.0029026400297880173, -0.0027091307565569878, -0.0025156212504953146, -0.002322111977264285, -0.0021286027040332556, -0.0019350933143869042, -0.001741583924740553, -0.0015480746515095234, -0.0013545653782784939, -0.0011610559886321425, -0.0009675466571934521, -0.0007740373257547617, -0.0005805279943160713, -0.00038701866287738085, -0.0001935092732310295, 0.0]}, "gradients/embedding_user.weight": {"_type": "histogram", "values": [2.0, 0.0, 0.0, 1.0, 1.0, 0.0, 0.0, 3.0, 0.0, 4.0, 2.0, 5.0, 6.0, 14.0, 16.0, 31.0, 37.0, 48.0, 113.0, 203.0, 407.0, 982.0, 2221.0, 5296.0, 22998.0, 133377.0, 150408.0, 28218.0, 5759.0, 2424.0, 1055.0, 440.0, 237.0, 116.0, 60.0, 52.0, 29.0, 11.0, 12.0, 8.0, 10.0, 5.0, 1.0, 1.0, 3.0, 2.0, 1.0, 1.0, 0.0, 1.0, 0.0, 0.0, 1.0, 0.0, 1.0, 0.0, 0.0, 0.0, 0.0, 0.0, 0.0, 0.0, 0.0, 1.0], "bins": [-5.123190931044519e-06, -4.926534074911615e-06, -4.729877673526062e-06, -4.533220817393158e-06, -4.3365644160076044e-06, -4.1399075598747e-06, -3.943250703741796e-06, -3.746594302356243e-06, -3.5499376735970145e-06, -3.353281044837786e-06, -3.1566244160785573e-06, -2.9599677873193286e-06, -2.7633109311864246e-06, -2.5666545298008714e-06, -2.3699976736679673e-06, -2.1733410449087387e-06, -1.97668441614951e-06, -1.7800277873902814e-06, -1.5833711586310528e-06, -1.3867144161849865e-06, -1.1900577874257579e-06, -9.934011586665292e-07, -7.967444162204629e-07, -6.000877874612343e-07, -4.0343115870200563e-07, -2.0677450152106758e-07, -1.0117844340129523e-08, 1.8653884126251796e-07, 3.831954700217466e-07, 5.798520987809752e-07, 7.765088412270416e-07, 9.731654699862702e-07, 1.1698220987454988e-06, 1.3664787275047274e-06, 1.563135356263956e-06, 1.7597920987100224e-06, 1.9564486137824133e-06, 2.1531054699153174e-06, 2.349762098674546e-06, 2.5464187274337746e-06, 2.7430753561930032e-06, 2.939731984952232e-06, 3.1363886137114605e-06, 3.333045242470689e-06, 3.529702098603593e-06, 3.7263584999891464e-06, 3.9230153561220504e-06, 4.119671757507604e-06, 4.316328613640508e-06, 4.512985469773412e-06, 4.709641871158965e-06, 4.906298727291869e-06, 5.102955128677422e-06, 5.299611984810326e-06, 5.4962683861958794e-06, 5.6929252423287835e-06, 5.8895820984616876e-06, 6.086238954594592e-06, 6.282895355980145e-06, 6.479552212113049e-06, 6.676208613498602e-06, 6.872865469631506e-06, 7.06952232576441e-06, 7.266178727149963e-06, 7.4628351285355166e-06]}, "gradients/embedding_item.weight": {"_type": "histogram", "values": [2.0, 5.0, 1.0, 9.0, 5.0, 13.0, 19.0, 14.0, 29.0, 40.0, 50.0, 63.0, 94.0, 118.0, 170.0, 217.0, 288.0, 413.0, 575.0, 914.0, 1176.0, 1722.0, 2537.0, 3758.0, 5697.0, 8505.0, 12725.0, 18090.0, 23363.0, 47687.0, 30960.0, 21103.0, 15323.0, 10660.0, 7117.0, 4719.0, 3079.0, 2119.0, 1420.0, 1005.0, 721.0, 505.0, 341.0, 278.0, 193.0, 123.0, 104.0, 76.0, 54.0, 45.0, 27.0, 23.0, 13.0, 13.0, 11.0, 8.0, 4.0, 2.0, 1.0, 1.0, 2.0, 0.0, 0.0, 3.0],