{"R@05": 0.0017257103347615484, "R@10": 0.005146878817296248, "R@20": 0.013870796406758328, "N@05": 0.009632460082273132, "N@10": 0.01329901726572481, "N@20": 0.018519400816464505, "_timestamp": 1688062462.35247, "_runtime": 2978.054020881653, "_step": 331, "BEST_NDCG@10": 0.021608846224037147, "epoch": 299, "Tr_loss": 152.1898266029358, "gradients/item_embeddings.weight": {"_type": "histogram", "values": [1.0, 0.0, 0.0, 0.0, 1.0, 0.0, 0.0, 1.0, 2.0, 1.0, 2.0, 3.0, 2.0, 1.0, 8.0, 15.0, 12.0, 30.0, 45.0, 39.0, 46.0, 94.0, 129.0, 168.0, 193.0, 253.0, 341.0, 376.0, 462.0, 535.0, 581.0, 638.0, 634.0, 703.0, 226404.0, 718.0, 750.0, 625.0, 600.0, 541.0, 456.0, 424.0, 327.0, 258.0, 212.0, 147.0, 123.0, 82.0, 41.0, 49.0, 35.0, 16.0, 13.0, 15.0, 7.0, 9.0, 5.0, 1.0, 1.0, 3.0, 1.0, 1.0, 3.0, 1.0], "bins": [-4.848969459533691, -4.70863151550293, -4.568293571472168, -4.427955627441406, -4.287618160247803, -4.147280216217041, -4.006942272186279, -3.8666043281555176, -3.726266384124756, -3.585928440093994, -3.4455907344818115, -3.30525279045105, -3.164914846420288, -3.0245771408081055, -2.8842391967773438, -2.743901252746582, -2.6035635471343994, -2.4632256031036377, -2.322887897491455, -2.1825499534606934, -2.0422120094299316, -1.9018741846084595, -1.7615363597869873, -1.6211984157562256, -1.4808605909347534, -1.3405227661132812, -1.2001848220825195, -1.0598469972610474, -0.9195091128349304, -0.7791712284088135, -0.6388334035873413, -0.49849551916122437, -0.3581576347351074, -0.21781976521015167, -0.07748189568519592, 0.06285595893859863, 0.20319384336471558, 0.3435317277908325, 0.4838695526123047, 0.6242074370384216, 0.7645453214645386, 0.9048832058906555, 1.0452210903167725, 1.1855589151382446, 1.3258967399597168, 1.4662346839904785, 1.6065725088119507, 1.7469103336334229, 1.8872482776641846, 2.0275862216949463, 2.167923927307129, 2.3082618713378906, 2.4485998153686523, 2.588937759399414, 2.7292754650115967, 2.8696134090423584, 3.009951114654541, 3.1502890586853027, 3.2906267642974854, 3.430964708328247, 3.571302652359009, 3.7116403579711914, 3.851978302001953, 3.992316246032715, 4.132654190063477]}, "gradients/user_embeddings.weight": {"_type": "histogram", "values": [1.0, 0.0, 0.0, 0.0, 0.0, 0.0, 0.0, 1.0, 1.0, 1.0, 2.0, 5.0, 5.0, 7.0, 18.0, 24.0, 29.0, 33.0, 50.0, 73.0, 117.0, 132.0, 149.0, 190.0, 230.0, 253.0, 298.0, 341.0, 348.0, 388.0, 413.0, 380645.0, 402.0, 372.0, 318.0, 292.0, 273.0, 242.0, 190.0, 171.0, 163.0, 102.0, 73.0, 57.0, 46.0, 37.0, 21.0, 16.0, 5.0, 9.0, 7.0, 3.0, 4.0, 1.0, 1.0, 0.0, 0.0, 0.0, 0.0, 0.0, 0.0, 0.0, 0.0, 1.0], "bins": [-4.721719741821289, -4.5698041915893555, -4.41788911819458, -4.2659735679626465, -4.114058017730713, -3.9621429443359375, -3.810227394104004, -3.6583120822906494, -3.506396770477295, -3.3544814586639404, -3.202565908432007, -3.0506505966186523, -2.898735284805298, -2.7468199729919434, -2.5949044227600098, -2.4429891109466553, -2.2910735607147217, -2.139158248901367, -1.9872428178787231, -1.835327386856079, -1.6834120750427246, -1.5314966440200806, -1.3795812129974365, -1.227665901184082, -1.075750470161438, -0.9238350987434387, -0.7719197273254395, -0.6200042963027954, -0.46808892488479614, -0.3161735534667969, -0.16425812244415283, -0.01234281063079834, 0.1395726203918457, 0.29148799180984497, 0.4434033930301666, 0.5953187942504883, 0.7472341656684875, 0.8991495370864868, 1.0510649681091309, 1.2029802799224854, 1.3548957109451294, 1.5068111419677734, 1.658726453781128, 1.810641884803772, 1.962557315826416, 2.1144726276397705, 2.266387939453125, 2.4183034896850586, 2.570218801498413, 2.7221341133117676, 2.874049663543701, 3.0259649753570557, 3.17788028717041, 3.3297958374023438, 3.4817111492156982, 3.6336264610290527, 3.7855420112609863, 3.937457323074341, 4.089372634887695, 4.241288185119629, 4.3932037353515625, 4.545118808746338, 4.6970343589782715, 4.848949432373047, 5.0008649826049805]}, "_wandb": {"runtime": 2977}}