{"epoch": 50, "Train_Metric_loss": -0.08095925194876534, "Train_Reg_loss": 0.0012325395281160517, "_timestamp": 1688274360.574732, "_runtime": 328.73999404907227, "_step": 60, "Recall@5": 0.03374566177185181, "Recall@10": 0.056556625233416015, "Recall@20": 0.08987947936969182, "NDCG@5": 0.023741493095015456, "NDCG@10": 0.03174518074790016, "NDCG@20": 0.04123822242835182, "Recall@5_total_best": 0.03755547175827293, "Recall@10_total_best": 0.06279539734636891, "Recall@20_total_best": 0.0957448817550969, "ndcg@5_total_best": 0.025911382112164833, "ndcg@10_total_best": 0.03461183839528799, "ndcg@20_total_best": 0.0438285540548269, "EPOCH_ndcg_best": 30, "Recall@5_ndcg_best": 0.03755547175827293, "Recall@10_ndcg_best": 0.06279539734636891, "Recall@20_ndcg_best": 0.0957448817550969, "ndcg@5_ndcg_best": 0.025911382112164833, "ndcg@10_ndcg_best": 0.03461183839528799, "ndcg@20_ndcg_best": 0.0438285540548269, "BEST_NDCG@10": 0.03461183839528799, "_wandb": {"runtime": 331}}