{"TOTAL_BEST_METRIC": 0.5092433873619521, "BEST_NDCG@10": 0.06243159377169936, "_timestamp": 1688436765.8235385, "_runtime": 1642.748581647873, "_step": 1156, "epoch": 1000, "Train_Metric_loss": 8.568198135920934, "Train_Reg_loss": 8.901050802835795e-05, "Pos_loss": 8.412351608276367, "Neg_loss": 0.11597680300474167, "Recall@5": 0.06680112301528193, "Recall@10": 0.10321553212238849, "Recall@20": 0.148268048292122, "NDCG@5": 0.04947531122911608, "NDCG@10": 0.0623819369084418, "NDCG@20": 0.07525664338592966, "Recall@5_total_best": 0.06837957305445232, "Recall@10_total_best": 0.1042781497947822, "Recall@20_total_best": 0.15064816798877853, "ndcg@5_total_best": 0.04913066374467178, "ndcg@10_total_best": 0.06181266334392122, "ndcg@20_total_best": 0.07499416943534602, "EPOCH_ndcg_best": 800, "Recall@5_ndcg_best": 0.06790055430331447, "Recall@10_ndcg_best": 0.10169199724959092, "Recall@20_ndcg_best": 0.14718473820758307, "ndcg@5_ndcg_best": 0.05043848485660093, "ndcg@10_ndcg_best": 0.06243159377169936, "ndcg@20_ndcg_best": 0.07539819226754042, "gradients/embedding_user.weight": {"_type": "histogram", "values": [1.0, 1.0, 2.0, 1.0, 1.0, 0.0, 3.0, 9.0, 3.0, 5.0, 8.0, 9.0, 13.0, 13.0, 23.0, 27.0, 37.0, 43.0, 53.0, 78.0, 110.0, 155.0, 259.0, 418.0, 677.0, 1119.0, 2329.0, 8642.0, 138379.0, 624937.0, 147342.0, 9461.0, 2424.0, 1196.0, 638.0, 345.0, 223.0, 149.0, 118.0, 86.0, 67.0, 40.0, 32.0, 29.0, 15.0, 8.0, 10.0, 12.0, 9.0, 5.0, 4.0, 3.0, 1.0, 2.0, 2.0, 3.0, 1.0, 1.0, 0.0, 1.0, 0.0, 0.0, 0.0, 2.0], "bins": [-0.0005573637317866087, -0.0005384774995036423, -0.0005195913254283369, -0.0005007050931453705, -0.0004818188608624041, -0.0004629326576832682, -0.00044404645450413227, -0.0004251602222211659, -0.00040627401904203, -0.00038738781586289406, -0.0003685015835799277, -0.00034961538040079176, -0.00033072917722165585, -0.00031184294493868947, -0.00029295674175955355, -0.00027407053858041763, -0.00025518430629745126, -0.0002362980885664001, -0.00021741187083534896, -0.00019852566765621305, -0.0001796394499251619, -0.00016075323219411075, -0.00014186702901497483, -0.00012298081128392369, -0.00010409459355287254, -8.520837582182139e-05, -6.632216536672786e-05, -4.743595127365552e-05, -2.854973718058318e-05, -9.663519449532032e-06, 9.2226910055615e-06, 2.8108901460655034e-05, 4.699511919170618e-05, 6.588133692275733e-05, 8.476754737785086e-05, 0.00010365375783294439, 0.00012253997556399554, 0.0001414261932950467, 0.0001603123964741826, 0.00017919861420523375, 0.0001980848319362849, 0.00021697104966733605, 0.0002358572673983872, 0.0002547434705775231, 0.00027362967375665903, 0.0002925159060396254, 0.0003114021092187613, 0.00033028831239789724, 0.0003491745446808636, 0.00036806074785999954, 0.0003869469801429659, 0.00040583318332210183, 0.0004247194156050682, 0.0004436056187842041, 0.00046249182196334004, 0.0004813780542463064, 0.0005002642283216119, 0.0005191504606045783, 0.0005380366346798837, 0.0005569228669628501, 0.0005758090992458165, 0.0005946953315287828, 0.0006135815056040883, 0.0006324677378870547, 0.0006513539701700211]}, "gradients/embedding_item.weight": {"_type": "histogram", "values": [1.0, 0.0, 0.0, 0.0, 1.0, 0.0, 2.0, 4.0, 2.0, 4.0, 4.0, 8.0, 10.0, 11.0, 22.0, 24.0, 29.0, 35.0, 45.0, 66.0, 89.0, 131.0, 215.0, 286.0, 433.0, 650.0, 1044.0, 1874.0, 3391.0, 6815.0, 13828.0, 31274.0, 113865.0, 299888.0, 44780.0, 19203.0, 8875.0, 4549.0, 2333.0, 1398.0, 780.0, 517.0, 372.0, 196.0, 157.0, 114.0, 79.0, 52.0, 44.0, 40.0, 22.0, 20.0, 11.0, 11.0, 6.0, 11.0, 2.0, 4.0, 2.0, 0.0, 1.0, 0.0, 0.0, 2.0], "bins": [-0.0006562689086422324, -0.0006365029839798808, -0.0006167370593175292, -0.0005969711346551776, -0.000577205209992826, -0.0005574392853304744, -0.0005376733606681228, -0.0005179074360057712, -0.0004981415113434196, -0.00047837558668106794, -0.00045860966201871634, -0.0004388437373563647, -0.0004190778126940131, -0.0003993118880316615, -0.0003795459633693099, -0.0003597800387069583, -0.00034001408494077623, -0.0003202481602784246, -0.000300482235616073, -0.0002807163109537214, -0.0002609503862913698, -0.0002411844616290182, -0.00022141852241475135, -0.00020165259775239974, -0.00018188667309004813, -0.00016212074842769653, -0.00014235482376534492, -0.00012258888455107808, -0.00010282296716468409, -8.305704250233248e-05, -6.329111056402326e-05, -4.352518590167165e-05, -2.375926123932004e-05, -3.993334757979028e-06, 1.5772591723361984e-05, 3.55385200236924e-05, 5.530444468604401e-05, 7.507036934839562e-05, 9.483630128670484e-05, 0.00011460222594905645, 0.00013436815061140805, 0.00015413407527375966, 0.00017389999993611127, 0.0001936659391503781, 0.00021343186381272972, 0.00023319778847508132, 0.00025296371313743293, 0.00027272963779978454, 0.00029249556246213615, 0.00031226148712448776, 0.00033202741178683937, 0.000351793336449191, 0.0003715592611115426, 0.0003913251857738942, 0.00041109113954007626, 0.00043085706420242786, 0.00045062298886477947, 0.0004703889135271311, 0.0004901548381894827, 0.0005099207628518343, 0.0005296866875141859, 0.0005494526121765375, 0.0005692185368388891, 0.0005889844615012407, 0.0006087503861635923]}, "_wandb": {"runtime": 1641}}