{"TOTAL_BEST_METRIC": 0.18367555042134578, "BEST_NDCG@10": 0.020218297448695372, "_timestamp": 1688463932.0520008, "_runtime": 1412.0484578609467, "_step": 1007, "epoch": 785, "Train_Metric_loss": 2.79743070261819, "Train_Reg_loss": 1.7304676833061552e-06, "Pos_loss": 8.018649101257324, "Neg_loss": 1.293055772781372, "Recall@5": 0.0222397277763198, "Recall@10": 0.0377300374620828, "Recall@20": 0.06164419562323712, "NDCG@5": 0.014835057082707694, "NDCG@10": 0.020218297448695372, "NDCG@20": 0.027008235028302994, "Recall@5_total_best": 0.0222397277763198, "Recall@10_total_best": 0.0377300374620828, "Recall@20_total_best": 0.06164419562323712, "ndcg@5_total_best": 0.014835057082707694, "ndcg@10_total_best": 0.020218297448695372, "ndcg@20_total_best": 0.027008235028302994, "EPOCH_ndcg_best": 780, "Recall@5_ndcg_best": 0.0222397277763198, "Recall@10_ndcg_best": 0.0377300374620828, "Recall@20_ndcg_best": 0.06164419562323712, "ndcg@5_ndcg_best": 0.014835057082707694, "ndcg@10_ndcg_best": 0.020218297448695372, "ndcg@20_ndcg_best": 0.027008235028302994, "gradients/mass_i.weight": {"_type": "histogram", "values": [1.0, 0.0, 0.0, 0.0, 0.0, 0.0, 0.0, 0.0, 0.0, 0.0, 0.0, 0.0, 1.0, 0.0, 0.0, 0.0, 1.0, 1.0, 1.0, 0.0, 1.0, 1.0, 0.0, 2.0, 0.0, 1.0, 3.0, 0.0, 1.0, 2.0, 1.0, 4.0, 4.0, 4.0, 6.0, 4.0, 7.0, 14.0, 42.0, 21.0, 93.0, 79.0, 130.0, 638.0, 62.0, 6602.0, 20.0, 690.0, 54.0, 131.0, 13.0, 38.0, 9.0, 15.0, 3.0, 4.0, 3.0, 1.0, 3.0, 1.0, 0.0, 0.0, 0.0, 1.0], "bins": [-0.00253448449075222, -0.0024792703334242105, -0.0024240564089268446, -0.002368842251598835, -0.002313628327101469, -0.0022584141697734594, -0.0022032002452760935, -0.002147986087948084, -0.002092772163450718, -0.0020375580061227083, -0.0019823440816253424, -0.0019271300407126546, -0.0018719159997999668, -0.0018167018424719572, -0.0017614879179745913, -0.0017062737606465816, -0.001651059603318572, -0.0015958455624058843, -0.0015406315214931965, -0.0014854174805805087, -0.001430203439667821, -0.0013749892823398113, -0.0013197753578424454, -0.0012645612005144358, -0.0012093472760170698, -0.001154133235104382, -0.0010989191941916943, -0.0010437051532790065, -0.0009884911123663187, -0.00093327701324597, -0.0008780629723332822, -0.0008228488732129335, -0.0007676348323002458, -0.000712420791387558, -0.0006572067504748702, -0.0006019927095621824, -0.0005467786104418337, -0.000491564569529146, -0.0004363505286164582, -0.00038113645859993994, -0.00032592241768725216, -0.0002707083767745644, -0.00021549430675804615, -0.00016028026584535837, -0.00010506621038075536, -4.985215491615236e-05, 5.36188599653542e-06, 6.0575956013053656e-05, 0.00011578999692574143, 0.00017100405239034444, 0.00022621810785494745, 0.0002814321487676352, 0.00033664621878415346, 0.00039186025969684124, 0.000447074300609529, 0.0005022883415222168, 0.0005575023824349046, 0.0006127164233475924, 0.0006679304642602801, 0.0007231445051729679, 0.0007783586042933166, 0.0008335726452060044, 0.0008887866861186922, 0.0009440007852390409, 0.0009992148261517286]}, "gradients/mass_u.weight": {"_type": "histogram", "values": [1.0, 1.0, 0.0, 0.0, 0.0, 0.0, 0.0, 0.0, 0.0, 0.0, 0.0, 0.0, 0.0, 0.0, 0.0, 0.0, 0.0, 0.0, 0.0, 0.0, 0.0, 0.0, 0.0, 1.0, 1.0, 1.0, 0.0, 1.0, 0.0, 0.0, 1.0, 0.0, 0.0, 1.0, 0.0, 0.0, 0.0, 3.0, 1.0, 1.0, 2.0, 2.0, 0.0, 1.0, 2.0, 4.0, 4.0, 3.0, 3.0, 4.0, 6.0, 6.0, 13.0, 11.0, 17.0, 14.0, 42.0, 33.0, 79.0, 93.0, 78.0, 67.0, 26.0, 14158.0], "bins": [-0.0021585370413959026, -0.002124809892848134, -0.0020910827443003654, -0.002057355595752597, -0.0020236284472048283, -0.0019899012986570597, -0.001956174150109291, -0.0019224470015615225, -0.0018887198530137539, -0.0018549927044659853, -0.0018212655559182167, -0.0017875384073704481, -0.0017538112588226795, -0.001720084110274911, -0.0016863569617271423, -0.0016526298131793737, -0.001618902781046927, -0.0015851756324991584, -0.0015514484839513898, -0.0015177213354036212, -0.0014839941868558526, -0.001450267038308084, -0.0014165398897603154, -0.0013828128576278687, -0.0013490857090801, -0.0013153585605323315, -0.0012816314119845629, -0.0012479042634367943, -0.0012141771148890257, -0.001180449966341257, -0.0011467228177934885, -0.00111299566924572, -0.0010792685206979513, -0.0010455413721501827, -0.0010118142236024141, -0.0009780870750546455, -0.0009443599265068769, -0.0009106327779591084, -0.0008769056876190007, -0.0008431785390712321, -0.0008094513905234635, -0.0007757242419756949, -0.0007419970934279263, -0.0007082699448801577, -0.00067454285454005, -0.0006408157059922814, -0.0006070885574445128, -0.0005733614088967443, -0.0005396342603489757, -0.0005059071118012071, -0.00047217996325343847, -0.00043845284380950034, -0.00040472569526173174, -0.00037099854671396315, -0.000337271427270025, -0.0003035442787222564, -0.00026981713017448783, -0.00023608998162671924, -0.00020236284763086587, -0.0001686357136350125, -0.00013490856508724391, -0.00010118141653947532, -6.745428254362196e-05, -3.372714854776859e-05, 0.0]}, "gradients/embedding_user.weight": {"_type": "histogram", "values": [1.0, 0.0, 0.0, 0.0, 0.0, 1.0, 2.0, 0.0, 0.0, 0.0, 2.0, 0.0, 0.0, 1.0, 2.0, 3.0, 1.0, 4.0, 6.0, 3.0, 8.0, 10.0, 29.0, 29.0, 60.0, 103.0, 201.0, 459.0, 1173.0, 2837.0, 6869.0, 56275.0, 835026.0, 26180.0, 5950.0, 2551.0, 965.0, 397.0, 182.0, 92.0, 56.0, 38.0, 24.0, 14.0, 6.0, 9.0, 2.0, 2.0, 2.0, 2.0, 1.0, 0.0, 0.0, 2.0, 2.0, 0.0, 0.0, 1.0, 0.0, 0.0, 0.0, 0.0, 0.0, 1.0], "bins": [-0.001405207789503038, -0.0013618703233078122, -0.0013185329735279083, -0.0012751955073326826, -0.0012318581575527787, -0.001188520691357553, -0.0011451833415776491, -0.0011018458753824234, -0.0010585084091871977, -0.001015170942991972, -0.0009718335932120681, -0.0009284961270168424, -0.0008851587772369385, -0.0008418213110417128, -0.000798483903054148, -0.0007551464950665832, -0.0007118091452866793, -0.0006684717372991145, -0.0006251343293115497, -0.000581796863116324, -0.0005384595133364201, -0.0004951220471411943, -0.00045178463915362954, -0.00040844723116606474, -0.00036510982317849994, -0.00032177241519093513, -0.00027843500720337033, -0.00023509757011197507, -0.00019176016212441027, -0.00014842275413684547, -0.00010508531704545021, -6.174790905788541e-05, -1.8410501070320606e-05, 2.492691419320181e-05, 6.826432945672423e-05, 0.00011160175199620426, 0.00015493915998376906, 0.00019827656797133386, 0.00024161400506272912, 0.0002849514130502939, 0.0003282888210378587, 0.0003716262290254235, 0.00041496363701298833, 0.0004583010741043836, 0.0005016385111957788, 0.0005449758609756827, 0.0005883133271709085, 0.0006316507351584733, 0.0006749881431460381, 0.0007183255511336029, 0.0007616629591211677, 0.0008050004253163934, 0.0008483377750962973, 0.000891675241291523, 0.0009350126492790878, 0.0009783500572666526, 0.0010216874070465565, 0.0010650248732417822, 0.001108362223021686, 0.0011516996892169118, 0.0011950370389968157, 0.0012383745051920414, 0.0012817119713872671, 0.001325049321167171, 0.0013683867873623967]}, "gradients/embedding_item.weight": {"_type": "histogram", "values": [2.0, 0.0, 1.0, 0.0, 1.0, 1.0, 0.0, 3.0, 1.0, 7.0, 3.0, 5.0, 9.0, 7.0, 18.0, 32.0, 34.0, 36.0, 77.0, 89.0, 120.0, 179.0, 234.0, 369.0, 513.0, 794.0, 1134.0, 1788.0, 2864.0, 4658.0, 7883.0, 13499.0, 21601.0, 31842.0, 42145.0, 254416.0, 70643.0, 35445.0, 25720.0, 16487.0, 9808.0, 5661.0, 3349.0, 2055.0, 1338.0, 833.0, 614.0, 395.0, 272.0, 197.0, 110.0, 97.0, 58.0, 50.0, 43.0, 27.0, 13.0, 16.0, 10.0, 6.0, 9.0, 4.0, 5.0, 2.0],