{"TOTAL_BEST_METRIC": 0.3233739444503931, "BEST_NDCG@10": 0.03825039264216474, "_timestamp": 1688297549.931439, "_runtime": 809.8047099113464, "_step": 1253, "epoch": 1000, "Train_Metric_loss": -1.5201821667807442, "Train_Reg_loss": 1.7240655974351933e-05, "Recall@5": 0.039442715069080446, "Recall@10": 0.06451034837333308, "Recall@20": 0.10239862514593752, "NDCG@5": 0.029553222200836386, "NDCG@10": 0.038245127576735496, "NDCG@20": 0.04902231951540931, "Recall@5_total_best": 0.039442715069080446, "Recall@10_total_best": 0.0644908430288687, "Recall@20_total_best": 0.10255033338066051, "ndcg@5_total_best": 0.029567852132657127, "ndcg@10_total_best": 0.03825039264216474, "ndcg@20_total_best": 0.04907180819696155, "EPOCH_ndcg_best": 1000, "Recall@5_ndcg_best": 0.039442715069080446, "Recall@10_ndcg_best": 0.0644908430288687, "Recall@20_ndcg_best": 0.10255033338066051, "ndcg@5_ndcg_best": 0.029567852132657127, "ndcg@10_ndcg_best": 0.03825039264216474, "ndcg@20_ndcg_best": 0.04907180819696155, "gradients/mass_i.weight": {"_type": "histogram", "values": [1.0, 0.0, 0.0, 1.0, 0.0, 0.0, 0.0, 0.0, 0.0, 0.0, 0.0, 0.0, 0.0, 0.0, 2.0, 2.0, 0.0, 0.0, 0.0, 0.0, 0.0, 0.0, 0.0, 0.0, 0.0, 1.0, 2.0, 1.0, 1.0, 3.0, 2.0, 5.0, 2.0, 5.0, 3.0, 2.0, 8.0, 4.0, 6.0, 4.0, 12.0, 10.0, 18.0, 8.0, 25.0, 41.0, 124.0, 81.0, 66.0, 46.0, 7922.0, 40.0, 57.0, 53.0, 86.0, 32.0, 16.0, 2.0, 10.0, 3.0, 2.0, 0.0, 0.0, 4.0], "bins": [-7.598813681397587e-05, -7.448223914252594e-05, -7.29763341951184e-05, -7.147043652366847e-05, -6.996453885221854e-05, -6.8458633904811e-05, -6.695273623336107e-05, -6.544683856191114e-05, -6.394093361450359e-05, -6.243503594305366e-05, -6.0929134633624926e-05, -5.942323332419619e-05, -5.791733201476745e-05, -5.6411434343317524e-05, -5.490553303388879e-05, -5.339963536243886e-05, -5.189373769098893e-05, -5.038783638156019e-05, -4.888193871011026e-05, -4.7376037400681525e-05, -4.587013609125279e-05, -4.436423841980286e-05, -4.285833711037412e-05, -4.135243943892419e-05, -3.984653449151665e-05, -3.834063318208791e-05, -3.6834735510637984e-05, -3.532883420120925e-05, -3.382293289178051e-05, -3.231703522033058e-05, -3.0811133910901845e-05, -2.930523442046251e-05, -2.779933493002318e-05, -2.6293435439583845e-05, -2.478753413015511e-05, -2.3281634639715776e-05, -2.1775735149276443e-05, -2.026983565883711e-05, -1.8763934349408373e-05, -1.725803485896904e-05, -1.5752135368529707e-05, -1.4246234968595672e-05, -1.274033547815634e-05, -1.1234435078222305e-05, -9.728535587782972e-06, -8.222635187848937e-06, -6.716734787914902e-06, -5.210835297475569e-06, -3.7049339880468324e-06, -2.1990340428601485e-06, -6.931338702997891e-07, 8.127663022605702e-07, 2.318666247447254e-06, 3.824566192633938e-06, 5.330466592567973e-06, 6.836366083007306e-06, 8.34226648294134e-06, 9.848166882875375e-06, 1.1354066373314708e-05, 1.2859966773248743e-05, 1.4365867173182778e-05, 1.587176666362211e-05, 1.7377667973050848e-05, 1.8883565644500777e-05, 2.0389466953929514e-05]}, "gradients/mass_u.weight": {"_type": "histogram", "values": [1.0, 0.0, 0.0, 0.0, 0.0, 0.0, 0.0, 0.0, 0.0, 0.0, 0.0, 0.0, 0.0, 0.0, 0.0, 0.0, 0.0, 0.0, 0.0, 0.0, 0.0, 0.0, 2.0, 1.0, 0.0, 1.0, 0.0, 0.0, 0.0, 0.0, 0.0, 0.0, 1.0, 0.0, 0.0, 0.0, 1.0, 0.0, 2.0, 2.0, 2.0, 2.0, 1.0, 2.0, 3.0, 1.0, 1.0, 5.0, 4.0, 3.0, 5.0, 10.0, 15.0, 21.0, 34.0, 29.0, 46.0, 14423.0, 20.0, 23.0, 8.0, 6.0, 2.0, 4.0], "bins": [-0.00031290107290260494, -0.00030750103178434074, -0.00030210099066607654, -0.00029670094954781234, -0.0002913009375333786, -0.0002859008964151144, -0.0002805008552968502, -0.000275100814178586, -0.0002697007730603218, -0.0002643007319420576, -0.0002589006908237934, -0.0002535006497055292, -0.00024810063769109547, -0.00024270058202091604, -0.00023730055545456707, -0.00023190051433630288, -0.00022650047321803868, -0.00022110043209977448, -0.0002157004055334255, -0.0002103003644151613, -0.0002049003232968971, -0.00019950028217863292, -0.00019410025561228395, -0.00018870021449401975, -0.00018330018792767078, -0.00017790014680940658, -0.0001725001202430576, -0.0001671000791247934, -0.0001617000380065292, -0.00015629999688826501, -0.00015089997032191604, -0.00014549992920365185, -0.00014009988808538765, -0.00013469984696712345, -0.00012929982040077448, -0.00012389977928251028, -0.00011849973816424608, -0.0001130997043219395, -0.00010769967047963291, -0.00010229962936136872, -9.689959551906213e-05, -9.149956167675555e-05, -8.609952055849135e-05, -8.069948671618477e-05, -7.529944559792057e-05, -6.989941175561398e-05, -6.449937063734978e-05, -5.90993367950432e-05, -5.369929931475781e-05, -4.829926183447242e-05, -4.289922435418703e-05, -3.7499186873901635e-05, -3.209915303159505e-05, -2.6699113732320257e-05, -2.129907807102427e-05, -1.5899040590738878e-05, -1.0499003110453486e-05, -5.098966084915446e-06, 3.010709406225942e-07, 5.701107511413284e-06, 1.1101144991698675e-05, 1.6501182471984066e-05, 2.1901218133280054e-05, 2.7301255613565445e-05, 3.2701293093850836e-05]}, "gradients/embedding_user.weight": {"_type": "histogram", "values": [1.0, 1.0, 2.0, 1.0, 2.0, 2.0, 2.0, 2.0, 2.0, 2.0, 9.0, 6.0, 7.0, 13.0, 12.0, 8.0, 22.0, 24.0, 39.0, 47.0, 54.0, 66.0, 102.0, 150.0, 215.0, 370.0, 609.0, 1113.0, 1952.0, 3144.0, 4989.0, 8075.0, 134832.0, 711952.0, 53806.0, 6869.0, 4303.0, 2834.0, 1620.0, 920.0, 518.0, 297.0, 191.0, 99.0, 73.0, 58.0, 45.0, 24.0, 19.0, 17.0, 14.0, 10.0, 12.0, 8.0, 8.0, 4.0, 1.0, 1.0, 0.0, 1.0, 2.0, 2.0, 0.0, 1.0], "bins": [-0.003660701448097825, -0.003551018424332142, -0.003441335167735815, -0.003331652143970132, -0.003221968887373805, -0.003112285863608122, -0.003002602607011795, -0.002892919583246112, -0.0027832365594804287, -0.0026735535357147455, -0.0025638702791184187, -0.0024541872553527355, -0.0023445039987564087, -0.0022348209749907255, -0.0021251379512250423, -0.0020154546946287155, -0.0019057715544477105, -0.0017960884142667055, -0.0016864052740857005, -0.0015767221339046955, -0.0014670391101390123, -0.0013573559699580073, -0.0012476728297770023, -0.0011379898060113192, -0.0010283065494149923, -0.0009186234092339873, -0.0008089403272606432, -0.0006992571870796382, -0.0005895741051062942, -0.00047989096492528915, -0.00037020782474428415, -0.00026052474277094007, -0.00015084166079759598, -4.115854244446382e-05, 6.852457590866834e-05, 0.0001782077015377581, 0.00028789081261493266, 0.0003975739236921072, 0.0005072570638731122, 0.0006169401458464563, 0.0007266232860274613, 0.0008363064262084663, 0.0009459895081818104, 0.0010556726483628154, 0.0011653557885438204, 0.0012750388123095036, 0.0013847220689058304, 0.0014944050926715136, 0.0016040882328525186, 0.0017137713730335236, 0.0018234545132145286, 0.0019331376533955336, 0.0020428206771612167, 0.0021525039337575436, 0.0022621869575232267, 0.00237186998128891, 0.0024815532378852367, 0.00259123626165092, 0.0027009195182472467, 0.00281060254201293, 0.0029202857986092567, 0.00302996882237494, 0.003139651846140623, 0.00324933510273695, 0.003359018126502633]}, "gradients/embedding_item.weight": {"_type": "histogram", "values": [1.0, 0.0, 1.0, 0.0, 1.0, 2.0, 1.0, 6.0, 2.0, 6.0, 12.0, 8.0, 17.0, 15.0, 30.0, 39.0, 80.0, 81.0, 130.0, 239.0, 323.0, 489.0, 792.0, 1377.0, 2308.0, 3823.0, 6669.0, 12066.0, 20223.0, 30516.0, 40077.0, 90833.0, 210195.0, 43810.0, 34470.0, 24250.0, 14466.0, 8160.0, 4841.0, 2737.0, 1715.0, 1021.0, 643.0, 396.0, 269.0, 162.0, 122.0, 63.0, 37.0, 20.0, 20.0, 17.0, 10.0, 15.0, 9.0, 8.0, 1.0, 3.0, 1.0, 0.0, 1.0, 1.0, 1.0, 1.0],