{"TOTAL_BEST_METRIC": 0.3562978352581264, "BEST_NDCG@10": 0.04170344594671066, "_timestamp": 1688286563.3272417, "_runtime": 965.8505356311798, "_step": 1118, "epoch": 1000, "Train_Metric_loss": -0.3559076977627618, "Train_Reg_loss": 0.008220717643520661, "Recall@5": 0.03158265724657041, "Recall@10": 0.056442227225595776, "Recall@20": 0.08941418818156702, "NDCG@5": 0.022214752918126517, "NDCG@10": 0.030726756686851014, "NDCG@20": 0.040203033752265305, "Recall@5_total_best": 0.04474763187386071, "Recall@10_total_best": 0.07306966294370718, "Recall@20_total_best": 0.11362979756293734, "ndcg@5_total_best": 0.0311725382381563, "ndcg@10_total_best": 0.04114640757738169, "ndcg@20_total_best": 0.05253179706208318, "EPOCH_ndcg_best": 130, "Recall@5_ndcg_best": 0.04404259494374186, "Recall@10_ndcg_best": 0.07298790304149397, "Recall@20_ndcg_best": 0.112341356272448, "ndcg@5_ndcg_best": 0.03159228942103042, "ndcg@10_ndcg_best": 0.04170344594671066, "ndcg@20_ndcg_best": 0.052763863807032366, "gradients/mass_i.weight": {"_type": "histogram", "values": [2.0, 0.0, 2.0, 1.0, 2.0, 0.0, 5.0, 1.0, 6.0, 4.0, 7.0, 7.0, 7.0, 10.0, 16.0, 13.0, 23.0, 30.0, 32.0, 31.0, 10.0, 5.0, 8408.0, 5.0, 9.0, 10.0, 19.0, 9.0, 15.0, 5.0, 4.0, 4.0, 2.0, 2.0, 0.0, 2.0, 2.0, 0.0, 0.0, 0.0, 0.0, 0.0, 0.0, 1.0, 0.0, 0.0, 0.0, 0.0, 0.0, 0.0, 1.0, 0.0, 0.0, 0.0, 0.0, 0.0, 0.0, 0.0, 0.0, 0.0, 0.0, 0.0, 0.0, 1.0], "bins": [-0.00020782760111615062, -0.0001985743292607367, -0.0001893210574053228, -0.00018006778554990888, -0.00017081451369449496, -0.00016156124183908105, -0.00015230796998366714, -0.00014305469812825322, -0.0001338014262728393, -0.0001245481544174254, -0.00011529488256201148, -0.00010604161070659757, -9.678833885118365e-05, -8.753506699576974e-05, -7.828179514035583e-05, -6.902852328494191e-05, -5.9775251429528e-05, -5.0521979574114084e-05, -4.126870771870017e-05, -3.201543586328626e-05, -2.2762164007872343e-05, -1.350889215245843e-05, -4.255620297044516e-06, 4.997651558369398e-06, 1.4250923413783312e-05, 2.3504195269197226e-05, 3.275746712461114e-05, 4.201073898002505e-05, 5.126401083543897e-05, 6.051728269085288e-05, 6.97705545462668e-05, 7.902382640168071e-05, 8.827706915326416e-05, 9.753034100867808e-05, 0.00010678361286409199, 0.0001160368847195059, 0.00012529015657491982, 0.00013454342843033373, 0.00014379670028574765, 0.00015304997214116156, 0.00016230324399657547, 0.0001715565158519894, 0.0001808097877074033, 0.00019006305956281722, 0.00019931633141823113, 0.00020856960327364504, 0.00021782287512905896, 0.00022707614698447287, 0.00023632941883988678, 0.0002455826906953007, 0.0002548359625507146, 0.0002640892344061285, 0.00027334250626154244, 0.00028259577811695635, 0.00029184904997237027, 0.0003011023218277842, 0.0003103555936831981, 0.000319608865538612, 0.0003288621373940259, 0.00033811540924943984, 0.00034736868110485375, 0.00035662195296026766, 0.0003658752248156816, 0.0003751284966710955, 0.0003843817685265094]}, "gradients/mass_u.weight": {"_type": "histogram", "values": [1.0, 0.0, 0.0, 0.0, 0.0, 0.0, 0.0, 0.0, 0.0, 0.0, 0.0, 0.0, 0.0, 0.0, 0.0, 0.0, 0.0, 0.0, 1.0, 1.0, 0.0, 0.0, 0.0, 1.0, 0.0, 0.0, 0.0, 0.0, 0.0, 1.0, 1.0, 1.0, 0.0, 1.0, 1.0, 1.0, 2.0, 0.0, 3.0, 2.0, 2.0, 3.0, 0.0, 6.0, 6.0, 1.0, 7.0, 3.0, 11.0, 8.0, 19.0, 22.0, 21.0, 12.0, 7.0, 14515.0, 3.0, 5.0, 6.0, 1.0, 0.0, 3.0, 1.0, 2.0], "bins": [-0.0011612497037276626, -0.001140398671850562, -0.0011195475235581398, -0.0010986964916810393, -0.0010778454598039389, -0.0010569943115115166, -0.001036143279634416, -0.0010152921313419938, -0.0009944410994648933, -0.000973590009380132, -0.0009527389192953706, -0.0009318878874182701, -0.0009110367973335087, -0.0008901857072487473, -0.0008693346753716469, -0.0008484835852868855, -0.0008276324952021241, -0.0008067814051173627, -0.0007859303150326014, -0.0007650792831555009, -0.0007442281930707395, -0.0007233771029859781, -0.0007025260711088777, -0.0006816749810241163, -0.0006608238909393549, -0.0006399728008545935, -0.0006191217107698321, -0.0005982706788927317, -0.0005774195888079703, -0.0005565684987232089, -0.0005357174668461084, -0.0005148663767613471, -0.0004940152284689248, -0.0004731641383841634, -0.00045231307740323246, -0.00043146201642230153, -0.00041061092633754015, -0.00038975983625277877, -0.00036890877527184784, -0.0003480577142909169, -0.00032720662420615554, -0.00030635553412139416, -0.00028550447314046323, -0.0002646534121595323, -0.00024380232207477093, -0.00022295124654192477, -0.00020210017100907862, -0.00018124909547623247, -0.00016039801994338632, -0.00013954694441054016, -0.00011869586887769401, -9.784479334484786e-05, -7.69937178120017e-05, -5.614264227915555e-05, -3.52915667463094e-05, -1.4440491213463247e-05, 6.410584319382906e-06, 2.726165985222906e-05, 4.811273538507521e-05, 6.896381091792136e-05, 8.981488645076752e-05, 0.00011066596198361367, 0.00013151703751645982, 0.00015236811304930598, 0.00017321918858215213]}, "gradients/embedding_user.weight": {"_type": "histogram", "values": [1.0, 0.0, 0.0, 0.0, 0.0, 0.0, 0.0, 0.0, 0.0, 0.0, 0.0, 0.0, 1.0, 0.0, 0.0, 2.0, 1.0, 1.0, 3.0, 0.0, 1.0, 4.0, 0.0, 7.0, 10.0, 12.0, 22.0, 17.0, 28.0, 60.0, 69.0, 120.0, 135.0, 191.0, 273.0, 438.0, 859.0, 1591.0, 3220.0, 21031.0, 799347.0, 101504.0, 6254.0, 2042.0, 1001.0, 499.0, 303.0, 171.0, 104.0, 74.0, 55.0, 42.0, 29.0, 20.0, 13.0, 10.0, 5.0, 5.0, 3.0, 2.0, 0.0, 3.0, 0.0, 1.0], "bins": [-3.112432386842556e-05, -3.0359662559931166e-05, -2.959500125143677e-05, -2.8830339942942373e-05, -2.8065678634447977e-05, -2.7301015506964177e-05, -2.6536356017459184e-05, -2.5771692889975384e-05, -2.5007031581480987e-05, -2.424237027298659e-05, -2.3477708964492194e-05, -2.2713047655997798e-05, -2.19483863475034e-05, -2.1183725039009005e-05, -2.0419061911525205e-05, -1.9654400603030808e-05, -1.8889739294536412e-05, -1.8125077986042015e-05, -1.736041667754762e-05, -1.6595755369053222e-05, -1.5831094060558826e-05, -1.5066431842569727e-05, -1.4301770534075331e-05, -1.3537108316086233e-05, -1.277244882658124e-05, -1.2007787518086843e-05, -1.1243126209592447e-05, -1.047846490109805e-05, -9.713802683108952e-06, -8.949141374614555e-06, -8.184480066120159e-06, -7.4198183028784115e-06, -6.655156539636664e-06, -5.890495231142268e-06, -5.12583346790052e-06, -4.361172159406124e-06, -3.5965106235380517e-06, -2.8318490876699798e-06, -2.0671877791755833e-06, -1.3025260159338359e-06, -5.378647074394394e-07, 2.2679677158521372e-07, 9.914582506098668e-07, 1.756119672791101e-06, 2.520781208659173e-06, 3.285442744527245e-06, 4.0501040530216414e-06, 4.814765816263389e-06, 5.579427124757785e-06, 6.344088433252182e-06, 7.108750196493929e-06, 7.873411959735677e-06, 8.638073268230073e-06, 9.40273457672447e-06, 1.0167395885218866e-05, 1.0932057193713263e-05, 1.169671850220766e-05, 1.2461379810702056e-05, 1.3226041119196452e-05, 1.3990702427690849e-05, 1.4755364645679947e-05, 1.5520025044679642e-05, 1.6284688172163442e-05, 1.7049349480657838e-05, 1.7814010789152235e-05]}, "gradients/embedding_item.weight": {"_type": "histogram", "values": [1.0, 0.0, 1.0, 0.0, 0.0, 0.0, 1.0, 1.0, 2.0, 2.0, 1.0, 0.0, 4.0, 5.0, 5.0, 14.0, 12.0, 19.0, 37.0, 59.0, 75.0, 126.0, 168.0, 250.0, 377.0, 507.0, 694.0, 1004.0, 1513.0, 2850.0, 7658.0, 34751.0, 389189.0, 93111.0, 15040.0, 4273.0, 1877.0, 1254.0, 793.0, 556.0, 446.0, 298.0, 192.0, 146.0, 94.0, 66.0, 40.0, 34.0, 18.0, 16.0, 17.0, 6.0, 5.0, 11.0, 2.0, 1.0, 2.0, 3.0, 1.0, 2.0, 0.0, 1.0, 0.0, 1.0],