{"TOTAL_BEST_METRIC": 1.0849302836194796, "BEST_NDCG@10": 0.13891770830396719, "_timestamp": 1688395724.5658503, "_runtime": 821.5308153629303, "_step": 933, "epoch": 744, "Train_Metric_loss": 4.261923789978027, "Train_Reg_loss": 3.294699417892844e-05, "Pos_loss": 8.597047805786133, "Neg_loss": 0.15701737999916077, "Recall@5": 0.14737195190310576, "Recall@10": 0.21828951844682593, "Recall@20": 0.29973830679267227, "NDCG@5": 0.1141620247363527, "NDCG@10": 0.13891770830396719, "NDCG@20": 0.1624071801755273, "Recall@5_total_best": 0.15028897377602565, "Recall@10_total_best": 0.21594597011496727, "Recall@20_total_best": 0.30245068246774154, "ndcg@5_total_best": 0.11511799261012355, "ndcg@10_total_best": 0.13820217137970073, "ndcg@20_total_best": 0.16292449327092098, "EPOCH_ndcg_best": 740, "Recall@5_ndcg_best": 0.14737195190310576, "Recall@10_ndcg_best": 0.21828951844682593, "Recall@20_ndcg_best": 0.29973830679267227, "ndcg@5_ndcg_best": 0.1141620247363527, "ndcg@10_ndcg_best": 0.13891770830396719, "ndcg@20_ndcg_best": 0.1624071801755273, "gradients/mass_i.weight": {"_type": "histogram", "values": [1.0, 0.0, 1.0, 0.0, 0.0, 0.0, 0.0, 1.0, 0.0, 0.0, 0.0, 2.0, 0.0, 0.0, 0.0, 1.0, 2.0, 3.0, 0.0, 2.0, 1.0, 1.0, 5.0, 3.0, 7.0, 6.0, 4.0, 7.0, 7.0, 8.0, 10.0, 6.0, 7.0, 12.0, 24.0, 22.0, 25.0, 30.0, 41.0, 63.0, 62.0, 74.0, 134.0, 112.0, 119.0, 2324.0, 53.0, 84.0, 108.0, 64.0, 52.0, 23.0, 26.0, 10.0, 7.0, 6.0, 3.0, 2.0, 2.0, 0.0, 0.0, 0.0, 0.0, 1.0], "bins": [-0.0012907680356875062, -0.0012627043761312962, -0.001234640832990408, -0.001206577173434198, -0.0011785135138779879, -0.0011504499707370996, -0.0011223863111808896, -0.0010943227680400014, -0.0010662591084837914, -0.0010381954489275813, -0.001010131905786693, -0.000982068246230483, -0.0009540046448819339, -0.0009259410435333848, -0.0008978773839771748, -0.0008698137826286256, -0.0008417501812800765, -0.0008136865799315274, -0.0007856229785829782, -0.0007575593190267682, -0.0007294957176782191, -0.00070143211632967, -0.0006733684567734599, -0.0006453048554249108, -0.0006172412540763617, -0.0005891776527278125, -0.0005611140513792634, -0.0005330503918230534, -0.0005049867904745042, -0.0004769231891259551, -0.0004488595586735755, -0.00042079592822119594, -0.0003927323268726468, -0.0003646687255240977, -0.0003366050950717181, -0.0003085414646193385, -0.0002804778632707894, -0.00025241426192224026, -0.00022435063146986067, -0.00019628701556939632, -0.00016822339966893196, -0.0001401597837684676, -0.00011209616786800325, -8.403255196753889e-05, -5.596893606707454e-05, -2.790532016661018e-05, 1.5829573385417461e-07, 2.822191163431853e-05, 5.6285527534782887e-05, 8.434914343524724e-05, 0.0001124127593357116, 0.00014047637523617595, 0.0001685399911366403, 0.00019660360703710467, 0.00022466722293756902, 0.0002527308533899486, 0.00028079445473849773, 0.00030885805608704686, 0.00033692168653942645, 0.00036498531699180603, 0.00039304891834035516, 0.0004211125196889043, 0.00044917615014128387, 0.00047723978059366345, 0.0005053033819422126]}, "gradients/mass_u.weight": {"_type": "histogram", "values": [1.0, 0.0, 0.0, 0.0, 0.0, 0.0, 0.0, 0.0, 0.0, 0.0, 0.0, 0.0, 0.0, 0.0, 0.0, 0.0, 0.0, 0.0, 0.0, 0.0, 0.0, 0.0, 0.0, 0.0, 0.0, 0.0, 0.0, 0.0, 0.0, 0.0, 0.0, 0.0, 0.0, 0.0, 0.0, 1.0, 0.0, 1.0, 0.0, 1.0, 1.0, 1.0, 1.0, 1.0, 1.0, 2.0, 0.0, 0.0, 0.0, 1.0, 0.0, 1.0, 2.0, 1.0, 4.0, 6.0, 10.0, 8.0, 10.0, 16.0, 36.0, 53.0, 209.0, 5173.0], "bins": [-0.005376816727221012, -0.005292803980410099, -0.005208791233599186, -0.005124778486788273, -0.00504076573997736, -0.004956752993166447, -0.004872740246355534, -0.0047887274995446205, -0.004704714752733707, -0.004620702005922794, -0.004536689259111881, -0.004452676512300968, -0.004368663765490055, -0.004284651018679142, -0.004200638271868229, -0.004116625525057316, -0.004032612778246403, -0.00394860003143549, -0.0038645872846245766, -0.0037805745378136635, -0.0036965617910027504, -0.0036125490441918373, -0.0035285362973809242, -0.003444523550570011, -0.0033605103380978107, -0.0032764975912868977, -0.0031924848444759846, -0.0031084720976650715, -0.0030244593508541584, -0.0029404466040432453, -0.0028564338572323322, -0.002772421110421419, -0.002688408363610506, -0.002604395616799593, -0.00252038286998868, -0.002436370123177767, -0.0023523573763668537, -0.0022683446295559406, -0.0021843318827450275, -0.0021003191359341145, -0.0020163063891232014, -0.0019322936423122883, -0.0018482808955013752, -0.0017642681486904621, -0.001680255401879549, -0.001596242655068636, -0.001512229791842401, -0.001428217045031488, -0.001344204181805253, -0.00126019143499434, -0.0011761786881834269, -0.0010921659413725138, -0.0010081531945616007, -0.0009241403895430267, -0.0008401275845244527, -0.0007561148377135396, -0.0006721020909026265, -0.0005880893440917134, -0.0005040765972808003, -0.00042006379226222634, -0.00033605104545131326, -0.00025203829864040017, -0.00016802549362182617, -8.401274681091309e-05, 0.0]}, "gradients/embedding_user.weight": {"_type": "histogram", "values": [1.0, 0.0, 1.0, 0.0, 0.0, 0.0, 0.0, 1.0, 2.0, 1.0, 1.0, 0.0, 3.0, 1.0, 0.0, 0.0, 0.0, 2.0, 1.0, 4.0, 5.0, 2.0, 4.0, 5.0, 19.0, 44.0, 93.0, 295.0, 1056.0, 6510.0, 220051.0, 121052.0, 4241.0, 832.0, 227.0, 83.0, 29.0, 26.0, 12.0, 3.0, 3.0, 2.0, 1.0, 0.0, 2.0, 2.0, 0.0, 0.0, 1.0, 0.0, 0.0, 0.0, 0.0, 1.0, 1.0, 1.0, 0.0, 1.0, 0.0, 0.0, 1.0, 0.0, 0.0, 1.0], "bins": [-0.0016246469458565116, -0.0015720666851848364, -0.0015194864245131612, -0.001466906163841486, -0.001414325786754489, -0.0013617456424981356, -0.0013091652654111385, -0.0012565850047394633, -0.0012040047440677881, -0.001151424483396113, -0.0010988442227244377, -0.0010462639620527625, -0.0009936837013810873, -0.0009411033825017512, -0.0008885230636224151, -0.0008359428029507399, -0.0007833625422790647, -0.0007307822816073895, -0.0006782020209357142, -0.0006256217020563781, -0.0005730414413847029, -0.0005204611807130277, -0.00046788089093752205, -0.0004153006011620164, -0.0003627203404903412, -0.000310140079818666, -0.0002575597900431603, -0.00020497951481956989, -0.00015239923959597945, -9.981897892430425e-05, -4.7238689148798585e-05, 5.341600626707077e-06, 5.7921744883060455e-05, 0.00011050202010665089, 0.00016308229533024132, 0.00021566257055383176, 0.0002682428457774222, 0.0003208231064490974, 0.00037340339622460306, 0.0004259836860001087, 0.0004785639466717839, 0.0005311442073434591, 0.0005837244680151343, 0.0006363047868944705, 0.0006888850475661457, 0.0007414653082378209, 0.000794045627117157, 0.0008466258877888322, 0.0008992061484605074, 0.0009517864091321826, 0.0010043666698038578, 0.001056946930475533, 0.0011095271911472082, 0.0011621075682342052, 0.0012146878289058805, 0.0012672680895775557, 0.0013198483502492309, 0.001372428610920906, 0.0014250088715925813, 0.0014775891322642565, 0.0015301695093512535, 0.0015827496536076069, 0.001635330030694604, 0.0016879102913662791, 0.0017404905520379543]}, "gradients/embedding_item.weight": {"_type": "histogram", "values": [3.0, 0.0, 0.0, 1.0, 1.0, 1.0, 2.0, 4.0, 8.0, 11.0, 10.0, 19.0, 29.0, 30.0, 37.0, 42.0, 73.0, 104.0, 131.0, 224.0, 276.0, 415.0, 610.0, 890.0, 1353.0, 2184.0, 3755.0, 6618.0, 11831.0, 21317.0, 37070.0, 62876.0, 33484.0, 19094.0, 10575.0, 5918.0, 3311.0, 2069.0, 1282.0, 855.0, 508.0, 384.0, 268.0, 199.0, 117.0, 66.0, 76.0, 52.0, 49.0, 27.0, 25.0, 16.0, 13.0, 16.0, 4.0, 1.0, 6.0, 4.0, 2.0, 1.0, 3.0, 1.0, 0.0, 1.0],