{"TOTAL_BEST_METRIC": 0.9963418541666751, "BEST_NDCG@10": 0.12451379747259625, "_timestamp": 1688359448.2361486, "_runtime": 767.2308986186981, "_step": 1112, "epoch": 1000, "Train_Metric_loss": NaN, "Train_Reg_loss": NaN, "Pos_loss": NaN, "Neg_loss": NaN, "Recall@5": 0.0007852166725705515, "Recall@10": 0.003778486243948518, "Recall@20": 0.005806892363746774, "NDCG@5": 0.000556356529533085, "NDCG@10": 0.0016257618776651963, "NDCG@20": 0.002209725865082795, "Recall@5_total_best": 0.1363309678546828, "Recall@10_total_best": 0.2054886171048988, "Recall@20_total_best": 0.2837236852240487, "ndcg@5_total_best": 0.09984930835471306, "ndcg@10_total_best": 0.12444306695076994, "ndcg@20_total_best": 0.14650620867756187, "EPOCH_ndcg_best": 200, "Recall@5_ndcg_best": 0.1353136346193844, "Recall@10_ndcg_best": 0.20354368188069735, "Recall@20_ndcg_best": 0.2823197644622221, "ndcg@5_ndcg_best": 0.10063914714559205, "ndcg@10_ndcg_best": 0.12451379747259625, "ndcg@20_ndcg_best": 0.14700006037917984, "gradients/mass_i.weight": {"_type": "histogram", "values": [1.0, 0.0, 0.0, 0.0, 0.0, 0.0, 0.0, 0.0, 1.0, 0.0, 2.0, 1.0, 1.0, 1.0, 3.0, 1.0, 3.0, 3.0, 8.0, 6.0, 7.0, 12.0, 11.0, 21.0, 30.0, 34.0, 43.0, 54.0, 72.0, 95.0, 75.0, 81.0, 83.0, 2729.0, 17.0, 42.0, 24.0, 24.0, 13.0, 16.0, 10.0, 9.0, 11.0, 6.0, 6.0, 3.0, 1.0, 3.0, 0.0, 1.0, 0.0, 1.0, 1.0, 0.0, 0.0, 0.0, 1.0, 0.0, 0.0, 0.0, 0.0, 0.0, 0.0, 1.0], "bins": [-3.791955532506108e-05, -3.680281588458456e-05, -3.5686080082086846e-05, -3.4569340641610324e-05, -3.34526012011338e-05, -3.233586176065728e-05, -3.1219125958159566e-05, -3.0102386517683044e-05, -2.8985648896195926e-05, -2.7868911274708807e-05, -2.6752171834232286e-05, -2.5635434212745167e-05, -2.451869659125805e-05, -2.3401957150781527e-05, -2.228521952929441e-05, -2.116848190780729e-05, -2.005174246733077e-05, -1.893500484584365e-05, -1.781826540536713e-05, -1.670152778388001e-05, -1.558478834340349e-05, -1.446805072191637e-05, -1.3351313100429252e-05, -1.2234574569447432e-05, -1.1117836038465612e-05, -1.0001097507483792e-05, -8.884358976501971e-06, -7.767621355014853e-06, -6.650882824033033e-06, -5.534144293051213e-06, -4.417406216816744e-06, -3.3006681405822746e-06, -2.1839296096004546e-06, -1.06719130599231e-06, 4.95469976158347e-08, 1.1662853012239793e-06, 2.283023604832124e-06, 3.399762135813944e-06, 4.516500212048413e-06, 5.633238288282882e-06, 6.7499768192647025e-06, 7.866715350246523e-06, 8.983453881228343e-06, 1.0100191502715461e-05, 1.1216930033697281e-05, 1.2333668564679101e-05, 1.345040618616622e-05, 1.456714471714804e-05, 1.568388324812986e-05, 1.6800620869616978e-05, 1.79173603100935e-05, 1.9034097931580618e-05, 2.015083737205714e-05, 2.1267574993544258e-05, 2.2384312615031376e-05, 2.35010520555079e-05, 2.4617789676995017e-05, 2.5734527298482135e-05, 2.6851266738958657e-05, 2.7968004360445775e-05, 2.9084741981932893e-05, 3.0201481422409415e-05, 3.131822086288594e-05, 3.243495666538365e-05, 3.3551696105860174e-05]}, "gradients/mass_u.weight": {"_type": "histogram", "values": [1.0, 0.0, 0.0, 0.0, 0.0, 0.0, 0.0, 0.0, 0.0, 0.0, 0.0, 0.0, 0.0, 0.0, 0.0, 0.0, 0.0, 1.0, 0.0, 0.0, 0.0, 0.0, 0.0, 0.0, 0.0, 0.0, 0.0, 0.0, 0.0, 0.0, 0.0, 0.0, 1.0, 0.0, 0.0, 0.0, 0.0, 1.0, 2.0, 0.0, 0.0, 1.0, 1.0, 0.0, 0.0, 1.0, 0.0, 0.0, 0.0, 0.0, 0.0, 2.0, 1.0, 3.0, 1.0, 7.0, 3.0, 4.0, 8.0, 19.0, 40.0, 81.0, 231.0, 5132.0], "bins": [-0.0002713274152483791, -0.0002670879184734076, -0.00026284842169843614, -0.0002586089540272951, -0.00025436945725232363, -0.00025012996047735214, -0.00024589046370238066, -0.0002416509814793244, -0.00023741148470435292, -0.00023317198792938143, -0.00022893250570632517, -0.0002246930089313537, -0.00022045352670829743, -0.00021621402993332595, -0.0002119745477102697, -0.0002077350509352982, -0.00020349555416032672, -0.00019925605738535523, -0.00019501657516229898, -0.0001907770783873275, -0.00018653759616427124, -0.00018229809938929975, -0.00017805860261432827, -0.000173819120391272, -0.00016957963816821575, -0.00016534014139324427, -0.000161100659170188, -0.00015686116239521652, -0.00015262168017216027, -0.00014838218339718878, -0.0001441426866222173, -0.00013990320439916104, -0.00013566370762418956, -0.00013142421084921807, -0.00012718472862616181, -0.00012294523185119033, -0.00011870574235217646, -0.00011446625285316259, -0.00011022676335414872, -0.00010598727385513484, -0.00010174777708016336, -9.750828758114949e-05, -9.326879808213562e-05, -8.902930130716413e-05, -8.478981180815026e-05, -8.055032230913639e-05, -7.631083281012252e-05, -7.207134331110865e-05, -6.783185381209478e-05, -6.359236431308091e-05, -5.935287117608823e-05, -5.511338167707436e-05, -5.087388854008168e-05, -4.663439904106781e-05, -4.239490954205394e-05, -3.815542004304007e-05, -3.391592690604739e-05, -2.9676435588044114e-05, -2.543694427004084e-05, -2.119745477102697e-05, -1.6957963453023694e-05, -1.271847213502042e-05, -8.478982636006549e-06, -4.2394913180032745e-06, 0.0]}, "gradients/embedding_user.weight": {"_type": "histogram", "values": [0.0, 0.0, 0.0, 0.0, 0.0, 0.0, 0.0, 0.0, 0.0, 0.0, 0.0, 0.0, 0.0, 0.0, 0.0, 0.0, 0.0, 0.0, 0.0, 0.0, 0.0, 0.0, 0.0, 0.0, 0.0, 0.0, 0.0, 0.0, 0.0, 0.0, 0.0, 0.0, 3392.0, 0.0, 0.0, 0.0, 0.0, 0.0, 0.0, 0.0, 0.0, 0.0, 0.0, 0.0, 0.0, 0.0, 0.0, 0.0, 0.0, 0.0, 0.0, 0.0, 0.0, 0.0, 0.0, 0.0, 0.0, 0.0, 0.0, 0.0, 0.0, 0.0, 0.0, 0.0], "bins": [0.0, 0.0, 0.0, 0.0, 0.0, 0.0, 0.0, 0.0, 0.0, 0.0, 0.0, 0.0, 0.0, 0.0, 0.0, 0.0, 0.0, 0.0, 0.0, 0.0, 0.0, 0.0, 0.0, 0.0, 0.0, 0.0, 0.0, 0.0, 0.0, 0.0, 0.0, 0.0, 0.0, 0.0, 0.0, 0.0, 0.0, 0.0, 0.0, 0.0, 0.0, 0.0, 0.0, 0.0, 0.0, 0.0, 0.0, 0.0, 0.0, 0.0, 0.0, 0.0, 0.0, 0.0, 0.0, 0.0, 0.0, 0.0, 0.0, 0.0, 0.0, 0.0, 0.0, 0.0, 0.0]}, "gradients/embedding_item.weight": {"_type": "histogram", "values": [1.0, 0.0, 0.0, 1.0, 1.0, 0.0, 1.0, 0.0, 3.0, 3.0, 5.0, 4.0, 3.0, 5.0, 11.0, 13.0, 30.0, 39.0, 37.0, 52.0, 86.0, 129.0, 204.0, 281.0, 445.0, 706.0, 1135.0, 1763.0, 3072.0, 5294.0, 9607.0, 18344.0, 34448.0, 71030.0, 37037.0, 19798.0, 10532.0, 5678.0, 3298.0, 1981.0, 1181.0, 722.0, 465.0, 257.0, 207.0, 146.0, 86.0, 63.0, 48.0, 28.0, 23.0, 14.0, 6.0, 7.0, 6.0, 4.0, 4.0, 2.0, 3.0, 0.0, 1.0, 0.0, 0.0, 2.0], "bins": [-0.0008756467141211033, -0.0008495595538988709, -0.0008234724518842995, -0.0007973853498697281, -0.0007712981896474957, -0.0007452110294252634, -0.000719123927410692, -0.0006930368253961205, -0.0006669496651738882, -0.0006408625049516559, -0.0006147754029370844, -0.000588688300922513, -0.0005626011407002807, -0.0005365139804780483, -0.0005104268784634769, -0.000484339747345075, -0.0004582526162266731, -0.00043216548510827124, -0.00040607835398986936, -0.00037999122287146747, -0.0003539040917530656, -0.0003278169606346637, -0.0003017298295162618, -0.00027564269839785993, -0.00024955556727945805, -0.00022346843616105616, -0.00019738130504265428, -0.0001712941739242524, -0.0001452070428058505, -0.00011911991168744862, -9.303278056904674e-05, -6.694564945064485e-05, -4.0858518332242966e-05, -1.477138721384108e-05, 1.1315743904560804e-05, 3.740287502296269e-05, 6.349000614136457e-05, 8.957713725976646e-05, 0.00011566426837816834, 0.00014175139949657023, 0.00016783853061497211, 0.000193925661733374, 0.00022001279285177588, 0.00024609992397017777, 0.00027218705508857965, 0.00029827418620698154, 0.0003243613173253834, 0.0003504484484437853, 0.0003765355795621872, 0.0004026227106805891, 0.00042870984179899096, 0.00045479697291739285, 0.00048088410403579473, 0.0005069712642580271, 0.0005330583662725985, 0.0005591454682871699, 0.0005852326285094023, 0.0006113197887316346, 0.000637406890746206, 0.0006634939927607775, 0.0006895811529830098, 0.0007156683132052422, 0.0007417554152198136, 0.000767842517234385, 0.0007939296774566174]}, "_wandb": {"runtime": 766}}