{"epoch": 217, "Train_Metric_loss": -0.10813912749290466, "Train_Reg_loss": 0.00034481268376111983, "_timestamp": 1688275944.3775117, "_runtime": 69.93404865264893, "_step": 262, "Recall@5": 0.12633383032874057, "Recall@10": 0.18729449259260766, "Recall@20": 0.2584017630951185, "NDCG@5": 0.09563659939149781, "NDCG@10": 0.11684159270184741, "NDCG@20": 0.13742740089764355, "Recall@5_total_best": 0.13054696772466223, "Recall@10_total_best": 0.19387228672353682, "Recall@20_total_best": 0.2678433009289042, "ndcg@5_total_best": 0.09770440018988263, "ndcg@10_total_best": 0.11968889129321467, "ndcg@20_total_best": 0.14079674666348202, "EPOCH_ndcg_best": 140, "Recall@5_ndcg_best": 0.12969933855609786, "Recall@10_ndcg_best": 0.190884921036915, "Recall@20_ndcg_best": 0.26827681475242865, "ndcg@5_ndcg_best": 0.09836245706558346, "ndcg@10_ndcg_best": 0.11982423652479618, "ndcg@20_ndcg_best": 0.14181926920041926, "BEST_NDCG@10": 0.11982423652479618, "gradients/mass_i.weight": {"_type": "histogram", "values": [1.0, 1.0, 0.0, 0.0, 3.0, 1.0, 0.0, 2.0, 1.0, 0.0, 2.0, 4.0, 3.0, 3.0, 0.0, 4.0, 3.0, 4.0, 3.0, 6.0, 10.0, 16.0, 10.0, 15.0, 13.0, 21.0, 25.0, 31.0, 37.0, 48.0, 19.0, 16.0, 10.0, 12.0, 3101.0, 19.0, 12.0, 12.0, 7.0, 10.0, 14.0, 12.0, 16.0, 9.0, 8.0, 4.0, 3.0, 1.0, 1.0, 2.0, 3.0, 1.0, 1.0, 1.0, 1.0, 1.0, 1.0, 2.0, 1.0, 0.0, 0.0, 0.0, 0.0, 1.0], "bins": [-0.00021155731519684196, -0.00020548648899421096, -0.00019941566279157996, -0.00019334483658894897, -0.0001872740249382332, -0.0001812031987356022, -0.0001751323725329712, -0.0001690615463303402, -0.0001629907201277092, -0.0001569198939250782, -0.00015084906772244722, -0.00014477825607173145, -0.00013870742986910045, -0.00013263660366646945, -0.00012656577746383846, -0.00012049495126120746, -0.00011442413233453408, -0.00010835330613190308, -0.0001022824872052297, -9.62116610025987e-05, -9.01408347999677e-05, -8.407000859733671e-05, -7.799918967066333e-05, -7.192836346803233e-05, -6.585754454135895e-05, -5.978672197670676e-05, -5.371589577407576e-05, -4.764507320942357e-05, -4.1574247006792575e-05, -3.5503424442140386e-05, -2.9432601877488196e-05, -2.33617756748572e-05, -1.7290949472226202e-05, -1.122012508858461e-05, -5.149301614437718e-06, 9.215218597091734e-07, 6.992346243350767e-06, 1.306317062699236e-05, 1.913399319164455e-05, 2.5204819394275546e-05, 3.1275641958927736e-05, 3.7346464523579925e-05, 4.341729072621092e-05, 4.948811329086311e-05, 5.55589358555153e-05, 6.16297620581463e-05, 6.77005882607773e-05, 7.377141446340829e-05, 7.984223339008167e-05, 8.591305959271267e-05, 9.198387851938605e-05, 9.805470472201705e-05, 0.00010412553092464805, 0.00011019635712727904, 0.00011626717605395243, 0.00012233800953254104, 0.0001284088211832568, 0.0001344796473858878, 0.0001405504735885188, 0.00014662128523923457, 0.00015269211144186556, 0.00015876293764449656, 0.00016483376384712756, 0.00017090459004975855, 0.00017697541625238955]}, "gradients/mass_u.weight": {"_type": "histogram", "values": [1.0, 0.0, 1.0, 0.0, 0.0, 0.0, 0.0, 0.0, 0.0, 0.0, 0.0, 0.0, 0.0, 0.0, 0.0, 0.0, 0.0, 0.0, 0.0, 0.0, 0.0, 0.0, 0.0, 0.0, 0.0, 0.0, 1.0, 0.0, 0.0, 1.0, 0.0, 0.0, 0.0, 0.0, 0.0, 2.0, 0.0, 1.0, 1.0, 2.0, 3.0, 2.0, 5.0, 9.0, 4.0, 8.0, 7.0, 22.0, 14.0, 26.0, 22.0, 26.0, 18.0, 12.0, 5322.0, 14.0, 8.0, 4.0, 2.0, 0.0, 2.0, 0.0, 0.0, 1.0], "bins": [-0.0009163054055534303, -0.0008993743686005473, -0.0008824433316476643, -0.0008655122946947813, -0.0008485812577418983, -0.0008316502207890153, -0.0008147191838361323, -0.0007977881468832493, -0.0007808571099303663, -0.0007639260729774833, -0.0007469950360246003, -0.0007300639990717173, -0.0007131329621188343, -0.0006962019251659513, -0.0006792708882130682, -0.0006623398512601852, -0.0006454087560996413, -0.0006284777191467583, -0.0006115466821938753, -0.0005946156452409923, -0.0005776846082881093, -0.0005607535713352263, -0.0005438225343823433, -0.0005268914974294603, -0.0005099604604765773, -0.0004930294235236943, -0.00047609838657081127, -0.00045916734961792827, -0.00044223631266504526, -0.00042530527571216226, -0.00040837423875927925, -0.00039144320180639625, -0.00037451216485351324, -0.00035758112790063024, -0.00034065009094774723, -0.0003237190539948642, -0.0003067880170419812, -0.0002898569800890982, -0.0002729259431362152, -0.0002559949061833322, -0.0002390638692304492, -0.0002221328322775662, -0.0002052017953246832, -0.00018827075837180018, -0.00017133972141891718, -0.00015440868446603417, -0.00013747763296123594, -0.00012054659600835294, -0.00010361555905546993, -8.668452210258693e-05, -6.975348514970392e-05, -5.28224409208633e-05, -3.5891403967980295e-05, -1.896036701509729e-05, -2.029322786256671e-06, 1.4901714166626334e-05, 3.183275111950934e-05, 4.8763788072392344e-05, 6.569482502527535e-05, 8.262586925411597e-05, 9.955690620699897e-05, 0.00011648794315988198, 0.0001334189873887226, 0.0001503500243416056, 0.0001672810612944886]}, "gradients/embedding_user.weight": {"_type": "histogram", "values": [1.0, 0.0, 0.0, 0.0, 1.0, 0.0, 0.0, 0.0, 1.0, 0.0, 1.0, 0.0, 1.0, 0.0, 4.0, 3.0, 3.0, 3.0, 4.0, 5.0, 11.0, 21.0, 22.0, 42.0, 74.0, 125.0, 157.0, 238.0, 418.0, 740.0, 1185.0, 1814.0, 3281.0, 6127.0, 21921.0, 108283.0, 150411.0, 41547.0, 8674.0, 3932.0, 2206.0, 1340.0, 778.0, 484.0, 299.0, 150.0, 124.0, 73.0, 37.0, 27.0, 14.0, 11.0, 8.0, 7.0, 3.0, 4.0, 1.0, 2.0, 2.0, 2.0, 0.0, 1.0, 0.0, 1.0], "bins": [-3.6132842069491744e-05, -3.51338749169372e-05, -3.413490776438266e-05, -3.313594061182812e-05, -3.2136977097252384e-05, -3.113800994469784e-05, -3.01390427921433e-05, -2.914007563958876e-05, -2.8141108487034217e-05, -2.7142141334479675e-05, -2.6143176000914536e-05, -2.5144208848359995e-05, -2.4145241695805453e-05, -2.3146276362240314e-05, -2.2147309209685773e-05, -2.114834205713123e-05, -2.0149376723566093e-05, -1.915040957101155e-05, -1.8151444237446412e-05, -1.715247708489187e-05, -1.615350993233733e-05, -1.5154543689277489e-05, -1.4155577446217649e-05, -1.3156610293663107e-05, -1.2157644050603267e-05, -1.1158677807543427e-05, -1.0159710654988885e-05, -9.160744411929045e-06, -8.161778168869205e-06, -7.162811016314663e-06, -6.163844773254823e-06, -5.164878075447632e-06, -4.1659095586510375e-06, -3.1669428608438466e-06, -2.167976390410331e-06, -1.1690099199768156e-06, -1.7004322216962464e-07, 8.289234756375663e-07, 1.8278897186974064e-06, 2.8268564165045973e-06, 3.825823114311788e-06, 4.824789812118979e-06, 5.82375650992617e-06, 6.82272275298601e-06, 7.82168899604585e-06, 8.820656148600392e-06, 9.819622391660232e-06, 1.0818588634720072e-05, 1.1817555787274614e-05, 1.2816522030334454e-05, 1.3815489182888996e-05, 1.4814455425948836e-05, 1.5813422578503378e-05, 1.6812387912068516e-05, 1.7811355064623058e-05, 1.88103222171776e-05, 1.980928936973214e-05, 2.0808256522286683e-05, 2.180722185585182e-05, 2.2806189008406363e-05, 2.3805156160960905e-05, 2.4804121494526044e-05, 2.5803088647080585e-05, 2.6802055799635127e-05, 2.7801021133200265e-05]}, "gradients/embedding_item.weight": {"_type": "histogram", "values": [1.0, 0.0, 1.0, 0.0, 1.0, 0.0, 1.0, 3.0, 1.0, 2.0, 2.0, 6.0, 8.0, 12.0, 11.0, 16.0, 31.0, 59.0, 37.0, 64.0, 92.0, 119.0, 163.0, 213.0, 331.0, 523.0, 723.0, 1234.0, 2041.0, 3468.0, 6006.0, 10143.0, 17288.0, 27585.0, 52000.0, 42166.0, 25249.0, 15684.0, 9331.0, 5468.0, 3054.0, 1808.0, 1141.0, 716.0, 450.0, 307.0, 222.0, 170.0, 100.0, 79.0, 65.0, 46.0, 29.0, 18.0, 15.0, 15.0, 10.0, 10.0, 6.0, 0.0, 2.0, 2.0, 2.0, 2.0],