{"TOTAL_BEST_METRIC": 0.2875284821380953, "BEST_NDCG@10": 0.03307180312537659, "_timestamp": 1688378475.7966597, "_runtime": 1992.375917673111, "_step": 1105, "epoch": 1000, "Train_Metric_loss": NaN, "Train_Reg_loss": NaN, "Pos_loss": NaN, "Neg_loss": NaN, "Recall@5": 0.00013653741125068268, "Recall@10": 0.000591662115419625, "Recall@20": 0.0010172037138175861, "NDCG@5": 5.281988083486368e-05, "NDCG@10": 0.00022000096810395565, "NDCG@20": 0.00034823243471569386, "Recall@5_total_best": 0.03475078080484963, "Recall@10_total_best": 0.05911035532826902, "Recall@20_total_best": 0.0931834480342989, "ndcg@5_total_best": 0.024658998863049342, "ndcg@10_total_best": 0.03307180312537659, "ndcg@20_total_best": 0.04275309598225183, "EPOCH_ndcg_best": 20, "Recall@5_ndcg_best": 0.03475078080484963, "Recall@10_ndcg_best": 0.05911035532826902, "Recall@20_ndcg_best": 0.0931834480342989, "ndcg@5_ndcg_best": 0.024658998863049342, "ndcg@10_ndcg_best": 0.03307180312537659, "ndcg@20_ndcg_best": 0.04275309598225183, "gradients/mass_i.weight": {"_type": "histogram", "values": [1.0, 0.0, 0.0, 1.0, 0.0, 0.0, 0.0, 0.0, 0.0, 0.0, 3.0, 1.0, 3.0, 7.0, 6.0, 10.0, 23.0, 39.0, 47.0, 35.0, 8514.0, 10.0, 4.0, 3.0, 1.0, 0.0, 0.0, 0.0, 0.0, 0.0, 2.0, 1.0, 1.0, 0.0, 0.0, 0.0, 0.0, 0.0, 0.0, 0.0, 0.0, 0.0, 0.0, 0.0, 0.0, 0.0, 0.0, 0.0, 0.0, 0.0, 0.0, 0.0, 0.0, 0.0, 0.0, 0.0, 0.0, 0.0, 0.0, 0.0, 0.0, 0.0, 0.0, 1.0], "bins": [-3.5657812986755744e-05, -3.389798439457081e-05, -3.213815580238588e-05, -3.037832721020095e-05, -2.861849861801602e-05, -2.685867002583109e-05, -2.509884325263556e-05, -2.333901466045063e-05, -2.15791860682657e-05, -1.9819357476080768e-05, -1.8059528883895837e-05, -1.629970211070031e-05, -1.4539872609020676e-05, -1.2780044016835745e-05, -1.1020216334145516e-05, -9.260387741960585e-06, -7.500559149775654e-06, -5.740730557590723e-06, -3.980902420153143e-06, -2.2210742827155627e-06, -4.612456905306317e-07, 1.2985829016542993e-06, 3.0584105843445286e-06, 4.81823917652946e-06, 6.578067768714391e-06, 8.337896360899322e-06, 1.0097724953084253e-05, 1.1857552635774482e-05, 1.3617381227959413e-05, 1.5377208910649642e-05, 1.7137037502834573e-05, 1.8896866095019504e-05, 2.0656698325183243e-05, 2.2416526917368174e-05, 2.4176355509553105e-05, 2.5936184101738036e-05, 2.7696012693922967e-05, 2.9455841286107898e-05, 3.121566987829283e-05, 3.297549847047776e-05, 3.473532706266269e-05, 3.649515565484762e-05, 3.825498424703255e-05, 4.0014812839217484e-05, 4.1774641431402415e-05, 4.3534470023587346e-05, 4.529429861577228e-05, 4.705412720795721e-05, 4.881395216216333e-05, 5.057378075434826e-05, 5.2333609346533194e-05, 5.4093437938718125e-05, 5.5853266530903056e-05, 5.761309512308799e-05, 5.937292007729411e-05, 6.113274866947904e-05, 6.289257726166397e-05, 6.46524058538489e-05, 6.641223444603384e-05, 6.817206303821877e-05, 6.99318916304037e-05, 7.169172022258863e-05, 7.345154881477356e-05, 7.521137740695849e-05, 7.697120599914342e-05]}, "gradients/mass_u.weight": {"_type": "histogram", "values": [0.0, 0.0, 0.0, 0.0, 0.0, 0.0, 0.0, 0.0, 0.0, 0.0, 0.0, 0.0, 0.0, 0.0, 0.0, 0.0, 0.0, 0.0, 0.0, 0.0, 0.0, 0.0, 0.0, 0.0, 0.0, 0.0, 0.0, 0.0, 0.0, 0.0, 0.0, 0.0, 14681.0, 0.0, 0.0, 0.0, 0.0, 0.0, 0.0, 0.0, 0.0, 0.0, 0.0, 0.0, 0.0, 0.0, 0.0, 0.0, 0.0, 0.0, 0.0, 0.0, 0.0, 0.0, 0.0, 0.0, 0.0, 0.0, 0.0, 0.0, 0.0, 0.0, 0.0, 0.0], "bins": [0.0, 0.0, 0.0, 0.0, 0.0, 0.0, 0.0, 0.0, 0.0, 0.0, 0.0, 0.0, 0.0, 0.0, 0.0, 0.0, 0.0, 0.0, 0.0, 0.0, 0.0, 0.0, 0.0, 0.0, 0.0, 0.0, 0.0, 0.0, 0.0, 0.0, 0.0, 0.0, 0.0, 0.0, 0.0, 0.0, 0.0, 0.0, 0.0, 0.0, 0.0, 0.0, 0.0, 0.0, 0.0, 0.0, 0.0, 0.0, 0.0, 0.0, 0.0, 0.0, 0.0, 0.0, 0.0, 0.0, 0.0, 0.0, 0.0, 0.0, 0.0, 0.0, 0.0, 0.0, 0.0]}, "gradients/embedding_user.weight": {"_type": "histogram", "values": [0.0, 0.0, 0.0, 0.0, 0.0, 0.0, 0.0, 0.0, 0.0, 0.0, 0.0, 0.0, 0.0, 0.0, 0.0, 0.0, 0.0, 0.0, 0.0, 0.0, 0.0, 0.0, 0.0, 0.0, 0.0, 0.0, 0.0, 0.0, 0.0, 0.0, 0.0, 0.0, 5888.0, 0.0, 0.0, 0.0, 0.0, 0.0, 0.0, 0.0, 0.0, 0.0, 0.0, 0.0, 0.0, 0.0, 0.0, 0.0, 0.0, 0.0, 0.0, 0.0, 0.0, 0.0, 0.0, 0.0, 0.0, 0.0, 0.0, 0.0, 0.0, 0.0, 0.0, 0.0], "bins": [0.0, 0.0, 0.0, 0.0, 0.0, 0.0, 0.0, 0.0, 0.0, 0.0, 0.0, 0.0, 0.0, 0.0, 0.0, 0.0, 0.0, 0.0, 0.0, 0.0, 0.0, 0.0, 0.0, 0.0, 0.0, 0.0, 0.0, 0.0, 0.0, 0.0, 0.0, 0.0, 0.0, 0.0, 0.0, 0.0, 0.0, 0.0, 0.0, 0.0, 0.0, 0.0, 0.0, 0.0, 0.0, 0.0, 0.0, 0.0, 0.0, 0.0, 0.0, 0.0, 0.0, 0.0, 0.0, 0.0, 0.0, 0.0, 0.0, 0.0, 0.0, 0.0, 0.0, 0.0, 0.0]}, "_wandb": {"runtime": 1991}}