{"TOTAL_BEST_METRIC": 0.025760089897668474, "BEST_NDCG@10": 0.002406027217981272, "_timestamp": 1688530839.0542529, "_runtime": 109.77857780456543, "_step": 95, "epoch": 74, "Train_Metric_loss": 2.7911242076328824, "Train_Reg_loss": 1.914918357215356e-06, "Pos_loss": 8.012974739074707, "Neg_loss": 1.2952744960784912, "Recall@5": 0.0023670277322653077, "Recall@10": 0.004689873974744442, "Recall@20": 0.010720763938594538, "NDCG@5": 0.0015347575366945212, "NDCG@10": 0.002406027217981272, "NDCG@20": 0.004041639497388392, "Recall@5_total_best": 0.0023670277322653077, "Recall@10_total_best": 0.004689873974744442, "Recall@20_total_best": 0.010720763938594538, "ndcg@5_total_best": 0.0015347575366945212, "ndcg@10_total_best": 0.002406027217981272, "ndcg@20_total_best": 0.004041639497388392, "EPOCH_ndcg_best": 70, "Recall@5_ndcg_best": 0.0023670277322653077, "Recall@10_ndcg_best": 0.004689873974744442, "Recall@20_ndcg_best": 0.010720763938594538, "ndcg@5_ndcg_best": 0.0015347575366945212, "ndcg@10_ndcg_best": 0.002406027217981272, "ndcg@20_ndcg_best": 0.004041639497388392, "gradients/mass_i.weight": {"_type": "histogram", "values": [1.0, 0.0, 0.0, 0.0, 0.0, 0.0, 0.0, 0.0, 0.0, 0.0, 0.0, 0.0, 0.0, 0.0, 0.0, 0.0, 0.0, 0.0, 0.0, 0.0, 0.0, 1.0, 0.0, 4.0, 0.0, 1.0, 1.0, 0.0, 1.0, 0.0, 5.0, 2.0, 3.0, 4.0, 2.0, 6.0, 1.0, 9.0, 12.0, 19.0, 37.0, 3.0, 79.0, 33.0, 210.0, 783.0, 17.0, 6311.0, 499.0, 123.0, 269.0, 105.0, 45.0, 74.0, 18.0, 17.0, 12.0, 1.0, 1.0, 2.0, 1.0, 0.0, 0.0, 1.0], "bins": [-0.00290952087379992, -0.002848258474841714, -0.002786995843052864, -0.002725733444094658, -0.0026644710451364517, -0.0026032086461782455, -0.0025419462472200394, -0.0024806836154311895, -0.0024194212164729834, -0.002358158817514777, -0.0022968961857259274, -0.002235633786767721, -0.002174371387809515, -0.002113108988851309, -0.0020518465898931026, -0.001990583958104253, -0.0019293215591460466, -0.0018680591601878405, -0.0018067966448143125, -0.0017455341294407845, -0.0016842717304825783, -0.001623009331524372, -0.001561746816150844, -0.001500484300777316, -0.00143922190181911, -0.0013779595028609037, -0.0013166969874873757, -0.0012554344721138477, -0.0011941720731556416, -0.0011329096741974354, -0.0010716471588239074, -0.0010103846434503794, -0.0009491220116615295, -0.0008878595544956625, -0.0008265970973297954, -0.0007653346401639283, -0.0007040721829980612, -0.0006428097258321941, -0.000581547268666327, -0.0005202848115004599, -0.0004590223543345928, -0.00039775989716872573, -0.00033649744000285864, -0.00027523498283699155, -0.00021397252567112446, -0.00015271006850525737, -9.144761133939028e-05, -3.0185154173523188e-05, 3.10773029923439e-05, 9.233976015821099e-05, 0.00015360221732407808, 0.00021486467448994517, 0.00027612713165581226, 0.00033738958882167935, 0.00039865204598754644, 0.00045991450315341353, 0.0005211769603192806, 0.0005824394174851477, 0.0006437018746510148, 0.0007049643318168819, 0.000766226788982749, 0.0008274892461486161, 0.0008887517033144832, 0.0009500141604803503, 0.0010112766176462173]}, "gradients/mass_u.weight": {"_type": "histogram", "values": [1.0, 0.0, 0.0, 0.0, 0.0, 0.0, 0.0, 0.0, 0.0, 0.0, 0.0, 0.0, 0.0, 0.0, 0.0, 0.0, 0.0, 0.0, 0.0, 0.0, 0.0, 0.0, 0.0, 0.0, 0.0, 0.0, 0.0, 0.0, 0.0, 1.0, 0.0, 0.0, 0.0, 0.0, 1.0, 0.0, 0.0, 0.0, 0.0, 0.0, 1.0, 1.0, 1.0, 2.0, 0.0, 0.0, 0.0, 0.0, 2.0, 2.0, 2.0, 4.0, 2.0, 7.0, 8.0, 5.0, 8.0, 16.0, 15.0, 20.0, 50.0, 133.0, 190.0, 14209.0], "bins": [-0.0013800598680973053, -0.0013584964908659458, -0.0013369329972192645, -0.0013153695035725832, -0.0012938061263412237, -0.0012722427491098642, -0.001250679255463183, -0.0012291157618165016, -0.0012075523845851421, -0.0011859890073537827, -0.0011644255137071013, -0.00114286202006042, -0.0011212986428290606, -0.001099735265597701, -0.0010781717719510198, -0.0010566082783043385, -0.001035044901072979, -0.0010134815238416195, -0.0009919180301949382, -0.0009703545947559178, -0.0009487911593168974, -0.000927227723877877, -0.0009056642884388566, -0.0008841008529998362, -0.0008625374175608158, -0.0008409739821217954, -0.000819410546682775, -0.0007978471112437546, -0.0007762836758047342, -0.0007547202403657138, -0.0007331568049266934, -0.000711593369487673, -0.0006900299340486526, -0.0006684664986096323, -0.0006469030631706119, -0.0006253396277315915, -0.0006037761922925711, -0.0005822127568535507, -0.0005606493214145303, -0.0005390858859755099, -0.0005175224505364895, -0.0004959590150974691, -0.0004743955796584487, -0.0004528321442194283, -0.0004312687087804079, -0.0004097052733413875, -0.0003881418379023671, -0.0003665784024633467, -0.0003450149670243263, -0.00032345153158530593, -0.00030188809614628553, -0.00028032466070726514, -0.00025876122526824474, -0.00023719778982922435, -0.00021563435439020395, -0.00019407091895118356, -0.00017250748351216316, -0.00015094404807314277, -0.00012938061263412237, -0.00010781717719510198, -8.625374175608158e-05, -6.469030631706119e-05, -4.312687087804079e-05, -2.1563435439020395e-05, 0.0]}, "gradients/embedding_user.weight": {"_type": "histogram", "values": [1.0, 0.0, 0.0, 0.0, 0.0, 1.0, 1.0, 1.0, 0.0, 1.0, 3.0, 4.0, 2.0, 6.0, 16.0, 24.0, 25.0, 39.0, 81.0, 205.0, 396.0, 784.0, 1731.0, 3699.0, 8001.0, 159117.0, 706771.0, 47154.0, 6082.0, 2866.0, 1365.0, 574.0, 273.0, 135.0, 80.0, 59.0, 31.0, 14.0, 14.0, 12.0, 7.0, 1.0, 0.0, 2.0, 2.0, 2.0, 0.0, 1.0, 0.0, 0.0, 0.0, 0.0, 0.0, 0.0, 0.0, 0.0, 0.0, 0.0, 0.0, 0.0, 0.0, 0.0, 0.0, 1.0], "bins": [-6.858364213258028e-05, -6.597965693799779e-05, -6.33756717434153e-05, -6.0771686548832804e-05, -5.816770135425031e-05, -5.556371615966782e-05, -5.295972732710652e-05, -5.035574213252403e-05, -4.7751756937941536e-05, -4.5147771743359044e-05, -4.254378654877655e-05, -3.993979771621525e-05, -3.733581252163276e-05, -3.473182732705027e-05, -3.2127842132467777e-05, -2.9523856937885284e-05, -2.6919871743302792e-05, -2.43158865487203e-05, -2.1711901354137808e-05, -1.9107914340565912e-05, -1.650392914598342e-05, -1.3899943951400928e-05, -1.1295956937829033e-05, -8.69197174324654e-06, -6.087986548664048e-06, -3.4840008993342053e-06, -8.800152500043623e-07, 1.7239708540728316e-06, 4.327956048655324e-06, 6.931941243237816e-06, 9.535928256809711e-06, 1.2139913451392204e-05, 1.474390592193231e-05, 1.7347891116514802e-05, 1.9951876311097294e-05, 2.255586332466919e-05, 2.5159848519251682e-05, 2.7763833713834174e-05, 3.036782072740607e-05, 3.297180592198856e-05, 3.5575791116571054e-05, 3.8179776311153546e-05, 4.078376150573604e-05, 4.338775033829734e-05, 4.599173553287983e-05, 4.859572072746232e-05, 5.1199705922044814e-05, 5.3803691116627306e-05, 5.64076763112098e-05, 5.901166150579229e-05, 6.161564670037478e-05, 6.421963189495727e-05, 6.682361708953977e-05, 6.942760228412226e-05, 7.203158747870475e-05, 7.463557994924486e-05, 7.723955786786973e-05, 7.984354306245223e-05, 8.244752825703472e-05, 8.505151345161721e-05, 8.76554986461997e-05, 9.02594838407822e-05, 9.286346903536469e-05, 9.54674615059048e-05, 9.807144670048729e-05]}, "gradients/embedding_item.weight": {"_type": "histogram", "values": [2.0, 1.0, 2.0, 1.0, 0.0, 0.0, 3.0, 1.0, 3.0, 0.0, 5.0, 11.0, 6.0, 10.0, 21.0, 26.0, 35.0, 37.0, 63.0, 106.0, 132.0, 168.0, 252.0, 440.0, 737.0, 1486.0, 4414.0, 27065.0, 177262.0, 261863.0, 69368.0, 9120.0, 2292.0, 1023.0, 575.0, 321.0, 220.0, 160.0, 93.0, 84.0, 59.0, 48.0, 35.0, 23.0, 10.0, 14.0, 7.0, 4.0, 9.0, 1.0, 1.0, 3.0, 1.0, 3.0, 1.0, 1.0, 0.0, 3.0, 0.0, 0.0, 0.0, 0.0, 0.0, 1.0],