{"TOTAL_BEST_METRIC": 0.1085583200853349, "BEST_NDCG@10": 0.01189928435516545, "_timestamp": 1688342221.9973145, "_runtime": 454.82501339912415, "_step": 1280, "epoch": 1000, "Train_Metric_loss": 0.11339181214571, "Train_Reg_loss": 3.900697083736304e-06, "Pos_loss": 0.2387143075466156, "Neg_loss": -0.24971620738506317, "Recall@5": 0.012354951613299395, "Recall@10": 0.021648087925564295, "Recall@20": 0.037575158847321724, "NDCG@5": 0.008600675950550111, "NDCG@10": 0.01189928435516545, "NDCG@20": 0.016477951035705946, "Recall@5_total_best": 0.012354951613299395, "Recall@10_total_best": 0.021648087925564295, "Recall@20_total_best": 0.037575158847321724, "ndcg@5_total_best": 0.008600675950550111, "ndcg@10_total_best": 0.01189928435516545, "ndcg@20_total_best": 0.016480161393433928, "EPOCH_ndcg_best": 1000, "Recall@5_ndcg_best": 0.012354951613299395, "Recall@10_ndcg_best": 0.021648087925564295, "Recall@20_ndcg_best": 0.037575158847321724, "ndcg@5_ndcg_best": 0.008600675950550111, "ndcg@10_ndcg_best": 0.01189928435516545, "ndcg@20_ndcg_best": 0.016480161393433928, "gradients/mass_i.weight": {"_type": "histogram", "values": [1.0, 0.0, 0.0, 0.0, 0.0, 0.0, 1.0, 0.0, 0.0, 0.0, 0.0, 0.0, 2.0, 0.0, 1.0, 0.0, 0.0, 0.0, 0.0, 5.0, 2.0, 1.0, 0.0, 4.0, 1.0, 1.0, 1.0, 3.0, 1.0, 3.0, 9.0, 11.0, 5.0, 9.0, 11.0, 5.0, 19.0, 22.0, 7.0, 19.0, 27.0, 54.0, 10.0, 59.0, 159.0, 1.0, 132.0, 287.0, 203.0, 10.0, 2111.0, 199.0, 0.0, 97.0, 35.0, 11.0, 11.0, 8.0, 6.0, 0.0, 3.0, 0.0, 0.0, 1.0], "bins": [-0.0023127496242523193, -0.0022668312303721905, -0.0022209128364920616, -0.0021749944426119328, -0.002129076048731804, -0.002083157654851675, -0.002037239260971546, -0.0019913208670914173, -0.0019454024732112885, -0.0018994840793311596, -0.0018535656854510307, -0.0018076472915709019, -0.001761728897690773, -0.0017158105038106441, -0.0016698921099305153, -0.0016239737160503864, -0.0015780553221702576, -0.0015321369282901287, -0.0014862185344099998, -0.001440300140529871, -0.0013943817466497421, -0.0013484633527696133, -0.0013025449588894844, -0.0012566265650093555, -0.0012107081711292267, -0.0011647897772490978, -0.001118871383368969, -0.00107295298948884, -0.0010270345956087112, -0.0009811162017285824, -0.0009351978078484535, -0.0008892794139683247, -0.0008433611365035176, -0.0007974427426233888, -0.0007515243487432599, -0.000705605954863131, -0.0006596875609830022, -0.0006137691671028733, -0.0005678507732227445, -0.0005219323793426156, -0.00047601398546248674, -0.0004300955915823579, -0.000384177197702229, -0.00033825880382210016, -0.0002923404099419713, -0.00024642201606184244, -0.00020050362218171358, -0.00015458522830158472, -0.00010866683442145586, -6.2748440541327e-05, -1.683004666119814e-05, 2.908834721893072e-05, 7.500674109905958e-05, 0.00012092513497918844, 0.0001668435288593173, 0.00021276192273944616, 0.000258680316619575, 0.0003045987104997039, 0.00035051710437983274, 0.0003964354982599616, 0.00044235389214009047, 0.0004882722860202193, 0.0005341906799003482, 0.000580109073780477, 0.0006260274676606059]}, "gradients/mass_u.weight": {"_type": "histogram", "values": [1.0, 0.0, 0.0, 0.0, 0.0, 0.0, 0.0, 0.0, 0.0, 0.0, 0.0, 0.0, 0.0, 0.0, 0.0, 0.0, 0.0, 0.0, 0.0, 1.0, 0.0, 0.0, 0.0, 0.0, 0.0, 0.0, 0.0, 1.0, 0.0, 0.0, 0.0, 0.0, 0.0, 0.0, 1.0, 0.0, 0.0, 0.0, 0.0, 1.0, 0.0, 0.0, 0.0, 0.0, 0.0, 0.0, 0.0, 0.0, 1.0, 0.0, 2.0, 1.0, 3.0, 5.0, 1.0, 1.0, 5.0, 8.0, 17.0, 22.0, 38.0, 98.0, 256.0, 5078.0], "bins": [-0.011173955164849758, -0.010999361984431744, -0.010824768804013729, -0.010650175623595715, -0.010475583374500275, -0.01030099019408226, -0.010126397013664246, -0.009951803833246231, -0.009777210652828217, -0.009602617472410202, -0.009428024291992188, -0.009253431111574173, -0.009078838862478733, -0.008904245682060719, -0.008729652501642704, -0.00855505932122469, -0.008380466140806675, -0.00820587296038866, -0.008031279779970646, -0.007856686599552631, -0.007682093884795904, -0.00750750070437789, -0.007332907989621162, -0.007158314809203148, -0.006983722094446421, -0.006809128914028406, -0.006634536199271679, -0.006459943018853664, -0.00628534983843565, -0.006110756658017635, -0.005936163943260908, -0.005761570762842894, -0.005586977582424879, -0.0054123844020068645, -0.005237791687250137, -0.005063198506832123, -0.004888605326414108, -0.004714012145996094, -0.0045394194312393665, -0.004364826250821352, -0.0041902330704033375, -0.004015639889985323, -0.003841046942397952, -0.003666453994810581, -0.0034918608143925667, -0.003317267866805196, -0.003142674919217825, -0.0029680817387998104, -0.0027934887912124395, -0.0026188958436250687, -0.002444302663207054, -0.0022697097156196833, -0.0020951165352016687, -0.0019205235876142979, -0.0017459305236116052, -0.0015713374596089125, -0.0013967443956062198, -0.001222151331603527, -0.0010475582676008344, -0.0008729652618058026, -0.0006983721978031099, -0.0005237791338004172, -0.0003491861280053854, -0.0001745930640026927, 0.0]}, "gradients/embedding_user.weight": {"_type": "histogram", "values": [2.0, 0.0, 0.0, 0.0, 1.0, 2.0, 1.0, 2.0, 2.0, 2.0, 2.0, 2.0, 1.0, 1.0, 3.0, 3.0, 0.0, 7.0, 8.0, 10.0, 12.0, 17.0, 21.0, 26.0, 67.0, 220.0, 727.0, 32026.0, 319446.0, 1482.0, 288.0, 89.0, 36.0, 25.0, 19.0, 20.0, 16.0, 8.0, 8.0, 6.0, 2.0, 2.0, 3.0, 1.0, 2.0, 1.0, 1.0, 1.0, 0.0, 0.0, 1.0, 1.0, 0.0, 0.0, 0.0, 0.0, 0.0, 0.0, 0.0, 0.0, 0.0, 0.0, 0.0, 1.0], "bins": [-0.007245513144880533, -0.006988178938627243, -0.00673084519803524, -0.00647351099178195, -0.00621617678552866, -0.005958843044936657, -0.005701508838683367, -0.005444174632430077, -0.005186840891838074, -0.0049295066855847836, -0.004672172944992781, -0.0044148387387394905, -0.0041575045324862, -0.003900170559063554, -0.0036428365856409073, -0.003385502379387617, -0.003128168173134327, -0.0028708341997116804, -0.0026134999934583902, -0.0023561660200357437, -0.0020988318137824535, -0.001841497840359807, -0.0015841638669371605, -0.0013268297770991921, -0.0010694956872612238, -0.0008121615974232554, -0.000554827565792948, -0.00029749353416264057, -4.015944432467222e-05, 0.00021717464551329613, 0.00047450861893594265, 0.000731842708773911, 0.0009891772642731667, 0.001246511354111135, 0.0015038454439491034, 0.0017611794173717499, 0.00201851362362504, 0.0022758475970476866, 0.002533181570470333, 0.0027905157767236233, 0.00304784975014627, 0.0033051837235689163, 0.0035625179298222065, 0.003819851903244853, 0.0040771858766674995, 0.00433452008292079, 0.00459185428917408, 0.004849188029766083, 0.005106522236019373, 0.005363856442272663, 0.005621190182864666, 0.005878524389117956, 0.006135858595371246, 0.006393192335963249, 0.006650526542216539, 0.0069078607484698296, 0.007165194489061832, 0.007422528695315123, 0.0076798624359071255, 0.007937196642160416, 0.008194530382752419, 0.008451865054666996, 0.008709198795258999, 0.008966532535851002, 0.00922386720776558]}, "gradients/embedding_item.weight": {"_type": "histogram", "values": [2.0, 2.0, 1.0, 1.0, 0.0, 5.0, 1.0, 2.0, 4.0, 6.0, 8.0, 10.0, 10.0, 12.0, 23.0, 24.0, 41.0, 55.0, 40.0, 65.0, 93.0, 126.0, 171.0, 238.0, 356.0, 529.0, 896.0, 1447.0, 2403.0, 4273.0, 8168.0, 17073.0, 37036.0, 79819.0, 38366.0, 17957.0, 8388.0, 4210.0, 2406.0, 1347.0, 865.0, 508.0, 370.0, 270.0, 190.0, 126.0, 107.0, 79.0, 55.0, 42.0, 32.0, 26.0, 12.0, 17.0, 15.0, 6.0, 4.0, 2.0, 8.0, 2.0, 1.0, 0.0, 0.0, 1.0],