{"TOTAL_BEST_METRIC": 0.30397659908017344, "BEST_NDCG@10": 0.03566417440829378, "_timestamp": 1688370309.9351864, "_runtime": 1208.129516363144, "_step": 1105, "epoch": 1000, "Train_Metric_loss": -11.598063332693917, "Train_Reg_loss": 0.13386896039758409, "Pos_loss": 21.614295959472656, "Neg_loss": -36.081451416015625, "Recall@5": 0.025404442824909786, "Recall@10": 0.04349308465295513, "Recall@20": 0.07065966269525897, "NDCG@5": 0.01744636102698958, "NDCG@10": 0.02369484275674087, "NDCG@20": 0.03145973186566113, "Recall@5_total_best": 0.03839999899206832, "Recall@10_total_best": 0.06272845829135174, "Recall@20_total_best": 0.09519960121784694, "ndcg@5_total_best": 0.027059079431096266, "ndcg@10_total_best": 0.03566417440829378, "ndcg@20_total_best": 0.04492528673951642, "EPOCH_ndcg_best": 20, "Recall@5_ndcg_best": 0.03839999899206832, "Recall@10_ndcg_best": 0.06272845829135174, "Recall@20_ndcg_best": 0.09519960121784694, "ndcg@5_ndcg_best": 0.027059079431096266, "ndcg@10_ndcg_best": 0.03566417440829378, "ndcg@20_ndcg_best": 0.04492528673951642, "gradients/mass_i.weight": {"_type": "histogram", "values": [2.0, 2.0, 1.0, 0.0, 0.0, 2.0, 0.0, 2.0, 1.0, 1.0, 1.0, 0.0, 2.0, 2.0, 4.0, 2.0, 2.0, 8.0, 4.0, 12.0, 26.0, 43.0, 55.0, 87.0, 77.0, 8205.0, 37.0, 44.0, 30.0, 16.0, 5.0, 8.0, 9.0, 4.0, 4.0, 2.0, 3.0, 3.0, 2.0, 1.0, 1.0, 1.0, 0.0, 0.0, 0.0, 0.0, 0.0, 1.0, 0.0, 0.0, 0.0, 0.0, 0.0, 0.0, 0.0, 0.0, 0.0, 0.0, 0.0, 0.0, 0.0, 0.0, 0.0, 1.0], "bins": [-8.625316695543006e-05, -8.287980745080858e-05, -7.950644794618711e-05, -7.613308844156563e-05, -7.275973621290177e-05, -6.938636943232268e-05, -6.601301720365882e-05, -6.263965769903734e-05, -5.926629819441587e-05, -5.589293868979439e-05, -5.2519579185172915e-05, -4.914622331853025e-05, -4.577286381390877e-05, -4.2399504309287295e-05, -3.9026148442644626e-05, -3.565278893802315e-05, -3.2279429433401674e-05, -2.8906069928780198e-05, -2.5532712243148126e-05, -2.2159354557516053e-05, -1.8785995052894577e-05, -1.54126355482731e-05, -1.2039277862641029e-05, -8.665920177008957e-06, -5.292560672387481e-06, -1.9192020772607066e-06, 1.4541565178660676e-06, 4.827515112992842e-06, 8.200873708119616e-06, 1.1574233212741092e-05, 1.4947590898373164e-05, 1.8320948584005237e-05, 2.16943008126691e-05, 2.5067660317290574e-05, 2.8441018002922647e-05, 3.181437568855472e-05, 3.5187735193176195e-05, 3.856109469779767e-05, 4.193445056444034e-05, 4.5307810069061816e-05, 4.868116957368329e-05, 5.205452907830477e-05, 5.5427888582926244e-05, 5.880124444956891e-05, 6.217460031621158e-05, 6.554796709679067e-05, 6.892131932545453e-05, 7.229467883007601e-05, 7.566803833469748e-05, 7.904139783931896e-05, 8.241475734394044e-05, 8.578811684856191e-05, 8.916147635318339e-05, 9.253482858184725e-05, 9.590818808646873e-05, 9.92815475910902e-05, 0.00010265490709571168, 0.00010602826660033315, 0.00010940162610495463, 0.0001127749856095761, 0.00011614833783823997, 0.00011952170461881906, 0.00012289505684748292, 0.000126268423628062, 0.00012964177585672587]}, "gradients/mass_u.weight": {"_type": "histogram", "values": [1.0, 0.0, 0.0, 0.0, 0.0, 0.0, 0.0, 0.0, 0.0, 0.0, 0.0, 0.0, 0.0, 1.0, 0.0, 0.0, 0.0, 0.0, 0.0, 0.0, 0.0, 0.0, 0.0, 0.0, 0.0, 0.0, 0.0, 0.0, 0.0, 0.0, 0.0, 0.0, 0.0, 0.0, 0.0, 0.0, 0.0, 2.0, 0.0, 0.0, 0.0, 0.0, 0.0, 0.0, 1.0, 0.0, 1.0, 3.0, 1.0, 3.0, 3.0, 3.0, 3.0, 5.0, 8.0, 7.0, 7.0, 12.0, 16.0, 22.0, 53.0, 145.0, 149.0, 14235.0], "bins": [-6.651098374277353e-05, -6.54717514407821e-05, -6.443251913879067e-05, -6.339327956084162e-05, -6.235404725885019e-05, -6.131481495685875e-05, -6.0275579016888514e-05, -5.9236343076918274e-05, -5.819711077492684e-05, -5.715787847293541e-05, -5.611864253296517e-05, -5.507940659299493e-05, -5.4040174291003495e-05, -5.300094198901206e-05, -5.196170604904182e-05, -5.092247010907158e-05, -4.988323780708015e-05, -4.884400550508872e-05, -4.780476956511848e-05, -4.676553362514824e-05, -4.5726301323156804e-05, -4.468706902116537e-05, -4.364783308119513e-05, -4.260859714122489e-05, -4.156936483923346e-05, -4.0530132537242025e-05, -3.9490896597271785e-05, -3.8451660657301545e-05, -3.741242835531011e-05, -3.637319605331868e-05, -3.533396011334844e-05, -3.42947241733782e-05, -3.3255491871386766e-05, -3.2216259569395334e-05, -3.1177023629425094e-05, -3.0137789508444257e-05, -2.909855538746342e-05, -2.8059321266482584e-05, -2.7020087145501748e-05, -2.598085302452091e-05, -2.4941618903540075e-05, -2.390238478255924e-05, -2.2863150661578402e-05, -2.1823916540597565e-05, -2.078468241961673e-05, -1.9745448298635893e-05, -1.8706214177655056e-05, -1.766698005667422e-05, -1.6627745935693383e-05, -1.5588511814712547e-05, -1.454927769373171e-05, -1.3510043572750874e-05, -1.2470809451770037e-05, -1.1431575330789201e-05, -1.0392341209808365e-05, -9.353107088827528e-06, -8.313872967846692e-06, -7.274638846865855e-06, -6.235404725885019e-06, -5.196170604904182e-06, -4.156936483923346e-06, -3.1177023629425094e-06, -2.078468241961673e-06, -1.0392341209808365e-06, 0.0]}, "gradients/embedding_user.weight": {"_type": "histogram", "values": [1.0, 0.0, 0.0, 0.0, 0.0, 0.0, 0.0, 1.0, 0.0, 0.0, 0.0, 0.0, 0.0, 0.0, 0.0, 2.0, 0.0, 1.0, 0.0, 2.0, 1.0, 6.0, 6.0, 4.0, 8.0, 11.0, 36.0, 59.0, 146.0, 433.0, 2493.0, 872923.0, 61279.0, 1595.0, 321.0, 141.0, 41.0, 28.0, 11.0, 11.0, 7.0, 6.0, 2.0, 3.0, 1.0, 1.0, 1.0, 0.0, 1.0, 0.0, 0.0, 0.0, 0.0, 0.0, 0.0, 1.0, 0.0, 0.0, 0.0, 0.0, 0.0, 0.0, 0.0, 1.0], "bins": [-0.002457549562677741, -0.0023804358206689358, -0.002303321845829487, -0.0022262081038206816, -0.0021490941289812326, -0.0020719803869724274, -0.0019948664121329784, -0.0019177526701241732, -0.0018406386952847242, -0.0017635248368605971, -0.00168641097843647, -0.001609297120012343, -0.0015321832615882158, -0.0014550694031640887, -0.0013779555447399616, -0.0013008418027311563, -0.0012237279443070292, -0.0011466140858829021, -0.001069500227458775, -0.000992386369034648, -0.0009152725106105208, -0.0008381586521863937, -0.0007610448519699275, -0.0006839309935458004, -0.0006068171351216733, -0.0005297032766975462, -0.00045258941827341914, -0.0003754755889531225, -0.0002983617305289954, -0.0002212478721048683, -0.00014413404278457165, -6.702018436044455e-05, 1.0093674063682556e-05, 8.720752521185204e-05, 0.00016432137636002153, 0.0002414352202322334, 0.0003185490786563605, 0.0003956629370804876, 0.00047277676640078425, 0.0005498906248249114, 0.0006270044832490385, 0.0007041183416731656, 0.0007812322000972927, 0.0008583460003137589, 0.000935459858737886, 0.001012573717162013, 0.0010896875755861402, 0.0011668014340102673, 0.0012439152924343944, 0.0013210291508585215, 0.0013981430092826486, 0.0014752568677067757, 0.0015523707261309028, 0.0016294845845550299, 0.0017065983265638351, 0.001783712301403284, 0.0018608260434120893, 0.0019379399018362164, 0.0020150537602603436, 0.002092167502269149, 0.0021692814771085978, 0.002246395219117403, 0.002323509193956852, 0.0024006229359656572, 0.002477736910805106]}, "gradients/embedding_item.weight": {"_type": "histogram", "values": [1.0, 0.0, 0.0, 0.0, 1.0, 0.0, 0.0, 0.0, 0.0, 2.0, 2.0, 5.0, 3.0, 2.0, 1.0, 5.0, 9.0, 10.0, 12.0, 13.0, 18.0, 28.0, 45.0, 66.0, 81.0, 154.0, 255.0, 696.0, 1951.0, 7478.0, 517847.0, 23893.0, 3236.0, 957.0, 368.0, 161.0, 100.0, 67.0, 40.0, 27.0, 27.0, 14.0, 9.0, 13.0, 6.0, 6.0, 5.0, 3.0, 3.0, 1.0, 6.0, 1.0, 2.0, 0.0, 1.0, 0.0, 0.0, 0.0, 0.0, 0.0, 0.0, 0.0, 0.0, 1.0],