{"TOTAL_BEST_METRIC": 0.5170292254446135, "BEST_NDCG@10": 0.08229115940267197, "_timestamp": 1688567609.152396, "_runtime": 7076.750099897385, "_step": 513, "epoch": 415, "Train_Metric_loss": 6.496301898589501, "Train_Reg_loss": 9.447117246544131e-05, "Pos_loss": 10.043707847595215, "Neg_loss": 0.18130727112293243, "Recall@5": 0.05132137036989605, "Recall@10": 0.08249861502960266, "Recall@20": 0.12837505888378492, "NDCG@5": 0.0745819608847228, "NDCG@10": 0.08229115940267197, "NDCG@20": 0.09796106087393511, "Recall@5_total_best": 0.05132137036989605, "Recall@10_total_best": 0.08249861502960266, "Recall@20_total_best": 0.12837505888378492, "ndcg@5_total_best": 0.0745819608847228, "ndcg@10_total_best": 0.08229115940267197, "ndcg@20_total_best": 0.09796106087393511, "EPOCH_ndcg_best": 410, "Recall@5_ndcg_best": 0.05132137036989605, "Recall@10_ndcg_best": 0.08249861502960266, "Recall@20_ndcg_best": 0.12837505888378492, "ndcg@5_ndcg_best": 0.0745819608847228, "ndcg@10_ndcg_best": 0.08229115940267197, "ndcg@20_ndcg_best": 0.09796106087393511, "gradients/mass_i.weight": {"_type": "histogram", "values": [1.0, 1.0, 0.0, 0.0, 1.0, 1.0, 1.0, 1.0, 0.0, 1.0, 0.0, 0.0, 1.0, 1.0, 0.0, 1.0, 1.0, 2.0, 9.0, 10.0, 8.0, 10.0, 10.0, 15.0, 14.0, 28.0, 35.0, 43.0, 69.0, 107.0, 175.0, 267.0, 431.0, 424.0, 38791.0, 166.0, 194.0, 133.0, 73.0, 61.0, 39.0, 33.0, 27.0, 14.0, 8.0, 12.0, 10.0, 6.0, 5.0, 3.0, 5.0, 4.0, 1.0, 1.0, 2.0, 2.0, 1.0, 0.0, 1.0, 0.0, 1.0, 2.0, 0.0, 1.0], "bins": [-3.997979365522042e-05, -3.882079181494191e-05, -3.7661793612642214e-05, -3.650279177236371e-05, -3.534379357006401e-05, -3.41847917297855e-05, -3.3025789889506996e-05, -3.186678804922849e-05, -3.070778984692879e-05, -2.9548789825639687e-05, -2.8389789804350585e-05, -2.723078796407208e-05, -2.6071787942782976e-05, -2.4912787921493873e-05, -2.3753786081215367e-05, -2.2594786059926264e-05, -2.143578603863716e-05, -2.027678601734806e-05, -1.9117785996058956e-05, -1.795878415578045e-05, -1.6799784134491347e-05, -1.5640784113202244e-05, -1.448178318241844e-05, -1.3322782251634635e-05, -1.2163782230345532e-05, -1.100478220905643e-05, -9.845781278272625e-06, -8.68678034748882e-06, -7.527780326199718e-06, -6.368779850163264e-06, -5.209779374126811e-06, -4.050778443343006e-06, -2.8917820600327104e-06, -1.7327815839962568e-06, -5.737811079598032e-07, 5.852193680766504e-07, 1.744219844113104e-06, 2.9032203201495577e-06, 4.062220796186011e-06, 5.221221726969816e-06, 6.3802217482589185e-06, 7.539222224295372e-06, 8.698222700331826e-06, 9.85722363111563e-06, 1.1016223652404733e-05, 1.2175223673693836e-05, 1.333422460447764e-05, 1.4493225535261445e-05, 1.5652225556550547e-05, 1.681122557783965e-05, 1.7970225599128753e-05, 1.912922743940726e-05, 2.0288227460696362e-05, 2.1447227481985465e-05, 2.260622932226397e-05, 2.3765229343553074e-05, 2.4924229364842176e-05, 2.608322938613128e-05, 2.7242229407420382e-05, 2.8401231247698888e-05, 2.956023126898799e-05, 3.0719231290277094e-05, 3.18782331305556e-05, 3.3037234970834106e-05, 3.4196233173133805e-05]}, "gradients/mass_u.weight": {"_type": "histogram", "values": [0.0, 0.0, 0.0, 0.0, 0.0, 0.0, 0.0, 0.0, 0.0, 0.0, 0.0, 0.0, 0.0, 0.0, 0.0, 0.0, 0.0, 0.0, 0.0, 0.0, 0.0, 0.0, 0.0, 0.0, 0.0, 0.0, 0.0, 0.0, 0.0, 0.0, 0.0, 0.0, 52406.0, 0.0, 0.0, 0.0, 0.0, 0.0, 0.0, 0.0, 0.0, 0.0, 0.0, 0.0, 0.0, 0.0, 0.0, 0.0, 0.0, 0.0, 0.0, 0.0, 0.0, 0.0, 0.0, 0.0, 0.0, 0.0, 0.0, 0.0, 0.0, 0.0, 0.0, 0.0], "bins": [0.0, 0.0, 0.0, 0.0, 0.0, 0.0, 0.0, 0.0, 0.0, 0.0, 0.0, 0.0, 0.0, 0.0, 0.0, 0.0, 0.0, 0.0, 0.0, 0.0, 0.0, 0.0, 0.0, 0.0, 0.0, 0.0, 0.0, 0.0, 0.0, 0.0, 0.0, 0.0, 0.0, 0.0, 0.0, 0.0, 0.0, 0.0, 0.0, 0.0, 0.0, 0.0, 0.0, 0.0, 0.0, 0.0, 0.0, 0.0, 0.0, 0.0, 0.0, 0.0, 0.0, 0.0, 0.0, 0.0, 0.0, 0.0, 0.0, 0.0, 0.0, 0.0, 0.0, 0.0, 0.0]}, "gradients/embedding_user.weight": {"_type": "histogram", "values": [2.0, 0.0, 0.0, 0.0, 0.0, 1.0, 1.0, 1.0, 1.0, 1.0, 3.0, 2.0, 1.0, 1.0, 7.0, 8.0, 7.0, 7.0, 18.0, 19.0, 31.0, 22.0, 44.0, 61.0, 112.0, 150.0, 256.0, 406.0, 768.0, 1360.0, 2873.0, 6173.0, 24166.0, 3292684.0, 13268.0, 5752.0, 2715.0, 1229.0, 703.0, 406.0, 237.0, 174.0, 114.0, 60.0, 34.0, 25.0, 15.0, 9.0, 12.0, 8.0, 5.0, 4.0, 3.0, 4.0, 7.0, 2.0, 2.0, 2.0, 3.0, 1.0, 0.0, 0.0, 1.0, 3.0], "bins": [-0.0006028480129316449, -0.0005848140572197735, -0.0005667800433002412, -0.0005487460875883698, -0.0005307120736688375, -0.0005126781179569662, -0.0004946441040374339, -0.0004766101483255625, -0.00045857616350986063, -0.0004405421786941588, -0.00042250819387845695, -0.0004044742090627551, -0.0003864402533508837, -0.0003684062394313514, -0.00035037228371948004, -0.0003323382989037782, -0.00031430431408807635, -0.0002962703292723745, -0.00027823634445667267, -0.0002602023596409708, -0.0002421683893771842, -0.00022413440456148237, -0.00020610043429769576, -0.00018806644948199391, -0.00017003246466629207, -0.00015199847985059023, -0.0001339644950348884, -0.00011593052477110177, -9.789653995539993e-05, -7.986255513969809e-05, -6.182857759995386e-05, -4.379460006020963e-05, -2.5760557036846876e-05, -7.726575859123841e-06, 1.0307405318599194e-05, 2.834138649632223e-05, 4.6375367674045265e-05, 6.440935248974711e-05, 8.244333002949134e-05, 0.00010047730756923556, 0.0001185112923849374, 0.00013654527720063925, 0.0001545792620163411, 0.0001726132322801277, 0.00019064721709582955, 0.0002086812019115314, 0.000226715172175318, 0.00024474915699101985, 0.0002627831418067217, 0.00028081712662242353, 0.00029885111143812537, 0.0003168850962538272, 0.00033491908106952906, 0.00035295303678140044, 0.0003709870215971023, 0.0003890210064128041, 0.00040705499122850597, 0.0004250889760442078, 0.00044312296085990965, 0.0004611569456756115, 0.0004791909013874829, 0.0004972249153070152, 0.0005152588710188866, 0.0005332928849384189, 0.0005513268406502903]}, "gradients/embedding_item.weight": {"_type": "histogram", "values": [1.0, 0.0, 0.0, 0.0, 1.0, 1.0, 2.0, 1.0, 0.0, 3.0, 5.0, 8.0, 14.0, 10.0, 22.0, 15.0, 24.0, 54.0, 50.0, 98.0, 157.0, 223.0, 355.0, 584.0, 1036.0, 1895.0, 3595.0, 7198.0, 16138.0, 38827.0, 103756.0, 284723.0, 1437822.0, 454651.0, 177514.0, 64457.0, 25724.0, 10872.0, 5079.0, 2550.0, 1350.0, 760.0, 452.0, 283.0, 191.0, 122.0, 89.0, 75.0, 30.0, 26.0, 8.0, 10.0, 9.0, 6.0, 3.0, 6.0, 5.0, 0.0, 1.0, 3.0, 0.0, 1.0, 0.0, 1.0], "bins": [-0.00035178204416297376, -0.00034104628139175475, -0.00033031051862053573, -0.0003195747558493167, -0.00030883896397426724, -0.00029810320120304823, -0.0002873674384318292, -0.0002766316756606102, -0.0002658959128893912, -0.00025516015011817217, -0.00024442438734695315, -0.0002336886100238189, -0.0002229528472525999, -0.00021221708448138088, -0.00020148130715824664, -0.00019074554438702762, -0.0001800097816158086, -0.0001692740188445896, -0.00015853825607337058, -0.00014780247875023633, -0.00013706671597901732, -0.0001263309532077983, -0.00011559518316062167, -0.00010485941311344504, -9.412365034222603e-05, -8.338788757100701e-05, -7.265211752383038e-05, -6.191634747665375e-05, -5.118058470543474e-05, -4.044481829623692e-05, -2.9709051887039095e-05, -1.8973281839862466e-05, -8.23751906864345e-06, 2.4982473405543715e-06, 1.3234013749752194e-05, 2.3969780158950016e-05, 3.470554656814784e-05, 4.544131297734566e-05, 5.617707938654348e-05, 6.691284943372011e-05, 7.764861220493913e-05, 8.838437497615814e-05, 9.912014502333477e-05, 0.0001098559150705114, 0.00012059167784173042, 0.00013132744061294943, 0.00014206321793608367, 0.0001527989807073027, 0.0001635347434785217, 0.00017427050624974072, 0.00018500626902095973, 0.00019574204634409398, 0.000206477809115313, 0.000217213571886532, 0.00022794934920966625, 0.00023868511198088527, 0.0002494208747521043, 0.0002601566375233233, 0.0002708924002945423, 0.00028162816306576133, 0.00029236392583698034, 0.0003030997177120298, 0.00031383548048324883, 0.00032457124325446784, 0.00033530700602568686]}, "_wandb": {"runtime": 7079}}