{"TOTAL_BEST_METRIC": 1.1011767606462077, "BEST_NDCG@10": 0.1422587947096965, "_timestamp": 1688380254.1639001, "_runtime": 719.2842960357666, "_step": 1242, "epoch": 1000, "Train_Metric_loss": 6.084517192840576, "Train_Reg_loss": 3.6076726246392354e-05, "Pos_loss": 8.637240409851074, "Neg_loss": 0.1563955545425415, "Recall@5": 0.15463907176321182, "Recall@10": 0.22157443805746288, "Recall@20": 0.30043807182908927, "NDCG@5": 0.11713530208131431, "NDCG@10": 0.14056153476373073, "NDCG@20": 0.16291593640286006, "Recall@5_total_best": 0.1556213062603241, "Recall@10_total_best": 0.22410781733590618, "Recall@20_total_best": 0.2976180595510536, "ndcg@5_total_best": 0.11833254362140291, "ndcg@10_total_best": 0.1422587947096965, "ndcg@20_total_best": 0.16323823916782446, "EPOCH_ndcg_best": 920, "Recall@5_ndcg_best": 0.1556213062603241, "Recall@10_ndcg_best": 0.22410781733590618, "Recall@20_ndcg_best": 0.2976180595510536, "ndcg@5_ndcg_best": 0.11833254362140291, "ndcg@10_ndcg_best": 0.1422587947096965, "ndcg@20_ndcg_best": 0.16323823916782446, "gradients/mass_i.weight": {"_type": "histogram", "values": [1.0, 0.0, 0.0, 0.0, 0.0, 0.0, 0.0, 0.0, 0.0, 0.0, 0.0, 0.0, 1.0, 2.0, 0.0, 0.0, 0.0, 0.0, 0.0, 0.0, 0.0, 2.0, 0.0, 0.0, 0.0, 1.0, 1.0, 1.0, 1.0, 1.0, 4.0, 6.0, 3.0, 1.0, 3.0, 4.0, 12.0, 11.0, 14.0, 19.0, 12.0, 16.0, 25.0, 28.0, 49.0, 46.0, 89.0, 98.0, 105.0, 257.0, 82.0, 95.0, 2260.0, 170.0, 29.0, 48.0, 40.0, 15.0, 3.0, 6.0, 3.0, 2.0, 1.0, 1.0], "bins": [-0.000618848716840148, -0.0006070263334549963, -0.0005952039500698447, -0.0005833815666846931, -0.0005715591832995415, -0.0005597367417067289, -0.0005479144165292382, -0.0005360919749364257, -0.0005242695915512741, -0.0005124472081661224, -0.0005006248247809708, -0.0004888024413958192, -0.0004769800289068371, -0.0004651576455216855, -0.00045333526213653386, -0.00044151287875138223, -0.0004296904953662306, -0.000417868111981079, -0.00040604572859592736, -0.0003942233161069453, -0.00038240093272179365, -0.000370578549336642, -0.0003587561659514904, -0.0003469337825663388, -0.00033511139918118715, -0.00032328901579603553, -0.0003114666324108839, -0.0002996442490257323, -0.0002878218365367502, -0.00027599945315159857, -0.00026417706976644695, -0.0002523546863812953, -0.00024053224478848279, -0.00022870986140333116, -0.0002168874634662643, -0.00020506508008111268, -0.00019324268214404583, -0.0001814202987588942, -0.00016959791537374258, -0.00015777553198859096, -0.0001459531340515241, -0.00013413075066637248, -0.00012230835272930562, -0.000110485969344154, -9.866357868304476e-05, -8.684118802193552e-05, -7.50188046367839e-05, -6.319641397567466e-05, -5.137402331456542e-05, -3.955163265345618e-05, -2.772924563032575e-05, -1.5906858607195318e-05, -4.084467946086079e-06, 7.73792271502316e-06, 1.9560306100174785e-05, 3.1382696761284024e-05, 4.320508742239326e-05, 5.50274780835025e-05, 6.684986874461174e-05, 7.867225212976336e-05, 9.04946427908726e-05, 0.00010231703345198184, 0.00011413941683713347, 0.00012596181477420032, 0.00013778419815935194]}, "gradients/mass_u.weight": {"_type": "histogram", "values": [1.0, 0.0, 0.0, 0.0, 0.0, 0.0, 0.0, 0.0, 0.0, 0.0, 1.0, 0.0, 0.0, 0.0, 0.0, 0.0, 0.0, 0.0, 0.0, 0.0, 0.0, 0.0, 0.0, 0.0, 0.0, 0.0, 0.0, 0.0, 0.0, 0.0, 0.0, 0.0, 0.0, 0.0, 0.0, 0.0, 0.0, 0.0, 1.0, 1.0, 0.0, 1.0, 0.0, 1.0, 0.0, 0.0, 0.0, 0.0, 0.0, 0.0, 5.0, 1.0, 2.0, 0.0, 4.0, 4.0, 8.0, 2.0, 12.0, 25.0, 42.0, 76.0, 270.0, 5084.0], "bins": [-0.0027567639481276274, -0.0027136895805597305, -0.00267061498016119, -0.002627540612593293, -0.0025844662450253963, -0.002541391644626856, -0.002498317277058959, -0.002455242909491062, -0.0024121685419231653, -0.0023690941743552685, -0.002326019573956728, -0.002282945206388831, -0.0022398708388209343, -0.002196796238422394, -0.002153721870854497, -0.0021106475032866, -0.0020675729028880596, -0.0020244985353201628, -0.0019814239349216223, -0.0019383495673537254, -0.0018952751997858286, -0.00185220071580261, -0.0018091262318193913, -0.0017660518642514944, -0.0017229774966835976, -0.001679903012700379, -0.001636828645132482, -0.0015937541611492634, -0.0015506797935813665, -0.0015076053095981479, -0.0014645308256149292, -0.0014214564580470324, -0.0013783819740638137, -0.001335307490080595, -0.0012922331225126982, -0.0012491586385294795, -0.0012060842709615827, -0.001163009786978364, -0.0011199354194104671, -0.0010768609354272485, -0.0010337864514440298, -0.0009907119674608111, -0.0009476375998929143, -0.0009045631159096956, -0.0008614886901341379, -0.0008184142643585801, -0.0007753398385830224, -0.0007322654128074646, -0.0006891909870319068, -0.0006461165612563491, -0.0006030421354807913, -0.0005599677097052336, -0.0005168932257220149, -0.00047381879994645715, -0.0004307443741708994, -0.0003876699192915112, -0.0003445954935159534, -0.00030152106774039567, -0.00025844661286100745, -0.0002153721870854497, -0.0001722977467579767, -0.00012922330643050373, -8.614888065494597e-05, -4.3074425775557756e-05, 0.0]}, "gradients/embedding_user.weight": {"_type": "histogram", "values": [1.0, 0.0, 0.0, 0.0, 0.0, 0.0, 0.0, 0.0, 0.0, 0.0, 0.0, 0.0, 1.0, 2.0, 0.0, 0.0, 0.0, 0.0, 0.0, 0.0, 3.0, 3.0, 0.0, 2.0, 1.0, 2.0, 3.0, 2.0, 3.0, 10.0, 13.0, 28.0, 49.0, 122.0, 293.0, 942.0, 6094.0, 286872.0, 57215.0, 2100.0, 518.0, 181.0, 61.0, 46.0, 20.0, 12.0, 4.0, 6.0, 2.0, 6.0, 1.0, 2.0, 0.0, 0.0, 0.0, 1.0, 0.0, 0.0, 1.0, 0.0, 1.0, 0.0, 0.0, 1.0], "bins": [-0.001657957211136818, -0.0016140455845743418, -0.0015701340744271874, -0.0015262224478647113, -0.001482310937717557, -0.0014383993111550808, -0.0013944876845926046, -0.0013505761744454503, -0.001306664664298296, -0.0012627530377358198, -0.0012188415275886655, -0.0011749299010261893, -0.001131018390879035, -0.0010871067643165588, -0.0010431951377540827, -0.0009992836276069283, -0.0009553720010444522, -0.0009114604326896369, -0.0008675488643348217, -0.0008236372377723455, -0.0007797257276251912, -0.000735814101062715, -0.0006919025327078998, -0.0006479909643530846, -0.0006040793959982693, -0.0005601678276434541, -0.0005162562592886388, -0.00047234466182999313, -0.0004284330934751779, -0.00038452152512036264, -0.00034060992766171694, -0.0002966983593069017, -0.00025278679095208645, -0.0002088752225972712, -0.00016496363969054073, -0.00012105205678381026, -7.714048842899501e-05, -3.322892007417977e-05, 1.0682677384465933e-05, 5.459424573928118e-05, 9.850581409409642e-05, 0.00014241738244891167, 0.00018632896535564214, 0.0002302405482623726, 0.00027415211661718786, 0.0003180636849720031, 0.0003619752824306488, 0.00040588685078546405, 0.0004497984191402793, 0.0004937099874950945, 0.0005376215558499098, 0.0005815331824123859, 0.0006254446925595403, 0.0006693563191220164, 0.0007132678874768317, 0.0007571794558316469, 0.0008010910241864622, 0.0008450025925412774, 0.0008889141608960927, 0.0009328257292509079, 0.000976737355813384, 0.0010206488659605384, 0.0010645604925230145, 0.0011084720026701689, 0.001152383629232645]}, "gradients/embedding_item.weight": {"_type": "histogram", "values": [1.0, 0.0, 2.0, 1.0, 1.0, 0.0, 4.0, 2.0, 6.0, 6.0, 10.0, 10.0, 8.0, 10.0, 23.0, 24.0, 27.0, 40.0, 73.0, 87.0, 111.0, 164.0, 238.0, 378.0, 532.0, 812.0, 1290.0, 1973.0, 3369.0, 5800.0, 10853.0, 19702.0, 38104.0, 69187.0, 34336.0, 17834.0, 9604.0, 5142.0, 3124.0, 1826.0, 1204.0, 739.0, 537.0, 331.0, 227.0, 178.0, 105.0, 82.0, 60.0, 42.0, 25.0, 22.0, 21.0, 17.0, 12.0, 8.0, 6.0, 5.0, 5.0, 3.0, 3.0, 1.0, 4.0, 1.0],