{"TOTAL_BEST_METRIC": 0.42444552010359254, "BEST_NDCG@10": 0.06727488879769394, "_timestamp": 1688559268.069364, "_runtime": 1923.9121730327606, "_step": 132, "epoch": 111, "Train_Metric_loss": 1.3948890566825867, "Train_Reg_loss": 0.0001313563079747837, "Pos_loss": 11.085700035095215, "Neg_loss": 0.09150246530771255, "Recall@5": 0.040747205386254454, "Recall@10": 0.06673510374323735, "Recall@20": 0.10475886906349513, "NDCG@5": 0.05865945748422465, "NDCG@10": 0.0656337352569925, "NDCG@20": 0.07887078778627368, "Recall@5_total_best": 0.04224637811934197, "Recall@10_total_best": 0.06810509150053651, "Recall@20_total_best": 0.10588388126660325, "ndcg@5_total_best": 0.06058593962416715, "ndcg@10_total_best": 0.06727488879769394, "ndcg@20_total_best": 0.08034934079524976, "EPOCH_ndcg_best": 60, "Recall@5_ndcg_best": 0.04224637811934197, "Recall@10_ndcg_best": 0.06810509150053651, "Recall@20_ndcg_best": 0.10588388126660325, "ndcg@5_ndcg_best": 0.06058593962416715, "ndcg@10_ndcg_best": 0.06727488879769394, "ndcg@20_ndcg_best": 0.08034934079524976, "gradients/mass_i.weight": {"_type": "histogram", "values": [1.0, 3.0, 2.0, 0.0, 3.0, 3.0, 6.0, 5.0, 5.0, 9.0, 17.0, 10.0, 30.0, 52.0, 49.0, 64.0, 80.0, 91.0, 157.0, 234.0, 280.0, 325.0, 282.0, 2.0, 38629.0, 0.0, 86.0, 189.0, 154.0, 145.0, 100.0, 32.0, 36.0, 35.0, 35.0, 28.0, 33.0, 12.0, 7.0, 7.0, 4.0, 3.0, 6.0, 3.0, 1.0, 0.0, 3.0, 1.0, 2.0, 1.0, 0.0, 0.0, 0.0, 0.0, 0.0, 0.0, 1.0, 0.0, 0.0, 0.0, 0.0, 0.0, 0.0, 1.0], "bins": [-9.90252592600882e-05, -9.499676525592804e-05, -9.096827852772549e-05, -8.693979179952294e-05, -8.291129779536277e-05, -7.88828037912026e-05, -7.485431706300005e-05, -7.08258303347975e-05, -6.679733633063734e-05, -6.276884232647717e-05, -5.874035559827462e-05, -5.471186523209326e-05, -5.06833748659119e-05, -4.665488449973054e-05, -4.2626394133549184e-05, -3.8597903767367825e-05, -3.4569413401186466e-05, -3.054092303500511e-05, -2.651243266882375e-05, -2.248394230264239e-05, -1.845545193646103e-05, -1.4426961570279673e-05, -1.0398471204098314e-05, -6.369980837916955e-06, -2.3414904717355967e-06, 1.686999894445762e-06, 5.715490260627121e-06, 9.74398062680848e-06, 1.3772470992989838e-05, 1.7800961359171197e-05, 2.1829451725352556e-05, 2.5857942091533914e-05, 2.9886432457715273e-05, 3.391492282389663e-05, 3.794341319007799e-05, 4.197190355625935e-05, 4.600039392244071e-05, 5.0028884288622066e-05, 5.4057374654803425e-05, 5.8085865020984784e-05, 6.211435538716614e-05, 6.614284939132631e-05, 7.017133611952886e-05, 7.419982284773141e-05, 7.822831685189158e-05, 8.225681085605174e-05, 8.62852975842543e-05, 9.031378431245685e-05, 9.434227831661701e-05, 9.837077232077718e-05, 0.00010239925904897973, 0.00010642774577718228, 0.00011045623978134245, 0.00011448473378550261, 0.00011851322051370516, 0.00012254170724190772, 0.00012657020124606788, 0.00013059869525022805, 0.0001346271892543882, 0.00013865566870663315, 0.00014268416271079332, 0.00014671265671495348, 0.00015074113616719842, 0.00015476963017135859, 0.00015879812417551875]}, "gradients/mass_u.weight": {"_type": "histogram", "values": [0.0, 0.0, 0.0, 0.0, 0.0, 0.0, 0.0, 0.0, 0.0, 0.0, 0.0, 0.0, 0.0, 0.0, 0.0, 0.0, 0.0, 0.0, 0.0, 0.0, 0.0, 0.0, 0.0, 0.0, 0.0, 0.0, 0.0, 0.0, 0.0, 0.0, 0.0, 0.0, 52406.0, 0.0, 0.0, 0.0, 0.0, 0.0, 0.0, 0.0, 0.0, 0.0, 0.0, 0.0, 0.0, 0.0, 0.0, 0.0, 0.0, 0.0, 0.0, 0.0, 0.0, 0.0, 0.0, 0.0, 0.0, 0.0, 0.0, 0.0, 0.0, 0.0, 0.0, 0.0], "bins": [0.0, 0.0, 0.0, 0.0, 0.0, 0.0, 0.0, 0.0, 0.0, 0.0, 0.0, 0.0, 0.0, 0.0, 0.0, 0.0, 0.0, 0.0, 0.0, 0.0, 0.0, 0.0, 0.0, 0.0, 0.0, 0.0, 0.0, 0.0, 0.0, 0.0, 0.0, 0.0, 0.0, 0.0, 0.0, 0.0, 0.0, 0.0, 0.0, 0.0, 0.0, 0.0, 0.0, 0.0, 0.0, 0.0, 0.0, 0.0, 0.0, 0.0, 0.0, 0.0, 0.0, 0.0, 0.0, 0.0, 0.0, 0.0, 0.0, 0.0, 0.0, 0.0, 0.0, 0.0, 0.0]}, "gradients/embedding_user.weight": {"_type": "histogram", "values": [1.0, 2.0, 0.0, 0.0, 0.0, 0.0, 1.0, 0.0, 1.0, 0.0, 0.0, 0.0, 0.0, 0.0, 0.0, 1.0, 2.0, 2.0, 3.0, 3.0, 11.0, 14.0, 11.0, 19.0, 35.0, 63.0, 103.0, 274.0, 973.0, 4185.0, 44373.0, 3293442.0, 7963.0, 1633.0, 490.0, 176.0, 89.0, 38.0, 24.0, 9.0, 13.0, 10.0, 5.0, 6.0, 2.0, 1.0, 0.0, 0.0, 1.0, 1.0, 0.0, 1.0, 0.0, 0.0, 0.0, 1.0, 0.0, 0.0, 0.0, 0.0, 0.0, 1.0, 0.0, 1.0], "bins": [-0.0019991893786937, -0.0019350515212863684, -0.0018709137802943587, -0.0018067759228870273, -0.0017426381818950176, -0.0016785003244876862, -0.0016143624670803547, -0.0015502246096730232, -0.0014860868686810136, -0.0014219490112736821, -0.0013578112702816725, -0.001293673412874341, -0.0012295355554670095, -0.001165397814475, -0.0011012599570676684, -0.0010371222160756588, -0.0009729843586683273, -0.0009088465594686568, -0.0008447087602689862, -0.0007805709028616548, -0.0007164331036619842, -0.0006522953044623137, -0.0005881574470549822, -0.0005240196478553116, -0.0004598818486556411, -0.0003957440494559705, -0.0003316062211524695, -0.0002674683928489685, -0.00020333059364929795, -0.0001391927944496274, -7.505496614612639e-05, -1.091713784262538e-05, 5.322089418768883e-05, 0.00011735870793927461, 0.0001814965216908604, 0.0002456343499943614, 0.00030977214919403195, 0.0003739099483937025, 0.0004380477766972035, 0.0005021856050007045, 0.0005663234042003751, 0.0006304612034000456, 0.0006945990025997162, 0.0007587368600070477, 0.0008228746592067182, 0.0008870124584063888, 0.0009511503158137202, 0.0010152880568057299, 0.0010794259142130613, 0.0011435637716203928, 0.0012077015126124024, 0.001271839370019734, 0.0013359771110117435, 0.001400114968419075, 0.0014642528258264065, 0.001528390683233738, 0.0015925284242257476, 0.001656666281633079, 0.0017208040226250887, 0.0017849418800324202, 0.0018490797374397516, 0.0019132174784317613, 0.001977355219423771, 0.0020414930768311024, 0.002105630934238434]}, "gradients/embedding_item.weight": {"_type": "histogram", "values": [1.0, 0.0, 0.0, 0.0, 1.0, 0.0, 1.0, 0.0, 1.0, 0.0, 5.0, 1.0, 1.0, 2.0, 4.0, 4.0, 7.0, 6.0, 7.0, 15.0, 16.0, 35.0, 43.0, 65.0, 119.0, 213.0, 405.0, 1021.0, 2603.0, 8061.0, 30910.0, 146094.0, 595032.0, 1595709.0, 203241.0, 41599.0, 10282.0, 3163.0, 1177.0, 448.0, 249.0, 136.0, 70.0, 38.0, 29.0, 15.0, 19.0, 11.0, 6.0, 11.0, 2.0, 2.0, 2.0, 2.0, 1.0, 1.0, 3.0, 1.0, 2.0, 1.0, 1.0, 0.0, 1.0, 1.0], "bins": [-0.0008520379196852446, -0.0008262975024990737, -0.0008005571435205638, -0.000774816726334393, -0.0007490763091482222, -0.0007233359501697123, -0.0006975955329835415, -0.0006718551740050316, -0.0006461147568188608, -0.00062037433963269, -0.00059463398065418, -0.0005688935634680092, -0.0005431531462818384, -0.0005174127873033285, -0.0004916723701171577, -0.00046593198203481734, -0.0004401915648486465, -0.00041445117676630616, -0.00038871075958013535, -0.000362970371497795, -0.0003372299834154546, -0.0003114895662292838, -0.00028574917814694345, -0.0002600087900646031, -0.0002342683874303475, -0.00020852798479609191, -0.00018278759671375155, -0.00015704719407949597, -0.00013130679144524038, -0.00010556640336290002, -7.982600072864443e-05, -5.408561264630407e-05, -2.8345210012048483e-05, -2.6048128347611055e-06, 2.3135584342526272e-05, 4.887598333880305e-05, 7.461637869710103e-05, 0.000100356774055399, 0.0001260971766896546, 0.00015183756477199495, 0.00017757796740625054, 0.00020331837004050612, 0.00022905875812284648, 0.00025479914620518684, 0.00028053956339135766, 0.000306279951473698, 0.0003320203395560384, 0.0003577607567422092, 0.00038350114482454956, 0.0004092415329068899, 0.00043498195009306073, 0.0004607223381754011, 0.00048646272625774145, 0.0005122031434439123, 0.0005379435606300831, 0.000563683919608593, 0.0005894243367947638, 0.0006151647539809346, 0.0006409051129594445, 0.0006666455301456153, 0.0006923859473317862, 0.0007181263063102961, 0.0007438667234964669, 0.0007696071406826377, 0.0007953474996611476]}, "_wandb": {"runtime": 1931}}