{"TOTAL_BEST_METRIC": 0.19349040713988963, "BEST_NDCG@10": 0.02123037160075704, "_timestamp": 1688418021.15891, "_runtime": 1263.3173849582672, "_step": 1284, "epoch": 1000, "Train_Metric_loss": -0.0009627460635134152, "Train_Reg_loss": 1.8746328903164664e-06, "Pos_loss": -0.011645806953310966, "Neg_loss": 0.010789411142468452, "Recall@5": 0.022198549826894995, "Recall@10": 0.04041134998262252, "Recall@20": 0.06596796871425706, "NDCG@5": 0.014906278289477047, "NDCG@10": 0.021225772431811753, "NDCG@20": 0.02855833225458185, "Recall@5_total_best": 0.022415492602548857, "Recall@10_total_best": 0.04035161486520034, "Recall@20_total_best": 0.06604837407866022, "ndcg@5_total_best": 0.014963026119182574, "ndcg@10_total_best": 0.021190419398256825, "ndcg@20_total_best": 0.028521480076040787, "EPOCH_ndcg_best": 1000, "Recall@5_ndcg_best": 0.022335087238145677, "Recall@10_ndcg_best": 0.04041988357082568, "Recall@20_ndcg_best": 0.06595279789078475, "ndcg@5_ndcg_best": 0.014954656332994755, "ndcg@10_ndcg_best": 0.02123037160075704, "ndcg@20_ndcg_best": 0.02854622516704762, "gradients/mass_i.weight": {"_type": "histogram", "values": [1.0, 0.0, 0.0, 0.0, 0.0, 0.0, 0.0, 0.0, 0.0, 0.0, 0.0, 0.0, 0.0, 0.0, 0.0, 0.0, 0.0, 0.0, 0.0, 0.0, 0.0, 0.0, 0.0, 0.0, 0.0, 0.0, 0.0, 0.0, 0.0, 0.0, 1.0, 1.0, 1.0, 3.0, 0.0, 0.0, 0.0, 0.0, 0.0, 1.0, 0.0, 8.0, 0.0, 11.0, 1.0, 8.0, 10.0, 10.0, 47.0, 0.0, 193.0, 0.0, 701.0, 0.0, 6626.0, 0.0, 764.0, 0.0, 229.0, 0.0, 70.0, 7.0, 17.0, 3.0], "bins": [-0.004479051101952791, -0.0043968455865979195, -0.004314640071243048, -0.004232434555888176, -0.004150229040533304, -0.004068023059517145, -0.003985817544162273, -0.0039036120288074017, -0.00382140651345253, -0.003739200998097658, -0.0036569954827427864, -0.003574789734557271, -0.0034925842192023993, -0.0034103787038475275, -0.0033281731884926558, -0.0032459674403071404, -0.0031637619249522686, -0.003081556409597397, -0.002999350894242525, -0.0029171451460570097, -0.002834939630702138, -0.002752734115347266, -0.0026705285999923944, -0.002588322851806879, -0.002506117569282651, -0.002423912053927779, -0.0023417065385729074, -0.002259500790387392, -0.0021772952750325203, -0.0020950897596776485, -0.002012884244322777, -0.0019306786125525832, -0.001848472747951746, -0.0017662672325968742, -0.0016840616008266807, -0.001601856085471809, -0.0015196504537016153, -0.0014374449383467436, -0.0013552394229918718, -0.0012730337912216783, -0.0011908282758668065, -0.0011086227605119348, -0.0010264171287417412, -0.0009442116133868694, -0.0008620059816166759, -0.0007798004662618041, -0.0006975948926992714, -0.0006153893191367388, -0.0005331837455742061, -0.00045097817201167345, -0.0003687725984491408, -0.0002865670539904386, -0.00020436148042790592, -0.00012215590686537325, -3.995036240667105e-05, 4.2255211155861616e-05, 0.00012446078471839428, 0.00020666635828092694, 0.0002888719318434596, 0.0003710774763021618, 0.0004532830498646945, 0.0005354885943233967, 0.0006176941678859293, 0.000699899741448462, 0.0007821053150109947]}, "gradients/mass_u.weight": {"_type": "histogram", "values": [0.0, 0.0, 0.0, 0.0, 0.0, 0.0, 0.0, 0.0, 0.0, 0.0, 0.0, 0.0, 0.0, 0.0, 0.0, 0.0, 0.0, 0.0, 0.0, 0.0, 0.0, 0.0, 0.0, 0.0, 0.0, 0.0, 0.0, 0.0, 0.0, 0.0, 0.0, 0.0, 14681.0, 0.0, 0.0, 0.0, 0.0, 0.0, 0.0, 0.0, 0.0, 0.0, 0.0, 0.0, 0.0, 0.0, 0.0, 0.0, 0.0, 0.0, 0.0, 0.0, 0.0, 0.0, 0.0, 0.0, 0.0, 0.0, 0.0, 0.0, 0.0, 0.0, 0.0, 0.0], "bins": [0.0, 0.0, 0.0, 0.0, 0.0, 0.0, 0.0, 0.0, 0.0, 0.0, 0.0, 0.0, 0.0, 0.0, 0.0, 0.0, 0.0, 0.0, 0.0, 0.0, 0.0, 0.0, 0.0, 0.0, 0.0, 0.0, 0.0, 0.0, 0.0, 0.0, 0.0, 0.0, 0.0, 0.0, 0.0, 0.0, 0.0, 0.0, 0.0, 0.0, 0.0, 0.0, 0.0, 0.0, 0.0, 0.0, 0.0, 0.0, 0.0, 0.0, 0.0, 0.0, 0.0, 0.0, 0.0, 0.0, 0.0, 0.0, 0.0, 0.0, 0.0, 0.0, 0.0, 0.0, 0.0]}, "gradients/embedding_user.weight": {"_type": "histogram", "values": [2.0, 0.0, 0.0, 0.0, 0.0, 2.0, 1.0, 1.0, 5.0, 4.0, 3.0, 11.0, 4.0, 9.0, 19.0, 34.0, 30.0, 57.0, 92.0, 102.0, 162.0, 259.0, 402.0, 645.0, 1178.0, 2020.0, 3253.0, 5010.0, 10703.0, 222879.0, 635740.0, 40192.0, 6457.0, 4041.0, 2521.0, 1461.0, 866.0, 527.0, 341.0, 173.0, 123.0, 78.0, 57.0, 45.0, 21.0, 15.0, 13.0, 6.0, 2.0, 5.0, 3.0, 4.0, 2.0, 2.0, 0.0, 0.0, 1.0, 0.0, 0.0, 0.0, 0.0, 0.0, 0.0, 1.0], "bins": [-2.4247860892501194e-06, -2.3446252725989325e-06, -2.2644644559477456e-06, -2.1843036392965587e-06, -2.1041428226453718e-06, -2.0239817786205094e-06, -1.9438209619693225e-06, -1.8636601453181356e-06, -1.7834993286669487e-06, -1.7033385120157618e-06, -1.623177695364575e-06, -1.5430167650265503e-06, -1.4628559483753634e-06, -1.3826951317241765e-06, -1.3025342013861518e-06, -1.222373384734965e-06, -1.142212568083778e-06, -1.0620517514325911e-06, -9.818909347814042e-07, -9.017300044433796e-07, -8.215691877921927e-07, -7.414083711410058e-07, -6.612474976464e-07, -5.810866241517942e-07, -5.009258075006073e-07, -4.20764962427711e-07, -3.4060411735481466e-07, -2.604432722819183e-07, -1.80282427209022e-07, -1.0012158213612565e-07, -1.9960737063229317e-08, 6.020013643137645e-08, 1.4036095308256336e-07, 2.205217981554597e-07, 3.0068264322835603e-07, 3.8084348830125236e-07, 4.610043333741487e-07, 5.411651500253356e-07, 6.213260235199414e-07, 7.014868970145471e-07, 7.81647713665734e-07, 8.61808530316921e-07, 9.419694038115267e-07, 1.0221302773061325e-06, 1.1022910939573194e-06, 1.1824519106085063e-06, 1.262612840946531e-06, 1.3427736575977178e-06, 1.4229344742489047e-06, 1.5030952909000916e-06, 1.5832561075512785e-06, 1.6634170378893032e-06, 1.74357785454049e-06, 1.823738671191677e-06, 1.9038996015297016e-06, 1.9840604181808885e-06, 2.0642212348320754e-06, 2.1443820514832623e-06, 2.2245428681344492e-06, 2.304703684785636e-06, 2.3848647288104985e-06, 2.4650255454616854e-06, 2.5451863621128723e-06, 2.625347178764059e-06, 2.705507995415246e-06]}, "gradients/embedding_item.weight": {"_type": "histogram", "values": [1.0, 0.0, 0.0, 0.0, 1.0, 0.0, 1.0, 3.0, 2.0, 7.0, 8.0, 13.0, 19.0, 15.0, 26.0, 47.0, 68.0, 89.0, 139.0, 205.0, 297.0, 438.0, 706.0, 1080.0, 1734.0, 2712.0, 4683.0, 7926.0, 13554.0, 22258.0, 32704.0, 42715.0, 218827.0, 92097.0, 39372.0, 28696.0, 19182.0, 11316.0, 6528.0, 3907.0, 2314.0, 1383.0, 942.0, 533.0, 371.0, 220.0, 149.0, 104.0, 71.0, 52.0, 30.0, 28.0, 14.0, 13.0, 7.0, 7.0, 5.0, 4.0, 4.0, 1.0, 1.0, 1.0, 0.0, 2.0], "bins": [-1.3436647350317799e-06, -1.3027128034082125e-06, -1.2617608717846451e-06, -1.22080882647424e-06, -1.1798568948506727e-06, -1.1389049632271053e-06, -1.097953031603538e-06, -1.0570010999799706e-06, -1.0160491683564032e-06, -9.750972367328359e-07, -9.341452482658497e-07, -8.931933166422823e-07, -8.522413850187149e-07, -8.112893965517287e-07, -7.703374649281614e-07, -7.29385533304594e-07, -6.884335448376078e-07, -6.474816132140404e-07, -6.065296247470542e-07, -5.655776931234868e-07, -5.246257614999195e-07, -4.836738298763521e-07, -4.427218414093659e-07, -4.017699097857985e-07, -3.608179497405217e-07, -3.1986598969524493e-07, -2.7891405807167757e-07, -2.3796209802640078e-07, -1.970101521919787e-07, -1.5605820635755663e-07, -1.1510624631227984e-07, -7.415431468871247e-08, -3.320235464343568e-08, 7.749594743700072e-09, 4.870154413083583e-08, 8.965349707068526e-08, 1.3060544290510734e-07, 1.7155738873952942e-07, 2.125093487848062e-07, 2.5346128040837357e-07, 2.9441324045365036e-07, 3.3536520049892715e-07, 3.763171321224945e-07, 4.172690921677713e-07, 4.582210522130481e-07, 4.991729838366155e-07, 5.401249154601828e-07, 5.810768470837502e-07, 6.220288355507364e-07, 6.629807671743038e-07, 7.0393275564129e-07, 7.448846872648573e-07, 7.858366188884247e-07, 8.267885505119921e-07, 8.677405389789783e-07, 9.086924706025457e-07, 9.496444590695319e-07, 9.905963906930992e-07, 1.0315483223166666e-06, 1.072500253940234e-06, 1.113452299250639e-06, 1.1544042308742064e-06, 1.1953561624977738e-06, 1.2363080941213411e-06, 1.2772600257449085e-06]}, "_wandb": {"runtime": 1262}}