{"TOTAL_BEST_METRIC": 1.0961653505111073, "BEST_NDCG@10": 0.14010041217661245, "_timestamp": 1688421219.3113291, "_runtime": 717.1389842033386, "_step": 1228, "epoch": 1000, "Train_Metric_loss": 6.212380886077881, "Train_Reg_loss": 3.270730230724439e-05, "Pos_loss": 8.46813678741455, "Neg_loss": 0.29760318994522095, "Recall@5": 0.15113774536910615, "Recall@10": 0.21844248845059852, "Recall@20": 0.30654253925130365, "NDCG@5": 0.11544898446557149, "NDCG@10": 0.13939010783596428, "NDCG@20": 0.1644393205777757, "Recall@5_total_best": 0.15049310948760022, "Recall@10_total_best": 0.22118111784969552, "Recall@20_total_best": 0.30531855592541307, "ndcg@5_total_best": 0.1150330173034886, "ndcg@10_total_best": 0.1399829209230185, "ndcg@20_total_best": 0.16415662902189138, "EPOCH_ndcg_best": 900, "Recall@5_ndcg_best": 0.14811588856627725, "Recall@10_ndcg_best": 0.22251804811371903, "Recall@20_ndcg_best": 0.3054574767953592, "ndcg@5_ndcg_best": 0.11405549769656294, "ndcg@10_ndcg_best": 0.14010041217661245, "ndcg@20_ndcg_best": 0.16376848788701967, "gradients/mass_i.weight": {"_type": "histogram", "values": [1.0, 0.0, 1.0, 1.0, 0.0, 0.0, 0.0, 0.0, 1.0, 1.0, 0.0, 2.0, 0.0, 2.0, 1.0, 0.0, 1.0, 1.0, 1.0, 2.0, 1.0, 1.0, 1.0, 3.0, 0.0, 1.0, 3.0, 6.0, 3.0, 0.0, 8.0, 6.0, 8.0, 7.0, 14.0, 9.0, 16.0, 13.0, 11.0, 16.0, 19.0, 26.0, 34.0, 39.0, 45.0, 75.0, 70.0, 90.0, 79.0, 214.0, 200.0, 60.0, 2094.0, 47.0, 163.0, 65.0, 40.0, 36.0, 11.0, 10.0, 3.0, 1.0, 3.0, 2.0], "bins": [-0.0005875546485185623, -0.000576463935431093, -0.0005653732805512846, -0.0005542825674638152, -0.0005431919125840068, -0.0005321011994965374, -0.0005210104864090681, -0.0005099198315292597, -0.0004988291184417903, -0.00048773843445815146, -0.0004766477504745126, -0.00046555703738704324, -0.00045446635340340436, -0.00044337566941976547, -0.0004322849854361266, -0.0004211943014524877, -0.0004101036465726793, -0.0003990129625890404, -0.0003879222786054015, -0.0003768315655179322, -0.0003657408815342933, -0.0003546501975506544, -0.00034355951356701553, -0.00033246882958337665, -0.0003213781164959073, -0.0003102874325122684, -0.00029919674852862954, -0.0002881060354411602, -0.0002770153514575213, -0.00026592466747388244, -0.00025483398349024355, -0.00024374329950660467, -0.0002326526155229658, -0.0002215619315393269, -0.0002104712330037728, -0.0001993805490201339, -0.00018828986503649503, -0.00017719916650094092, -0.00016610848251730204, -0.00015501779853366315, -0.00014392711455002427, -0.0001328364305663854, -0.00012174573930678889, -0.0001106550480471924, -9.956436406355351e-05, -8.847367280395702e-05, -7.738298154436052e-05, -6.629229756072164e-05, -5.5201599025167525e-05, -4.4110911403549835e-05, -3.3020223781932145e-05, -2.192953252233565e-05, -1.0838844900717959e-05, 2.518427208997309e-07, 1.1342533980496228e-05, 2.243321796413511e-05, 3.352390922373161e-05, 4.46145968453493e-05, 5.570528446696699e-05, 6.679597572656348e-05, 7.788666698615998e-05, 8.897735096979886e-05, 0.00010006804222939536, 0.00011115872621303424, 0.00012224941747263074]}, "gradients/mass_u.weight": {"_type": "histogram", "values": [1.0, 0.0, 0.0, 0.0, 0.0, 0.0, 0.0, 0.0, 0.0, 0.0, 1.0, 0.0, 0.0, 0.0, 1.0, 0.0, 0.0, 0.0, 0.0, 0.0, 0.0, 0.0, 1.0, 1.0, 0.0, 0.0, 0.0, 0.0, 0.0, 2.0, 0.0, 0.0, 0.0, 0.0, 0.0, 0.0, 0.0, 0.0, 2.0, 0.0, 0.0, 1.0, 0.0, 0.0, 4.0, 0.0, 3.0, 1.0, 2.0, 3.0, 0.0, 3.0, 3.0, 1.0, 8.0, 14.0, 12.0, 19.0, 17.0, 41.0, 118.0, 98.0, 114.0, 5070.0], "bins": [-0.002445888239890337, -0.002407671185210347, -0.0023694541305303574, -0.002331237308681011, -0.0022930202540010214, -0.0022548031993210316, -0.0022165861446410418, -0.002178369089961052, -0.0021401522681117058, -0.002101935213431716, -0.002063718158751726, -0.00202550133690238, -0.00198728428222239, -0.0019490672275424004, -0.0019108502892777324, -0.0018726332345977426, -0.0018344161799177527, -0.001796199125237763, -0.001757982186973095, -0.0017197651322931051, -0.0016815481940284371, -0.0016433311393484473, -0.0016051142010837793, -0.0015668971464037895, -0.0015286800917237997, -0.0014904630370438099, -0.001452246098779142, -0.001414029044099152, -0.001375812105834484, -0.0013375950511544943, -0.0012993781128898263, -0.0012611610582098365, -0.0012229441199451685, -0.0011847270652651787, -0.0011465101270005107, -0.0011082930723205209, -0.0010700761340558529, -0.001031859079375863, -0.000993642141111195, -0.0009554250864312053, -0.0009172080899588764, -0.0008789910934865475, -0.0008407740970142186, -0.0008025571005418897, -0.0007643400458618999, -0.0007261231075972319, -0.000687906052917242, -0.0006496890564449131, -0.0006114720599725842, -0.0005732550635002553, -0.0005350380670279264, -0.0004968210705555975, -0.0004586040449794382, -0.0004203870485071093, -0.0003821700229309499, -0.000343953026458621, -0.0003057360299862921, -0.0002675190335139632, -0.0002293020224897191, -0.00019108501146547496, -0.00015286801499314606, -0.00011465101852081716, -7.643400749657303e-05, -3.82169964723289e-05, 0.0]}, "gradients/embedding_user.weight": {"_type": "histogram", "values": [1.0, 0.0, 0.0, 0.0, 0.0, 2.0, 0.0, 1.0, 1.0, 1.0, 1.0, 5.0, 4.0, 12.0, 12.0, 14.0, 8.0, 24.0, 47.0, 53.0, 92.0, 141.0, 224.0, 353.0, 690.0, 1304.0, 2705.0, 7209.0, 32899.0, 114014.0, 133640.0, 44968.0, 9645.0, 3085.0, 1564.0, 769.0, 436.0, 258.0, 139.0, 84.0, 69.0, 39.0, 33.0, 25.0, 13.0, 11.0, 7.0, 6.0, 6.0, 3.0, 2.0, 1.0, 1.0, 0.0, 0.0, 0.0, 0.0, 0.0, 1.0, 0.0, 0.0, 0.0, 1.0, 1.0], "bins": [-0.0008278140448965132, -0.000800316222012043, -0.0007728183991275728, -0.0007453205762431026, -0.0007178227533586323, -0.0006903249304741621, -0.000662827049382031, -0.0006353292847052217, -0.0006078314036130905, -0.0005803335807286203, -0.0005528357578441501, -0.0005253379349596798, -0.0004978401120752096, -0.0004703422891907394, -0.0004428444372024387, -0.0004153466143179685, -0.0003878488205373287, -0.0003603509976528585, -0.00033285317476838827, -0.00030535535188391805, -0.0002778575289994478, -0.0002503597061149776, -0.00022286185412667692, -0.0001953640312422067, -0.00016786620835773647, -0.00014036838547326624, -0.0001128705553128384, -8.537272515241057e-05, -5.787490226794034e-05, -3.0377079383470118e-05, -2.8792419470846653e-06, 2.461858093738556e-05, 5.2116403821855783e-05, 7.961422670632601e-05, 0.00010711205686675385, 0.00013460988702718168, 0.0001621077099116519, 0.00018960553279612213, 0.0002171033702325076, 0.0002446011931169778, 0.00027209901600144804, 0.00029959683888591826, 0.0003270946617703885, 0.00035459251375868917, 0.0003820903366431594, 0.0004095881595276296, 0.00043708598241209984, 0.00046458380529657006, 0.0004920816281810403, 0.0005195794510655105, 0.0005470772739499807, 0.000574575096834451, 0.0006020729197189212, 0.0006295707426033914, 0.0006570685654878616, 0.0006845664465799928, 0.0007120642112568021, 0.0007395620341412723, 0.0007670598570257425, 0.0007945576799102128, 0.000822055502794683, 0.0008495533256791532, 0.0008770511485636234, 0.0009045490296557546, 0.0009320468525402248]}, "gradients/embedding_item.weight": {"_type": "histogram", "values": [1.0, 0.0, 0.0, 0.0, 0.0, 0.0, 2.0, 2.0, 1.0, 1.0, 3.0, 2.0, 9.0, 1.0, 12.0, 16.0, 15.0, 36.0, 37.0, 51.0, 56.0, 79.0, 119.0, 208.0, 296.0, 426.0, 634.0, 980.0, 1578.0, 2490.0, 4094.0, 7152.0, 12846.0, 22495.0, 38853.0, 61772.0, 30559.0, 17991.0, 10328.0, 5814.0, 3459.0, 2075.0, 1302.0, 839.0, 524.0, 379.0, 250.0, 181.0, 109.0, 66.0, 62.0, 42.0, 23.0, 21.0, 18.0, 10.0, 7.0, 6.0, 8.0, 5.0, 2.0, 2.0, 1.0, 2.0],