{"TOTAL_BEST_METRIC": 0.965161328453786, "BEST_NDCG@10": 0.12184769751141401, "_timestamp": 1688285290.8581238, "_runtime": 372.0672388076782, "_step": 1186, "epoch": 1000, "Train_Metric_loss": -3.8518099784851074, "Train_Reg_loss": 0.0001517732162028551, "Recall@5": 0.13146346344232132, "Recall@10": 0.19740770236882996, "Recall@20": 0.2707370249521657, "NDCG@5": 0.09812593286994288, "NDCG@10": 0.12115306261710143, "NDCG@20": 0.14216810856506257, "Recall@5_total_best": 0.13153729899353256, "Recall@10_total_best": 0.1983786805581928, "Recall@20_total_best": 0.2732190334384249, "ndcg@5_total_best": 0.09808267778523373, "ndcg@10_total_best": 0.12119497956707452, "ndcg@20_total_best": 0.14274865811132756, "EPOCH_ndcg_best": 890, "Recall@5_ndcg_best": 0.13197915815791536, "Recall@10_ndcg_best": 0.19852522341196205, "Recall@20_ndcg_best": 0.27054963411652827, "ndcg@5_ndcg_best": 0.09893174658357784, "ndcg@10_ndcg_best": 0.12184769751141401, "ndcg@20_ndcg_best": 0.1425943575766059, "gradients/mass_i.weight": {"_type": "histogram", "values": [1.0, 0.0, 0.0, 0.0, 1.0, 1.0, 0.0, 2.0, 2.0, 1.0, 2.0, 1.0, 2.0, 2.0, 11.0, 1.0, 7.0, 5.0, 5.0, 6.0, 12.0, 8.0, 15.0, 12.0, 15.0, 15.0, 14.0, 15.0, 43.0, 55.0, 31.0, 20.0, 17.0, 24.0, 21.0, 3034.0, 23.0, 8.0, 12.0, 14.0, 20.0, 25.0, 21.0, 7.0, 3.0, 2.0, 7.0, 4.0, 4.0, 3.0, 4.0, 2.0, 0.0, 1.0, 3.0, 0.0, 0.0, 1.0, 1.0, 0.0, 1.0, 0.0, 0.0, 1.0], "bins": [-0.00014614438987337053, -0.00014201989688444883, -0.00013789540389552712, -0.00013377091090660542, -0.00012964641791768372, -0.00012552193948067725, -0.00012139744649175555, -0.00011727295350283384, -0.00011314846051391214, -0.00010902396752499044, -0.00010489947453606874, -0.00010077498882310465, -9.665049583418295e-05, -9.252600284526125e-05, -8.840151713229716e-05, -8.427702414337546e-05, -8.015253115445375e-05, -7.602803816553205e-05, -7.190354517661035e-05, -6.777905946364626e-05, -6.365456647472456e-05, -5.953007348580286e-05, -5.5405584134859964e-05, -5.128109478391707e-05, -4.715660179499537e-05, -4.3032108806073666e-05, -3.890761945513077e-05, -3.4783130104187876e-05, -3.0658637115266174e-05, -2.6534145945333876e-05, -2.2409654775401577e-05, -1.828516360546928e-05, -1.416067243553698e-05, -1.0036181265604682e-05, -5.911690095672384e-06, -1.7871989257400855e-06, 2.337292244192213e-06, 6.461783414124511e-06, 1.058627458405681e-05, 1.4710765753989108e-05, 1.8835256923921406e-05, 2.2959748093853705e-05, 2.7084239263786003e-05, 3.12087286147289e-05, 3.53332216036506e-05, 3.94577145925723e-05, 4.3582203943515196e-05, 4.770669329445809e-05, 5.183118628337979e-05, 5.5955679272301495e-05, 6.008016862324439e-05, 6.420465797418728e-05, 6.832915096310899e-05, 7.245364395203069e-05, 7.657812966499478e-05, 8.070262265391648e-05, 8.482711564283818e-05, 8.895160863175988e-05, 9.307610162068158e-05, 9.720058733364567e-05, 0.00010132508032256737, 0.00010544957331148908, 0.00010957405902445316, 0.00011369855201337487, 0.00011782304500229657]}, "gradients/mass_u.weight": {"_type": "histogram", "values": [1.0, 0.0, 0.0, 0.0, 0.0, 0.0, 0.0, 0.0, 0.0, 0.0, 0.0, 0.0, 0.0, 0.0, 0.0, 0.0, 0.0, 1.0, 0.0, 0.0, 0.0, 0.0, 0.0, 0.0, 0.0, 1.0, 0.0, 1.0, 0.0, 0.0, 0.0, 0.0, 0.0, 0.0, 0.0, 2.0, 0.0, 5.0, 0.0, 0.0, 2.0, 2.0, 1.0, 3.0, 8.0, 8.0, 7.0, 6.0, 15.0, 14.0, 20.0, 30.0, 33.0, 30.0, 17.0, 5293.0, 13.0, 5.0, 9.0, 6.0, 4.0, 2.0, 1.0, 1.0], "bins": [-0.00067236548056826, -0.0006602066569030285, -0.000648047833237797, -0.0006358890677802265, -0.000623730244114995, -0.0006115714204497635, -0.0005994125967845321, -0.0005872537731193006, -0.00057509500766173, -0.0005629361839964986, -0.0005507773603312671, -0.0005386185948736966, -0.0005264597712084651, -0.0005143009475432336, -0.0005021421238780022, -0.0004899833002127707, -0.00047782447654753923, -0.00046566565288230777, -0.00045350685832090676, -0.0004413480346556753, -0.0004291892400942743, -0.0004170304164290428, -0.00040487159276381135, -0.00039271279820241034, -0.00038055400364100933, -0.00036839517997577786, -0.00035623638541437685, -0.0003440775617491454, -0.0003319187671877444, -0.0003197599435225129, -0.00030760111985728145, -0.00029544232529588044, -0.0002832834725268185, -0.00027112464886158705, -0.00025896585430018604, -0.00024680703063495457, -0.00023464822152163833, -0.0002224894124083221, -0.00021033060329500586, -0.00019817179418168962, -0.00018601298506837338, -0.00017385417595505714, -0.0001616953668417409, -0.00014953655772842467, -0.0001373777340631932, -0.00012521892494987696, -0.00011306011583656073, -0.00010090129944728687, -8.874249033397064e-05, -7.65836812206544e-05, -6.442486483138055e-05, -5.226605571806431e-05, -4.010724296676926e-05, -2.7948430215474218e-05, -1.578962110215798e-05, -3.630804712884128e-06, 8.52800440043211e-06, 2.0686817151727155e-05, 3.28456299030222e-05, 4.500443901633844e-05, 5.716325176763348e-05, 6.932206451892853e-05, 8.148087363224477e-05, 9.363969002151862e-05, 0.00010579849913483486]}, "gradients/embedding_user.weight": {"_type": "histogram", "values": [1.0, 1.0, 5.0, 1.0, 4.0, 2.0, 7.0, 11.0, 9.0, 18.0, 18.0, 27.0, 39.0, 61.0, 86.0, 112.0, 177.0, 262.0, 413.0, 630.0, 870.0, 1320.0, 1993.0, 2792.0, 4219.0, 8744.0, 34987.0, 109562.0, 121495.0, 42585.0, 10420.0, 4450.0, 2944.0, 2070.0, 1373.0, 983.0, 639.0, 414.0, 281.0, 190.0, 142.0, 66.0, 57.0, 41.0, 27.0, 23.0, 15.0, 9.0, 7.0, 5.0, 7.0, 4.0, 1.0, 2.0, 1.0, 0.0, 1.0, 0.0, 0.0, 0.0, 0.0, 0.0, 0.0, 1.0], "bins": [-0.0013492770958691835, -0.0013011983828619123, -0.001253119669854641, -0.0012050410732626915, -0.0011569623602554202, -0.001108883647248149, -0.0010608049342408776, -0.0010127262212336063, -0.000964647508226335, -0.0009165687952190638, -0.0008684901404194534, -0.0008204114274121821, -0.0007723327144049108, -0.0007242540596053004, -0.0006761753465980291, -0.0006280966335907578, -0.0005800179787911475, -0.0005319392657838762, -0.00048386058188043535, -0.0004357818979769945, -0.0003877031849697232, -0.0003396245010662824, -0.00029154581716284156, -0.00024346710415557027, -0.00019538842025212944, -0.00014730972179677337, -9.923103061737493e-05, -5.115233943797648e-05, -3.073640982620418e-06, 4.500505747273564e-05, 9.308374137617648e-05, 0.00014116245438344777, 0.0001892411382868886, 0.00023731983674224466, 0.0002853985351976007, 0.00033347721910104156, 0.00038155593210831285, 0.0004296346160117537, 0.0004777132999151945, 0.0005257920129224658, 0.0005738707259297371, 0.0006219494389370084, 0.0006700280937366188, 0.00071810680674389, 0.0007661855197511613, 0.0008142641745507717, 0.000862342887558043, 0.0009104216005653143, 0.0009585002553649247, 0.001006578910164535, 0.0010546576231718063, 0.0011027363361790776, 0.001150815049186349, 0.0011988937621936202, 0.0012469724752008915, 0.001295051071792841, 0.0013431297848001122, 0.0013912084978073835, 0.0014392872108146548, 0.0014873659238219261, 0.0015354445204138756, 0.0015835232334211469, 0.0016316019464284182, 0.0016796806594356894, 0.0017277593724429607]}, "gradients/embedding_item.weight": {"_type": "histogram", "values": [1.0, 0.0, 0.0, 1.0, 3.0, 0.0, 2.0, 1.0, 0.0, 1.0, 3.0, 6.0, 4.0, 9.0, 11.0, 18.0, 24.0, 50.0, 82.0, 83.0, 154.0, 234.0, 441.0, 733.0, 1306.0, 2342.0, 4652.0, 8638.0, 16142.0, 27653.0, 47476.0, 52617.0, 28864.0, 16935.0, 9060.0, 4847.0, 2472.0, 1408.0, 793.0, 442.0, 311.0, 167.0, 120.0, 75.0, 62.0, 30.0, 20.0, 13.0, 12.0, 4.0, 7.0, 10.0, 2.0, 1.0, 0.0, 2.0, 2.0, 1.0, 1.0, 2.0, 0.0, 1.0, 0.0, 1.0],