{"TOTAL_BEST_METRIC": 0.2998317323198245, "BEST_NDCG@10": 0.03460970601836856, "_timestamp": 1688284589.729322, "_runtime": 951.7950358390808, "_step": 1107, "epoch": 1000, "Train_Metric_loss": -15.358753613063268, "Train_Reg_loss": 0.19218710597072328, "Recall@5": 0.0258225615561088, "Recall@10": 0.043546947393888966, "Recall@20": 0.07296917594057131, "NDCG@5": 0.017768776124369674, "NDCG@10": 0.024069568347706873, "NDCG@20": 0.03234000664591536, "Recall@5_total_best": 0.03628312458052103, "Recall@10_total_best": 0.06193597240021756, "Recall@20_total_best": 0.0969005556565561, "ndcg@5_total_best": 0.025648715087976132, "ndcg@10_total_best": 0.03460970601836856, "ndcg@20_total_best": 0.044453658576185134, "EPOCH_ndcg_best": 30, "Recall@5_ndcg_best": 0.03628312458052103, "Recall@10_ndcg_best": 0.06193597240021756, "Recall@20_ndcg_best": 0.0969005556565561, "ndcg@5_ndcg_best": 0.025648715087976132, "ndcg@10_ndcg_best": 0.03460970601836856, "ndcg@20_ndcg_best": 0.044453658576185134, "gradients/mass_i.weight": {"_type": "histogram", "values": [1.0, 0.0, 0.0, 0.0, 1.0, 0.0, 0.0, 0.0, 0.0, 0.0, 0.0, 0.0, 0.0, 0.0, 0.0, 0.0, 0.0, 0.0, 0.0, 0.0, 0.0, 1.0, 0.0, 1.0, 1.0, 1.0, 1.0, 0.0, 8.0, 6.0, 8.0, 13.0, 21.0, 26.0, 53.0, 28.0, 9.0, 8484.0, 5.0, 11.0, 9.0, 7.0, 5.0, 0.0, 3.0, 3.0, 1.0, 1.0, 1.0, 0.0, 0.0, 1.0, 0.0, 1.0, 0.0, 0.0, 0.0, 0.0, 0.0, 0.0, 1.0, 0.0, 0.0, 1.0], "bins": [-0.00018504633044358343, -0.0001800649770302698, -0.00017508362361695617, -0.00017010228475555778, -0.00016512093134224415, -0.00016013957792893052, -0.0001551582245156169, -0.00015017687110230327, -0.00014519551768898964, -0.000140214164275676, -0.00013523281086236238, -0.00013025147200096399, -0.00012527011858765036, -0.00012028876517433673, -0.0001153074117610231, -0.00011032605834770948, -0.00010534471948631108, -0.00010036336607299745, -9.538201993564144e-05, -9.040066652232781e-05, -8.54193203849718e-05, -8.043796697165817e-05, -7.545661355834454e-05, -7.047526014503092e-05, -6.54939140076749e-05, -6.051256423234008e-05, -5.553121445700526e-05, -5.0549861043691635e-05, -4.5568511268356815e-05, -4.0587161493021995e-05, -3.560580807970837e-05, -3.062445830437355e-05, -2.5643123080953956e-05, -2.0661773305619135e-05, -1.5680421711294912e-05, -1.069907102646539e-05, -5.717720341635868e-06, -7.363705663010478e-07, 4.244981028023176e-06, 9.2263326223474e-06, 1.420768239768222e-05, 1.918903217301704e-05, 2.4170383767341264e-05, 2.9151735361665487e-05, 3.413308513700031e-05, 3.911443491233513e-05, 4.4095788325648755e-05, 4.9077138100983575e-05, 5.4058487876318395e-05, 5.9039837651653215e-05, 6.402118742698804e-05, 6.900254084030166e-05, 7.398388697765768e-05, 7.89652403909713e-05, 8.394659380428493e-05, 8.892794721759856e-05, 9.390929335495457e-05, 9.88906467682682e-05, 0.00010387199290562421, 0.00010885334631893784, 0.00011383469973225147, 0.00011881604586960748, 0.0001237973920069635, 0.00012877874542027712, 0.00013376009883359075]}, "gradients/mass_u.weight": {"_type": "histogram", "values": [1.0, 0.0, 0.0, 0.0, 0.0, 0.0, 0.0, 0.0, 0.0, 0.0, 1.0, 0.0, 0.0, 0.0, 0.0, 0.0, 1.0, 0.0, 0.0, 0.0, 0.0, 1.0, 0.0, 2.0, 0.0, 0.0, 0.0, 0.0, 2.0, 0.0, 2.0, 2.0, 2.0, 1.0, 1.0, 1.0, 0.0, 2.0, 1.0, 3.0, 1.0, 2.0, 4.0, 7.0, 4.0, 7.0, 10.0, 9.0, 11.0, 10.0, 26.0, 9.0, 4.0, 5.0, 10.0, 14531.0, 4.0, 1.0, 0.0, 0.0, 1.0, 1.0, 0.0, 1.0], "bins": [-0.0002792845480144024, -0.00027424536528997123, -0.0002692061825655401, -0.0002641669998411089, -0.00025912781711667776, -0.0002540886343922466, -0.00024904945166781545, -0.0002440102689433843, -0.00023897108621895313, -0.00023393190349452198, -0.00022889272077009082, -0.00022385353804565966, -0.0002188143553212285, -0.00021377517259679735, -0.0002087359898723662, -0.00020369680714793503, -0.00019865762442350388, -0.00019361844169907272, -0.00018857925897464156, -0.0001835400762502104, -0.00017850089352577925, -0.0001734617108013481, -0.00016842252807691693, -0.00016338334535248578, -0.00015834416262805462, -0.00015330497990362346, -0.0001482657971791923, -0.00014322661445476115, -0.00013818743173033, -0.00013314824900589883, -0.00012810906628146768, -0.00012306988355703652, -0.00011803070083260536, -0.0001129915181081742, -0.00010795233538374305, -0.00010291315265931189, -9.787396993488073e-05, -9.283478721044958e-05, -8.779560448601842e-05, -8.275642176158726e-05, -7.77172390371561e-05, -7.267805631272495e-05, -6.763887358829379e-05, -6.259969086386263e-05, -5.7560508139431477e-05, -5.252132541500032e-05, -4.748214269056916e-05, -4.2442959966138005e-05, -3.740377724170685e-05, -3.236459451727569e-05, -2.7325411792844534e-05, -2.2286229068413377e-05, -1.724704634398222e-05, -1.2207863619551063e-05, -7.1686808951199055e-06, -2.1294981706887484e-06, 2.9096845537424088e-06, 7.948867278173566e-06, 1.2988050002604723e-05, 1.802723272703588e-05, 2.3066415451467037e-05, 2.8105598175898194e-05, 3.314478090032935e-05, 3.818396362476051e-05, 4.3223146349191666e-05]}, "gradients/embedding_user.weight": {"_type": "histogram", "values": [1.0, 1.0, 2.0, 2.0, 3.0, 2.0, 1.0, 3.0, 2.0, 5.0, 6.0, 2.0, 10.0, 10.0, 8.0, 23.0, 28.0, 33.0, 40.0, 70.0, 128.0, 221.0, 412.0, 1115.0, 4437.0, 197018.0, 727808.0, 5679.0, 1315.0, 476.0, 247.0, 146.0, 100.0, 62.0, 39.0, 32.0, 21.0, 9.0, 16.0, 8.0, 9.0, 4.0, 4.0, 4.0, 3.0, 2.0, 4.0, 2.0, 4.0, 1.0, 1.0, 1.0, 0.0, 0.0, 1.0, 0.0, 1.0, 0.0, 0.0, 0.0, 0.0, 0.0, 1.0, 1.0], "bins": [-0.0021638621110469103, -0.0020808971021324396, -0.001997932093217969, -0.0019149670843034983, -0.0018320020753890276, -0.001749037066474557, -0.0016660720575600863, -0.0015831070486456156, -0.001500142039731145, -0.0014171770308166742, -0.0013342120219022036, -0.0012512470129877329, -0.0011682820040732622, -0.0010853169951587915, -0.0010023519862443209, -0.0009193869773298502, -0.0008364219684153795, -0.0007534569595009089, -0.0006704919505864382, -0.0005875269416719675, -0.0005045619327574968, -0.00042159692384302616, -0.0003386319149285555, -0.0002556669060140848, -0.00017270189709961414, -8.973688818514347e-05, -6.771879270672798e-06, 7.619312964379787e-05, 0.00015915813855826855, 0.00024212314747273922, 0.0003250881563872099, 0.00040805316530168056, 0.0004910179413855076, 0.0005739829502999783, 0.0006569479592144489, 0.0007399129681289196, 0.0008228779770433903, 0.000905842985957861, 0.0009888079948723316, 0.0010717730037868023, 0.001154738012701273, 0.0012377030216157436, 0.0013206680305302143, 0.001403633039444685, 0.0014865980483591557, 0.0015695630572736263, 0.001652528066188097, 0.0017354930751025677, 0.0018184580840170383, 0.001901423092931509, 0.0019843881018459797, 0.0020673531107604504, 0.002150318119674921, 0.0022332831285893917, 0.0023162481375038624, 0.002399213146418333, 0.0024821781553328037, 0.0025651431642472744, 0.002648108173161745, 0.0027310731820762157, 0.0028140381909906864, 0.002897003199905157, 0.0029799682088196278, 0.0030629332177340984, 0.003145898226648569]}, "gradients/embedding_item.weight": {"_type": "histogram", "values": [1.0, 0.0, 0.0, 0.0, 0.0, 0.0, 0.0, 1.0, 0.0, 0.0, 0.0, 2.0, 1.0, 3.0, 1.0, 5.0, 2.0, 6.0, 2.0, 4.0, 7.0, 15.0, 11.0, 13.0, 13.0, 17.0, 29.0, 48.0, 57.0, 106.0, 213.0, 376.0, 923.0, 2716.0, 11750.0, 495247.0, 37992.0, 5449.0, 1470.0, 509.0, 258.0, 132.0, 64.0, 46.0, 42.0, 24.0, 17.0, 12.0, 10.0, 8.0, 7.0, 7.0, 4.0, 1.0, 4.0, 3.0, 1.0, 1.0, 0.0, 1.0, 0.0, 0.0, 0.0, 1.0],