{"TOTAL_BEST_METRIC": 0.3585245318724023, "BEST_NDCG@10": 0.041772509734820794, "_timestamp": 1688292646.5836027, "_runtime": 801.6079387664795, "_step": 1161, "epoch": 1000, "Train_Metric_loss": -3.0914062772478377, "Train_Reg_loss": 0.0003348961680395795, "Recall@5": 0.04383613629073761, "Recall@10": 0.07303090099717624, "Recall@20": 0.11493205021349694, "NDCG@5": 0.031201589930720322, "NDCG@10": 0.041277101318249805, "NDCG@20": 0.053020059408350716, "Recall@5_total_best": 0.04451131920752348, "Recall@10_total_best": 0.07331410776249661, "Recall@20_total_best": 0.11444680551402503, "ndcg@5_total_best": 0.03161759095137645, "ndcg@10_total_best": 0.04151620040655864, "ndcg@20_total_best": 0.053118508030422104, "EPOCH_ndcg_best": 600, "Recall@5_ndcg_best": 0.04364367863309698, "Recall@10_ndcg_best": 0.07198660652715815, "Recall@20_ndcg_best": 0.11211754722149528, "ndcg@5_ndcg_best": 0.0318952596475025, "ndcg@10_ndcg_best": 0.041772509734820794, "ndcg@20_ndcg_best": 0.05304118961454342, "gradients/mass_i.weight": {"_type": "histogram", "values": [1.0, 0.0, 0.0, 0.0, 0.0, 0.0, 0.0, 0.0, 0.0, 1.0, 2.0, 1.0, 1.0, 2.0, 2.0, 5.0, 5.0, 5.0, 2.0, 7.0, 6.0, 5.0, 4.0, 12.0, 11.0, 16.0, 19.0, 17.0, 27.0, 40.0, 61.0, 24.0, 30.0, 30.0, 8227.0, 21.0, 15.0, 17.0, 27.0, 24.0, 17.0, 5.0, 5.0, 2.0, 5.0, 4.0, 3.0, 2.0, 0.0, 0.0, 0.0, 0.0, 0.0, 0.0, 1.0, 0.0, 0.0, 0.0, 0.0, 0.0, 0.0, 0.0, 1.0, 1.0], "bins": [-0.0002471789193805307, -0.00023995680385269225, -0.00023273467377293855, -0.00022551254369318485, -0.00021829042816534638, -0.00021106831263750792, -0.00020384618255775422, -0.00019662405247800052, -0.00018940193695016205, -0.00018217982142232358, -0.0001749576913425699, -0.0001677355612628162, -0.00016051344573497772, -0.00015329133020713925, -0.00014606920012738556, -0.00013884707004763186, -0.0001316249545197934, -0.00012440283899195492, -0.00011718070891220123, -0.00010995858610840514, -0.00010273646330460906, -9.551434050081298e-05, -8.82922176970169e-05, -8.107009489322081e-05, -7.384797208942473e-05, -6.662584928562865e-05, -5.9403726481832564e-05, -5.218160367803648e-05, -4.49594808742404e-05, -3.7737358070444316e-05, -3.0515235266648233e-05, -2.329311246285215e-05, -1.607097510714084e-05, -8.848852303344756e-06, -1.6267294995486736e-06, 5.595393304247409e-06, 1.2817516108043492e-05, 2.0039638911839575e-05, 2.7261761715635657e-05, 3.448388451943174e-05, 4.170600732322782e-05, 4.8928130127023906e-05, 5.615025293081999e-05, 6.337237573461607e-05, 7.059449853841215e-05, 7.781662134220824e-05, 8.503874414600432e-05, 9.22608669498004e-05, 9.948298975359648e-05, 0.00010670511255739257, 0.00011392723536118865, 0.00012114935816498473, 0.00012837148096878082, 0.0001355936110485345, 0.00014281572657637298, 0.00015003784210421145, 0.00015725997218396515, 0.00016448210226371884, 0.0001717042177915573, 0.00017892633331939578, 0.00018614846339914948, 0.00019337059347890317, 0.00020059270900674164, 0.0002078148245345801, 0.0002150369546143338]}, "gradients/mass_u.weight": {"_type": "histogram", "values": [1.0, 0.0, 0.0, 0.0, 0.0, 0.0, 0.0, 0.0, 0.0, 0.0, 0.0, 0.0, 0.0, 0.0, 0.0, 0.0, 0.0, 0.0, 0.0, 0.0, 0.0, 0.0, 0.0, 0.0, 0.0, 0.0, 0.0, 0.0, 0.0, 0.0, 0.0, 0.0, 0.0, 0.0, 0.0, 0.0, 0.0, 1.0, 0.0, 1.0, 0.0, 0.0, 1.0, 1.0, 0.0, 3.0, 2.0, 6.0, 3.0, 9.0, 7.0, 7.0, 19.0, 40.0, 53.0, 14488.0, 19.0, 13.0, 4.0, 0.0, 1.0, 1.0, 0.0, 1.0], "bins": [-0.0027619865722954273, -0.0027126336935907602, -0.002663280814886093, -0.002613927936181426, -0.002564575057476759, -0.002515222178772092, -0.0024658693000674248, -0.0024165166541934013, -0.0023671635426580906, -0.0023178106639534235, -0.0022684577852487564, -0.0022191049065440893, -0.0021697520278394222, -0.002120399149134755, -0.002071046270430088, -0.0020216936245560646, -0.0019723407458513975, -0.0019229878671467304, -0.0018736349884420633, -0.0018242821097373962, -0.0017749292310327291, -0.001725576352328062, -0.0016762235900387168, -0.0016268707113340497, -0.0015775178326293826, -0.0015281649539247155, -0.0014788120752200484, -0.0014294591965153813, -0.001380106434226036, -0.001330753555521369, -0.0012814006768167019, -0.0012320477981120348, -0.0011826950358226895, -0.0011333421571180224, -0.0010839892784133554, -0.0010346363997086883, -0.000985283637419343, -0.000935930700507015, -0.0008865778800100088, -0.0008372250013053417, -0.0007878721226006746, -0.0007385192438960075, -0.0006891663651913404, -0.0006398135446943343, -0.0005904606659896672, -0.0005411077872850001, -0.0004917549667879939, -0.0004424020880833268, -0.0003930492093786597, -0.00034369633067399263, -0.000294343481073156, -0.00024499063147231936, -0.00019563775276765227, -0.00014628487406298518, -9.693202446214855e-05, -4.757917486131191e-05, 1.7737038433551788e-06, 5.112656799610704e-05, 0.0001004794321488589, 0.00014983229630161077, 0.00019918516045436263, 0.0002485380391590297, 0.00029789088875986636, 0.000347243738360703, 0.0003965966170653701]}, "gradients/embedding_user.weight": {"_type": "histogram", "values": [1.0, 1.0, 2.0, 0.0, 0.0, 3.0, 2.0, 0.0, 0.0, 3.0, 8.0, 4.0, 5.0, 3.0, 7.0, 9.0, 12.0, 19.0, 26.0, 60.0, 106.0, 185.0, 333.0, 608.0, 1227.0, 2933.0, 7768.0, 256732.0, 652521.0, 10200.0, 3680.0, 1482.0, 730.0, 389.0, 220.0, 121.0, 68.0, 27.0, 19.0, 14.0, 11.0, 15.0, 6.0, 3.0, 2.0, 7.0, 2.0, 3.0, 1.0, 0.0, 1.0, 0.0, 0.0, 1.0, 1.0, 0.0, 0.0, 1.0, 0.0, 0.0, 0.0, 1.0, 0.0, 1.0], "bins": [-0.0017364203231409192, -0.0016746793407946825, -0.0016129384748637676, -0.001551197492517531, -0.0014894565101712942, -0.0014277156442403793, -0.0013659746618941426, -0.001304233679547906, -0.001242492813616991, -0.0011807518312707543, -0.0011190109653398395, -0.0010572699829936028, -0.0009955291170626879, -0.0009337881347164512, -0.0008720471523702145, -0.0008103062282316387, -0.0007485653040930629, -0.0006868243799544871, -0.0006250834558159113, -0.0005633424734696746, -0.0005016015493310988, -0.000439860625192523, -0.00037811967195011675, -0.0003163787187077105, -0.0002546377945691347, -0.0001928968558786437, -0.00013115591718815267, -6.941497849766165e-05, -7.67403980717063e-06, 5.406688433140516e-05, 0.00011580783757381141, 0.00017754879081621766, 0.00023928983137011528, 0.00030103075550869107, 0.0003627717087510973, 0.00042451266199350357, 0.00048625358613207936, 0.0005479945102706552, 0.0006097354926168919, 0.0006714764167554677, 0.0007332173408940434, 0.0007949582650326192, 0.000856699189171195, 0.0009184401715174317, 0.0009801811538636684, 0.0010419220197945833, 0.00110366300214082, 0.0011654039844870567, 0.0012271448504179716, 0.0012888858327642083, 0.0013506266986951232, 0.00141236768104136, 0.0014741085469722748, 0.0015358495293185115, 0.0015975905116647482, 0.001659331377595663, 0.0017210723599418998, 0.0017828133422881365, 0.0018445542082190514, 0.001906295190565288, 0.0019680361729115248, 0.0020297770388424397, 0.0020915179047733545, 0.002153259003534913, 0.002214999869465828]}, "gradients/embedding_item.weight": {"_type": "histogram", "values": [1.0, 1.0, 0.0, 4.0, 1.0, 5.0, 8.0, 7.0, 15.0, 17.0, 26.0, 35.0, 42.0, 47.0, 90.0, 90.0, 156.0, 184.0, 281.0, 371.0, 559.0, 824.0, 1386.0, 2580.0, 5025.0, 9798.0, 18931.0, 36341.0, 59256.0, 287101.0, 58318.0, 36065.0, 18645.0, 9739.0, 4837.0, 2580.0, 1459.0, 837.0, 552.0, 383.0, 274.0, 204.0, 142.0, 117.0, 75.0, 60.0, 55.0, 41.0, 17.0, 16.0, 9.0, 7.0, 6.0, 1.0, 4.0, 1.0, 2.0, 1.0, 0.0, 1.0, 0.0, 0.0, 1.0, 1.0],