{"TOTAL_BEST_METRIC": 0.1646493874442747, "BEST_NDCG@10": 0.02254297878953304, "_timestamp": 1688576782.3869877, "_runtime": 1071.0074367523193, "_step": 64, "epoch": 51, "Train_Metric_loss": 2.4801219369947294, "Train_Reg_loss": 6.51041361951562e-05, "Pos_loss": 9.001250267028809, "Neg_loss": 0.8488215804100037, "Recall@5": 0.01560929650619538, "Recall@10": 0.028179116595325543, "Recall@20": 0.04918490404752601, "NDCG@5": 0.017711392920454462, "NDCG@10": 0.022340233200667265, "NDCG@20": 0.02981654954436048, "Recall@5_total_best": 0.015701202325011005, "Recall@10_total_best": 0.028570634042941172, "Recall@20_total_best": 0.04993106782878439, "ndcg@5_total_best": 0.017834155513665316, "ndcg@10_total_best": 0.02254297878953304, "ndcg@20_total_best": 0.030069348944339762, "EPOCH_ndcg_best": 40, "Recall@5_ndcg_best": 0.015701202325011005, "Recall@10_ndcg_best": 0.028570634042941172, "Recall@20_ndcg_best": 0.04993106782878439, "ndcg@5_ndcg_best": 0.017834155513665316, "ndcg@10_ndcg_best": 0.02254297878953304, "ndcg@20_ndcg_best": 0.030069348944339762, "gradients/mass_i.weight": {"_type": "histogram", "values": [1.0, 1.0, 0.0, 1.0, 0.0, 0.0, 0.0, 0.0, 1.0, 2.0, 1.0, 1.0, 3.0, 3.0, 2.0, 1.0, 5.0, 6.0, 7.0, 7.0, 10.0, 18.0, 19.0, 16.0, 28.0, 39.0, 52.0, 54.0, 70.0, 86.0, 104.0, 166.0, 229.0, 294.0, 370.0, 399.0, 423.0, 481.0, 510.0, 426.0, 283.0, 89.0, 194.0, 41074.0, 130.0, 676.0, 845.0, 656.0, 202.0, 91.0, 83.0, 71.0, 36.0, 11.0, 9.0, 1.0, 0.0, 2.0, 0.0, 2.0, 1.0, 1.0, 0.0, 1.0], "bins": [-0.0001397345185978338, -0.0001365010830340907, -0.00013326763291843235, -0.00013003419735468924, -0.00012680076179094613, -0.000123567326227203, -0.00012033388338750228, -0.00011710044054780155, -0.00011386700498405844, -0.00011063356214435771, -0.0001074001265806146, -0.00010416668374091387, -0.00010093324817717075, -9.769980533747002e-05, -9.446636977372691e-05, -9.123292693402618e-05, -8.799949137028307e-05, -8.476604853058234e-05, -8.153261296683922e-05, -7.82991701271385e-05, -7.506573456339538e-05, -7.183229172369465e-05, -6.859885615995154e-05, -6.536541332025081e-05, -6.213197048055008e-05, -5.889853127882816e-05, -5.566509207710624e-05, -5.2431652875384316e-05, -4.9198213673662394e-05, -4.5964770833961666e-05, -4.273133527021855e-05, -3.949789243051782e-05, -3.626445686677471e-05, -3.3031017665052786e-05, -2.9797578463330865e-05, -2.6564139261608943e-05, -2.3330700059887022e-05, -2.0097259039175697e-05, -1.6863819837453775e-05, -1.3630380635731854e-05, -1.0396941434009932e-05, -7.16350223228801e-06, -3.930062575818738e-06, -6.966229193494655e-07, 2.536816282372456e-06, 5.770256393589079e-06, 9.003695595311001e-06, 1.2237134797032923e-05, 1.5470573998754844e-05, 1.8704013200476766e-05, 2.1937452402198687e-05, 2.517089160392061e-05, 2.840433080564253e-05, 3.163777000736445e-05, 3.487121284706518e-05, 3.8104648410808295e-05, 4.1338091250509024e-05, 4.4571530452230945e-05, 4.780496965395287e-05, 5.103840885567479e-05, 5.427184805739671e-05, 5.750529089709744e-05, 6.073872646084055e-05, 6.397216930054128e-05, 6.72056048642844e-05]}, "gradients/mass_u.weight": {"_type": "histogram", "values": [1.0, 0.0, 0.0, 0.0, 0.0, 0.0, 0.0, 0.0, 0.0, 0.0, 0.0, 0.0, 0.0, 0.0, 0.0, 0.0, 0.0, 0.0, 0.0, 0.0, 0.0, 0.0, 0.0, 0.0, 0.0, 0.0, 0.0, 0.0, 0.0, 1.0, 1.0, 0.0, 1.0, 2.0, 0.0, 1.0, 0.0, 1.0, 1.0, 1.0, 0.0, 1.0, 3.0, 3.0, 2.0, 1.0, 2.0, 3.0, 2.0, 0.0, 5.0, 2.0, 5.0, 8.0, 9.0, 10.0, 10.0, 23.0, 29.0, 46.0, 76.0, 198.0, 58.0, 96956.0], "bins": [-0.004204603843390942, -0.004138906951993704, -0.004073210060596466, -0.004007513169199228, -0.0039418162778019905, -0.003876119153574109, -0.0038104222621768713, -0.0037447253707796335, -0.003679028246551752, -0.0036133313551545143, -0.0035476344637572765, -0.003481937339529395, -0.0034162404481321573, -0.0033505435567349195, -0.0032848466653376818, -0.003219149773940444, -0.003153452882543206, -0.0030877559911459684, -0.0030220590997487307, -0.0029563619755208492, -0.0028906650841236115, -0.0028249681927263737, -0.002759271301329136, -0.002693574409931898, -0.0026278775185346603, -0.0025621806271374226, -0.002496483735740185, -0.0024307866115123034, -0.0023650897201150656, -0.002299392828717828, -0.00223369593732059, -0.0021679990459233522, -0.002102301921695471, -0.002036605030298233, -0.0019709081389009953, -0.0019052111310884356, -0.001839514123275876, -0.0017738172318786383, -0.0017081203404814005, -0.0016424234490841627, -0.001576726441271603, -0.0015110295498743653, -0.0014453325420618057, -0.001379635650664568, -0.0013139387592673302, -0.0012482417514547706, -0.0011825448600575328, -0.0011168478522449732, -0.0010511509608477354, -0.0009854540694504976, -0.000919757061637938, -0.0008540601702407002, -0.0007883632206358016, -0.0007226662710309029, -0.0006569693796336651, -0.0005912724300287664, -0.0005255754804238677, -0.000459878530818969, -0.0003941816103179008, -0.00032848468981683254, -0.00026278774021193385, -0.00019709079060703516, -0.00013139387010596693, -6.569694960489869e-05, 0.0]}, "gradients/embedding_user.weight": {"_type": "histogram", "values": [1.0, 0.0, 0.0, 1.0, 0.0, 0.0, 1.0, 1.0, 9.0, 15.0, 26.0, 26.0, 38.0, 45.0, 62.0, 69.0, 75.0, 142.0, 160.0, 222.0, 339.0, 538.0, 786.0, 1376.0, 2485.0, 3974.0, 5793.0, 6958.0, 99149.0, 6087948.0, 7931.0, 6049.0, 4775.0, 3217.0, 1948.0, 1117.0, 751.0, 442.0, 315.0, 201.0, 147.0, 99.0, 78.0, 71.0, 60.0, 38.0, 22.0, 29.0, 15.0, 10.0, 5.0, 2.0, 3.0, 1.0, 1.0, 0.0, 0.0, 0.0, 0.0, 0.0, 1.0, 0.0, 0.0, 1.0], "bins": [-0.0006616200553253293, -0.0006390319322235882, -0.0006164437509141862, -0.0005938556278124452, -0.0005712674465030432, -0.0005486793234013021, -0.000526091200299561, -0.000503503018990159, -0.00048091489588841796, -0.0004583267436828464, -0.0004357385914772749, -0.0004131504683755338, -0.0003905623161699623, -0.00036797416396439075, -0.0003453860408626497, -0.00032279788865707815, -0.0003002097364515066, -0.0002776215842459351, -0.00025503343204036355, -0.00023244530893862247, -0.00020985715673305094, -0.0001872690045274794, -0.0001646808668738231, -0.0001420927292201668, -0.00011950457701459527, -9.691643208498135e-05, -7.432828715536743e-05, -5.1740142225753516e-05, -2.9151997296139598e-05, -6.56385236652568e-06, 1.6024292563088238e-05, 3.861243021674454e-05, 6.120058242231607e-05, 8.378872735192999e-05, 0.00010637687228154391, 0.00012896500993520021, 0.00015155316214077175, 0.00017414131434634328, 0.00019672945199999958, 0.0002193175896536559, 0.00024190574185922742, 0.00026449389406479895, 0.0002870820462703705, 0.00030967016937211156, 0.0003322583215776831, 0.0003548464737832546, 0.0003774345968849957, 0.00040002274909056723, 0.00042261090129613876, 0.0004451990535017103, 0.00046778720570728183, 0.0004903753288090229, 0.0005129635101184249, 0.000535551633220166, 0.000558139756321907, 0.000580727937631309, 0.0006033160607330501, 0.0006259041838347912, 0.0006484923651441932, 0.0006710804882459342, 0.0006936686113476753, 0.0007162567926570773, 0.0007388449157588184, 0.0007614330388605595, 0.0007840212201699615]}, "gradients/embedding_item.weight": {"_type": "histogram", "values": [1.0, 3.0, 2.0, 5.0, 3.0, 5.0, 7.0, 14.0, 12.0, 10.0, 23.0, 34.0, 39.0, 65.0, 81.0, 147.0, 195.0, 337.0, 542.0, 846.0, 1353.0, 2480.0, 4162.0, 7383.0, 13409.0, 24891.0, 46664.0, 96542.0, 191589.0, 645998.0, 1636646.0, 200042.0, 106667.0, 50294.0, 26928.0, 14419.0, 7865.0, 4381.0, 2536.0, 1509.0, 963.0, 558.0, 342.0, 251.0, 175.0, 104.0, 79.0, 63.0, 51.0, 26.0, 18.0, 20.0, 10.0, 8.0, 9.0, 6.0, 2.0, 0.0, 0.0, 1.0, 0.0, 0.0, 0.0, 1.0],