{"TOTAL_BEST_METRIC": 0.20131918701196036, "BEST_NDCG@10": 0.022024849368604712, "_timestamp": 1688429077.7865655, "_runtime": 1212.593721628189, "_step": 1284, "epoch": 1000, "Train_Metric_loss": -0.011476981187505382, "Train_Reg_loss": 1.9251765317156762e-06, "Pos_loss": 0.01891685463488102, "Neg_loss": -0.031029336154460907, "Recall@5": 0.023948563421529012, "Recall@10": 0.040694394203405676, "Recall@20": 0.06854912178353138, "NDCG@5": 0.01615244683524964, "NDCG@10": 0.02201321420147604, "NDCG@20": 0.029961446566768635, "Recall@5_total_best": 0.023948563421529012, "Recall@10_total_best": 0.040694394203405676, "Recall@20_total_best": 0.06854912178353138, "ndcg@5_total_best": 0.01615244683524964, "ndcg@10_total_best": 0.02201321420147604, "ndcg@20_total_best": 0.029961446566768635, "EPOCH_ndcg_best": 970, "Recall@5_ndcg_best": 0.023602668646360618, "Recall@10_ndcg_best": 0.04097202027294873, "Recall@20_ndcg_best": 0.06776002223692228, "ndcg@5_ndcg_best": 0.015974499662406334, "ndcg@10_ndcg_best": 0.022024849368604712, "ndcg@20_ndcg_best": 0.029665724732485244, "gradients/mass_i.weight": {"_type": "histogram", "values": [1.0, 0.0, 0.0, 0.0, 0.0, 0.0, 0.0, 0.0, 0.0, 0.0, 0.0, 0.0, 0.0, 0.0, 0.0, 0.0, 0.0, 1.0, 0.0, 0.0, 0.0, 2.0, 0.0, 0.0, 0.0, 0.0, 1.0, 0.0, 3.0, 0.0, 1.0, 1.0, 1.0, 3.0, 0.0, 3.0, 0.0, 8.0, 0.0, 10.0, 0.0, 18.0, 0.0, 27.0, 30.0, 0.0, 189.0, 0.0, 730.0, 0.0, 6645.0, 0.0, 742.0, 0.0, 0.0, 205.0, 0.0, 67.0, 0.0, 17.0, 0.0, 7.0, 0.0, 1.0], "bins": [-0.0035480251535773277, -0.0034779950510710478, -0.003407964948564768, -0.0033379350788891315, -0.0032679049763828516, -0.0031978748738765717, -0.0031278447713702917, -0.0030578146688640118, -0.0029877847991883755, -0.0029177546966820955, -0.0028477245941758156, -0.0027776947245001793, -0.0027076646219938993, -0.0026376345194876194, -0.0025676044169813395, -0.0024975743144750595, -0.0024275442119687796, -0.0023575141094624996, -0.0022874840069562197, -0.0022174541372805834, -0.0021474240347743034, -0.0020773939322680235, -0.0020073638297617435, -0.0019373337272554636, -0.0018673037411645055, -0.0017972736386582255, -0.0017272436525672674, -0.0016572135500609875, -0.0015871834475547075, -0.0015171534614637494, -0.0014471233589574695, -0.0013770933728665113, -0.0013070632703602314, -0.0012370331678539515, -0.0011670031817629933, -0.0010969730792567134, -0.0010269430931657553, -0.0009569129906594753, -0.0008868828881531954, -0.0008168528438545763, -0.0007468227995559573, -0.0006767927552573383, -0.0006067627109587193, -0.0005367326084524393, -0.0004667025641538203, -0.00039667251985520124, -0.00032664244645275176, -0.00025661237305030227, -0.00018658232875168324, -0.00011655226990114897, -4.6522211050614715e-05, 2.3507847799919546e-05, 9.35379066504538e-05, 0.00016356795094907284, 0.00023359802435152233, 0.0003036280977539718, 0.00037365814205259085, 0.0004436881863512099, 0.0005137182306498289, 0.0005837483331561089, 0.0006537783774547279, 0.0007238084217533469, 0.0007938385242596269, 0.0008638685685582459, 0.0009338986128568649]}, "gradients/mass_u.weight": {"_type": "histogram", "values": [0.0, 0.0, 0.0, 0.0, 0.0, 0.0, 0.0, 0.0, 0.0, 0.0, 0.0, 0.0, 0.0, 0.0, 0.0, 0.0, 0.0, 0.0, 0.0, 0.0, 0.0, 0.0, 0.0, 0.0, 0.0, 0.0, 0.0, 0.0, 0.0, 0.0, 0.0, 0.0, 14681.0, 0.0, 0.0, 0.0, 0.0, 0.0, 0.0, 0.0, 0.0, 0.0, 0.0, 0.0, 0.0, 0.0, 0.0, 0.0, 0.0, 0.0, 0.0, 0.0, 0.0, 0.0, 0.0, 0.0, 0.0, 0.0, 0.0, 0.0, 0.0, 0.0, 0.0, 0.0], "bins": [0.0, 0.0, 0.0, 0.0, 0.0, 0.0, 0.0, 0.0, 0.0, 0.0, 0.0, 0.0, 0.0, 0.0, 0.0, 0.0, 0.0, 0.0, 0.0, 0.0, 0.0, 0.0, 0.0, 0.0, 0.0, 0.0, 0.0, 0.0, 0.0, 0.0, 0.0, 0.0, 0.0, 0.0, 0.0, 0.0, 0.0, 0.0, 0.0, 0.0, 0.0, 0.0, 0.0, 0.0, 0.0, 0.0, 0.0, 0.0, 0.0, 0.0, 0.0, 0.0, 0.0, 0.0, 0.0, 0.0, 0.0, 0.0, 0.0, 0.0, 0.0, 0.0, 0.0, 0.0, 0.0]}, "gradients/embedding_user.weight": {"_type": "histogram", "values": [1.0, 1.0, 1.0, 2.0, 0.0, 1.0, 1.0, 1.0, 1.0, 3.0, 0.0, 6.0, 4.0, 4.0, 6.0, 3.0, 13.0, 10.0, 21.0, 21.0, 25.0, 51.0, 65.0, 102.0, 179.0, 242.0, 402.0, 682.0, 1170.0, 1990.0, 3453.0, 5365.0, 13587.0, 331833.0, 541010.0, 23957.0, 6036.0, 3834.0, 2264.0, 1308.0, 757.0, 414.0, 266.0, 163.0, 96.0, 63.0, 47.0, 23.0, 28.0, 17.0, 14.0, 9.0, 8.0, 6.0, 3.0, 2.0, 3.0, 3.0, 4.0, 1.0, 0.0, 1.0, 0.0, 1.0], "bins": [-0.0002932375355158001, -0.000284639245364815, -0.0002760409261099994, -0.0002674426359590143, -0.0002588443167041987, -0.0002502460265532136, -0.00024164772185031325, -0.0002330494171474129, -0.00022445111244451255, -0.0002158528077416122, -0.00020725450303871185, -0.0001986561983358115, -0.00019005790818482637, -0.0001814595889300108, -0.00017286129877902567, -0.00016426299407612532, -0.00015566468937322497, -0.00014706638467032462, -0.00013846807996742427, -0.00012986977526452392, -0.00012127147783758119, -0.00011267317313468084, -0.0001040748757077381, -9.547657100483775e-05, -8.68782663019374e-05, -7.827996159903705e-05, -6.96816568961367e-05, -6.108335946919397e-05, -5.2485054766293615e-05, -4.3886750063393265e-05, -3.528844899847172e-05, -2.669014793355018e-05, -1.8091814126819372e-05, -9.493511242908426e-06, -8.952083589974791e-07, 7.703094524913467e-06, 1.6301397408824414e-05, 2.4899702111724764e-05, 3.349800317664631e-05, 4.209630424156785e-05, 5.06946089444682e-05, 5.929291364736855e-05, 6.78912183502689e-05, 7.648951577721164e-05, 8.508782048011199e-05, 9.368612518301234e-05, 0.00010228442260995507, 0.00011088272731285542, 0.00011948103201575577, 0.00012807933671865612, 0.00013667764142155647, 0.00014527594612445682, 0.00015387425082735717, 0.0001624725409783423, 0.00017107084568124264, 0.000179669150384143, 0.00018826745508704334, 0.0001968657597899437, 0.00020546406449284405, 0.0002140623691957444, 0.00022266065934672952, 0.0002312589786015451, 0.00023985726875253022, 0.00024845555890351534, 0.0002570538781583309]}, "gradients/embedding_item.weight": {"_type": "histogram", "values": [1.0, 1.0, 0.0, 0.0, 0.0, 0.0, 0.0, 2.0, 1.0, 2.0, 2.0, 4.0, 7.0, 13.0, 16.0, 23.0, 25.0, 49.0, 67.0, 86.0, 188.0, 285.0, 453.0, 784.0, 1260.0, 2246.0, 3936.0, 7415.0, 13517.0, 24208.0, 37715.0, 51875.0, 262009.0, 54827.0, 38794.0, 25660.0, 14249.0, 7853.0, 4242.0, 2499.0, 1304.0, 749.0, 453.0, 286.0, 168.0, 127.0, 80.0, 60.0, 34.0, 22.0, 6.0, 9.0, 4.0, 5.0, 3.0, 3.0, 2.0, 1.0, 0.0, 1.0, 0.0, 0.0, 0.0, 1.0], "bins": [-0.00015837512910366058, -0.0001535078918095678, -0.00014864065451547503, -0.00014377341722138226, -0.00013890617992728949, -0.0001340389426331967, -0.00012917170533910394, -0.00012430446804501116, -0.000119437238026876, -0.00011457000073278323, -0.00010970276343869045, -0.00010483552614459768, -9.996829612646252e-05, -9.510105883236974e-05, -9.023382153827697e-05, -8.53665842441842e-05, -8.049934695009142e-05, -7.563210965599865e-05, -7.076487236190587e-05, -6.58976350678131e-05, -6.103040141169913e-05, -5.616316411760636e-05, -5.129593046149239e-05, -4.6428693167399615e-05, -4.156145587330684e-05, -3.6694218579214066e-05, -3.182698128512129e-05, -2.6959747629007325e-05, -2.209251033491455e-05, -1.7225273040821776e-05, -1.2358037565718405e-05, -7.490802090615034e-06, -2.6235502446070313e-06, 2.2436861399910413e-06, 7.110922524589114e-06, 1.1978158909187187e-05, 1.684539529378526e-05, 2.1712632587878034e-05, 2.6579868062981404e-05, 3.1447103538084775e-05, 3.631434083217755e-05, 4.1181578126270324e-05, 4.60488154203631e-05, 5.0916049076477066e-05, 5.578328637056984e-05, 6.0650523664662614e-05, 6.551775732077658e-05, 7.038499461486936e-05, 7.525223190896213e-05, 8.01194692030549e-05, 8.498670649714768e-05, 8.985394379124045e-05, 9.472118108533323e-05, 9.9588418379426e-05, 0.00010445564839756116, 0.00010932288569165394, 0.00011419012298574671, 0.00011905736027983949, 0.00012392459029797465, 0.00012879182759206742, 0.0001336590648861602, 0.00013852630218025297, 0.00014339353947434574, 0.00014826077676843852, 0.0001531280140625313]}, "_wandb": {"runtime": 1211}}