{"TOTAL_BEST_METRIC": 0.8820047660415179, "BEST_NDCG@10": 0.10892724110746767, "_timestamp": 1688312509.969032, "_runtime": 308.13323402404785, "_step": 1107, "epoch": 1000, "Train_Metric_loss": -0.2898541629314423, "Train_Reg_loss": 0.0030479632783681153, "Pos_loss": -0.5683681964874268, "Neg_loss": 0.3033800721168518, "Recall@5": 0.08850012603997728, "Recall@10": 0.13045252098610788, "Recall@20": 0.18609038405937, "NDCG@5": 0.06689852959958688, "NDCG@10": 0.08143739580428894, "NDCG@20": 0.09741657750515648, "Recall@5_total_best": 0.12308014565411511, "Recall@10_total_best": 0.177801945037249, "Recall@20_total_best": 0.2521482641791384, "ndcg@5_total_best": 0.08966168953647337, "ndcg@10_total_best": 0.10892724110746767, "ndcg@20_total_best": 0.13038548052707444, "EPOCH_ndcg_best": 30, "Recall@5_ndcg_best": 0.12308014565411511, "Recall@10_ndcg_best": 0.177801945037249, "Recall@20_ndcg_best": 0.2521482641791384, "ndcg@5_ndcg_best": 0.08966168953647337, "ndcg@10_ndcg_best": 0.10892724110746767, "ndcg@20_ndcg_best": 0.13038548052707444, "gradients/mass_i.weight": {"_type": "histogram", "values": [1.0, 0.0, 0.0, 0.0, 0.0, 0.0, 0.0, 0.0, 0.0, 0.0, 0.0, 0.0, 0.0, 0.0, 1.0, 0.0, 0.0, 0.0, 0.0, 0.0, 1.0, 0.0, 1.0, 4.0, 4.0, 9.0, 9.0, 12.0, 20.0, 32.0, 68.0, 74.0, 3256.0, 30.0, 15.0, 11.0, 6.0, 4.0, 0.0, 3.0, 1.0, 1.0, 1.0, 1.0, 1.0, 1.0, 0.0, 0.0, 0.0, 0.0, 0.0, 0.0, 0.0, 0.0, 0.0, 0.0, 0.0, 0.0, 0.0, 0.0, 0.0, 0.0, 0.0, 1.0], "bins": [-0.0003497467841953039, -0.0003389780467841774, -0.0003282093384768814, -0.0003174406010657549, -0.00030667189275845885, -0.00029590315534733236, -0.00028513441793620586, -0.0002743657096289098, -0.0002635970013216138, -0.0002528282639104873, -0.00024205955560319126, -0.00023129081819206476, -0.00022052210988476872, -0.00020975337247364223, -0.00019898464961443096, -0.0001882159267552197, -0.0001774471893440932, -0.00016667846648488194, -0.00015590974362567067, -0.00014514100621454418, -0.00013437229790724814, -0.00012360356049612164, -0.00011283483763691038, -0.00010206611477769911, -9.129739191848785e-05, -8.052866905927658e-05, -6.975994620006531e-05, -5.8991216064896435e-05, -4.822249320568517e-05, -3.74537703464739e-05, -2.6685040211305022e-05, -1.5916317352093756e-05, -5.147623596712947e-06, 5.621101081487723e-06, 1.6389825759688392e-05, 2.7158552256878465e-05, 3.792727511608973e-05, 4.8695997975301e-05, 5.946472811046988e-05, 7.023345096968114e-05, 8.100217382889241e-05, 9.177089668810368e-05, 0.00010253961954731494, 0.00011330834968248382, 0.0001240770798176527, 0.00013484578812494874, 0.00014561452553607523, 0.0001563832483952865, 0.00016715197125449777, 0.00017792069411370903, 0.0001886894169729203, 0.0001994581543840468, 0.00021022686269134283, 0.00022099560010246933, 0.0002317643229616806, 0.00024253304582089186, 0.0002533017541281879, 0.0002640704915393144, 0.0002748391998466104, 0.0002856079372577369, 0.00029637664556503296, 0.00030714538297615945, 0.00031791412038728595, 0.000328682828694582, 0.0003394515661057085]}, "gradients/mass_u.weight": {"_type": "histogram", "values": [0.0, 0.0, 0.0, 0.0, 0.0, 0.0, 0.0, 0.0, 0.0, 0.0, 0.0, 0.0, 0.0, 0.0, 0.0, 0.0, 0.0, 0.0, 0.0, 0.0, 0.0, 0.0, 0.0, 0.0, 0.0, 0.0, 0.0, 0.0, 0.0, 0.0, 0.0, 0.0, 5541.0, 0.0, 0.0, 0.0, 0.0, 0.0, 0.0, 0.0, 0.0, 0.0, 0.0, 0.0, 0.0, 0.0, 0.0, 0.0, 0.0, 0.0, 0.0, 0.0, 0.0, 0.0, 0.0, 0.0, 0.0, 0.0, 0.0, 0.0, 0.0, 0.0, 0.0, 0.0], "bins": [0.0, 0.0, 0.0, 0.0, 0.0, 0.0, 0.0, 0.0, 0.0, 0.0, 0.0, 0.0, 0.0, 0.0, 0.0, 0.0, 0.0, 0.0, 0.0, 0.0, 0.0, 0.0, 0.0, 0.0, 0.0, 0.0, 0.0, 0.0, 0.0, 0.0, 0.0, 0.0, 0.0, 0.0, 0.0, 0.0, 0.0, 0.0, 0.0, 0.0, 0.0, 0.0, 0.0, 0.0, 0.0, 0.0, 0.0, 0.0, 0.0, 0.0, 0.0, 0.0, 0.0, 0.0, 0.0, 0.0, 0.0, 0.0, 0.0, 0.0, 0.0, 0.0, 0.0, 0.0, 0.0]}, "gradients/embedding_user.weight": {"_type": "histogram", "values": [1.0, 0.0, 0.0, 1.0, 2.0, 1.0, 0.0, 0.0, 3.0, 0.0, 1.0, 3.0, 1.0, 0.0, 5.0, 3.0, 4.0, 2.0, 5.0, 3.0, 9.0, 11.0, 16.0, 30.0, 36.0, 54.0, 97.0, 159.0, 267.0, 452.0, 846.0, 1597.0, 3289.0, 9843.0, 60788.0, 200444.0, 60715.0, 9158.0, 3247.0, 1498.0, 778.0, 470.0, 272.0, 169.0, 122.0, 66.0, 42.0, 41.0, 22.0, 13.0, 11.0, 5.0, 4.0, 2.0, 2.0, 1.0, 2.0, 3.0, 2.0, 1.0, 2.0, 0.0, 0.0, 3.0], "bins": [-2.6752700250654016e-06, -2.5998829187301453e-06, -2.524495812394889e-06, -2.449108706059633e-06, -2.3737215997243766e-06, -2.2983344933891203e-06, -2.222947387053864e-06, -2.147560280718608e-06, -2.0721731743833516e-06, -1.9967860680480953e-06, -1.921398961712839e-06, -1.8460118553775828e-06, -1.7706247490423266e-06, -1.6952376427070703e-06, -1.619850536371814e-06, -1.5444634300365578e-06, -1.4690763237013016e-06, -1.3936892173660453e-06, -1.318302111030789e-06, -1.2429150046955328e-06, -1.1675278983602766e-06, -1.0921407920250203e-06, -1.016753685689764e-06, -9.413665793545078e-07, -8.659794730192516e-07, -7.905923666839954e-07, -7.152052603487391e-07, -6.398181540134829e-07, -5.644310476782266e-07, -4.890439413429704e-07, -4.136568350077141e-07, -3.3826972867245786e-07, -2.628826223372016e-07, -1.8749551600194536e-07, -1.1210840966668911e-07, -3.6721303331432864e-08, 3.8665803003823385e-08, 1.1405290933907963e-07, 1.8944001567433588e-07, 2.6482712200959213e-07, 3.402142283448484e-07, 4.1560133468010463e-07, 4.909884410153609e-07, 5.663755473506171e-07, 6.417626536858734e-07, 7.171497600211296e-07, 7.925368663563859e-07, 8.679239726916421e-07, 9.433110790268984e-07, 1.0186981853621546e-06, 1.0940852916974109e-06, 1.1694723980326671e-06, 1.2448595043679234e-06, 1.3202466107031796e-06, 1.3956337170384359e-06, 1.4710208233736921e-06, 1.5464079297089484e-06, 1.6217950360442046e-06, 1.6971821423794609e-06, 1.772569248714717e-06, 1.8479563550499734e-06, 1.9233434613852296e-06, 1.998730567720486e-06, 2.074117674055742e-06, 2.1495047803909983e-06]}, "gradients/embedding_item.weight": {"_type": "histogram", "values": [2.0, 1.0, 1.0, 0.0, 1.0, 1.0, 2.0, 3.0, 1.0, 2.0, 10.0, 7.0, 8.0, 7.0, 18.0, 28.0, 33.0, 49.0, 77.0, 131.0, 171.0, 286.0, 402.0, 665.0, 1129.0, 1973.0, 3356.0, 5978.0, 11526.0, 22861.0, 53546.0, 69661.0, 26707.0, 13364.0, 7058.0, 3836.0, 2021.0, 1260.0, 811.0, 477.0, 277.0, 204.0, 133.0, 79.0, 68.0, 29.0, 28.0, 18.0, 10.0, 7.0, 3.0, 2.0, 5.0, 3.0, 1.0, 2.0, 3.0, 3.0, 1.0, 1.0, 3.0, 0.0, 1.0, 1.0], "bins": [-1.932129180204356e-06, -1.8699879547057208e-06, -1.8078468428939232e-06, -1.7457057310821256e-06, -1.6835645055834902e-06, -1.621423280084855e-06, -1.5592821682730573e-06, -1.4971410564612597e-06, -1.4349998309626244e-06, -1.372858605463989e-06, -1.3107174936521915e-06, -1.2485763818403939e-06, -1.1864351563417586e-06, -1.1242939308431232e-06, -1.0621528190313256e-06, -1.000011707219528e-06, -9.378704817208927e-07, -8.757293130656763e-07, -8.135881444104598e-07, -7.514469757552433e-07, -6.893058071000269e-07, -6.271646384448104e-07, -5.650234697895939e-07, -5.028823011343775e-07, -4.40741132479161e-07, -3.7859996382394456e-07, -3.164587951687281e-07, -2.5431762651351164e-07, -1.9217645785829518e-07, -1.3003528920307872e-07, -6.789412054786226e-08, -5.752951892645797e-09, 5.6388216762570664e-08, 1.1852938541778713e-07, 1.8067055407300359e-07, 2.4281172272822005e-07, 3.049528913834365e-07, 3.6709406003865297e-07, 4.2923522869386943e-07, 4.913763973490859e-07, 5.535175660043024e-07, 6.156587346595188e-07, 6.777999033147353e-07, 7.399410719699517e-07, 8.020822406251682e-07, 8.642234092803847e-07, 9.263645779356011e-07, 9.885056897473987e-07, 1.050646915246034e-06, 1.1127881407446694e-06, 1.174929252556467e-06, 1.2370703643682646e-06, 1.2992115898668999e-06, 1.3613528153655352e-06, 1.4234939271773328e-06, 1.4856350389891304e-06, 1.5477762644877657e-06, 1.609917489986401e-06, 1.6720586017981987e-06, 1.7341997136099963e-06, 1.7963409391086316e-06, 1.858482164607267e-06, 1.9206231627322268e-06, 1.982764388230862e-06, 2.0449056137294974e-06]}, "_wandb": {"runtime": 307}}