{"TOTAL_BEST_METRIC": 0.9768636816713363, "BEST_NDCG@10": 0.12433077315349557, "_timestamp": 1688334129.0520678, "_runtime": 474.47452878952026, "_step": 1109, "epoch": 1000, "Train_Metric_loss": NaN, "Train_Reg_loss": NaN, "Pos_loss": NaN, "Neg_loss": NaN, "Recall@5": 0.0007852166725705515, "Recall@10": 0.003778486243948518, "Recall@20": 0.005806892363746774, "NDCG@5": 0.000556356529533085, "NDCG@10": 0.0016257618776651963, "NDCG@20": 0.002209725865082795, "Recall@5_total_best": 0.13647571593555707, "Recall@10_total_best": 0.19433944892373775, "Recall@20_total_best": 0.27174921046082745, "ndcg@5_total_best": 0.10370513890955063, "ndcg@10_total_best": 0.12433077315349557, "ndcg@20_total_best": 0.1462633942881678, "EPOCH_ndcg_best": 40, "Recall@5_ndcg_best": 0.13647571593555707, "Recall@10_ndcg_best": 0.19433944892373775, "Recall@20_ndcg_best": 0.27174921046082745, "ndcg@5_ndcg_best": 0.10370513890955063, "ndcg@10_ndcg_best": 0.12433077315349557, "ndcg@20_ndcg_best": 0.1462633942881678, "gradients/mass_i.weight": {"_type": "histogram", "values": [1.0, 0.0, 1.0, 0.0, 0.0, 1.0, 0.0, 1.0, 0.0, 4.0, 5.0, 2.0, 6.0, 2.0, 8.0, 13.0, 13.0, 27.0, 40.0, 38.0, 54.0, 54.0, 54.0, 40.0, 34.0, 3109.0, 21.0, 10.0, 8.0, 3.0, 4.0, 3.0, 1.0, 1.0, 2.0, 2.0, 1.0, 1.0, 1.0, 0.0, 1.0, 0.0, 0.0, 0.0, 0.0, 0.0, 0.0, 0.0, 1.0, 0.0, 0.0, 0.0, 0.0, 0.0, 0.0, 0.0, 0.0, 0.0, 0.0, 0.0, 0.0, 0.0, 0.0, 1.0], "bins": [-4.953891402692534e-05, -4.756232738145627e-05, -4.55857407359872e-05, -4.360915409051813e-05, -4.163257108302787e-05, -3.96559844375588e-05, -3.767939779208973e-05, -3.570281114662066e-05, -3.372622450115159e-05, -3.174963785568252e-05, -2.9773051210213453e-05, -2.7796466383733787e-05, -2.5819879738264717e-05, -2.3843293092795648e-05, -2.1866708266315982e-05, -1.9890121620846912e-05, -1.7913534975377843e-05, -1.5936948329908773e-05, -1.3960362593934406e-05, -1.1983776857960038e-05, -1.0007190212490968e-05, -8.030603567021899e-06, -6.054017831047531e-06, -4.0774320950731635e-06, -2.100845449604094e-06, -1.2425925888237543e-07, 1.8523269318393432e-06, 3.828913122561062e-06, 5.80549931328278e-06, 7.78208595875185e-06, 9.758671694726218e-06, 1.1735257430700585e-05, 1.3711840438190848e-05, 1.5688427083659917e-05, 1.7665013729128987e-05, 1.9641598555608653e-05, 2.1618185201077722e-05, 2.359477184654679e-05, 2.5571356673026457e-05, 2.7547943318495527e-05, 2.9524529963964596e-05, 3.1501116609433666e-05, 3.3477703254902735e-05, 3.5454289900371805e-05, 3.743087290786207e-05, 3.940745955333114e-05, 4.1384046198800206e-05, 4.3360632844269276e-05, 4.5337219489738345e-05, 4.7313806135207415e-05, 4.9290392780676484e-05, 5.1266979426145554e-05, 5.324356607161462e-05, 5.522015271708369e-05, 5.7196735724573955e-05, 5.9173322370043024e-05, 6.11499126534909e-05, 6.312649929895997e-05, 6.510308594442904e-05, 6.707967258989811e-05, 6.905625923536718e-05, 7.103284588083625e-05, 7.300943252630532e-05, 7.498601917177439e-05, 7.696259854128584e-05]}, "gradients/mass_u.weight": {"_type": "histogram", "values": [1.0, 0.0, 0.0, 0.0, 0.0, 1.0, 0.0, 0.0, 0.0, 0.0, 0.0, 1.0, 0.0, 0.0, 0.0, 0.0, 0.0, 0.0, 0.0, 0.0, 0.0, 0.0, 0.0, 0.0, 0.0, 0.0, 1.0, 0.0, 0.0, 1.0, 0.0, 0.0, 0.0, 0.0, 0.0, 0.0, 0.0, 1.0, 2.0, 1.0, 2.0, 3.0, 0.0, 0.0, 3.0, 3.0, 1.0, 1.0, 2.0, 6.0, 3.0, 3.0, 9.0, 5.0, 6.0, 17.0, 8.0, 33.0, 45.0, 37.0, 121.0, 138.0, 42.0, 5044.0], "bins": [-7.56657391320914e-05, -7.448346150340512e-05, -7.330118387471884e-05, -7.211890624603257e-05, -7.093662861734629e-05, -6.975435098866001e-05, -6.857207335997373e-05, -6.738980300724506e-05, -6.620751810260117e-05, -6.502524047391489e-05, -6.384296284522861e-05, -6.266068521654233e-05, -6.147840758785605e-05, -6.029613359714858e-05, -5.91138559684623e-05, -5.7931578339776024e-05, -5.674930434906855e-05, -5.556702672038227e-05, -5.4384749091695994e-05, -5.3202471463009715e-05, -5.2020193834323436e-05, -5.0837919843615964e-05, -4.9655642214929685e-05, -4.8473364586243406e-05, -4.729108695755713e-05, -4.610880932887085e-05, -4.492653170018457e-05, -4.374425407149829e-05, -4.256198008079082e-05, -4.137970245210454e-05, -4.019742482341826e-05, -3.901514719473198e-05, -3.78328695660457e-05, -3.665059193735942e-05, -3.546831430867314e-05, -3.4286036679986864e-05, -3.3103759051300585e-05, -3.192148506059311e-05, -3.0739207431906834e-05, -2.9556929803220555e-05, -2.8374652174534276e-05, -2.7192374545847997e-05, -2.6010096917161718e-05, -2.4827821107464842e-05, -2.3645543478778563e-05, -2.2463265850092284e-05, -2.128099004039541e-05, -2.009871241170913e-05, -1.891643478302285e-05, -1.773415715433657e-05, -1.6551879525650293e-05, -1.5369603715953417e-05, -1.4187326087267138e-05, -1.3005048458580859e-05, -1.1822771739389282e-05, -1.0640495020197704e-05, -9.458217391511425e-06, -8.275939762825146e-06, -7.093663043633569e-06, -5.911385869694641e-06, -4.729108695755713e-06, -3.5468315218167845e-06, -2.3645543478778563e-06, -1.182277628686279e-06, 0.0]}, "gradients/embedding_user.weight": {"_type": "histogram", "values": [0.0, 0.0, 0.0, 0.0, 0.0, 0.0, 0.0, 0.0, 0.0, 0.0, 0.0, 0.0, 0.0, 0.0, 0.0, 0.0, 0.0, 0.0, 0.0, 0.0, 0.0, 0.0, 0.0, 0.0, 0.0, 0.0, 0.0, 0.0, 0.0, 0.0, 0.0, 0.0, 3392.0, 0.0, 0.0, 0.0, 0.0, 0.0, 0.0, 0.0, 0.0, 0.0, 0.0, 0.0, 0.0, 0.0, 0.0, 0.0, 0.0, 0.0, 0.0, 0.0, 0.0, 0.0, 0.0, 0.0, 0.0, 0.0, 0.0, 0.0, 0.0, 0.0, 0.0, 0.0], "bins": [0.0, 0.0, 0.0, 0.0, 0.0, 0.0, 0.0, 0.0, 0.0, 0.0, 0.0, 0.0, 0.0, 0.0, 0.0, 0.0, 0.0, 0.0, 0.0, 0.0, 0.0, 0.0, 0.0, 0.0, 0.0, 0.0, 0.0, 0.0, 0.0, 0.0, 0.0, 0.0, 0.0, 0.0, 0.0, 0.0, 0.0, 0.0, 0.0, 0.0, 0.0, 0.0, 0.0, 0.0, 0.0, 0.0, 0.0, 0.0, 0.0, 0.0, 0.0, 0.0, 0.0, 0.0, 0.0, 0.0, 0.0, 0.0, 0.0, 0.0, 0.0, 0.0, 0.0, 0.0, 0.0]}, "_wandb": {"runtime": 473}}