{"TOTAL_BEST_METRIC": 0.33475196615223624, "BEST_NDCG@10": 0.04812413920190458, "_timestamp": 1688636076.8124707, "_runtime": 23065.361932754517, "_step": 1147, "epoch": 1000, "Train_Metric_loss": 7.308165904172917, "Train_Reg_loss": 0.00033264673619828736, "Pos_loss": 11.230151176452637, "Neg_loss": 0.20195536315441132, "Recall@5": 0.033190680725105226, "Recall@10": 0.05675417094127093, "Recall@20": 0.09324959265773494, "NDCG@5": 0.03939640240263517, "NDCG@10": 0.0472936917666476, "NDCG@20": 0.059790890547433376, "Recall@5_total_best": 0.033645641166657504, "Recall@10_total_best": 0.05759253490000145, "Recall@20_total_best": 0.09452973956298952, "ndcg@5_total_best": 0.040123612191796554, "ndcg@10_total_best": 0.04812413920190458, "ndcg@20_total_best": 0.06073629912888662, "EPOCH_ndcg_best": 930, "Recall@5_ndcg_best": 0.033645641166657504, "Recall@10_ndcg_best": 0.05759253490000145, "Recall@20_ndcg_best": 0.09452973956298952, "ndcg@5_ndcg_best": 0.040123612191796554, "ndcg@10_ndcg_best": 0.04812413920190458, "ndcg@20_ndcg_best": 0.06073629912888662, "gradients/mass_i.weight": {"_type": "histogram", "values": [1.0, 0.0, 0.0, 0.0, 1.0, 0.0, 1.0, 0.0, 0.0, 0.0, 1.0, 2.0, 2.0, 1.0, 2.0, 3.0, 1.0, 3.0, 9.0, 4.0, 6.0, 5.0, 4.0, 10.0, 13.0, 23.0, 37.0, 42.0, 57.0, 138.0, 329.0, 792.0, 46074.0, 359.0, 156.0, 63.0, 40.0, 27.0, 12.0, 9.0, 17.0, 8.0, 9.0, 5.0, 6.0, 4.0, 2.0, 6.0, 1.0, 2.0, 0.0, 2.0, 1.0, 2.0, 0.0, 1.0, 0.0, 0.0, 0.0, 0.0, 0.0, 0.0, 0.0, 1.0], "bins": [-2.5035875296453014e-05, -2.4264763851533644e-05, -2.3493652406614274e-05, -2.2722540961694904e-05, -2.1951429516775534e-05, -2.1180318071856163e-05, -2.0409206626936793e-05, -1.9638095182017423e-05, -1.8866983737098053e-05, -1.8095872292178683e-05, -1.7324760847259313e-05, -1.6553649402339943e-05, -1.5782537957420573e-05, -1.5011426512501203e-05, -1.4240315067581832e-05, -1.3469203622662462e-05, -1.269809126824839e-05, -1.192697982332902e-05, -1.115586837840965e-05, -1.038475693349028e-05, -9.61364548857091e-06, -8.842533134156838e-06, -8.071421689237468e-06, -7.300310699065449e-06, -6.529199254146079e-06, -5.7580878092267085e-06, -4.986976364307338e-06, -4.215864464640617e-06, -3.4447532470949227e-06, -2.673641574801877e-06, -1.902530129882507e-06, -1.131418684963137e-06, -3.603072400437668e-07, 4.108042617190222e-07, 1.1819157634818112e-06, 1.953027322088019e-06, 2.724138767007389e-06, 3.4952504393004347e-06, 4.266361884219805e-06, 5.037473329139175e-06, 5.808584774058545e-06, 6.579696218977915e-06, 7.350807663897285e-06, 8.121919563564006e-06, 8.893031008483376e-06, 9.664142453402746e-06, 1.0435253898322117e-05, 1.1206365343241487e-05, 1.1977476788160857e-05, 1.2748588233080227e-05, 1.3519699677999597e-05, 1.4290811122918967e-05, 1.5061922567838337e-05, 1.583303492225241e-05, 1.660414636717178e-05, 1.737525781209115e-05, 1.814636925701052e-05, 1.891748070192989e-05, 1.968859214684926e-05, 2.045970359176863e-05, 2.1230815036688e-05, 2.200192648160737e-05, 2.277303792652674e-05, 2.354414937144611e-05, 2.431526081636548e-05]}, "gradients/mass_u.weight": {"_type": "histogram", "values": [1.0, 0.0, 0.0, 0.0, 0.0, 0.0, 0.0, 0.0, 0.0, 0.0, 0.0, 0.0, 0.0, 0.0, 0.0, 0.0, 0.0, 0.0, 0.0, 0.0, 0.0, 1.0, 0.0, 0.0, 0.0, 0.0, 0.0, 0.0, 1.0, 0.0, 1.0, 0.0, 0.0, 0.0, 0.0, 2.0, 1.0, 2.0, 1.0, 1.0, 2.0, 3.0, 2.0, 3.0, 1.0, 2.0, 4.0, 2.0, 5.0, 12.0, 5.0, 6.0, 3.0, 10.0, 13.0, 21.0, 29.0, 22.0, 53.0, 51.0, 125.0, 76.0, 20.0, 96981.0], "bins": [-2.6827023248188198e-05, -2.6407851692056283e-05, -2.5988678316934966e-05, -2.556950676080305e-05, -2.5150333385681733e-05, -2.473116182954982e-05, -2.4311990273417905e-05, -2.3892816898296587e-05, -2.3473645342164673e-05, -2.305447378603276e-05, -2.263530041091144e-05, -2.2216128854779527e-05, -2.1796957298647612e-05, -2.1377783923526295e-05, -2.095861236739438e-05, -2.0539438992273062e-05, -2.0120267436141148e-05, -1.9701095880009234e-05, -1.9281922504887916e-05, -1.8862750948756002e-05, -1.8443577573634684e-05, -1.802440601750277e-05, -1.7605234461370856e-05, -1.7186061086249538e-05, -1.6766889530117624e-05, -1.634771797398571e-05, -1.592854459886439e-05, -1.5509373042732477e-05, -1.5090200577105861e-05, -1.4671028111479245e-05, -1.4251856555347331e-05, -1.3832684089720715e-05, -1.3413511624094099e-05, -1.2994339158467483e-05, -1.2575166692840867e-05, -1.2155995136708952e-05, -1.1736822671082336e-05, -1.131765020545572e-05, -1.0898478649323806e-05, -1.047930618369719e-05, -1.0060133718070574e-05, -9.640961252443958e-06, -9.221788786817342e-06, -8.802617230685428e-06, -8.383444765058812e-06, -7.964272299432196e-06, -7.545100288552931e-06, -7.1259282776736654e-06, -6.706755812047049e-06, -6.287583346420433e-06, -5.868411335541168e-06, -5.449239324661903e-06, -5.030066859035287e-06, -4.610894393408671e-06, -4.191722382529406e-06, -3.7725501442764653e-06, -3.3533779060235247e-06, -2.934205667770584e-06, -2.5150334295176435e-06, -2.095861191264703e-06, -1.6766889530117624e-06, -1.2575167147588218e-06, -8.383444765058812e-07, -4.191722382529406e-07, 0.0]}, "gradients/embedding_user.weight": {"_type": "histogram", "values": [1.0, 0.0, 0.0, 0.0, 0.0, 0.0, 0.0, 2.0, 3.0, 2.0, 1.0, 2.0, 5.0, 6.0, 9.0, 7.0, 11.0, 12.0, 10.0, 21.0, 29.0, 43.0, 51.0, 103.0, 152.0, 299.0, 547.0, 1136.0, 3054.0, 9874.0, 6171946.0, 41219.0, 5527.0, 1823.0, 762.0, 391.0, 175.0, 125.0, 54.0, 41.0, 38.0, 21.0, 13.0, 12.0, 10.0, 14.0, 4.0, 6.0, 0.0, 2.0, 0.0, 0.0, 0.0, 2.0, 0.0, 0.0, 1.0, 0.0, 0.0, 0.0, 0.0, 1.0, 0.0, 1.0], "bins": [-0.0014103088760748506, -0.001364458235912025, -0.0013186074793338776, -0.001272756839171052, -0.0012269061990082264, -0.0011810555588454008, -0.0011352048022672534, -0.0010893541621044278, -0.0010435035219416022, -0.0009976528817787766, -0.0009518021834082901, -0.0009059514850378036, -0.0008601008448749781, -0.0008142501465044916, -0.0007683994481340051, -0.0007225488079711795, -0.000676698109600693, -0.0006308474112302065, -0.0005849967710673809, -0.0005391460726968944, -0.0004932954325340688, -0.0004474447341635823, -0.0004015940648969263, -0.00035574339563027024, -0.0003098927263636142, -0.00026404205709695816, -0.00021819138783030212, -0.00017234070401173085, -0.0001264900347450748, -8.063936547841877e-05, -3.47886816598475e-05, 1.1061987606808543e-05, 5.6912656873464584e-05, 0.00010276332614012063, 0.00014861399540677667, 0.00019446467922534794, 0.00024031534849200398, 0.00028616603231057525, 0.0003320167015772313, 0.00037786737084388733, 0.00042371804011054337, 0.0004695687093771994, 0.0005154194077476859, 0.0005612700479105115, 0.000607120746280998, 0.0006529713864438236, 0.0006988220848143101, 0.0007446727249771357, 0.0007905234233476222, 0.0008363741217181087, 0.0008822247618809342, 0.0009280754602514207, 0.0009739261004142463, 0.0010197767987847328, 0.0010656274389475584, 0.001111478079110384, 0.0011573288356885314, 0.001203179475851357, 0.0012490302324295044, 0.00129488087259233, 0.0013407315127551556, 0.0013865821529179811, 0.0014324329094961286, 0.0014782835496589541, 0.0015241341898217797]}, "gradients/embedding_item.weight": {"_type": "histogram", "values": [1.0, 0.0, 2.0, 0.0, 0.0, 2.0, 2.0, 4.0, 1.0, 4.0, 7.0, 3.0, 8.0, 10.0, 13.0, 19.0, 28.0, 31.0, 59.0, 67.0, 99.0, 149.0, 217.0, 313.0, 571.0, 842.0, 1551.0, 2862.0, 5705.0, 13279.0, 36271.0, 114432.0, 408674.0, 2270404.0, 155906.0, 47193.0, 17024.0, 7046.0, 3284.0, 1747.0, 1024.0, 684.0, 384.0, 244.0, 168.0, 116.0, 105.0, 72.0, 56.0, 31.0, 24.0, 20.0, 13.0, 10.0, 15.0, 4.0, 5.0, 2.0, 2.0, 2.0, 0.0, 3.0, 0.0, 2.0],