{"TOTAL_BEST_METRIC": 0.3039243363085038, "BEST_NDCG@10": 0.04331717622323357, "_timestamp": 1688614319.5103724, "_runtime": 1308.0598344802856, "_step": 69, "epoch": 54, "Train_Metric_loss": 7.485834554298637, "Train_Reg_loss": 0.00010286735478169333, "Pos_loss": 11.19014835357666, "Neg_loss": 0.19198735058307648, "Recall@5": 0.030500270836178494, "Recall@10": 0.05252810167944767, "Recall@20": 0.08675958690655183, "NDCG@5": 0.03571946824970514, "NDCG@10": 0.04331717622323357, "NDCG@20": 0.05509973241338707, "Recall@5_total_best": 0.030500270836178494, "Recall@10_total_best": 0.05252810167944767, "Recall@20_total_best": 0.08675958690655183, "ndcg@5_total_best": 0.03571946824970514, "ndcg@10_total_best": 0.04331717622323357, "ndcg@20_total_best": 0.05509973241338707, "EPOCH_ndcg_best": 50, "Recall@5_ndcg_best": 0.030500270836178494, "Recall@10_ndcg_best": 0.05252810167944767, "Recall@20_ndcg_best": 0.08675958690655183, "ndcg@5_ndcg_best": 0.03571946824970514, "ndcg@10_ndcg_best": 0.04331717622323357, "ndcg@20_ndcg_best": 0.05509973241338707, "gradients/mass_i.weight": {"_type": "histogram", "values": [1.0, 0.0, 1.0, 0.0, 1.0, 0.0, 4.0, 1.0, 1.0, 2.0, 3.0, 2.0, 3.0, 3.0, 6.0, 7.0, 5.0, 9.0, 21.0, 29.0, 24.0, 23.0, 30.0, 43.0, 41.0, 56.0, 78.0, 107.0, 152.0, 164.0, 170.0, 227.0, 237.0, 169.0, 27.0, 24.0, 480.0, 45116.0, 1.0, 44.0, 105.0, 168.0, 164.0, 143.0, 112.0, 76.0, 74.0, 22.0, 22.0, 20.0, 16.0, 10.0, 15.0, 9.0, 11.0, 6.0, 3.0, 0.0, 0.0, 0.0, 1.0, 2.0, 1.0, 2.0], "bins": [-6.194296292960644e-05, -6.02792642894201e-05, -5.861556564923376e-05, -5.695186337106861e-05, -5.528816473088227e-05, -5.362446609069593e-05, -5.1960763812530786e-05, -5.0297065172344446e-05, -4.8633366532158107e-05, -4.696966789197177e-05, -4.530596925178543e-05, -4.364226697362028e-05, -4.197856833343394e-05, -4.03148696932476e-05, -3.8651167415082455e-05, -3.6987468774896115e-05, -3.5323770134709775e-05, -3.3660071494523436e-05, -3.1996372854337096e-05, -3.033267057617195e-05, -2.866897193598561e-05, -2.700527329579927e-05, -2.5341572836623527e-05, -2.3677872377447784e-05, -2.2014173737261444e-05, -2.0350475097075105e-05, -1.868677463789936e-05, -1.702307417872362e-05, -1.535937553853728e-05, -1.3695675988856237e-05, -1.2031976439175196e-05, -1.0368276889494155e-05, -8.704573701834306e-06, -7.040874152153265e-06, -5.377174602472223e-06, -3.713475052791182e-06, -2.0497755031101406e-06, -3.8607595342909917e-07, 1.2776235962519422e-06, 2.9413231459329836e-06, 4.605022695614025e-06, 6.268722245295066e-06, 7.932421794976108e-06, 9.59612134465715e-06, 1.125982089433819e-05, 1.2923520444019232e-05, 1.4587219993700273e-05, 1.6250920452876016e-05, 1.7914619093062356e-05, 1.9578317733248696e-05, 2.124201819242444e-05, 2.2905718651600182e-05, 2.456941729178652e-05, 2.623311593197286e-05, 2.7896816391148604e-05, 2.9560516850324348e-05, 3.122421549051069e-05, 3.288791413069703e-05, 3.4551616408862174e-05, 3.621531504904851e-05, 3.787901368923485e-05, 3.954271232942119e-05, 4.120641096960753e-05, 4.287011324777268e-05, 4.453381188795902e-05]}, "gradients/mass_u.weight": {"_type": "histogram", "values": [1.0, 0.0, 0.0, 0.0, 0.0, 0.0, 0.0, 0.0, 0.0, 0.0, 0.0, 0.0, 0.0, 0.0, 0.0, 0.0, 0.0, 0.0, 0.0, 0.0, 0.0, 0.0, 0.0, 0.0, 0.0, 0.0, 0.0, 0.0, 0.0, 0.0, 0.0, 1.0, 1.0, 1.0, 0.0, 1.0, 1.0, 0.0, 0.0, 1.0, 0.0, 2.0, 1.0, 0.0, 0.0, 0.0, 0.0, 3.0, 3.0, 2.0, 1.0, 0.0, 0.0, 9.0, 2.0, 7.0, 9.0, 14.0, 26.0, 27.0, 44.0, 99.0, 243.0, 96963.0], "bins": [-0.0003784990403801203, -0.0003725849965121597, -0.00036667095264419913, -0.00036075690877623856, -0.000354842864908278, -0.00034892879193648696, -0.0003430147480685264, -0.0003371007042005658, -0.00033118666033260524, -0.00032527261646464467, -0.0003193585725966841, -0.0003134445287287235, -0.0003075304557569325, -0.0003016164118889719, -0.00029570236802101135, -0.0002897883241530508, -0.0002838742802850902, -0.00027796023641712964, -0.00027204619254916906, -0.0002661321486812085, -0.0002602181048132479, -0.0002543040318414569, -0.0002483899879734963, -0.00024247594410553575, -0.00023656190023757517, -0.0002306478563696146, -0.00022473381250165403, -0.00021881975408177823, -0.00021290571021381766, -0.00020699166634585708, -0.00020107760792598128, -0.0001951635640580207, -0.00018924952019006014, -0.00018333547632209957, -0.000177421432454139, -0.0001715073740342632, -0.00016559333016630262, -0.00015967928629834205, -0.00015376522787846625, -0.00014785118401050568, -0.0001419371401425451, -0.00013602309627458453, -0.00013010905240662396, -0.00012419499398674816, -0.00011828095011878759, -0.00011236690625082701, -0.00010645285510690883, -0.00010053880396299064, -9.462476009503007e-05, -8.87107162270695e-05, -8.279666508315131e-05, -7.688261393923312e-05, -7.096857007127255e-05, -6.505452620331198e-05, -5.914047505939379e-05, -5.3226427553454414e-05, -4.7312380047515035e-05, -4.1398332541575655e-05, -3.5484285035636276e-05, -2.9570237529696897e-05, -2.3656190023757517e-05, -1.7742142517818138e-05, -1.1828095011878759e-05, -5.914047505939379e-06, 0.0]}, "gradients/embedding_user.weight": {"_type": "histogram", "values": [1.0, 0.0, 1.0, 3.0, 0.0, 0.0, 0.0, 2.0, 1.0, 1.0, 2.0, 1.0, 2.0, 6.0, 0.0, 3.0, 9.0, 12.0, 8.0, 17.0, 21.0, 40.0, 42.0, 61.0, 78.0, 120.0, 209.0, 295.0, 632.0, 1072.0, 1811.0, 3472.0, 6504.0, 13630.0, 6162842.0, 31653.0, 6785.0, 3623.0, 1900.0, 1104.0, 607.0, 329.0, 250.0, 131.0, 89.0, 75.0, 31.0, 19.0, 19.0, 15.0, 10.0, 7.0, 7.0, 3.0, 4.0, 1.0, 2.0, 3.0, 0.0, 0.0, 0.0, 1.0, 0.0, 2.0], "bins": [-0.0009243868407793343, -0.0008976529352366924, -0.0008709190296940506, -0.0008441851241514087, -0.0008174512186087668, -0.0007907173130661249, -0.000763983465731144, -0.0007372495601885021, -0.0007105156546458602, -0.0006837817491032183, -0.0006570478435605764, -0.0006303139380179346, -0.0006035800324752927, -0.0005768461851403117, -0.0005501122213900089, -0.000523378374055028, -0.0004966444103047252, -0.0004699105047620833, -0.0004431765992194414, -0.00041644269367679954, -0.0003897088172379881, -0.00036297491169534624, -0.00033624100615270436, -0.00030950712971389294, -0.00028277322417125106, -0.0002560393186286092, -0.00022930542763788253, -0.00020257152209524065, -0.000175837631104514, -0.00014910372556187212, -0.00012236982001923025, -9.56359290285036e-05, -6.890203803777695e-05, -4.216813977109268e-05, -1.5434237866429612e-05, 1.1299664038233459e-05, 3.803356230491772e-05, 6.476746057160199e-05, 9.150136611424387e-05, 0.00011823525710497051, 0.0001449691626476124, 0.00017170306819025427, 0.00019843695918098092, 0.0002251708647236228, 0.0002519047702662647, 0.00027863867580890656, 0.00030537258135154843, 0.00033210645779035985, 0.00035884036333300173, 0.0003855742688756436, 0.0004123081744182855, 0.0004390420508570969, 0.0004657759563997388, 0.0004925098619423807, 0.0005192437674850225, 0.0005459776730276644, 0.0005727115785703063, 0.0005994454841129482, 0.0006261793896555901, 0.0006529132951982319, 0.0006796472007408738, 0.0007063810480758548, 0.0007331150118261576, 0.0007598488591611385, 0.0007865827647037804]}, "gradients/embedding_item.weight": {"_type": "histogram", "values": [1.0, 0.0, 1.0, 0.0, 1.0, 0.0, 1.0, 3.0, 3.0, 3.0, 3.0, 5.0, 8.0, 3.0, 12.0, 17.0, 24.0, 36.0, 43.0, 86.0, 122.0, 184.0, 298.0, 444.0, 841.0, 1372.0, 2868.0, 5714.0, 13636.0, 36991.0, 120420.0, 670392.0, 2035270.0, 134232.0, 40384.0, 14424.0, 6264.0, 3033.0, 1553.0, 837.0, 442.0, 277.0, 192.0, 129.0, 79.0, 54.0, 29.0, 24.0, 20.0, 11.0, 4.0, 8.0, 1.0, 4.0, 7.0, 0.0, 2.0, 0.0, 1.0, 0.0, 1.0, 0.0, 0.0, 2.0],