{"TOTAL_BEST_METRIC": 0.38415232827793033, "BEST_NDCG@10": 0.04525456319284076, "_timestamp": 1688398721.959852, "_runtime": 2926.8632910251617, "_step": 1109, "epoch": 1000, "Train_Metric_loss": NaN, "Train_Reg_loss": NaN, "Pos_loss": NaN, "Neg_loss": NaN, "Recall@5": 0.00013653741125068268, "Recall@10": 0.000591662115419625, "Recall@20": 0.0010172037138175861, "NDCG@5": 5.281988083486368e-05, "NDCG@10": 0.00022000096810395565, "NDCG@20": 0.00034823243471569386, "Recall@5_total_best": 0.04975387749863877, "Recall@10_total_best": 0.07892344287621889, "Recall@20_total_best": 0.11869338226385356, "ndcg@5_total_best": 0.035029592757529635, "ndcg@10_total_best": 0.04525456319284076, "ndcg@20_total_best": 0.05649746968884874, "EPOCH_ndcg_best": 40, "Recall@5_ndcg_best": 0.04975387749863877, "Recall@10_ndcg_best": 0.07892344287621889, "Recall@20_ndcg_best": 0.11869338226385356, "ndcg@5_ndcg_best": 0.035029592757529635, "ndcg@10_ndcg_best": 0.04525456319284076, "ndcg@20_ndcg_best": 0.05649746968884874, "gradients/mass_i.weight": {"_type": "histogram", "values": [1.0, 0.0, 1.0, 0.0, 0.0, 0.0, 1.0, 0.0, 1.0, 0.0, 3.0, 0.0, 0.0, 1.0, 1.0, 1.0, 5.0, 3.0, 8.0, 4.0, 9.0, 8.0, 11.0, 6.0, 17.0, 18.0, 19.0, 41.0, 65.0, 81.0, 90.0, 130.0, 98.0, 7884.0, 48.0, 37.0, 22.0, 29.0, 17.0, 4.0, 12.0, 8.0, 13.0, 3.0, 2.0, 1.0, 1.0, 1.0, 1.0, 1.0, 1.0, 0.0, 1.0, 2.0, 1.0, 0.0, 0.0, 0.0, 0.0, 0.0, 0.0, 0.0, 0.0, 1.0], "bins": [-4.0934297430794686e-05, -3.9710306737106293e-05, -3.84863160434179e-05, -3.726232534972951e-05, -3.6038334656041116e-05, -3.481434396235272e-05, -3.359035326866433e-05, -3.236635893699713e-05, -3.114236824330874e-05, -2.9918377549620345e-05, -2.8694386855931953e-05, -2.747039616224356e-05, -2.6246403649565764e-05, -2.502241295587737e-05, -2.379842226218898e-05, -2.2574429749511182e-05, -2.1350440874812193e-05, -2.01264501811238e-05, -1.8902459487435408e-05, -1.7678466974757612e-05, -1.645447628106922e-05, -1.5230485587380826e-05, -1.4006494893692434e-05, -1.278250329050934e-05, -1.1558512596820947e-05, -1.0334521903132554e-05, -9.11053029994946e-06, -7.886539606261067e-06, -6.6625484578253236e-06, -5.43855730938958e-06, -4.214566615701187e-06, -2.990575012518093e-06, -1.7665843188297004e-06, -5.425932840807945e-07, 6.813977506681113e-07, 1.9053886717301793e-06, 3.129379820165923e-06, 4.353370968601666e-06, 5.577361662290059e-06, 6.8013532654731534e-06, 8.025343959161546e-06, 9.249334652849939e-06, 1.0473326256033033e-05, 1.1697316949721426e-05, 1.2921307643409818e-05, 1.4145299246592913e-05, 1.5369289030786604e-05, 1.65932815434644e-05, 1.7817272237152793e-05, 1.9041262930841185e-05, 2.0265253624529578e-05, 2.1489246137207374e-05, 2.2713236830895767e-05, 2.393722752458416e-05, 2.5161218218272552e-05, 2.6385208911960945e-05, 2.7609199605649337e-05, 2.883319029933773e-05, 3.0057180993026122e-05, 3.1281171686714515e-05, 3.250516238040291e-05, 3.372915671207011e-05, 3.49531474057585e-05, 3.617713809944689e-05, 3.7401128793135285e-05]}, "gradients/mass_u.weight": {"_type": "histogram", "values": [1.0, 0.0, 0.0, 1.0, 0.0, 0.0, 0.0, 0.0, 1.0, 0.0, 0.0, 0.0, 0.0, 0.0, 0.0, 0.0, 0.0, 0.0, 1.0, 0.0, 1.0, 2.0, 0.0, 0.0, 0.0, 0.0, 0.0, 1.0, 0.0, 0.0, 1.0, 1.0, 1.0, 0.0, 2.0, 1.0, 1.0, 0.0, 2.0, 2.0, 1.0, 1.0, 4.0, 3.0, 5.0, 3.0, 4.0, 11.0, 7.0, 8.0, 3.0, 8.0, 22.0, 19.0, 4.0, 28.0, 33.0, 80.0, 111.0, 0.0, 83.0, 32.0, 12.0, 14180.0], "bins": [-6.628855771850795e-05, -6.525279604829848e-05, -6.421704165404662e-05, -6.318127998383716e-05, -6.21455255895853e-05, -6.110976391937584e-05, -6.0074005887145177e-05, -5.9038247854914516e-05, -5.800248618470505e-05, -5.696672815247439e-05, -5.593097012024373e-05, -5.489520845003426e-05, -5.38594504178036e-05, -5.282369238557294e-05, -5.178793435334228e-05, -5.075217632111162e-05, -4.971641828888096e-05, -4.86806602566503e-05, -4.764490222441964e-05, -4.660914055421017e-05, -4.557338252197951e-05, -4.453762448974885e-05, -4.350186645751819e-05, -4.246610842528753e-05, -4.143035039305687e-05, -4.039459236082621e-05, -3.935883432859555e-05, -3.832307265838608e-05, -3.728731462615542e-05, -3.625155659392476e-05, -3.52157985616941e-05, -3.418004052946344e-05, -3.314427885925397e-05, -3.210852082702331e-05, -3.107276279479265e-05, -3.0037002943572588e-05, -2.9001243092352524e-05, -2.7965485060121864e-05, -2.6929727027891204e-05, -2.5893968995660543e-05, -2.485820914444048e-05, -2.382245111220982e-05, -2.2786691260989755e-05, -2.1750933228759095e-05, -2.0715175196528435e-05, -1.967941534530837e-05, -1.864365731307771e-05, -1.7607897461857647e-05, -1.6572139429626986e-05, -1.5536381397396326e-05, -1.4500621546176262e-05, -1.3464863513945602e-05, -1.242910457222024e-05, -1.1393345630494878e-05, -1.0357587598264217e-05, -9.321828656538855e-06, -8.286069714813493e-06, -7.250310773088131e-06, -6.21455228611012e-06, -5.178793799132109e-06, -4.143034857406747e-06, -3.1072759156813845e-06, -2.0715174287033733e-06, -1.035758941725362e-06, 0.0]}, "gradients/embedding_user.weight": {"_type": "histogram", "values": [0.0, 0.0, 0.0, 0.0, 0.0, 0.0, 0.0, 0.0, 0.0, 0.0, 0.0, 0.0, 0.0, 0.0, 0.0, 0.0, 0.0, 0.0, 0.0, 0.0, 0.0, 0.0, 0.0, 0.0, 0.0, 0.0, 0.0, 0.0, 0.0, 0.0, 0.0, 0.0, 5888.0, 0.0, 0.0, 0.0, 0.0, 0.0, 0.0, 0.0, 0.0, 0.0, 0.0, 0.0, 0.0, 0.0, 0.0, 0.0, 0.0, 0.0, 0.0, 0.0, 0.0, 0.0, 0.0, 0.0, 0.0, 0.0, 0.0, 0.0, 0.0, 0.0, 0.0, 0.0], "bins": [0.0, 0.0, 0.0, 0.0, 0.0, 0.0, 0.0, 0.0, 0.0, 0.0, 0.0, 0.0, 0.0, 0.0, 0.0, 0.0, 0.0, 0.0, 0.0, 0.0, 0.0, 0.0, 0.0, 0.0, 0.0, 0.0, 0.0, 0.0, 0.0, 0.0, 0.0, 0.0, 0.0, 0.0, 0.0, 0.0, 0.0, 0.0, 0.0, 0.0, 0.0, 0.0, 0.0, 0.0, 0.0, 0.0, 0.0, 0.0, 0.0, 0.0, 0.0, 0.0, 0.0, 0.0, 0.0, 0.0, 0.0, 0.0, 0.0, 0.0, 0.0, 0.0, 0.0, 0.0, 0.0]}, "gradients/embedding_item.weight": {"_type": "histogram", "values": [0.0, 0.0, 0.0, 0.0, 0.0, 0.0, 0.0, 0.0, 0.0, 0.0, 0.0, 0.0, 0.0, 0.0, 0.0, 0.0, 0.0, 0.0, 0.0, 0.0, 0.0, 0.0, 0.0, 0.0, 0.0, 0.0, 0.0, 0.0, 0.0, 0.0, 0.0, 0.0, 64.0, 0.0, 0.0, 0.0, 0.0, 0.0, 0.0, 0.0, 0.0, 0.0, 0.0, 0.0, 0.0, 0.0, 0.0, 0.0, 0.0, 0.0, 0.0, 0.0, 0.0, 0.0, 0.0, 0.0, 0.0, 0.0, 0.0, 0.0, 0.0, 0.0, 0.0, 0.0], "bins": [0.0, 0.0, 0.0, 0.0, 0.0, 0.0, 0.0, 0.0, 0.0, 0.0, 0.0, 0.0, 0.0, 0.0, 0.0, 0.0, 0.0, 0.0, 0.0, 0.0, 0.0, 0.0, 0.0, 0.0, 0.0, 0.0, 0.0, 0.0, 0.0, 0.0, 0.0, 0.0, 0.0, 0.0, 0.0, 0.0, 0.0, 0.0, 0.0, 0.0, 0.0, 0.0, 0.0, 0.0, 0.0, 0.0, 0.0, 0.0, 0.0, 0.0, 0.0, 0.0, 0.0, 0.0, 0.0, 0.0, 0.0, 0.0, 0.0, 0.0, 0.0, 0.0, 0.0, 0.0, 0.0]}, "_wandb": {"runtime": 2926}}