{"TOTAL_BEST_METRIC": 0.19318672076586701, "BEST_NDCG@10": 0.026694045641731882, "_timestamp": 1688539530.473813, "_runtime": 2551.546443939209, "_step": 146, "epoch": 126, "Train_Metric_loss": 2.301031188866527, "Train_Reg_loss": 0.000121501963447597, "Pos_loss": 9.142704963684082, "Neg_loss": 0.7069383859634399, "Recall@5": 0.0173174817476463, "Recall@10": 0.03151751873311973, "Recall@20": 0.055339523835848906, "NDCG@5": 0.019610281653421414, "NDCG@10": 0.02484069068389705, "NDCG@20": 0.033298104642259324, "Recall@5_total_best": 0.018806274352184592, "Recall@10_total_best": 0.03364594996807352, "Recall@20_total_best": 0.057641438556892445, "ndcg@5_total_best": 0.021254613320103456, "ndcg@10_total_best": 0.026694045641731882, "ndcg@20_total_best": 0.03514439892688113, "EPOCH_ndcg_best": 40, "Recall@5_ndcg_best": 0.018806274352184592, "Recall@10_ndcg_best": 0.03364594996807352, "Recall@20_ndcg_best": 0.057641438556892445, "ndcg@5_ndcg_best": 0.021254613320103456, "ndcg@10_ndcg_best": 0.026694045641731882, "ndcg@20_ndcg_best": 0.03514439892688113, "gradients/mass_i.weight": {"_type": "histogram", "values": [1.0, 1.0, 1.0, 0.0, 1.0, 1.0, 0.0, 1.0, 1.0, 1.0, 2.0, 3.0, 3.0, 9.0, 4.0, 11.0, 20.0, 15.0, 35.0, 50.0, 71.0, 84.0, 83.0, 146.0, 184.0, 251.0, 341.0, 402.0, 432.0, 488.0, 515.0, 378.0, 139.0, 42333.0, 103.0, 507.0, 538.0, 392.0, 272.0, 182.0, 105.0, 71.0, 40.0, 24.0, 15.0, 12.0, 7.0, 5.0, 4.0, 5.0, 2.0, 2.0, 0.0, 0.0, 0.0, 0.0, 0.0, 0.0, 0.0, 0.0, 0.0, 0.0, 0.0, 1.0], "bins": [-7.146455754991621e-05, -6.93310794304125e-05, -6.71976013109088e-05, -6.506411591544747e-05, -6.293063779594377e-05, -6.079715967644006e-05, -5.8663677918957546e-05, -5.653019616147503e-05, -5.4396718041971326e-05, -5.226323992246762e-05, -5.0129758164985105e-05, -4.799627640750259e-05, -4.5862798287998885e-05, -4.372932016849518e-05, -4.1595838411012664e-05, -3.946235665353015e-05, -3.7328878534026444e-05, -3.519540041452274e-05, -3.3061918657040223e-05, -3.092843689955771e-05, -2.8794958780054003e-05, -2.6661478841560893e-05, -2.4527998903067783e-05, -2.2394518964574672e-05, -2.0261039026081562e-05, -1.8127559087588452e-05, -1.599407914909534e-05, -1.3860599210602231e-05, -1.1727119272109121e-05, -9.59363933361601e-06, -7.460159395122901e-06, -5.32667945662979e-06, -3.19319951813668e-06, -1.0597195796435699e-06, 1.0737603588495404e-06, 3.2072402973426506e-06, 5.340720235835761e-06, 7.474200174328871e-06, 9.607680112821981e-06, 1.1741160051315092e-05, 1.3874639989808202e-05, 1.6008119928301312e-05, 1.8141599866794422e-05, 2.0275079805287533e-05, 2.2408559743780643e-05, 2.4542039682273753e-05, 2.6675519620766863e-05, 2.8808999559259973e-05, 3.0942479497753084e-05, 3.307595761725679e-05, 3.5209439374739304e-05, 3.734292113222182e-05, 3.9476399251725525e-05, 4.160987737122923e-05, 4.3743359128711745e-05, 4.587684088619426e-05, 4.8010319005697966e-05, 5.014379712520167e-05, 5.2277278882684186e-05, 5.44107606401667e-05, 5.6544238759670407e-05, 5.867771687917411e-05, 6.081119863665663e-05, 6.294468039413914e-05, 6.507815851364285e-05]}, "gradients/mass_u.weight": {"_type": "histogram", "values": [1.0, 0.0, 0.0, 0.0, 0.0, 0.0, 0.0, 0.0, 0.0, 0.0, 0.0, 0.0, 0.0, 0.0, 0.0, 0.0, 0.0, 1.0, 0.0, 0.0, 0.0, 0.0, 0.0, 0.0, 0.0, 1.0, 0.0, 0.0, 0.0, 0.0, 0.0, 0.0, 0.0, 0.0, 0.0, 1.0, 1.0, 0.0, 1.0, 2.0, 1.0, 0.0, 3.0, 2.0, 1.0, 2.0, 3.0, 0.0, 2.0, 3.0, 6.0, 3.0, 9.0, 5.0, 9.0, 11.0, 16.0, 17.0, 33.0, 36.0, 68.0, 154.0, 99.0, 96971.0], "bins": [-0.0022052996791899204, -0.002170841908082366, -0.0021363841369748116, -0.002101926365867257, -0.002067468361929059, -0.0020330105908215046, -0.00199855281971395, -0.0019640950486063957, -0.0019296372774988413, -0.0018951795063912868, -0.0018607216188684106, -0.0018262638477608562, -0.0017918060766533017, -0.0017573481891304255, -0.001722890418022871, -0.0016884326469153166, -0.0016539747593924403, -0.0016195169882848859, -0.0015850591007620096, -0.0015506013296544552, -0.0015161435585469007, -0.0014816857874393463, -0.00144722789991647, -0.0014127701288089156, -0.0013783122412860394, -0.001343854470178485, -0.0013093965826556087, -0.0012749388115480542, -0.0012404810404404998, -0.0012060231529176235, -0.001171565381810069, -0.0011371076107025146, -0.0011026498395949602, -0.0010681920684874058, -0.0010337341809645295, -0.000999276409856975, -0.0009648186387494206, -0.0009303608094342053, -0.0008959029801189899, -0.0008614452090114355, -0.0008269873796962202, -0.0007925295503810048, -0.0007580717792734504, -0.000723613949958235, -0.0006891561206430197, -0.0006546983495354652, -0.0006202405202202499, -0.0005857826909050345, -0.0005513249197974801, -0.0005168670904822648, -0.0004824093193747103, -0.00044795149005949497, -0.0004134936898481101, -0.0003790358896367252, -0.00034457806032150984, -0.00031012026011012495, -0.00027566245989874005, -0.00024120465968735516, -0.00020674684492405504, -0.00017228903016075492, -0.00013783122994937003, -0.00010337342973798513, -6.891561497468501e-05, -3.445780021138489e-05, 0.0]}, "gradients/embedding_user.weight": {"_type": "histogram", "values": [3.0, 0.0, 1.0, 0.0, 4.0, 3.0, 4.0, 9.0, 4.0, 8.0, 5.0, 6.0, 3.0, 1.0, 3.0, 3.0, 1.0, 3.0, 2.0, 7.0, 7.0, 7.0, 14.0, 32.0, 67.0, 143.0, 220.0, 476.0, 970.0, 2904.0, 9572.0, 256714.0, 5948784.0, 11242.0, 4013.0, 1200.0, 485.0, 244.0, 164.0, 98.0, 39.0, 18.0, 4.0, 7.0, 5.0, 3.0, 1.0, 6.0, 2.0, 4.0, 1.0, 2.0, 5.0, 5.0, 6.0, 6.0, 7.0, 3.0, 7.0, 2.0, 1.0, 4.0, 2.0, 2.0], "bins": [-0.0015462595038115978, -0.0014980980195105076, -0.0014499365352094173, -0.001401775050908327, -0.0013536135666072369, -0.0013054521987214684, -0.0012572907144203782, -0.001209129230119288, -0.0011609677458181977, -0.0011128062615171075, -0.0010646447772160172, -0.001016483292914927, -0.0009683218668214977, -0.0009201603825204074, -0.0008719989564269781, -0.0008238374721258879, -0.0007756759878247976, -0.0007275145035237074, -0.0006793530192226171, -0.0006311915931291878, -0.0005830301088280976, -0.0005348686245270073, -0.00048670716932974756, -0.0004385457141324878, -0.00039038422983139753, -0.0003422227455303073, -0.0002940612903330475, -0.0002458998351357877, -0.00019773835083469748, -0.00014957688108552247, -0.00010141541133634746, -5.325395613908768e-05, -5.0924718379974365e-06, 4.3068997911177576e-05, 9.123046766035259e-05, 0.0001393919374095276, 0.0001875534071587026, 0.00023571487690787762, 0.00028387634665705264, 0.0003320378018543124, 0.00038019928615540266, 0.0004283607704564929, 0.0004765222256537527, 0.0005246836808510125, 0.0005728451651521027, 0.000621006649453193, 0.0006691680755466223, 0.0007173295598477125, 0.0007654910441488028, 0.000813652528449893, 0.0008618140127509832, 0.0009099754388444126, 0.0009581369231455028, 0.0010062983492389321, 0.0010544598335400224, 0.0011026213178411126, 0.0011507828021422029, 0.001198944286443293, 0.0012471057707443833, 0.0012952672550454736, 0.001343428622931242, 0.0013915901072323322, 0.0014397515915334225, 0.0014879130758345127, 0.001536074560135603]}, "gradients/embedding_item.weight": {"_type": "histogram", "values": [2.0, 1.0, 0.0, 1.0, 1.0, 0.0, 2.0, 2.0, 3.0, 4.0, 2.0, 8.0, 13.0, 14.0, 17.0, 40.0, 49.0, 89.0, 130.0, 205.0, 331.0, 506.0, 800.0, 1335.0, 2351.0, 4225.0, 8023.0, 16482.0, 33376.0, 70364.0, 159508.0, 255201.0, 2057344.0, 233821.0, 132211.0, 57555.0, 27606.0, 13708.0, 6848.0, 3542.0, 1965.0, 1205.0, 680.0, 436.0, 255.0, 176.0, 102.0, 86.0, 77.0, 29.0, 22.0, 21.0, 18.0, 8.0, 4.0, 2.0, 0.0, 1.0, 1.0, 4.0, 2.0, 0.0, 0.0, 2.0],