{"TOTAL_BEST_METRIC": 0.35226039189366737, "BEST_NDCG@10": 0.05549852883001763, "_timestamp": 1688414028.8102045, "_runtime": 22724.1248755455, "_step": 1111, "epoch": 1000, "Train_Metric_loss": -2.368976171200092, "Train_Reg_loss": 0.05709174475990809, "Pos_loss": 3.938446044921875, "Neg_loss": -6.3047332763671875, "Recall@5": 0.02869799295629236, "Recall@10": 0.04618709128727895, "Recall@20": 0.07144833617484092, "NDCG@5": 0.041100618863029056, "NDCG@10": 0.04559460793411962, "NDCG@20": 0.05441532621242047, "Recall@5_total_best": 0.03510042103823402, "Recall@10_total_best": 0.05691292307984429, "Recall@20_total_best": 0.08848770957266167, "ndcg@5_total_best": 0.04956993810750692, "ndcg@10_total_best": 0.05549852883001763, "ndcg@20_total_best": 0.06669087126540278, "EPOCH_ndcg_best": 50, "Recall@5_ndcg_best": 0.03510042103823402, "Recall@10_ndcg_best": 0.05691292307984429, "Recall@20_ndcg_best": 0.08848770957266167, "ndcg@5_ndcg_best": 0.04956993810750692, "ndcg@10_ndcg_best": 0.05549852883001763, "ndcg@20_ndcg_best": 0.06669087126540278, "gradients/mass_i.weight": {"_type": "histogram", "values": [1.0, 0.0, 0.0, 0.0, 0.0, 0.0, 0.0, 0.0, 0.0, 0.0, 0.0, 0.0, 0.0, 0.0, 0.0, 0.0, 0.0, 0.0, 0.0, 0.0, 0.0, 0.0, 0.0, 0.0, 0.0, 0.0, 0.0, 0.0, 0.0, 0.0, 0.0, 1.0, 1.0, 3.0, 2.0, 1.0, 5.0, 10.0, 11.0, 18.0, 58.0, 174.0, 911.0, 39633.0, 275.0, 75.0, 28.0, 24.0, 14.0, 5.0, 9.0, 2.0, 1.0, 0.0, 0.0, 0.0, 0.0, 0.0, 0.0, 0.0, 0.0, 1.0, 0.0, 1.0], "bins": [-0.00020068802405148745, -0.00019606863497756422, -0.00019144924590364099, -0.00018682984227780253, -0.0001822104532038793, -0.00017759106412995607, -0.0001729716605041176, -0.00016835227143019438, -0.00016373288235627115, -0.00015911349328234792, -0.0001544941042084247, -0.00014987470058258623, -0.000145255311508663, -0.00014063592243473977, -0.0001360165188089013, -0.00013139712973497808, -0.00012677774066105485, -0.00012215835158713162, -0.00011753895523725078, -0.00011291955888736993, -0.0001083001698134467, -0.00010368078073952347, -9.906138438964263e-05, -9.444198803976178e-05, -8.982259896583855e-05, -8.520320989191532e-05, -8.058381354203448e-05, -7.596441719215363e-05, -7.13450281182304e-05, -6.672563904430717e-05, -6.210624269442633e-05, -5.748684998252429e-05, -5.2867442718707025e-05, -4.824805000680499e-05, -4.362865729490295e-05, -3.900926458300091e-05, -3.4389871871098876e-05, -2.977047915919684e-05, -2.51510864472948e-05, -2.0531693735392764e-05, -1.5912301023490727e-05, -1.129290831158869e-05, -6.673515599686652e-06, -2.054122887784615e-06, 2.565269824117422e-06, 7.184662536019459e-06, 1.1804055247921497e-05, 1.6423447959823534e-05, 2.104284067172557e-05, 2.566223338362761e-05, 3.0281626095529646e-05, 3.490101880743168e-05, 3.952041151933372e-05, 4.413980423123576e-05, 4.8759196943137795e-05, 5.337858965503983e-05, 5.799798236694187e-05, 6.26173714408651e-05, 6.723676779074594e-05, 7.185616414062679e-05, 7.647555321455002e-05, 8.109494228847325e-05, 8.571433863835409e-05, 9.033373498823494e-05, 9.495312406215817e-05]}, "gradients/mass_u.weight": {"_type": "histogram", "values": [0.0, 0.0, 0.0, 0.0, 0.0, 0.0, 0.0, 0.0, 0.0, 0.0, 0.0, 0.0, 0.0, 0.0, 0.0, 0.0, 0.0, 0.0, 0.0, 0.0, 0.0, 0.0, 0.0, 0.0, 0.0, 0.0, 0.0, 0.0, 0.0, 0.0, 0.0, 0.0, 52406.0, 0.0, 0.0, 0.0, 0.0, 0.0, 0.0, 0.0, 0.0, 0.0, 0.0, 0.0, 0.0, 0.0, 0.0, 0.0, 0.0, 0.0, 0.0, 0.0, 0.0, 0.0, 0.0, 0.0, 0.0, 0.0, 0.0, 0.0, 0.0, 0.0, 0.0, 0.0], "bins": [0.0, 0.0, 0.0, 0.0, 0.0, 0.0, 0.0, 0.0, 0.0, 0.0, 0.0, 0.0, 0.0, 0.0, 0.0, 0.0, 0.0, 0.0, 0.0, 0.0, 0.0, 0.0, 0.0, 0.0, 0.0, 0.0, 0.0, 0.0, 0.0, 0.0, 0.0, 0.0, 0.0, 0.0, 0.0, 0.0, 0.0, 0.0, 0.0, 0.0, 0.0, 0.0, 0.0, 0.0, 0.0, 0.0, 0.0, 0.0, 0.0, 0.0, 0.0, 0.0, 0.0, 0.0, 0.0, 0.0, 0.0, 0.0, 0.0, 0.0, 0.0, 0.0, 0.0, 0.0, 0.0]}, "gradients/embedding_user.weight": {"_type": "histogram", "values": [2.0, 0.0, 0.0, 2.0, 1.0, 1.0, 1.0, 2.0, 3.0, 5.0, 6.0, 4.0, 1.0, 12.0, 5.0, 25.0, 31.0, 38.0, 48.0, 84.0, 121.0, 226.0, 393.0, 675.0, 1408.0, 3176.0, 11097.0, 3322062.0, 8847.0, 2827.0, 1322.0, 634.0, 336.0, 212.0, 132.0, 74.0, 48.0, 35.0, 27.0, 9.0, 10.0, 2.0, 7.0, 10.0, 6.0, 4.0, 0.0, 2.0, 3.0, 0.0, 2.0, 0.0, 1.0, 0.0, 2.0, 0.0, 0.0, 0.0, 0.0, 1.0, 0.0, 0.0, 1.0, 1.0], "bins": [-0.00011814667232101783, -0.00011383891978766769, -0.00010953117453027517, -0.00010522342199692503, -0.00010091566946357489, -9.660791693022475e-05, -9.23001643968746e-05, -8.799241913948208e-05, -8.368466660613194e-05, -7.93769140727818e-05, -7.506916881538928e-05, -7.076141628203914e-05, -6.6453663748689e-05, -6.214591121533886e-05, -5.783816231996752e-05, -5.353041342459619e-05, -4.922266089124605e-05, -4.491490835789591e-05, -4.060715946252458e-05, -3.6299410567153245e-05, -3.1991658033803105e-05, -2.768390731944237e-05, -2.3376156605081633e-05, -1.9068405890720896e-05, -1.476065517636016e-05, -1.0452904461999424e-05, -6.1451537476386875e-06, -1.8374030332779512e-06, 2.470347681082785e-06, 6.7780983954435214e-06, 1.1085849109804258e-05, 1.5393599824164994e-05, 1.9701343262568116e-05, 2.4009093976928852e-05, 2.831684469128959e-05, 3.262459358666092e-05, 3.693234612001106e-05, 4.12400986533612e-05, 4.5547847548732534e-05, 4.985559644410387e-05, 5.416334897745401e-05, 5.8471101510804147e-05, 6.277885404415429e-05, 6.708659930154681e-05, 7.139435183489695e-05, 7.570210436824709e-05, 8.000984962563962e-05, 8.431760215898976e-05, 8.86253546923399e-05, 9.293310722569004e-05, 9.724085975904018e-05, 0.0001015486050164327, 0.00010585635754978284, 0.00011016411008313298, 0.00011447185534052551, 0.00011877960787387565, 0.0001230873604072258, 0.0001273951056646183, 0.00013170286547392607, 0.0001360106107313186, 0.00014031835598871112, 0.00014462611579801887, 0.0001489338610554114, 0.00015324162086471915, 0.00015754936612211168]}, "gradients/embedding_item.weight": {"_type": "histogram", "values": [1.0, 0.0, 0.0, 1.0, 0.0, 0.0, 1.0, 1.0, 1.0, 0.0, 2.0, 2.0, 1.0, 7.0, 13.0, 20.0, 33.0, 42.0, 68.0, 132.0, 227.0, 408.0, 595.0, 987.0, 1684.0, 3324.0, 6497.0, 11937.0, 22606.0, 42580.0, 118917.0, 2113228.0, 209738.0, 51181.0, 26400.0, 13930.0, 7559.0, 3959.0, 2006.0, 1048.0, 692.0, 421.0, 257.0, 151.0, 88.0, 48.0, 34.0, 23.0, 18.0, 11.0, 5.0, 3.0, 3.0, 2.0, 0.0, 2.0, 1.0, 0.0, 0.0, 0.0, 0.0, 0.0, 0.0, 1.0], "bins": [-4.426405575941317e-05, -4.2864176066359505e-05, -4.146429637330584e-05, -4.006441668025218e-05, -3.866453698719852e-05, -3.7264657294144854e-05, -3.586478123907e-05, -3.4464901546016335e-05, -3.306502185296267e-05, -3.166514215990901e-05, -3.0265262466855347e-05, -2.8865382773801684e-05, -2.746550308074802e-05, -2.606562338769436e-05, -2.46657455136301e-05, -2.3265865820576437e-05, -2.186598430853337e-05, -2.0466104615479708e-05, -1.9066224922426045e-05, -1.7666345229372382e-05, -1.626646553631872e-05, -1.4866586752759758e-05, -1.3466707969200797e-05, -1.2066828276147135e-05, -1.0666948583093472e-05, -9.267068890039809e-06, -7.867189196986146e-06, -6.467310413427185e-06, -5.0674307203735225e-06, -3.6675510273198597e-06, -2.2676722437608987e-06, -8.677925507072359e-07, 5.320835043676198e-07, 1.931962970047607e-06, 3.3318424357275944e-06, 4.731721674033906e-06, 6.131601367087569e-06, 7.531481060141232e-06, 8.931359843700193e-06, 1.0331239536753856e-05, 1.1731119229807518e-05, 1.3130998922861181e-05, 1.4530878615914844e-05, 1.5930756489979103e-05, 1.7330636183032766e-05, 1.873051587608643e-05, 2.013039556914009e-05, 2.1530275262193754e-05, 2.2930154955247417e-05, 2.433003464830108e-05, 2.5729914341354743e-05, 2.7129794034408405e-05, 2.8529673727462068e-05, 2.992955342051573e-05, 3.132942947559059e-05, 3.272930916864425e-05, 3.412918886169791e-05, 3.5529068554751575e-05, 3.692894824780524e-05, 3.83288279408589e-05, 3.972870763391256e-05, 4.1128587326966226e-05, 4.252846702001989e-05, 4.392834671307355e-05, 4.5328226406127214e-05]}, "_wandb": {"runtime": 22723}}