{"TOTAL_BEST_METRIC": 1.0028135402091183, "BEST_NDCG@10": 0.12555387354299372, "_timestamp": 1688334628.8754976, "_runtime": 483.85384249687195, "_step": 1119, "epoch": 1000, "Train_Metric_loss": NaN, "Train_Reg_loss": NaN, "Pos_loss": NaN, "Neg_loss": NaN, "Recall@5": 0.0007852166725705515, "Recall@10": 0.003778486243948518, "Recall@20": 0.005806892363746774, "NDCG@5": 0.000556356529533085, "NDCG@10": 0.0016257618776651963, "NDCG@20": 0.002209725865082795, "Recall@5_total_best": 0.13984030800896954, "Recall@10_total_best": 0.20436442802556679, "Recall@20_total_best": 0.28258404838610673, "ndcg@5_total_best": 0.10280979337618891, "ndcg@10_total_best": 0.12555387354299372, "ndcg@20_total_best": 0.14766108886929258, "EPOCH_ndcg_best": 230, "Recall@5_ndcg_best": 0.13984030800896954, "Recall@10_ndcg_best": 0.20436442802556679, "Recall@20_ndcg_best": 0.28258404838610673, "ndcg@5_ndcg_best": 0.10280979337618891, "ndcg@10_ndcg_best": 0.12555387354299372, "ndcg@20_ndcg_best": 0.14766108886929258, "gradients/mass_i.weight": {"_type": "histogram", "values": [1.0, 0.0, 0.0, 0.0, 0.0, 0.0, 0.0, 0.0, 0.0, 0.0, 0.0, 0.0, 0.0, 3.0, 1.0, 3.0, 4.0, 2.0, 2.0, 9.0, 7.0, 12.0, 10.0, 17.0, 24.0, 30.0, 35.0, 45.0, 44.0, 48.0, 38.0, 46.0, 3092.0, 31.0, 19.0, 8.0, 10.0, 3.0, 4.0, 3.0, 4.0, 2.0, 1.0, 3.0, 1.0, 0.0, 0.0, 0.0, 3.0, 0.0, 1.0, 0.0, 0.0, 0.0, 0.0, 0.0, 0.0, 0.0, 1.0, 0.0, 0.0, 0.0, 0.0, 1.0], "bins": [-8.872155740391463e-05, -8.601520676165819e-05, -8.330886339535937e-05, -8.060251275310293e-05, -7.789616211084649e-05, -7.518981874454767e-05, -7.248346810229123e-05, -6.977711746003479e-05, -6.707076681777835e-05, -6.436441617552191e-05, -6.165807280922309e-05, -5.895172216696665e-05, -5.624537152471021e-05, -5.3539024520432577e-05, -5.0832677516154945e-05, -4.8126326873898506e-05, -4.541998350759968e-05, -4.271363650332205e-05, -4.000728586106561e-05, -3.730093885678798e-05, -3.459458821453154e-05, -3.188824121025391e-05, -2.9181894205976278e-05, -2.6475545382709242e-05, -2.3769196559442207e-05, -2.1062847736175172e-05, -1.8356498912908137e-05, -1.5650151908630505e-05, -1.294380308536347e-05, -1.0237454262096435e-05, -7.531107257818803e-06, -4.824758434551768e-06, -2.118416887242347e-06, 5.879314812773373e-07, 3.2942798497970216e-06, 6.000627763569355e-06, 8.70697658683639e-06, 1.1413325410103425e-05, 1.4119672414381057e-05, 1.6826021237648092e-05, 1.9532370060915127e-05, 2.2238718884182163e-05, 2.4945067707449198e-05, 2.765141471172683e-05, 3.0357763534993865e-05, 3.30641123582609e-05, 3.577045936253853e-05, 3.847680636681616e-05, 4.11831570090726e-05, 4.3889504013350233e-05, 4.659585465560667e-05, 4.9302201659884304e-05, 5.200855230214074e-05, 5.4714899306418374e-05, 5.7421246310696006e-05, 6.0127596952952445e-05, 6.283394759520888e-05, 6.554029823746532e-05, 6.824664160376415e-05, 7.095299224602059e-05, 7.365934288827702e-05, 7.636568625457585e-05, 7.907203689683229e-05, 8.177838753908873e-05, 8.448473090538755e-05]}, "gradients/mass_u.weight": {"_type": "histogram", "values": [1.0, 0.0, 0.0, 0.0, 0.0, 0.0, 0.0, 1.0, 0.0, 0.0, 0.0, 0.0, 0.0, 0.0, 0.0, 0.0, 0.0, 0.0, 0.0, 1.0, 0.0, 1.0, 1.0, 0.0, 0.0, 0.0, 0.0, 1.0, 0.0, 1.0, 0.0, 0.0, 0.0, 0.0, 1.0, 0.0, 0.0, 0.0, 0.0, 1.0, 0.0, 0.0, 1.0, 0.0, 1.0, 1.0, 0.0, 6.0, 1.0, 2.0, 2.0, 6.0, 3.0, 5.0, 4.0, 9.0, 10.0, 17.0, 21.0, 32.0, 66.0, 176.0, 115.0, 5054.0], "bins": [-0.00016120669897645712, -0.0001586878497619182, -0.00015616898599546403, -0.0001536501367809251, -0.00015113127301447093, -0.000148612423799932, -0.00014609357458539307, -0.0001435747108189389, -0.00014105586160439998, -0.00013853701238986105, -0.0001360181486234069, -0.00013349929940886796, -0.00013098045019432902, -0.00012846158642787486, -0.00012594273721333593, -0.00012342387344688177, -0.00012090502423234284, -0.00011838616774184629, -0.00011586731125134975, -0.00011334846203681082, -0.00011082960554631427, -0.00010831074905581772, -0.00010579189984127879, -0.00010327304335078225, -0.0001007541868602857, -9.823533036978915e-05, -9.571647387929261e-05, -9.319762466475368e-05, -9.067876817425713e-05, -8.815991168376058e-05, -8.564106246922165e-05, -8.31222059787251e-05, -8.060334948822856e-05, -7.808449299773201e-05, -7.556563650723547e-05, -7.304678729269654e-05, -7.052793080219999e-05, -6.800907431170344e-05, -6.549022509716451e-05, -6.297136860666797e-05, -6.045251211617142e-05, -5.7933655625674874e-05, -5.5414802773157135e-05, -5.2895949920639396e-05, -5.037709343014285e-05, -4.7858236939646304e-05, -4.5339384087128565e-05, -4.2820531234610826e-05, -4.030167474411428e-05, -3.7782818253617734e-05, -3.5263965401099995e-05, -3.2745112548582256e-05, -3.022625605808571e-05, -2.7707401386578567e-05, -2.5188546715071425e-05, -2.2669692043564282e-05, -2.015083737205714e-05, -1.7631982700549997e-05, -1.5113128029042855e-05, -1.2594273357535712e-05, -1.007541868602857e-05, -7.5565640145214275e-06, -5.037709343014285e-06, -2.5188546715071425e-06, 0.0]}, "gradients/embedding_user.weight": {"_type": "histogram", "values": [0.0, 0.0, 0.0, 0.0, 0.0, 0.0, 0.0, 0.0, 0.0, 0.0, 0.0, 0.0, 0.0, 0.0, 0.0, 0.0, 0.0, 0.0, 0.0, 0.0, 0.0, 0.0, 0.0, 0.0, 0.0, 0.0, 0.0, 0.0, 0.0, 0.0, 0.0, 0.0, 3392.0, 0.0, 0.0, 0.0, 0.0, 0.0, 0.0, 0.0, 0.0, 0.0, 0.0, 0.0, 0.0, 0.0, 0.0, 0.0, 0.0, 0.0, 0.0, 0.0, 0.0, 0.0, 0.0, 0.0, 0.0, 0.0, 0.0, 0.0, 0.0, 0.0, 0.0, 0.0], "bins": [0.0, 0.0, 0.0, 0.0, 0.0, 0.0, 0.0, 0.0, 0.0, 0.0, 0.0, 0.0, 0.0, 0.0, 0.0, 0.0, 0.0, 0.0, 0.0, 0.0, 0.0, 0.0, 0.0, 0.0, 0.0, 0.0, 0.0, 0.0, 0.0, 0.0, 0.0, 0.0, 0.0, 0.0, 0.0, 0.0, 0.0, 0.0, 0.0, 0.0, 0.0, 0.0, 0.0, 0.0, 0.0, 0.0, 0.0, 0.0, 0.0, 0.0, 0.0, 0.0, 0.0, 0.0, 0.0, 0.0, 0.0, 0.0, 0.0, 0.0, 0.0, 0.0, 0.0, 0.0, 0.0]}, "gradients/embedding_item.weight": {"_type": "histogram", "values": [1.0, 0.0, 0.0, 0.0, 1.0, 1.0, 0.0, 0.0, 1.0, 1.0, 0.0, 4.0, 5.0, 6.0, 9.0, 7.0, 13.0, 23.0, 33.0, 52.0, 67.0, 93.0, 149.0, 209.0, 299.0, 499.0, 823.0, 1363.0, 2331.0, 4153.0, 8058.0, 15868.0, 32161.0, 81785.0, 39727.0, 19267.0, 9559.0, 4971.0, 2674.0, 1524.0, 956.0, 623.0, 351.0, 213.0, 161.0, 94.0, 74.0, 46.0, 18.0, 20.0, 12.0, 11.0, 13.0, 7.0, 4.0, 4.0, 3.0, 1.0, 1.0, 1.0, 0.0, 0.0, 0.0, 2.0], "bins": [-0.0006496367859654129, -0.000630323076620698, -0.0006110093090683222, -0.0005916955997236073, -0.0005723818903788924, -0.0005530681228265166, -0.0005337544134818017, -0.0005144407041370869, -0.0004951269365847111, -0.00047581319813616574, -0.00045649948879145086, -0.0004371857503429055, -0.00041787204099819064, -0.0003985583025496453, -0.00037924456410109997, -0.0003599308547563851, -0.0003406171454116702, -0.00032130340696312487, -0.00030198969761841, -0.00028267595916986465, -0.0002633622498251498, -0.00024404851137660444, -0.0002247347729280591, -0.000205421049031429, -0.00018610732513479888, -0.00016679360123816878, -0.00014747987734153867, -0.00012816613889299333, -0.00010885241499636322, -8.953869109973311e-05, -7.022495992714539e-05, -5.091122875455767e-05, -3.159744665026665e-05, -1.2283719115657732e-05, 7.0300084189511836e-06, 2.63437359535601e-05, 4.5657463488169014e-05, 6.497118738479912e-05, 8.428491855738685e-05, 0.00010359864972997457, 0.00012291237362660468, 0.00014222609752323478, 0.0001615398214198649, 0.00018085355986841023, 0.00020016728376504034, 0.00021948100766167045, 0.00023879474611021578, 0.0002581084845587611, 0.000277422193903476, 0.00029673593235202134, 0.0003160496416967362, 0.00033536338014528155, 0.00035467708948999643, 0.00037399082793854177, 0.0003933045663870871, 0.000412618275731802, 0.0004319320141803473, 0.00045124575262889266, 0.00047055946197360754, 0.0004898731713183224, 0.0005091869388706982, 0.0005285006482154131, 0.000547814357560128, 0.0005671281251125038, 0.0005864418344572186]}, "_wandb": {"runtime": 483}}