{"TOTAL_BEST_METRIC": 0.2666698485005964, "BEST_NDCG@10": 0.0375642836687363, "_timestamp": 1688572722.4124403, "_runtime": 1963.8660802841187, "_step": 112, "epoch": 93, "Train_Metric_loss": 3.508341624564731, "Train_Reg_loss": 0.00020154934351274877, "Pos_loss": 9.890778541564941, "Neg_loss": 0.1062973290681839, "Recall@5": 0.025501482784112215, "Recall@10": 0.04539887548445055, "Recall@20": 0.07669964301051306, "NDCG@5": 0.029831065079849613, "NDCG@10": 0.03686518245123075, "NDCG@20": 0.04773128124546713, "Recall@5_total_best": 0.02614494840790033, "Recall@10_total_best": 0.04620327506768995, "Recall@20_total_best": 0.07775898937154326, "ndcg@5_total_best": 0.030479172862717056, "ndcg@10_total_best": 0.0375642836687363, "ndcg@20_total_best": 0.04851917912200951, "EPOCH_ndcg_best": 60, "Recall@5_ndcg_best": 0.02614494840790033, "Recall@10_ndcg_best": 0.04620327506768995, "Recall@20_ndcg_best": 0.07775898937154326, "ndcg@5_ndcg_best": 0.030479172862717056, "ndcg@10_ndcg_best": 0.0375642836687363, "ndcg@20_ndcg_best": 0.04851917912200951, "gradients/mass_i.weight": {"_type": "histogram", "values": [1.0, 0.0, 1.0, 0.0, 0.0, 0.0, 0.0, 1.0, 1.0, 3.0, 0.0, 0.0, 2.0, 2.0, 2.0, 5.0, 19.0, 6.0, 16.0, 20.0, 23.0, 25.0, 49.0, 65.0, 97.0, 114.0, 149.0, 212.0, 240.0, 239.0, 138.0, 0.0, 46066.0, 44.0, 123.0, 129.0, 126.0, 96.0, 70.0, 52.0, 36.0, 18.0, 20.0, 9.0, 15.0, 13.0, 13.0, 6.0, 7.0, 4.0, 1.0, 2.0, 3.0, 2.0, 2.0, 1.0, 1.0, 1.0, 1.0, 1.0, 1.0, 0.0, 0.0, 1.0], "bins": [-0.00010610701428959146, -0.00010279606794938445, -9.948512888513505e-05, -9.617418982088566e-05, -9.286324348067865e-05, -8.955229714047164e-05, -8.624135807622224e-05, -8.293041901197284e-05, -7.961947267176583e-05, -7.630852633155882e-05, -7.299758726730943e-05, -6.968664820306003e-05, -6.637570186285302e-05, -6.306475552264601e-05, -5.9753816458396614e-05, -5.644287375616841e-05, -5.313193105394021e-05, -4.9820988351712e-05, -4.65100456494838e-05, -4.3199102947255597e-05, -3.988816024502739e-05, -3.657721754279919e-05, -3.3266274840570986e-05, -2.9955332138342783e-05, -2.664438943611458e-05, -2.3333446733886376e-05, -2.0022504031658173e-05, -1.671156132942997e-05, -1.3400618627201766e-05, -1.0089675924973562e-05, -6.778733222745359e-06, -3.4677905205171555e-06, -1.568550942465663e-07, 3.154087607981637e-06, 6.4650303102098405e-06, 9.775973012438044e-06, 1.3086915714666247e-05, 1.639785841689445e-05, 1.9708801119122654e-05, 2.3019743821350858e-05, 2.633068652357906e-05, 2.9641629225807264e-05, 3.295257192803547e-05, 3.626351463026367e-05, 3.9574457332491875e-05, 4.288540003472008e-05, 4.619634273694828e-05, 4.9507285439176485e-05, 5.281822814140469e-05, 5.612917084363289e-05, 5.9440113545861095e-05, 6.27510598860681e-05, 6.60619989503175e-05, 6.93729380145669e-05, 7.268388435477391e-05, 7.599483069498092e-05, 7.930576975923032e-05, 8.261670882347971e-05, 8.592765516368672e-05, 8.923860150389373e-05, 9.254954056814313e-05, 9.586047963239253e-05, 9.917142597259954e-05, 0.00010248237231280655, 0.00010579331137705594]}, "gradients/mass_u.weight": {"_type": "histogram", "values": [0.0, 0.0, 0.0, 0.0, 0.0, 0.0, 0.0, 0.0, 0.0, 0.0, 0.0, 0.0, 0.0, 0.0, 0.0, 0.0, 0.0, 0.0, 0.0, 0.0, 0.0, 0.0, 0.0, 0.0, 0.0, 0.0, 0.0, 0.0, 0.0, 0.0, 0.0, 0.0, 97462.0, 0.0, 0.0, 0.0, 0.0, 0.0, 0.0, 0.0, 0.0, 0.0, 0.0, 0.0, 0.0, 0.0, 0.0, 0.0, 0.0, 0.0, 0.0, 0.0, 0.0, 0.0, 0.0, 0.0, 0.0, 0.0, 0.0, 0.0, 0.0, 0.0, 0.0, 0.0], "bins": [0.0, 0.0, 0.0, 0.0, 0.0, 0.0, 0.0, 0.0, 0.0, 0.0, 0.0, 0.0, 0.0, 0.0, 0.0, 0.0, 0.0, 0.0, 0.0, 0.0, 0.0, 0.0, 0.0, 0.0, 0.0, 0.0, 0.0, 0.0, 0.0, 0.0, 0.0, 0.0, 0.0, 0.0, 0.0, 0.0, 0.0, 0.0, 0.0, 0.0, 0.0, 0.0, 0.0, 0.0, 0.0, 0.0, 0.0, 0.0, 0.0, 0.0, 0.0, 0.0, 0.0, 0.0, 0.0, 0.0, 0.0, 0.0, 0.0, 0.0, 0.0, 0.0, 0.0, 0.0, 0.0]}, "gradients/embedding_user.weight": {"_type": "histogram", "values": [1.0, 1.0, 0.0, 0.0, 0.0, 0.0, 0.0, 0.0, 0.0, 0.0, 0.0, 0.0, 0.0, 0.0, 0.0, 0.0, 0.0, 0.0, 1.0, 0.0, 2.0, 1.0, 0.0, 1.0, 2.0, 2.0, 7.0, 7.0, 22.0, 27.0, 46.0, 53.0, 109.0, 244.0, 574.0, 1405.0, 4621.0, 16957.0, 6197285.0, 11272.0, 2980.0, 1056.0, 406.0, 200.0, 102.0, 66.0, 37.0, 20.0, 25.0, 9.0, 8.0, 4.0, 4.0, 4.0, 0.0, 0.0, 1.0, 0.0, 0.0, 2.0, 1.0, 2.0, 0.0, 1.0], "bins": [-0.0032868103589862585, -0.0032010837458074093, -0.00311535713262856, -0.003029630519449711, -0.0029439041391015053, -0.002858177525922656, -0.002772450912743807, -0.0026867242995649576, -0.0026009976863861084, -0.002515271073207259, -0.00242954446002841, -0.0023438180796802044, -0.002258091466501355, -0.002172364853322506, -0.0020866382401436567, -0.0020009116269648075, -0.001915185246616602, -0.0018294586334377527, -0.0017437321366742253, -0.0016580055234953761, -0.0015722790267318487, -0.0014865524135529995, -0.0014008258003741503, -0.001315099187195301, -0.0012293726904317737, -0.0011436460772529244, -0.001057919580489397, -0.0009721929673105478, -0.0008864664123393595, -0.0008007398573681712, -0.000715013244189322, -0.0006292866892181337, -0.0005435599014163017, -0.0004578333464451134, -0.00037210676237009466, -0.0002863801782950759, -0.0002006536233238876, -0.00011492706835269928, -2.920045517385006e-05, 5.652609979733825e-05, 0.00014225265476852655, 0.0002279792242916301, 0.0003137057938147336, 0.0003994323778897524, 0.0004851589328609407, 0.000570885487832129, 0.0006566121010109782, 0.0007423386559821665, 0.0008280652109533548, 0.0009137917659245431, 0.0009995183208957314, 0.0010852449340745807, 0.001170971430838108, 0.0012566980440169573, 0.0013424246571958065, 0.0014281512703746557, 0.0015138777671381831, 0.0015996043803170323, 0.0016853308770805597, 0.001771057490259409, 0.0018567841034382582, 0.0019425106002017856, 0.002028237096965313, 0.002113963710144162, 0.0021996903233230114]}, "gradients/embedding_item.weight": {"_type": "histogram", "values": [1.0, 1.0, 0.0, 0.0, 0.0, 0.0, 1.0, 1.0, 0.0, 3.0, 5.0, 4.0, 2.0, 4.0, 6.0, 6.0, 11.0, 11.0, 17.0, 25.0, 26.0, 50.0, 66.0, 109.0, 164.0, 283.0, 401.0, 795.0, 1472.0, 3036.0, 6600.0, 16696.0, 50685.0, 184298.0, 2219143.0, 411720.0, 132893.0, 37968.0, 13340.0, 5440.0, 2468.0, 1303.0, 644.0, 408.0, 280.0, 134.0, 82.0, 58.0, 40.0, 33.0, 16.0, 20.0, 17.0, 8.0, 3.0, 4.0, 1.0, 0.0, 2.0, 5.0, 0.0, 2.0, 2.0, 3.0], "bins": [-0.0008577681146562099, -0.0008331728749908507, -0.0008085776353254914, -0.0007839823956601322, -0.0007593871559947729, -0.0007347919163294137, -0.0007101966766640544, -0.0006856013787910342, -0.0006610061973333359, -0.0006364109576679766, -0.0006118157180026174, -0.0005872204783372581, -0.0005626252386718988, -0.0005380299990065396, -0.0005134347593411803, -0.0004888394614681602, -0.0004642442218028009, -0.00043964898213744164, -0.0004150537424720824, -0.0003904585028067231, -0.00036586326314136386, -0.0003412680234760046, -0.0003166727547068149, -0.0002920775150414556, -0.00026748227537609637, -0.0002428870357107371, -0.00021829179604537785, -0.00019369654182810336, -0.0001691013021627441, -0.00014450606249738485, -0.00011991080828011036, -9.53155686147511e-05, -7.072032894939184e-05, -4.6125085646053776e-05, -2.152984234271571e-05, 3.0654045986011624e-06, 2.766064426396042e-05, 5.225588392931968e-05, 7.685113814659417e-05, 0.00010144637781195343, 0.00012604161747731268, 0.00015063685714267194, 0.0001752320968080312, 0.0001998273510253057, 0.00022442259069066495, 0.00024901784490793943, 0.0002736130845732987, 0.00029820832423865795, 0.0003228035639040172, 0.00034739880356937647, 0.00037199404323473573, 0.000396589282900095, 0.00042118452256545424, 0.0004457797622308135, 0.0004703750310000032, 0.000494970241561532, 0.0005195655394345522, 0.0005441607790999115, 0.0005687560187652707, 0.00059335125843063, 0.0006179464980959892, 0.0006425417377613485, 0.0006671369774267077, 0.0006917322752997279, 0.0007163274567574263]}, "_wandb": {"runtime": 1963}}