{"TOTAL_BEST_METRIC": 0.2410822182992347, "BEST_NDCG@10": 0.03385149091898505, "_timestamp": 1688554199.2764914, "_runtime": 10857.327678442001, "_step": 588, "epoch": 528, "Train_Metric_loss": 1.0138969101856665, "Train_Reg_loss": 0.0005410451090356969, "Pos_loss": 10.452326774597168, "Neg_loss": 0.17929920554161072, "Recall@5": 0.0225680572879798, "Recall@10": 0.039679473181230024, "Recall@20": 0.06949350528700685, "NDCG@5": 0.026296601646207948, "NDCG@10": 0.0323226385520914, "NDCG@20": 0.04273758567367304, "Recall@5_total_best": 0.02378272014018606, "Recall@10_total_best": 0.041796863339882286, "Recall@20_total_best": 0.07034515200768107, "ndcg@5_total_best": 0.027475090426968028, "ndcg@10_total_best": 0.03385149091898505, "ndcg@20_total_best": 0.0438309014655322, "EPOCH_ndcg_best": 40, "Recall@5_ndcg_best": 0.02378272014018606, "Recall@10_ndcg_best": 0.041796863339882286, "Recall@20_ndcg_best": 0.07034515200768107, "ndcg@5_ndcg_best": 0.027475090426968028, "ndcg@10_ndcg_best": 0.03385149091898505, "ndcg@20_ndcg_best": 0.0438309014655322, "gradients/mass_i.weight": {"_type": "histogram", "values": [2.0, 0.0, 0.0, 1.0, 0.0, 1.0, 0.0, 1.0, 1.0, 0.0, 3.0, 3.0, 4.0, 8.0, 9.0, 10.0, 7.0, 13.0, 15.0, 25.0, 29.0, 55.0, 105.0, 146.0, 322.0, 679.0, 45914.0, 336.0, 225.0, 109.0, 59.0, 49.0, 44.0, 40.0, 14.0, 14.0, 13.0, 8.0, 6.0, 3.0, 2.0, 3.0, 2.0, 2.0, 0.0, 1.0, 1.0, 2.0, 3.0, 0.0, 3.0, 1.0, 0.0, 0.0, 0.0, 0.0, 0.0, 0.0, 0.0, 0.0, 0.0, 0.0, 0.0, 1.0], "bins": [-7.227411697385833e-05, -6.95681810611859e-05, -6.686225242447108e-05, -6.415631651179865e-05, -6.145038787508383e-05, -5.8744451962411404e-05, -5.603851968771778e-05, -5.333258741302416e-05, -5.062665150035173e-05, -4.7920719225658104e-05, -4.521478695096448e-05, -4.250885103829205e-05, -3.980291876359843e-05, -3.7096986488904804e-05, -3.439105421421118e-05, -3.168512193951756e-05, -2.8979189664823934e-05, -2.627325739013031e-05, -2.3567323296447285e-05, -2.086139102175366e-05, -1.8155456928070635e-05, -1.544952465337701e-05, -1.2743592378683388e-05, -1.0037658285000362e-05, -7.331726010306738e-06, -4.625792826118413e-06, -1.9198600966774393e-06, 7.860726327635348e-07, 3.4920058169518597e-06, 6.197939001140185e-06, 8.903871275833808e-06, 1.1609805369516835e-05, 1.4315737644210458e-05, 1.702166991890408e-05, 1.9727604012587108e-05, 2.243353628728073e-05, 2.5139470380963758e-05, 2.784540265565738e-05, 3.0551334930351004e-05, 3.325726720504463e-05, 3.596320311771706e-05, 3.866913539241068e-05, 4.1375067667104304e-05, 4.4081003579776734e-05, 4.678693585447036e-05, 4.949286812916398e-05, 5.2198800403857604e-05, 5.490473267855123e-05, 5.761066495324485e-05, 6.031659722793847e-05, 6.30225331406109e-05, 6.572846177732572e-05, 6.843439768999815e-05, 7.114032632671297e-05, 7.38462622393854e-05, 7.655219815205783e-05, 7.925812678877264e-05, 8.196406270144507e-05, 8.466999133815989e-05, 8.737592725083232e-05, 9.008185588754714e-05, 9.278779180021957e-05, 9.5493727712892e-05, 9.819965634960681e-05, 0.00010090559226227924]}, "gradients/mass_u.weight": {"_type": "histogram", "values": [1.0, 0.0, 0.0, 0.0, 0.0, 0.0, 0.0, 0.0, 0.0, 0.0, 0.0, 0.0, 0.0, 0.0, 0.0, 0.0, 0.0, 0.0, 0.0, 0.0, 0.0, 0.0, 0.0, 0.0, 0.0, 1.0, 0.0, 0.0, 0.0, 0.0, 0.0, 0.0, 0.0, 1.0, 0.0, 0.0, 0.0, 0.0, 0.0, 0.0, 0.0, 0.0, 0.0, 0.0, 0.0, 0.0, 0.0, 0.0, 1.0, 1.0, 0.0, 1.0, 1.0, 4.0, 3.0, 1.0, 5.0, 4.0, 14.0, 15.0, 33.0, 69.0, 220.0, 97087.0], "bins": [-0.0003327063750475645, -0.00032750784885138273, -0.0003223092935513705, -0.00031711076735518873, -0.0003119122120551765, -0.0003067136858589947, -0.00030151515966281295, -0.0002963166043628007, -0.00029111807816661894, -0.00028591955197043717, -0.00028072099667042494, -0.00027552247047424316, -0.0002703239442780614, -0.00026512538897804916, -0.0002599268627818674, -0.00025472830748185515, -0.0002495297812856734, -0.0002443312550894916, -0.00023913269978947937, -0.0002339341735932976, -0.0002287356328452006, -0.0002235370920971036, -0.00021833856590092182, -0.00021314002515282482, -0.00020794148440472782, -0.00020274294365663081, -0.0001975444029085338, -0.00019234587671235204, -0.00018714733596425503, -0.00018194879521615803, -0.00017675026901997626, -0.00017155172827187926, -0.00016635318752378225, -0.00016115464677568525, -0.00015595610602758825, -0.00015075757983140647, -0.00014555903908330947, -0.00014036049833521247, -0.0001351619721390307, -0.0001299634313909337, -0.0001247648906428367, -0.00011956634989473969, -0.0001143678164226003, -0.00010916928295046091, -0.00010397074220236391, -9.87722014542669e-05, -9.357366798212752e-05, -8.837513450998813e-05, -8.317659376189113e-05, -7.797805301379412e-05, -7.277951954165474e-05, -6.758098606951535e-05, -6.238244532141834e-05, -5.718390821130015e-05, -5.1985371101181954e-05, -4.678683399106376e-05, -4.158829688094556e-05, -3.638975977082737e-05, -3.119122266070917e-05, -2.5992685550590977e-05, -2.079414844047278e-05, -1.5595611330354586e-05, -1.039707422023639e-05, -5.198537110118195e-06, 0.0]}, "gradients/embedding_user.weight": {"_type": "histogram", "values": [2.0, 0.0, 1.0, 0.0, 1.0, 2.0, 0.0, 1.0, 3.0, 3.0, 3.0, 2.0, 2.0, 3.0, 5.0, 8.0, 6.0, 9.0, 11.0, 14.0, 22.0, 33.0, 29.0, 66.0, 107.0, 160.0, 363.0, 830.0, 2368.0, 7151.0, 70640.0, 6138752.0, 10980.0, 3594.0, 1247.0, 510.0, 238.0, 132.0, 66.0, 50.0, 42.0, 28.0, 14.0, 15.0, 8.0, 8.0, 9.0, 4.0, 2.0, 2.0, 3.0, 2.0, 4.0, 2.0, 4.0, 3.0, 2.0, 1.0, 0.0, 0.0, 0.0, 0.0, 0.0, 1.0], "bins": [-0.0019425038481131196, -0.001880243537016213, -0.0018179832259193063, -0.0017557229148223996, -0.001693462603725493, -0.0016312022926285863, -0.0015689420979470015, -0.0015066817868500948, -0.0014444214757531881, -0.0013821611646562815, -0.0013199008535593748, -0.0012576405424624681, -0.0011953802313655615, -0.0011331199202686548, -0.0010708596091717482, -0.0010085992980748415, -0.0009463389869779348, -0.0008840786758810282, -0.0008218183647841215, -0.0007595580536872149, -0.0006972977425903082, -0.0006350374314934015, -0.0005727771786041558, -0.0005105168675072491, -0.00044825655641034245, -0.0003859962453134358, -0.00032373593421652913, -0.0002614756522234529, -0.00019921534112654626, -0.0001369550300296396, -7.46947480365634e-05, -1.2434436939656734e-05, 4.98257577419281e-05, 0.00011208606156287715, 0.0001743463653838262, 0.00023660666192881763, 0.0002988669730257243, 0.00036112728412263095, 0.00042338756611570716, 0.0004856478772126138, 0.0005479081883095205, 0.0006101684994064271, 0.0006724288105033338, 0.0007346890633925796, 0.0007969493744894862, 0.0008592096855863929, 0.0009214699966832995, 0.0009837303077802062, 0.0010459906188771129, 0.0011082509299740195, 0.0011705112410709262, 0.0012327715521678329, 0.0012950318632647395, 0.0013572921743616462, 0.001419552369043231, 0.0014818126801401377, 0.0015440729912370443, 0.001606333302333951, 0.0016685936134308577, 0.0017308539245277643, 0.001793114235624671, 0.0018553745467215776, 0.0019176348578184843, 0.001979895168915391, 0.0020421554800122976]}, "gradients/embedding_item.weight": {"_type": "histogram", "values": [1.0, 0.0, 0.0, 1.0, 3.0, 0.0, 2.0, 2.0, 1.0, 2.0, 4.0, 0.0, 2.0, 1.0, 4.0, 1.0, 2.0, 6.0, 6.0, 17.0, 9.0, 25.0, 33.0, 57.0, 96.0, 153.0, 286.0, 653.0, 1726.0, 6245.0, 36983.0, 358097.0, 2516891.0, 145387.0, 18153.0, 3779.0, 1172.0, 427.0, 242.0, 108.0, 87.0, 32.0, 29.0, 23.0, 18.0, 6.0, 11.0, 4.0, 2.0, 6.0, 0.0, 3.0, 1.0, 1.0, 5.0, 0.0, 2.0, 0.0, 1.0, 2.0, 1.0, 2.0, 0.0, 3.0],