{"TOTAL_BEST_METRIC": 1.1096146067639472, "BEST_NDCG@10": 0.14187171830415443, "_timestamp": 1688410275.4287732, "_runtime": 1093.6373081207275, "_step": 1226, "epoch": 1000, "Train_Metric_loss": 6.006565761566162, "Train_Reg_loss": 3.580218690331094e-05, "Pos_loss": 8.639533042907715, "Neg_loss": 0.2005261480808258, "Recall@5": 0.15413161881155055, "Recall@10": 0.22274578787876514, "Recall@20": 0.3022628866370127, "NDCG@5": 0.11778579651088565, "NDCG@10": 0.1418311188784572, "NDCG@20": 0.16464195388954325, "Recall@5_total_best": 0.15541817369799918, "Recall@10_total_best": 0.22346984636052822, "Recall@20_total_best": 0.30621621543932626, "ndcg@5_total_best": 0.11764269275582596, "ndcg@10_total_best": 0.14163653911005575, "ndcg@20_total_best": 0.16523113940021203, "EPOCH_ndcg_best": 1000, "Recall@5_ndcg_best": 0.154426813049359, "Recall@10_ndcg_best": 0.22256867133608008, "Recall@20_ndcg_best": 0.30213004922999886, "ndcg@5_ndcg_best": 0.11799808786862766, "ndcg@10_ndcg_best": 0.14187171830415443, "ndcg@20_ndcg_best": 0.16470626325841126, "gradients/mass_i.weight": {"_type": "histogram", "values": [1.0, 0.0, 1.0, 0.0, 0.0, 0.0, 0.0, 1.0, 0.0, 0.0, 0.0, 0.0, 0.0, 1.0, 0.0, 1.0, 1.0, 1.0, 1.0, 1.0, 0.0, 2.0, 1.0, 2.0, 0.0, 2.0, 2.0, 1.0, 1.0, 0.0, 7.0, 9.0, 5.0, 2.0, 12.0, 11.0, 15.0, 8.0, 18.0, 25.0, 32.0, 37.0, 39.0, 83.0, 79.0, 80.0, 143.0, 136.0, 167.0, 2185.0, 91.0, 149.0, 49.0, 65.0, 28.0, 34.0, 13.0, 13.0, 4.0, 3.0, 3.0, 0.0, 2.0, 1.0], "bins": [-0.0007923942757770419, -0.0007765284972265363, -0.0007606627186760306, -0.000744796940125525, -0.0007289311615750194, -0.0007130653248168528, -0.0006971995462663472, -0.0006813337677158415, -0.0006654679891653359, -0.0006496022106148303, -0.0006337364320643246, -0.000617870653513819, -0.0006020048167556524, -0.0005861390382051468, -0.0005702732596546412, -0.0005544074811041355, -0.0005385417025536299, -0.0005226759240031242, -0.0005068101454526186, -0.000490944366902113, -0.00047507855924777687, -0.00045921278069727123, -0.00044334697304293513, -0.0004274811944924295, -0.00041161541594192386, -0.0003957496373914182, -0.0003798838588409126, -0.0003640180511865765, -0.00034815227263607085, -0.0003322864940855652, -0.0003164206864312291, -0.0003005549078807235, -0.0002846891002263874, -0.00026882332167588174, -0.00025295751402154565, -0.00023709173547104, -0.00022122595692053437, -0.00020536017837002873, -0.00018949438526760787, -0.000173628592165187, -0.00015776281361468136, -0.00014189703506417572, -0.00012603124196175486, -0.0001101654561352916, -9.429967030882835e-05, -7.84338844823651e-05, -6.256809865590185e-05, -4.67023128294386e-05, -3.0836527002975345e-05, -1.4970741176512092e-05, 8.9504464995116e-07, 1.6760830476414412e-05, 3.2626616302877665e-05, 4.849240212934092e-05, 6.435818795580417e-05, 8.022397378226742e-05, 9.608975960873067e-05, 0.00011195554543519393, 0.00012782133126165718, 0.00014368712436407804, 0.00015955290291458368, 0.00017541868146508932, 0.0001912844745675102, 0.00020715026766993105, 0.0002230160462204367]}, "gradients/mass_u.weight": {"_type": "histogram", "values": [1.0, 0.0, 0.0, 0.0, 1.0, 1.0, 0.0, 2.0, 0.0, 0.0, 0.0, 0.0, 0.0, 0.0, 0.0, 0.0, 0.0, 2.0, 0.0, 0.0, 0.0, 0.0, 0.0, 0.0, 0.0, 0.0, 0.0, 1.0, 0.0, 0.0, 0.0, 0.0, 0.0, 1.0, 0.0, 0.0, 1.0, 1.0, 0.0, 1.0, 2.0, 2.0, 0.0, 4.0, 0.0, 1.0, 4.0, 5.0, 7.0, 3.0, 2.0, 7.0, 6.0, 7.0, 9.0, 10.0, 17.0, 25.0, 81.0, 85.0, 78.0, 77.0, 33.0, 5064.0], "bins": [-0.001397776184603572, -0.001375935971736908, -0.0013540956424549222, -0.0013322554295882583, -0.0013104152167215943, -0.0012885748874396086, -0.0012667346745729446, -0.0012448944617062807, -0.001223054132424295, -0.001201213919557631, -0.0011793735902756453, -0.0011575333774089813, -0.0011356931645423174, -0.0011138528352603316, -0.0010920126223936677, -0.0010701724095270038, -0.001048332080245018, -0.001026491867378354, -0.0010046515380963683, -0.0009828113252297044, -0.0009609710541553795, -0.0009391307830810547, -0.0009172905702143908, -0.0008954502991400659, -0.0008736101444810629, -0.000851769873406738, -0.0008299296605400741, -0.0008080893894657493, -0.0007862491183914244, -0.0007644088473170996, -0.0007425686344504356, -0.0007207283633761108, -0.000698888092301786, -0.0006770478212274611, -0.0006552076083607972, -0.0006333673372864723, -0.0006115270662121475, -0.0005896867951378226, -0.0005678465822711587, -0.0005460063111968338, -0.000524166040122509, -0.0005023257690481842, -0.00048048552707768977, -0.0004586452851071954, -0.00043680501403287053, -0.00041496477206237614, -0.00039312453009188175, -0.0003712842590175569, -0.000349444046150893, -0.0003276038041803986, -0.00030576353310607374, -0.00028392329113557935, -0.0002620830200612545, -0.0002402427780907601, -0.00021840253612026572, -0.0001965622795978561, -0.0001747220230754465, -0.00015288176655303687, -0.00013104151003062725, -0.00010920126806013286, -8.736101153772324e-05, -6.552075501531363e-05, -4.3680513044819236e-05, -2.1840256522409618e-05, 0.0]}, "gradients/embedding_user.weight": {"_type": "histogram", "values": [2.0, 0.0, 0.0, 0.0, 0.0, 0.0, 0.0, 0.0, 0.0, 1.0, 0.0, 2.0, 0.0, 2.0, 0.0, 2.0, 2.0, 1.0, 4.0, 12.0, 5.0, 13.0, 28.0, 63.0, 139.0, 338.0, 907.0, 3686.0, 37201.0, 254564.0, 51477.0, 4389.0, 1134.0, 322.0, 165.0, 74.0, 41.0, 20.0, 6.0, 5.0, 4.0, 2.0, 2.0, 4.0, 1.0, 0.0, 1.0, 1.0, 1.0, 1.0, 1.0, 0.0, 0.0, 0.0, 0.0, 0.0, 0.0, 0.0, 0.0, 0.0, 0.0, 0.0, 0.0, 1.0], "bins": [-0.002116261748597026, -0.0020446497946977615, -0.001973037840798497, -0.0019014260033145547, -0.0018298140494152904, -0.0017582022119313478, -0.0016865902580320835, -0.0016149783041328192, -0.0015433663502335548, -0.0014717543963342905, -0.001400142558850348, -0.0013285306049510837, -0.0012569186510518193, -0.0011853068135678768, -0.0011136948596686125, -0.0010420829057693481, -0.0009704710682854056, -0.0008988591725938022, -0.0008272472186945379, -0.0007556353230029345, -0.0006840233691036701, -0.0006124114734120667, -0.0005407995777204633, -0.00046918762382119894, -0.0003975757281295955, -0.00032596380333416164, -0.00025435187853872776, -0.00018273998284712434, -0.00011112805805169046, -3.951613325625658e-05, 3.209576243534684e-05, 0.00010370771633461118, 0.0001753196120262146, 0.0002469315368216485, 0.00031854346161708236, 0.0003901553573086858, 0.00046176728210411966, 0.0005333792068995535, 0.000604991102591157, 0.0006766030564904213, 0.0007482149521820247, 0.0008198268478736281, 0.0008914388017728925, 0.0009630506974644959, 0.0010346625931560993, 0.0011062745470553637, 0.001177886500954628, 0.0012494984548538923, 0.0013211102923378348, 0.0013927222462370992, 0.0014643340837210417, 0.001535946037620306, 0.0016075579915195704, 0.0016791699454188347, 0.0017507817829027772, 0.0018223937368020415, 0.001894005574285984, 0.0019656175281852484, 0.0020372294820845127, 0.0021088412031531334, 0.0021804531570523977, 0.002252065110951662, 0.0023236770648509264, 0.0023952890187501907, 0.002466900972649455]}, "gradients/embedding_item.weight": {"_type": "histogram", "values": [1.0, 0.0, 3.0, 1.0, 3.0, 1.0, 3.0, 3.0, 6.0, 12.0, 10.0, 16.0, 34.0, 44.0, 36.0, 66.0, 79.0, 135.0, 180.0, 252.0, 384.0, 648.0, 922.0, 1464.0, 2497.0, 3819.0, 6754.0, 12151.0, 21773.0, 36943.0, 65070.0, 31139.0, 18536.0, 10316.0, 5700.0, 3453.0, 2050.0, 1313.0, 842.0, 539.0, 347.0, 256.0, 162.0, 121.0, 70.0, 65.0, 40.0, 26.0, 21.0, 13.0, 14.0, 4.0, 4.0, 5.0, 0.0, 3.0, 0.0, 0.0, 1.0, 0.0, 0.0, 0.0, 1.0, 1.0],