{"TOTAL_BEST_METRIC": 0.1413202406391593, "BEST_NDCG@10": 0.01600594900652912, "_timestamp": 1688374384.6866229, "_runtime": 2164.399076938629, "_step": 1103, "epoch": 1000, "Train_Metric_loss": NaN, "Train_Reg_loss": NaN, "Pos_loss": NaN, "Neg_loss": NaN, "Recall@5": 0.00013653741125068268, "Recall@10": 0.000591662115419625, "Recall@20": 0.0010172037138175861, "NDCG@5": 5.281988083486368e-05, "NDCG@10": 0.00022000096810395565, "NDCG@20": 0.00034823243471569386, "Recall@5_total_best": 0.017537553206245178, "Recall@10_total_best": 0.029089733844649194, "Recall@20_total_best": 0.04592665852564815, "ndcg@5_total_best": 0.011947466954982245, "ndcg@10_total_best": 0.01600594900652912, "ndcg@20_total_best": 0.0208128791011054, "EPOCH_ndcg_best": 10, "Recall@5_ndcg_best": 0.017537553206245178, "Recall@10_ndcg_best": 0.029089733844649194, "Recall@20_ndcg_best": 0.04592665852564815, "ndcg@5_ndcg_best": 0.011947466954982245, "ndcg@10_ndcg_best": 0.01600594900652912, "ndcg@20_ndcg_best": 0.0208128791011054, "gradients/mass_i.weight": {"_type": "histogram", "values": [1.0, 0.0, 0.0, 0.0, 0.0, 0.0, 0.0, 1.0, 0.0, 0.0, 1.0, 0.0, 0.0, 0.0, 0.0, 0.0, 0.0, 0.0, 0.0, 2.0, 0.0, 3.0, 2.0, 4.0, 1.0, 3.0, 5.0, 8.0, 9.0, 18.0, 14.0, 9.0, 16.0, 24.0, 35.0, 65.0, 67.0, 138.0, 172.0, 248.0, 156.0, 7301.0, 163.0, 85.0, 15.0, 38.0, 31.0, 21.0, 6.0, 2.0, 7.0, 13.0, 8.0, 5.0, 8.0, 1.0, 0.0, 1.0, 3.0, 1.0, 0.0, 1.0, 0.0, 1.0], "bins": [-5.926193261984736e-05, -5.7822348026093096e-05, -5.638275979436003e-05, -5.4943175200605765e-05, -5.3503586968872696e-05, -5.2064002375118434e-05, -5.062441778136417e-05, -4.918483318760991e-05, -4.774524495587684e-05, -4.630566036212258e-05, -4.486607213038951e-05, -4.342648753663525e-05, -4.198690294288099e-05, -4.054731471114792e-05, -3.910773011739366e-05, -3.766814188566059e-05, -3.622855729190633e-05, -3.4788972698152065e-05, -3.3349384466418996e-05, -3.1909799872664735e-05, -3.047021345992107e-05, -2.9030627047177404e-05, -2.7591042453423142e-05, -2.6151456040679477e-05, -2.4711869627935812e-05, -2.3272283215192147e-05, -2.183269680244848e-05, -2.039311220869422e-05, -1.8953525795950554e-05, -1.751393938320689e-05, -1.6074354789452627e-05, -1.4634768376708962e-05, -1.319517832598649e-05, -1.1755591913242824e-05, -1.0316006409993861e-05, -8.876420906744897e-06, -7.436834494001232e-06, -5.997248536004918e-06, -4.557662578008603e-06, -3.11807707475964e-06, -1.6784906620159745e-06, -2.3890470401966013e-07, 1.2006812539766543e-06, 2.6402672119729687e-06, 4.079853169969283e-06, 5.5194391279655974e-06, 6.959025085961912e-06, 8.398610589210875e-06, 9.83819700195454e-06, 1.1277783414698206e-05, 1.271736891794717e-05, 1.4156954421196133e-05, 1.5596540833939798e-05, 1.7036127246683463e-05, 1.8475711840437725e-05, 1.991529825318139e-05, 2.1354884665925056e-05, 2.279447107866872e-05, 2.4234057491412386e-05, 2.5673642085166648e-05, 2.7113228497910313e-05, 2.855281491065398e-05, 2.999239950440824e-05, 3.14319840981625e-05, 3.287157232989557e-05]}, "gradients/mass_u.weight": {"_type": "histogram", "values": [1.0, 0.0, 0.0, 0.0, 0.0, 0.0, 0.0, 0.0, 0.0, 0.0, 1.0, 0.0, 0.0, 0.0, 0.0, 0.0, 0.0, 0.0, 0.0, 1.0, 1.0, 0.0, 0.0, 0.0, 2.0, 0.0, 0.0, 0.0, 1.0, 0.0, 0.0, 0.0, 1.0, 1.0, 4.0, 1.0, 0.0, 2.0, 1.0, 2.0, 3.0, 2.0, 2.0, 5.0, 7.0, 2.0, 4.0, 4.0, 4.0, 9.0, 3.0, 9.0, 16.0, 23.0, 12.0, 19.0, 49.0, 69.0, 106.0, 0.0, 73.0, 40.0, 14.0, 14187.0], "bins": [-0.000135041365865618, -0.0001329313381575048, -0.00013082132500130683, -0.00012871129729319364, -0.00012660128413699567, -0.00012449125642888248, -0.00012238124327268451, -0.00012027121556457132, -0.00011816119513241574, -0.00011605117470026016, -0.00011394115426810458, -0.000111831133835949, -0.00010972110612783581, -0.00010761108569568023, -0.00010550106526352465, -0.00010339104483136907, -0.00010128102439921349, -9.917100396705791e-05, -9.706098353490233e-05, -9.495096310274675e-05, -9.284094267059118e-05, -9.073091496247798e-05, -8.86208945303224e-05, -8.651087409816682e-05, -8.440085366601124e-05, -8.229083323385566e-05, -8.018081280170009e-05, -7.80707923695445e-05, -7.596076466143131e-05, -7.385074422927573e-05, -7.174072379712015e-05, -6.963070336496457e-05, -6.7520682932809e-05, -6.541066250065342e-05, -6.330064206849784e-05, -6.119062163634226e-05, -5.908059756620787e-05, -5.697057713405229e-05, -5.4860553063917905e-05, -5.2750532631762326e-05, -5.0640512199606746e-05, -4.853049176745117e-05, -4.642047133529559e-05, -4.43104472651612e-05, -4.220042683300562e-05, -4.009040640085004e-05, -3.7980382330715656e-05, -3.587036189856008e-05, -3.37603414664045e-05, -3.165032103424892e-05, -2.9540298783103935e-05, -2.7430276531958953e-05, -2.5320256099803373e-05, -2.3210235667647794e-05, -2.110021341650281e-05, -1.8990191165357828e-05, -1.688017073320225e-05, -1.4770149391551968e-05, -1.2660128049901687e-05, -1.0550106708251406e-05, -8.440085366601124e-06, -6.330064024950843e-06, -4.220042683300562e-06, -2.110021341650281e-06, 0.0]}, "gradients/embedding_user.weight": {"_type": "histogram", "values": [0.0, 0.0, 0.0, 0.0, 0.0, 0.0, 0.0, 0.0, 0.0, 0.0, 0.0, 0.0, 0.0, 0.0, 0.0, 0.0, 0.0, 0.0, 0.0, 0.0, 0.0, 0.0, 0.0, 0.0, 0.0, 0.0, 0.0, 0.0, 0.0, 0.0, 0.0, 0.0, 5888.0, 0.0, 0.0, 0.0, 0.0, 0.0, 0.0, 0.0, 0.0, 0.0, 0.0, 0.0, 0.0, 0.0, 0.0, 0.0, 0.0, 0.0, 0.0, 0.0, 0.0, 0.0, 0.0, 0.0, 0.0, 0.0, 0.0, 0.0, 0.0, 0.0, 0.0, 0.0], "bins": [0.0, 0.0, 0.0, 0.0, 0.0, 0.0, 0.0, 0.0, 0.0, 0.0, 0.0, 0.0, 0.0, 0.0, 0.0, 0.0, 0.0, 0.0, 0.0, 0.0, 0.0, 0.0, 0.0, 0.0, 0.0, 0.0, 0.0, 0.0, 0.0, 0.0, 0.0, 0.0, 0.0, 0.0, 0.0, 0.0, 0.0, 0.0, 0.0, 0.0, 0.0, 0.0, 0.0, 0.0, 0.0, 0.0, 0.0, 0.0, 0.0, 0.0, 0.0, 0.0, 0.0, 0.0, 0.0, 0.0, 0.0, 0.0, 0.0, 0.0, 0.0, 0.0, 0.0, 0.0, 0.0]}, "_wandb": {"runtime": 2163}}