{"TOTAL_BEST_METRIC": 0.971825994997806, "BEST_NDCG@10": 0.12292282831762537, "_timestamp": 1688356910.079722, "_runtime": 780.0729110240936, "_step": 1111, "epoch": 1000, "Train_Metric_loss": NaN, "Train_Reg_loss": NaN, "Pos_loss": NaN, "Neg_loss": NaN, "Recall@5": 0.0007852166725705515, "Recall@10": 0.003778486243948518, "Recall@20": 0.005806892363746774, "NDCG@5": 0.000556356529533085, "NDCG@10": 0.0016257618776651963, "NDCG@20": 0.002209725865082795, "Recall@5_total_best": 0.13034539039419063, "Recall@10_total_best": 0.19846813201237384, "Recall@20_total_best": 0.2797532096807783, "ndcg@5_total_best": 0.0977300016154804, "ndcg@10_total_best": 0.12128445307629745, "ndcg@20_total_best": 0.14424480821868538, "EPOCH_ndcg_best": 50, "Recall@5_ndcg_best": 0.13110725385880595, "Recall@10_ndcg_best": 0.19930660737613026, "Recall@20_ndcg_best": 0.27243106209561263, "ndcg@5_ndcg_best": 0.09881414699568263, "ndcg@10_ndcg_best": 0.12292282831762537, "ndcg@20_ndcg_best": 0.14390027994293197, "gradients/mass_i.weight": {"_type": "histogram", "values": [2.0, 0.0, 0.0, 1.0, 0.0, 0.0, 0.0, 0.0, 1.0, 0.0, 0.0, 1.0, 1.0, 1.0, 1.0, 2.0, 1.0, 4.0, 5.0, 8.0, 9.0, 17.0, 19.0, 20.0, 33.0, 27.0, 28.0, 34.0, 27.0, 3287.0, 3.0, 10.0, 5.0, 4.0, 1.0, 3.0, 1.0, 1.0, 1.0, 3.0, 2.0, 0.0, 0.0, 0.0, 1.0, 1.0, 0.0, 0.0, 0.0, 0.0, 1.0, 0.0, 0.0, 0.0, 1.0, 0.0, 0.0, 0.0, 0.0, 0.0, 0.0, 0.0, 0.0, 1.0], "bins": [-5.0053567974828184e-05, -4.838472159462981e-05, -4.6715875214431435e-05, -4.504702883423306e-05, -4.3378182454034686e-05, -4.170933607383631e-05, -4.004048969363794e-05, -3.837164331343956e-05, -3.670279693324119e-05, -3.5033950553042814e-05, -3.336510417284444e-05, -3.1696257792646065e-05, -3.002741141244769e-05, -2.8358565032249317e-05, -2.6689718652050942e-05, -2.5020872271852568e-05, -2.3352027710643597e-05, -2.1683181330445223e-05, -2.0014334950246848e-05, -1.8345488570048474e-05, -1.66766421898501e-05, -1.5007796719146427e-05, -1.3338950338948052e-05, -1.1670103958749678e-05, -1.0001257578551304e-05, -8.33241119835293e-06, -6.663564818154555e-06, -4.994718892703531e-06, -3.325872512505157e-06, -1.6570265870541334e-06, 1.1819793144240975e-08, 1.6806661733426154e-06, 3.3495125535409898e-06, 5.018358933739364e-06, 6.6872053139377385e-06, 8.356051694136113e-06, 1.0024898074334487e-05, 1.169374354503816e-05, 1.3362589925236534e-05, 1.5031436305434909e-05, 1.6700283595127985e-05, 1.836912997532636e-05, 2.0037976355524734e-05, 2.1706822735723108e-05, 2.3375669115921482e-05, 2.5044515496119857e-05, 2.671336187631823e-05, 2.8382208256516606e-05, 3.0051052817725576e-05, 3.171989737893455e-05, 3.338874375913292e-05, 3.5057590139331296e-05, 3.672643651952967e-05, 3.8395282899728045e-05, 4.006412927992642e-05, 4.1732975660124794e-05, 4.340182204032317e-05, 4.507066842052154e-05, 4.673951480071992e-05, 4.840836118091829e-05, 5.0077207561116666e-05, 5.174605394131504e-05, 5.3414900321513414e-05, 5.508374670171179e-05, 5.675259308191016e-05]}, "gradients/mass_u.weight": {"_type": "histogram", "values": [1.0, 0.0, 0.0, 0.0, 0.0, 0.0, 0.0, 0.0, 0.0, 0.0, 0.0, 0.0, 0.0, 0.0, 0.0, 0.0, 0.0, 1.0, 0.0, 0.0, 0.0, 0.0, 0.0, 0.0, 2.0, 0.0, 0.0, 0.0, 0.0, 0.0, 0.0, 0.0, 0.0, 0.0, 0.0, 0.0, 0.0, 0.0, 0.0, 0.0, 1.0, 2.0, 2.0, 1.0, 1.0, 3.0, 2.0, 2.0, 7.0, 1.0, 3.0, 6.0, 1.0, 2.0, 8.0, 18.0, 12.0, 22.0, 33.0, 39.0, 116.0, 92.0, 114.0, 5049.0], "bins": [-2.9983290005475283e-05, -2.9514802008634433e-05, -2.904631219280418e-05, -2.8577822376973927e-05, -2.8109334380133078e-05, -2.7640846383292228e-05, -2.7172356567461975e-05, -2.6703866751631722e-05, -2.6235378754790872e-05, -2.5766890757950023e-05, -2.529840094211977e-05, -2.4829911126289517e-05, -2.4361423129448667e-05, -2.3892935132607818e-05, -2.3424445316777565e-05, -2.295595550094731e-05, -2.2487467504106462e-05, -2.2018979507265612e-05, -2.155048969143536e-05, -2.1081999875605106e-05, -2.0613511878764257e-05, -2.0145023881923407e-05, -1.9676534066093154e-05, -1.92080442502629e-05, -1.873955625342205e-05, -1.8271068256581202e-05, -1.780257844075095e-05, -1.7334088624920696e-05, -1.6865600628079847e-05, -1.6397112631238997e-05, -1.5928622815408744e-05, -1.546013299957849e-05, -1.4991645002737641e-05, -1.452315609640209e-05, -1.4054667190066539e-05, -1.3586178283730987e-05, -1.3117689377395436e-05, -1.2649200471059885e-05, -1.2180711564724334e-05, -1.1712222658388782e-05, -1.1243733752053231e-05, -1.077524484571768e-05, -1.0306755939382128e-05, -9.838267033046577e-06, -9.369778126711026e-06, -8.901289220375475e-06, -8.432800314039923e-06, -7.964311407704372e-06, -7.495822501368821e-06, -7.027333595033269e-06, -6.558844688697718e-06, -6.090355782362167e-06, -5.6218668760266155e-06, -5.153377969691064e-06, -4.684889063355513e-06, -4.216400157019962e-06, -3.7479112506844103e-06, -3.279422344348859e-06, -2.8109334380133078e-06, -2.3424445316777565e-06, -1.8739556253422052e-06, -1.4054667190066539e-06, -9.369778126711026e-07, -4.684889063355513e-07, 0.0]}, "gradients/embedding_user.weight": {"_type": "histogram", "values": [0.0, 0.0, 0.0, 0.0, 0.0, 0.0, 0.0, 0.0, 0.0, 0.0, 0.0, 0.0, 0.0, 0.0, 0.0, 0.0, 0.0, 0.0, 0.0, 0.0, 0.0, 0.0, 0.0, 0.0, 0.0, 0.0, 0.0, 0.0, 0.0, 0.0, 0.0, 0.0, 3392.0, 0.0, 0.0, 0.0, 0.0, 0.0, 0.0, 0.0, 0.0, 0.0, 0.0, 0.0, 0.0, 0.0, 0.0, 0.0, 0.0, 0.0, 0.0, 0.0, 0.0, 0.0, 0.0, 0.0, 0.0, 0.0, 0.0, 0.0, 0.0, 0.0, 0.0, 0.0], "bins": [0.0, 0.0, 0.0, 0.0, 0.0, 0.0, 0.0, 0.0, 0.0, 0.0, 0.0, 0.0, 0.0, 0.0, 0.0, 0.0, 0.0, 0.0, 0.0, 0.0, 0.0, 0.0, 0.0, 0.0, 0.0, 0.0, 0.0, 0.0, 0.0, 0.0, 0.0, 0.0, 0.0, 0.0, 0.0, 0.0, 0.0, 0.0, 0.0, 0.0, 0.0, 0.0, 0.0, 0.0, 0.0, 0.0, 0.0, 0.0, 0.0, 0.0, 0.0, 0.0, 0.0, 0.0, 0.0, 0.0, 0.0, 0.0, 0.0, 0.0, 0.0, 0.0, 0.0, 0.0, 0.0]}, "_wandb": {"runtime": 779}}