{"TOTAL_BEST_METRIC": 0.34217004351327407, "BEST_NDCG@10": 0.04054336604303608, "_timestamp": 1688398543.173527, "_runtime": 1516.0191609859467, "_step": 1132, "epoch": 1000, "Train_Metric_loss": -0.4682618571179254, "Train_Reg_loss": 3.536696989872975e-06, "Pos_loss": -0.4333193302154541, "Neg_loss": 0.32863494753837585, "Recall@5": 0.0418747948361296, "Recall@10": 0.06718114423639156, "Recall@20": 0.10097129175196239, "NDCG@5": 0.02881954214865788, "NDCG@10": 0.037526373108855406, "NDCG@20": 0.04699138676899993, "Recall@5_total_best": 0.04482513580531273, "Recall@10_total_best": 0.0691912983080809, "Recall@20_total_best": 0.10651244980199534, "ndcg@5_total_best": 0.031347311432652396, "ndcg@10_total_best": 0.03992348036094086, "ndcg@20_total_best": 0.050370367804291875, "EPOCH_ndcg_best": 850, "Recall@5_ndcg_best": 0.044401202412714676, "Recall@10_ndcg_best": 0.06879662293217942, "Recall@20_ndcg_best": 0.10375579788846197, "ndcg@5_ndcg_best": 0.03214918004059878, "ndcg@10_ndcg_best": 0.04054336604303608, "ndcg@20_ndcg_best": 0.0503732952504147, "gradients/mass_i.weight": {"_type": "histogram", "values": [1.0, 0.0, 0.0, 0.0, 0.0, 0.0, 0.0, 0.0, 0.0, 0.0, 0.0, 0.0, 0.0, 0.0, 0.0, 0.0, 0.0, 0.0, 0.0, 1.0, 1.0, 0.0, 1.0, 1.0, 0.0, 0.0, 2.0, 0.0, 0.0, 0.0, 0.0, 1.0, 1.0, 3.0, 1.0, 4.0, 4.0, 3.0, 2.0, 4.0, 4.0, 4.0, 10.0, 4.0, 12.0, 17.0, 10.0, 31.0, 30.0, 41.0, 95.0, 111.0, 78.0, 481.0, 366.0, 181.0, 90.0, 6266.0, 608.0, 172.0, 48.0, 17.0, 4.0, 3.0], "bins": [-0.002887628972530365, -0.0028370204381644726, -0.00278641190379858, -0.0027358033694326878, -0.0026851948350667953, -0.002634586300700903, -0.0025839777663350105, -0.002533369231969118, -0.0024827606976032257, -0.0024321521632373333, -0.002381543628871441, -0.0023309350945055485, -0.002280326560139656, -0.0022297180257737637, -0.0021791094914078712, -0.002128500957041979, -0.00207789265550673, -0.0020272841211408377, -0.0019766755867749453, -0.0019260670524090528, -0.0018754585180431604, -0.001824849983677268, -0.0017742415657266974, -0.001723633031360805, -0.0016730244969949126, -0.0016224159626290202, -0.0015718074282631278, -0.0015211988938972354, -0.0014705904759466648, -0.0014199819415807724, -0.00136937340721488, -0.0013187648728489876, -0.0012681563384830952, -0.0012175478041172028, -0.0011669392697513103, -0.001116330735385418, -0.0010657222010195255, -0.0010151136666536331, -0.0009645052487030625, -0.0009138967143371701, -0.0008632881799712777, -0.0008126796456053853, -0.0007620711112394929, -0.0007114626350812614, -0.000660854100715369, -0.0006102455663494766, -0.0005596370901912451, -0.0005090285558253527, -0.0004584199923556298, -0.00040781148709356785, -0.00035720295272767544, -0.00030659441836178303, -0.0002559859130997211, -0.00020537737873382866, -0.0001547688734717667, -0.00010416036820970476, -5.3551833843812346e-05, -2.9433140298351645e-06, 4.766520578414202e-05, 9.82737255981192e-05, 0.00014888224541209638, 0.0001994907797779888, 0.00025009928504005075, 0.0003007077903021127, 0.0003513163246680051]}, "gradients/mass_u.weight": {"_type": "histogram", "values": [1.0, 0.0, 0.0, 0.0, 0.0, 1.0, 0.0, 0.0, 0.0, 0.0, 0.0, 0.0, 1.0, 0.0, 0.0, 1.0, 0.0, 0.0, 0.0, 0.0, 0.0, 1.0, 0.0, 0.0, 0.0, 0.0, 1.0, 0.0, 0.0, 1.0, 1.0, 0.0, 3.0, 1.0, 1.0, 2.0, 1.0, 0.0, 2.0, 2.0, 2.0, 0.0, 0.0, 1.0, 5.0, 7.0, 2.0, 1.0, 4.0, 6.0, 7.0, 12.0, 5.0, 11.0, 15.0, 23.0, 28.0, 53.0, 77.0, 102.0, 85.0, 35.0, 17.0, 14163.0], "bins": [-0.006794311571866274, -0.006688150577247143, -0.006581989116966724, -0.006475828122347593, -0.006369667127728462, -0.006263506133109331, -0.006157344672828913, -0.006051183678209782, -0.0059450226835906506, -0.0058388616889715195, -0.005732700228691101, -0.00562653923407197, -0.005520378239452839, -0.005414217244833708, -0.005308055784553289, -0.005201894789934158, -0.005095733795315027, -0.004989572800695896, -0.004883411340415478, -0.004777250345796347, -0.004671089351177216, -0.0045649283565580845, -0.004458766896277666, -0.004352605901658535, -0.004246444907039404, -0.004140283912420273, -0.004034122452139854, -0.003927961457520723, -0.0038218004629015923, -0.0037156392354518175, -0.0036094782408326864, -0.0035033170133829117, -0.003397155785933137, -0.003290994558483362, -0.003184833563864231, -0.0030786723364144564, -0.0029725113417953253, -0.0028663501143455505, -0.0027601891197264194, -0.0026540278922766447, -0.0025478668976575136, -0.002441705670207739, -0.002335544675588608, -0.002229383448138833, -0.002123222453519702, -0.002017061226069927, -0.0019109002314507961, -0.0018047390040010214, -0.0016985778929665685, -0.0015924167819321156, -0.0014862556708976626, -0.0013800945598632097, -0.0012739334488287568, -0.001167772337794304, -0.0010616111103445292, -0.0009554500575177372, -0.0008492889464832842, -0.0007431278354488313, -0.0006369667244143784, -0.0005308055551722646, -0.0004246444732416421, -0.00031848333310335875, -0.00021232222206890583, -0.00010616111103445292, 0.0]}, "gradients/embedding_user.weight": {"_type": "histogram", "values": [1.0, 0.0, 0.0, 1.0, 0.0, 1.0, 2.0, 6.0, 4.0, 2.0, 6.0, 10.0, 10.0, 21.0, 9.0, 18.0, 26.0, 34.0, 41.0, 46.0, 69.0, 124.0, 177.0, 282.0, 417.0, 744.0, 1173.0, 2179.0, 3960.0, 10543.0, 35596.0, 129532.0, 331069.0, 280260.0, 98468.0, 27073.0, 8595.0, 3763.0, 2055.0, 1169.0, 744.0, 426.0, 254.0, 171.0, 139.0, 74.0, 67.0, 49.0, 22.0, 34.0, 25.0, 19.0, 17.0, 8.0, 12.0, 12.0, 5.0, 5.0, 6.0, 1.0, 4.0, 1.0, 1.0, 2.0], "bins": [-0.0002456595830153674, -0.0002381954836891964, -0.0002307313698111102, -0.00022326727048493922, -0.000215803156606853, -0.00020833905728068203, -0.00020087495795451105, -0.00019341084407642484, -0.00018594674475025386, -0.00017848264542408288, -0.00017101853154599667, -0.00016355443221982569, -0.00015609031834173948, -0.0001486262190155685, -0.00014116210513748229, -0.0001336980058113113, -0.00012623390648514032, -0.00011876979988301173, -0.00011130569328088313, -0.00010384159395471215, -9.637748735258356e-05, -8.891338075045496e-05, -8.144927414832637e-05, -7.398516754619777e-05, -6.652105366811156e-05, -5.905694706598297e-05, -5.159284410183318e-05, -4.4128737499704584e-05, -3.6664634535554796e-05, -2.92005279334262e-05, -2.1736421331297606e-05, -1.4272318367147818e-05, -6.80821540299803e-06, 6.558898348885123e-07, 8.119995072775055e-06, 1.5584100765408948e-05, 2.304820554854814e-05, 3.051231033168733e-05, 3.7976416933815926e-05, 4.5440519897965714e-05, 5.290462650009431e-05, 6.0368733102222905e-05, 6.783283606637269e-05, 7.529694266850129e-05, 8.276104927062988e-05, 9.022514859680086e-05, 9.768926247488707e-05, 0.00010515336180105805, 0.00011261746840318665, 0.00012008157500531524, 0.00012754567433148623, 0.00013500978820957243, 0.00014247388753574342, 0.0001499379868619144, 0.0001574021007400006, 0.0001648662000661716, 0.0001723303139442578, 0.00017979441327042878, 0.00018725852714851499, 0.00019472262647468597, 0.00020218674035277218, 0.00020965083967894316, 0.00021711495355702937, 0.00022457905288320035, 0.00023204315220937133]}, "gradients/embedding_item.weight": {"_type": "histogram", "values": [1.0, 1.0, 4.0, 3.0, 5.0, 5.0, 4.0, 6.0, 11.0, 15.0, 21.0, 27.0, 45.0, 47.0, 77.0, 119.0, 125.0, 212.0, 324.0, 457.0, 664.0, 1121.0, 1644.0, 2537.0, 4156.0, 6570.0, 11135.0, 18682.0, 30677.0, 45921.0, 252300.0, 81595.0, 37747.0, 23653.0, 14501.0, 8475.0, 5274.0, 3189.0, 2093.0, 1320.0, 899.0, 576.0, 396.0, 297.0, 184.0, 137.0, 102.0, 84.0, 56.0, 40.0, 27.0, 28.0, 12.0, 9.0, 7.0, 7.0, 4.0, 0.0, 2.0, 0.0, 1.0, 0.0, 0.0, 1.0],