{"TOTAL_BEST_METRIC": 0.6578780567140264, "BEST_NDCG@10": 0.07866054178129578, "_timestamp": 1688440987.9938636, "_runtime": 75.34151268005371, "_step": 92, "epoch": 71, "Train_Metric_loss": 4.593052768707276, "Train_Reg_loss": 8.788065497356e-06, "Pos_loss": 8.32918643951416, "Neg_loss": 0.9356310963630676, "Recall@5": 0.08224506692541818, "Recall@10": 0.13333891996848535, "Recall@20": 0.20412970455268684, "NDCG@5": 0.06072686587734968, "NDCG@10": 0.07866054178129578, "NDCG@20": 0.09877695760879071, "Recall@5_total_best": 0.08224506692541818, "Recall@10_total_best": 0.13333891996848535, "Recall@20_total_best": 0.20412970455268684, "ndcg@5_total_best": 0.06072686587734968, "ndcg@10_total_best": 0.07866054178129578, "ndcg@20_total_best": 0.09877695760879071, "EPOCH_ndcg_best": 70, "Recall@5_ndcg_best": 0.08224506692541818, "Recall@10_ndcg_best": 0.13333891996848535, "Recall@20_ndcg_best": 0.20412970455268684, "ndcg@5_ndcg_best": 0.06072686587734968, "ndcg@10_ndcg_best": 0.07866054178129578, "ndcg@20_ndcg_best": 0.09877695760879071, "_wandb": {"runtime": 74}}