{"TOTAL_BEST_METRIC": 0.11425573983979967, "BEST_NDCG@10": 0.015909976782485787, "_timestamp": 1688445353.5157878, "_runtime": 4325.9128539562225, "_step": 214, "epoch": 169, "Train_Metric_loss": 3.088554067710011, "Train_Reg_loss": 1.8648425605102396e-07, "Pos_loss": 8.807683944702148, "Neg_loss": 1.5316869020462036, "Recall@5": 0.011415410063998065, "Recall@10": 0.020210488622690943, "Recall@20": 0.03337624533105829, "NDCG@5": 0.012459875659270737, "NDCG@10": 0.015883982489784725, "NDCG@20": 0.020721077542159964, "Recall@5_total_best": 0.011434190231746908, "Recall@10_total_best": 0.020056727106526406, "Recall@20_total_best": 0.03345585759793212, "ndcg@5_total_best": 0.012553054286840126, "ndcg@10_total_best": 0.015909976782485787, "ndcg@20_total_best": 0.020845933834268325, "EPOCH_ndcg_best": 150, "Recall@5_ndcg_best": 0.011434190231746908, "Recall@10_ndcg_best": 0.020056727106526406, "Recall@20_ndcg_best": 0.03345585759793212, "ndcg@5_ndcg_best": 0.012553054286840126, "ndcg@10_ndcg_best": 0.015909976782485787, "ndcg@20_ndcg_best": 0.020845933834268325, "gradients/mass_i.weight": {"_type": "histogram", "values": [1.0, 0.0, 0.0, 1.0, 0.0, 0.0, 0.0, 0.0, 0.0, 0.0, 0.0, 1.0, 0.0, 3.0, 0.0, 1.0, 3.0, 1.0, 1.0, 0.0, 4.0, 0.0, 3.0, 0.0, 2.0, 0.0, 8.0, 0.0, 3.0, 2.0, 7.0, 7.0, 2.0, 18.0, 1.0, 20.0, 0.0, 63.0, 0.0, 48.0, 0.0, 151.0, 0.0, 116.0, 5.0, 590.0, 304.0, 34.0, 2962.0, 0.0, 1098.0, 0.0, 38492.0, 0.0, 3585.0, 0.0, 619.0, 0.0, 110.0, 0.0, 22.0, 0.0, 5.0, 1.0], "bins": [-0.0005611744709312916, -0.0005505154258571565, -0.0005398563807830215, -0.0005291973939165473, -0.0005185383488424122, -0.0005078793037682772, -0.0004972202586941421, -0.0004865612427238375, -0.0004759022267535329, -0.0004652431816793978, -0.0004545841657090932, -0.00044392512063495815, -0.00043326610466465354, -0.0004226070595905185, -0.0004119480145163834, -0.0004012889985460788, -0.00039062995347194374, -0.00037997090839780867, -0.00036931189242750406, -0.000358652847353369, -0.0003479938313830644, -0.0003373347863089293, -0.0003266757703386247, -0.00031601672526448965, -0.0003053576801903546, -0.0002946986351162195, -0.0002840396191459149, -0.00027338057407177985, -0.00026272155810147524, -0.0002520625130273402, -0.00024140348250512034, -0.0002307444519829005, -0.0002200854360125959, -0.00020942640549037606, -0.00019876737496815622, -0.00018810832989402115, -0.00017744931392371655, -0.00016679026884958148, -0.00015613123832736164, -0.0001454722078051418, -0.00013481316273100674, -0.0001241541322087869, -0.00011349510168656707, -0.00010283606388838962, -9.217703336616978e-05, -8.151800284394994e-05, -7.085896504577249e-05, -6.0199934523552656e-05, -4.9540911277290434e-05, -3.88818807550706e-05, -2.8222846594871953e-05, -1.756381243467331e-05, -6.904781912453473e-06, 3.754248609766364e-06, 1.4413286407943815e-05, 2.5072316930163652e-05, 3.573134745238349e-05, 4.6390377974603325e-05, 5.704941213480197e-05, 6.770844629500061e-05, 7.836747681722045e-05, 8.902650733944029e-05, 9.968554513761774e-05, 0.00011034457565983757, 0.00012100360618205741]}, "gradients/mass_u.weight": {"_type": "histogram", "values": [1.0, 0.0, 0.0, 0.0, 0.0, 0.0, 1.0, 0.0, 0.0, 0.0, 0.0, 0.0, 0.0, 0.0, 0.0, 0.0, 0.0, 0.0, 0.0, 0.0, 0.0, 0.0, 0.0, 0.0, 0.0, 0.0, 1.0, 0.0, 1.0, 0.0, 0.0, 0.0, 0.0, 0.0, 1.0, 0.0, 0.0, 0.0, 1.0, 2.0, 1.0, 3.0, 0.0, 0.0, 1.0, 0.0, 3.0, 3.0, 3.0, 3.0, 5.0, 5.0, 8.0, 3.0, 7.0, 11.0, 16.0, 19.0, 32.0, 54.0, 81.0, 172.0, 72.0, 96952.0], "bins": [-0.004551062826067209, -0.004479952622205019, -0.0044088419526815414, -0.004337731748819351, -0.004266621544957161, -0.004195510875433683, -0.004124400671571493, -0.004053290467709303, -0.003982179798185825, -0.003911069594323635, -0.003839959157630801, -0.0037688487209379673, -0.0036977382842451334, -0.003626628080382943, -0.0035555176436901093, -0.003484407439827919, -0.0034132972359657288, -0.003342186799272895, -0.0032710765954107046, -0.0031999661587178707, -0.003128855722025037, -0.0030577455181628466, -0.0029866350814700127, -0.0029155248776078224, -0.002844414208084345, -0.002773303771391511, -0.0027021935675293207, -0.002631083130836487, -0.002559972694143653, -0.0024888624902814627, -0.0024177520535886288, -0.0023466418497264385, -0.0022755314130336046, -0.0022044209763407707, -0.0021333107724785805, -0.0020622003357857466, -0.0019910898990929127, -0.0019199796952307224, -0.0018488692585378885, -0.0017777589382603765, -0.0017066486179828644, -0.0016355382977053523, -0.0015644278610125184, -0.0014933175407350063, -0.0014222072204574943, -0.0013510969001799822, -0.0012799864634871483, -0.0012088761432096362, -0.0011377657065168023, -0.0010666553862392902, -0.0009955449495464563, -0.0009244346292689443, -0.0008533243089914322, -0.0007822139305062592, -0.0007111035520210862, -0.0006399932317435741, -0.0005688828532584012, -0.0004977724747732282, -0.0004266621544957161, -0.0003555517760105431, -0.0002844414266292006, -0.00021333107724785805, -0.00014222069876268506, -7.111037848517299e-05, 0.0]}, "gradients/embedding_user.weight": {"_type": "histogram", "values": [1.0, 0.0, 0.0, 1.0, 1.0, 0.0, 0.0, 1.0, 1.0, 1.0, 1.0, 0.0, 1.0, 1.0, 3.0, 4.0, 2.0, 3.0, 6.0, 7.0, 17.0, 24.0, 23.0, 33.0, 49.0, 98.0, 169.0, 476.0, 1405.0, 6997.0, 6206274.0, 17518.0, 2905.0, 785.0, 347.0, 145.0, 85.0, 58.0, 30.0, 21.0, 16.0, 11.0, 9.0, 8.0, 3.0, 6.0, 2.0, 0.0, 4.0, 0.0, 2.0, 6.0, 1.0, 1.0, 0.0, 1.0, 1.0, 2.0, 0.0, 1.0, 0.0, 0.0, 0.0, 1.0], "bins": [-0.0006578554166480899, -0.0006364624132402241, -0.0006150694098323584, -0.0005936763482168317, -0.0005722833448089659, -0.0005508903414011002, -0.0005294972797855735, -0.0005081042763777077, -0.00048671127296984196, -0.0004653182695619762, -0.00044392523705028, -0.00042253220453858376, -0.000401139201130718, -0.00037974619772285223, -0.000358353165211156, -0.0003369601326994598, -0.00031556712929159403, -0.00029417412588372827, -0.00027278109337203205, -0.0002513880608603358, -0.00022999505745247006, -0.00020860203949268907, -0.00018720902153290808, -0.0001658160035731271, -0.0001444229856133461, -0.0001230299676535651, -0.00010163694969378412, -8.024393173400313e-05, -5.8850913774222136e-05, -3.7457895814441144e-05, -1.6064877854660153e-05, 5.328140105120838e-06, 2.672115806490183e-05, 4.811417602468282e-05, 6.950719398446381e-05, 9.09002119442448e-05, 0.00011229322990402579, 0.00013368624786380678, 0.00015507926582358778, 0.00017647228378336877, 0.00019786530174314976, 0.00021925831970293075, 0.00024065133766271174, 0.00026204437017440796, 0.0002834373735822737, 0.0003048303769901395, 0.0003262234095018357, 0.0003476164420135319, 0.0003690094454213977, 0.00039040244882926345, 0.00041179548134095967, 0.0004331885138526559, 0.00045458151726052165, 0.0004759745206683874, 0.0004973675822839141, 0.0005187605856917799, 0.0005401535890996456, 0.0005615465925075114, 0.0005829395959153771, 0.0006043326575309038, 0.0006257256609387696, 0.0006471186643466353, 0.000668511725962162, 0.0006899047293700278, 0.0007112977327778935]}, "gradients/embedding_item.weight": {"_type": "histogram", "values": [1.0, 1.0, 2.0, 1.0, 5.0, 5.0, 1.0, 8.0, 23.0, 22.0, 28.0, 45.0, 66.0, 91.0, 144.0, 220.0, 349.0, 518.0, 850.0, 1419.0, 2198.0, 3820.0, 6848.0, 12344.0, 22227.0, 41020.0, 75482.0, 128574.0, 186893.0, 1887015.0, 332649.0, 158782.0, 101381.0, 56766.0, 30725.0, 17311.0, 9582.0, 5285.0, 3063.0, 1899.0, 1135.0, 710.0, 447.0, 281.0, 196.0, 126.0, 77.0, 67.0, 35.0, 25.0, 15.0, 18.0, 8.0, 3.0, 3.0, 2.0, 1.0, 0.0, 0.0, 1.0, 0.0, 2.0, 0.0, 1.0],