{"TOTAL_BEST_METRIC": 0.04445997514524058, "BEST_NDCG@10": 0.005169559832796959, "_timestamp": 1688436139.4785676, "_runtime": 213.57251071929932, "_step": 477, "epoch": 369, "Train_Metric_loss": 4.728421401977539, "Train_Reg_loss": 4.7283724597946275e-06, "Pos_loss": 8.157713890075684, "Neg_loss": 1.2708791494369507, "Recall@5": 0.005192888349105139, "Recall@10": 0.009012420648977502, "Recall@20": 0.014545216856587736, "NDCG@5": 0.003758425226551185, "NDCG@10": 0.005169559832796959, "NDCG@20": 0.006781464231222066, "Recall@5_total_best": 0.005192888349105139, "Recall@10_total_best": 0.009012420648977502, "Recall@20_total_best": 0.014545216856587736, "ndcg@5_total_best": 0.003758425226551185, "ndcg@10_total_best": 0.005169559832796959, "ndcg@20_total_best": 0.006781464231222066, "EPOCH_ndcg_best": 370, "Recall@5_ndcg_best": 0.005192888349105139, "Recall@10_ndcg_best": 0.009012420648977502, "Recall@20_ndcg_best": 0.014545216856587736, "ndcg@5_ndcg_best": 0.003758425226551185, "ndcg@10_ndcg_best": 0.005169559832796959, "ndcg@20_ndcg_best": 0.006781464231222066, "gradients/mass_i.weight": {"_type": "histogram", "values": [1.0, 1.0, 0.0, 0.0, 0.0, 1.0, 1.0, 0.0, 0.0, 1.0, 0.0, 0.0, 0.0, 2.0, 1.0, 0.0, 3.0, 0.0, 3.0, 0.0, 2.0, 8.0, 5.0, 3.0, 4.0, 1.0, 13.0, 11.0, 24.0, 14.0, 28.0, 11.0, 38.0, 42.0, 57.0, 164.0, 32.0, 290.0, 78.0, 2061.0, 209.0, 69.0, 72.0, 75.0, 48.0, 38.0, 36.0, 22.0, 22.0, 18.0, 14.0, 8.0, 7.0, 10.0, 6.0, 7.0, 1.0, 3.0, 2.0, 0.0, 0.0, 0.0, 0.0, 1.0], "bins": [-0.0017591285286471248, -0.0017143748700618744, -0.001669621211476624, -0.0016248675528913736, -0.0015801138943061233, -0.0015353602357208729, -0.0014906064607203007, -0.0014458529185503721, -0.0014010991435498, -0.0013563454849645495, -0.0013115918263792992, -0.0012668381677940488, -0.0012220845092087984, -0.001177330850623548, -0.0011325771920382977, -0.0010878234170377254, -0.001043069874867797, -0.0009983162162825465, -0.0009535625576972961, -0.0009088088991120458, -0.0008640552405267954, -0.000819301581941545, -0.0007745478651486337, -0.0007297942065633833, -0.000685040547978133, -0.0006402868893928826, -0.0005955332308076322, -0.0005507795140147209, -0.0005060258554294705, -0.0004612722259480506, -0.0004165185382589698, -0.0003717648796737194, -0.00032701133750379086, -0.0002822576789185405, -0.00023750400578137487, -0.00019275033264420927, -0.0001479966740589589, -0.00010324301547370851, -5.8489327784627676e-05, -1.3735669199377298e-05, 3.101798938587308e-05, 7.577165524708107e-05, 0.00012052532110828906, 0.00016527899424545467, 0.00021003265283070505, 0.0002547863114159554, 0.00029953999910503626, 0.00034429365769028664, 0.000389047316275537, 0.0004338009748607874, 0.00047855463344603777, 0.0005233082920312881, 0.0005680619506165385, 0.0006128156092017889, 0.0006575693259947002, 0.0007023229845799506, 0.000747076643165201, 0.0007918303017504513, 0.0008365839603357017, 0.000881337677128613, 0.0009260913357138634, 0.0009708449942991138, 0.0010155986528843641, 0.0010603523114696145, 0.0011051059700548649]}, "gradients/mass_u.weight": {"_type": "histogram", "values": [1.0, 1.0, 0.0, 0.0, 1.0, 0.0, 0.0, 0.0, 0.0, 1.0, 0.0, 0.0, 0.0, 0.0, 0.0, 0.0, 0.0, 0.0, 0.0, 0.0, 1.0, 0.0, 0.0, 0.0, 0.0, 0.0, 0.0, 0.0, 0.0, 1.0, 0.0, 0.0, 1.0, 0.0, 0.0, 1.0, 1.0, 0.0, 1.0, 0.0, 0.0, 0.0, 2.0, 2.0, 0.0, 4.0, 4.0, 2.0, 2.0, 3.0, 2.0, 3.0, 10.0, 9.0, 6.0, 10.0, 18.0, 22.0, 31.0, 50.0, 153.0, 71.0, 50.0, 5077.0], "bins": [-0.0010688421316444874, -0.001052141422405839, -0.0010354408295825124, -0.001018740120343864, -0.0010020395275205374, -0.000985338818281889, -0.0009686381672509015, -0.000951937516219914, -0.0009352368651889265, -0.000918536214157939, -0.0009018355631269515, -0.000885134912095964, -0.0008684342028573155, -0.000851733551826328, -0.0008350329007953405, -0.000818332249764353, -0.0008016315987333655, -0.000784930947702378, -0.0007682302966713905, -0.000751529645640403, -0.0007348289946094155, -0.0007181282853707671, -0.0007014276343397796, -0.0006847269833087921, -0.0006680263322778046, -0.0006513256812468171, -0.0006346250302158296, -0.0006179243791848421, -0.0006012236699461937, -0.0005845230189152062, -0.0005678223678842187, -0.0005511217168532312, -0.0005344210658222437, -0.0005177204147912562, -0.0005010197637602687, -0.00048431908362545073, -0.00046761843259446323, -0.00045091778156347573, -0.00043421710142865777, -0.00041751645039767027, -0.00040081579936668277, -0.00038411514833569527, -0.00036741449730470777, -0.0003507138171698898, -0.0003340131661389023, -0.0003173125151079148, -0.00030061183497309685, -0.00028391118394210935, -0.00026721053291112185, -0.00025050988188013434, -0.00023380921629723161, -0.00021710855071432889, -0.00020040789968334138, -0.00018370724865235388, -0.00016700658306945115, -0.00015030591748654842, -0.00013360526645556092, -0.00011690460814861581, -0.00010020394984167069, -8.350329153472558e-05, -6.680263322778046e-05, -5.0101974920835346e-05, -3.340131661389023e-05, -1.6700658306945115e-05, 0.0]}, "gradients/embedding_user.weight": {"_type": "histogram", "values": [2.0, 0.0, 0.0, 1.0, 3.0, 0.0, 0.0, 4.0, 1.0, 2.0, 2.0, 2.0, 4.0, 6.0, 5.0, 5.0, 4.0, 17.0, 22.0, 22.0, 23.0, 44.0, 64.0, 96.0, 146.0, 221.0, 340.0, 608.0, 1033.0, 1899.0, 3705.0, 10584.0, 44095.0, 127916.0, 112321.0, 35293.0, 8762.0, 3224.0, 1667.0, 969.0, 555.0, 347.0, 207.0, 109.0, 83.0, 47.0, 41.0, 37.0, 24.0, 11.0, 12.0, 8.0, 8.0, 3.0, 5.0, 4.0, 1.0, 3.0, 4.0, 0.0, 0.0, 1.0, 1.0, 1.0], "bins": [-0.0001594444183865562, -0.00015474170504603535, -0.00015003900625742972, -0.00014533629291690886, -0.000140633579576388, -0.00013593086623586714, -0.0001312281674472615, -0.00012652545410674065, -0.00012182274804217741, -0.00011712004197761416, -0.0001124173286370933, -0.00010771462257253006, -0.00010301191650796682, -9.830920316744596e-05, -9.360649710288271e-05, -8.890379103831947e-05, -8.420107769779861e-05, -7.949837163323537e-05, -7.47956582927145e-05, -7.009295222815126e-05, -6.53902388876304e-05, -6.068753282306716e-05, -5.5984826758503914e-05, -5.128211705596186e-05, -4.657940735341981e-05, -4.187669765087776e-05, -3.717398794833571e-05, -3.247128188377246e-05, -2.776857218123041e-05, -2.306586247868836e-05, -1.836315459513571e-05, -1.3660446711583063e-05, -8.957722457125783e-06, -4.255013664078433e-06, 4.4769512896891683e-07, 5.150403922016267e-06, 9.853112715063617e-06, 1.4555822417605668e-05, 1.9258530301158316e-05, 2.3961238184710965e-05, 2.8663947887253016e-05, 3.336665758979507e-05, 3.806936729233712e-05, 4.2772073356900364e-05, 4.7474783059442416e-05, 5.217749276198447e-05, 5.688019882654771e-05, 6.158290489111096e-05, 6.628561823163182e-05, 7.098832429619506e-05, 7.569103763671592e-05, 8.039374370127916e-05, 8.509645704180002e-05, 8.979916310636327e-05, 9.450186917092651e-05, 9.920458251144737e-05, 0.00010390728857601061, 0.00010860999464057386, 0.00011331270798109472, 0.00011801541404565796, 0.0001227181201102212, 0.00012742083345074207, 0.00013212354679126292, 0.00013682624557986856, 0.00014152895892038941]}, "gradients/embedding_item.weight": {"_type": "histogram", "values": [3.0, 0.0, 6.0, 3.0, 7.0, 8.0, 6.0, 8.0, 8.0, 11.0, 22.0, 21.0, 32.0, 34.0, 57.0, 73.0, 82.0, 97.0, 94.0, 163.0, 224.0, 308.0, 419.0, 698.0, 1410.0, 3839.0, 11661.0, 27795.0, 44893.0, 51048.0, 43203.0, 25335.0, 9994.0, 3259.0, 1218.0, 638.0, 419.0, 278.0, 232.0, 152.0, 121.0, 94.0, 83.0, 64.0, 51.0, 41.0, 25.0, 28.0, 14.0, 25.0, 9.0, 5.0, 7.0, 6.0, 6.0, 2.0, 5.0, 4.0, 2.0, 1.0, 0.0, 0.0, 0.0, 1.0],