{"TOTAL_BEST_METRIC": 0.9988660728264779, "BEST_NDCG@10": 0.1254958551408499, "_timestamp": 1688330939.3356426, "_runtime": 382.21777868270874, "_step": 1166, "epoch": 1000, "Train_Metric_loss": -0.25073895454406736, "Train_Reg_loss": 1.6315752327500375e-05, "Pos_loss": 0.5949715375900269, "Neg_loss": -1.7714146375656128, "Recall@5": 0.13366791722404453, "Recall@10": 0.20143451530064319, "Recall@20": 0.28007921352697346, "NDCG@5": 0.09862323222530406, "NDCG@10": 0.12294885483959728, "NDCG@20": 0.14545967826807749, "Recall@5_total_best": 0.13723238764558188, "Recall@10_total_best": 0.20449863148909514, "Recall@20_total_best": 0.28335454055362885, "ndcg@5_total_best": 0.10110887528632431, "ndcg@10_total_best": 0.12500292384988929, "ndcg@20_total_best": 0.14766871400195844, "EPOCH_ndcg_best": 780, "Recall@5_ndcg_best": 0.1357942435568421, "Recall@10_ndcg_best": 0.20426007365223767, "Recall@20_ndcg_best": 0.28097941538360466, "ndcg@5_ndcg_best": 0.10138581471649026, "ndcg@10_ndcg_best": 0.1254958551408499, "ndcg@20_ndcg_best": 0.1474059985320055, "gradients/mass_i.weight": {"_type": "histogram", "values": [1.0, 0.0, 0.0, 0.0, 0.0, 0.0, 0.0, 2.0, 0.0, 0.0, 0.0, 0.0, 0.0, 1.0, 1.0, 0.0, 1.0, 1.0, 0.0, 2.0, 1.0, 0.0, 2.0, 2.0, 3.0, 2.0, 2.0, 0.0, 5.0, 9.0, 8.0, 7.0, 6.0, 12.0, 8.0, 7.0, 7.0, 12.0, 21.0, 18.0, 26.0, 40.0, 55.0, 47.0, 78.0, 65.0, 106.0, 167.0, 89.0, 210.0, 0.0, 2133.0, 215.0, 9.0, 106.0, 25.0, 25.0, 14.0, 5.0, 6.0, 2.0, 1.0, 2.0, 1.0], "bins": [-0.0018376507796347141, -0.0018016534158959985, -0.0017656561685726047, -0.001729658804833889, -0.0016936614410951734, -0.0016576640773564577, -0.0016216668300330639, -0.0015856694662943482, -0.0015496721025556326, -0.001513674738816917, -0.0014776774914935231, -0.0014416801277548075, -0.0014056827640160918, -0.0013696854002773762, -0.0013336881529539824, -0.0012976907892152667, -0.0012616935418918729, -0.0012256961781531572, -0.0011896989308297634, -0.0011537015670910478, -0.0011177042033523321, -0.0010817069560289383, -0.0010457095922902226, -0.001009712228551507, -0.0009737149230204523, -0.0009377176174893975, -0.0009017202537506819, -0.0008657229482196271, -0.0008297256426885724, -0.0007937282789498568, -0.000757730973418802, -0.0007217336678877473, -0.0006857364205643535, -0.0006497391150332987, -0.0006137417512945831, -0.0005777444457635283, -0.0005417470820248127, -0.000505749776493758, -0.00046975247096270323, -0.00043375513632781804, -0.0003977577725891024, -0.0003617604379542172, -0.00032576313242316246, -0.00028976579778827727, -0.0002537684631533921, -0.00021777112851850688, -0.00018177380843553692, -0.00014577648835256696, -0.00010977915371768177, -7.378182635875419e-05, -3.778449899982661e-05, -1.7871716408990324e-06, 3.4210155718028545e-05, 7.020749035291374e-05, 0.0001062048104358837, 0.00014220213051885366, 0.00017819946515373886, 0.00021419679978862405, 0.0002501941053196788, 0.000286191439954564, 0.00032218877458944917, 0.00035818610922433436, 0.00039418344385921955, 0.0004301807493902743, 0.0004661780840251595]}, "gradients/mass_u.weight": {"_type": "histogram", "values": [1.0, 0.0, 0.0, 0.0, 0.0, 0.0, 0.0, 0.0, 0.0, 0.0, 0.0, 0.0, 0.0, 0.0, 0.0, 0.0, 0.0, 0.0, 0.0, 0.0, 0.0, 0.0, 0.0, 0.0, 0.0, 0.0, 0.0, 1.0, 0.0, 1.0, 0.0, 0.0, 0.0, 0.0, 0.0, 0.0, 0.0, 0.0, 1.0, 2.0, 0.0, 0.0, 0.0, 0.0, 0.0, 0.0, 0.0, 1.0, 1.0, 3.0, 0.0, 0.0, 3.0, 3.0, 5.0, 5.0, 8.0, 11.0, 12.0, 47.0, 60.0, 142.0, 156.0, 5078.0], "bins": [-0.008139044977724552, -0.008011871948838234, -0.00788469985127449, -0.0077575272880494595, -0.0076303547248244286, -0.007503182161599398, -0.007376009598374367, -0.007248837035149336, -0.007121664471924305, -0.006994491908699274, -0.006867319345474243, -0.006740146782249212, -0.006612974219024181, -0.0064858016557991505, -0.00635862909257412, -0.006231456529349089, -0.006104283966124058, -0.005977111402899027, -0.005849938839673996, -0.005722766276448965, -0.005595593713223934, -0.005468421149998903, -0.005341248586773872, -0.0052140760235488415, -0.005086902994662523, -0.004959730431437492, -0.0048325578682124615, -0.004705385304987431, -0.0045782127417624, -0.004451040178537369, -0.004323867615312338, -0.004196695052087307, -0.004069522488862276, -0.003942349925637245, -0.0038151773624122143, -0.0036880047991871834, -0.0035608322359621525, -0.0034336596727371216, -0.0033064871095120907, -0.00317931454628706, -0.003052141983062029, -0.002924969419836998, -0.002797796856611967, -0.002670624293386936, -0.0025434517301619053, -0.0024162791669368744, -0.0022891066037118435, -0.0021619340404868126, -0.002034761244431138, -0.0019075886812061071, -0.0017804161179810762, -0.0016532435547560453, -0.0015260709915310144, -0.0013988984283059835, -0.0012717257486656308, -0.0011445531854406, -0.001017380622215569, -0.0008902080589905381, -0.0007630354957655072, -0.0006358628743328154, -0.0005086903111077845, -0.0003815177478827536, -0.0002543451264500618, -0.0001271725632250309, 0.0]}, "gradients/embedding_user.weight": {"_type": "histogram", "values": [1.0, 0.0, 0.0, 0.0, 0.0, 0.0, 1.0, 0.0, 2.0, 2.0, 2.0, 4.0, 2.0, 9.0, 17.0, 24.0, 28.0, 31.0, 51.0, 101.0, 158.0, 282.0, 530.0, 944.0, 1840.0, 3792.0, 9802.0, 39437.0, 115829.0, 121240.0, 42103.0, 10275.0, 3815.0, 1919.0, 1076.0, 542.0, 289.0, 176.0, 118.0, 69.0, 23.0, 27.0, 13.0, 11.0, 9.0, 5.0, 8.0, 3.0, 1.0, 3.0, 4.0, 0.0, 1.0, 2.0, 0.0, 0.0, 1.0, 0.0, 1.0, 0.0, 0.0, 0.0, 0.0, 1.0], "bins": [-0.001117258914746344, -0.0010787551291286945, -0.0010402512270957232, -0.0010017474414780736, -0.000963243655860424, -0.0009247398120351136, -0.0008862359682098031, -0.0008477321825921535, -0.0008092283387668431, -0.0007707244949415326, -0.0007322207093238831, -0.0006937168654985726, -0.0006552130216732621, -0.0006167092360556126, -0.0005782053922303021, -0.0005397015484049916, -0.0005011977627873421, -0.00046269394806586206, -0.00042419013334438205, -0.0003856862895190716, -0.00034718247479759157, -0.00030867866007611156, -0.0002701748162508011, -0.00023167100152932107, -0.00019316718680784106, -0.00015466337208636105, -0.00011615954281296581, -7.765572081552818e-05, -3.915189881809056e-05, -6.480840966105461e-07, 3.7855745176784694e-05, 7.635957445017993e-05, 0.00011486350558698177, 0.00015336732030846179, 0.00019187114958185703, 0.00023037497885525227, 0.0002688787935767323, 0.0003073826082982123, 0.00034588645212352276, 0.00038439026684500277, 0.0004228940815664828, 0.0004613978962879628, 0.0004999017110094428, 0.0005384055548347533, 0.0005769093986600637, 0.0006154131842777133, 0.0006539170281030238, 0.0006924208719283342, 0.0007309246575459838, 0.0007694285013712943, 0.0008079322869889438, 0.0008464361308142543, 0.0008849399164319038, 0.0009234437602572143, 0.0009619476040825248, 0.0010004513897001743, 0.0010389552917331457, 0.0010774590773507953, 0.0011159629793837667, 0.0011544667650014162, 0.0011929705506190658, 0.0012314743362367153, 0.0012699782382696867, 0.0013084820238873363, 0.0013469858095049858]}, "gradients/embedding_item.weight": {"_type": "histogram", "values": [1.0, 0.0, 0.0, 0.0, 0.0, 0.0, 5.0, 5.0, 5.0, 6.0, 10.0, 14.0, 7.0, 18.0, 29.0, 54.0, 58.0, 90.0, 110.0, 197.0, 271.0, 359.0, 562.0, 833.0, 1274.0, 2002.0, 3046.0, 4978.0, 8274.0, 12912.0, 20104.0, 28341.0, 57927.0, 29334.0, 20753.0, 13514.0, 8502.0, 5244.0, 3234.0, 2136.0, 1361.0, 906.0, 562.0, 364.0, 295.0, 202.0, 135.0, 99.0, 68.0, 35.0, 33.0, 22.0, 18.0, 16.0, 6.0, 9.0, 1.0, 2.0, 3.0, 2.0, 2.0, 1.0, 0.0, 1.0],