{"TOTAL_BEST_METRIC": 0.9786601144084008, "BEST_NDCG@10": 0.12433976942976281, "_timestamp": 1688322718.1527927, "_runtime": 382.6477587223053, "_step": 1156, "epoch": 1000, "Train_Metric_loss": -0.17510378062725068, "Train_Reg_loss": 2.8808892693632515e-06, "Pos_loss": -0.25209835171699524, "Neg_loss": 0.24307584762573242, "Recall@5": 0.128580924950968, "Recall@10": 0.19421870301044192, "Recall@20": 0.27875605327713954, "NDCG@5": 0.09491559907909113, "NDCG@10": 0.11838326240156427, "NDCG@20": 0.1424452208015839, "Recall@5_total_best": 0.13728766049924954, "Recall@10_total_best": 0.19795796223588605, "Recall@20_total_best": 0.27181255447657376, "ndcg@5_total_best": 0.10274404723295369, "ndcg@10_total_best": 0.12392525647767558, "ndcg@20_total_best": 0.14493263348606208, "EPOCH_ndcg_best": 300, "Recall@5_ndcg_best": 0.1348861467534212, "Recall@10_ndcg_best": 0.19819720129021542, "Recall@20_ndcg_best": 0.2718629419605425, "ndcg@5_ndcg_best": 0.10209648939217446, "ndcg@10_ndcg_best": 0.12433976942976281, "ndcg@20_ndcg_best": 0.14530167445444261, "gradients/mass_i.weight": {"_type": "histogram", "values": [1.0, 0.0, 0.0, 0.0, 0.0, 0.0, 0.0, 1.0, 0.0, 1.0, 0.0, 0.0, 0.0, 1.0, 0.0, 0.0, 0.0, 0.0, 0.0, 0.0, 0.0, 1.0, 2.0, 1.0, 1.0, 2.0, 1.0, 0.0, 1.0, 0.0, 3.0, 2.0, 2.0, 6.0, 3.0, 4.0, 1.0, 6.0, 7.0, 13.0, 10.0, 12.0, 17.0, 24.0, 17.0, 24.0, 38.0, 51.0, 44.0, 82.0, 103.0, 95.0, 252.0, 182.0, 57.0, 2120.0, 203.0, 89.0, 44.0, 25.0, 8.0, 7.0, 2.0, 2.0], "bins": [-0.0025763874873518944, -0.002529984340071678, -0.0024835809599608183, -0.002437177812680602, -0.002390774432569742, -0.002344371285289526, -0.0022979681380093098, -0.00225156475789845, -0.0022051616106182337, -0.0021587584633380175, -0.0021123550832271576, -0.0020659519359469414, -0.0020195485558360815, -0.0019731454085558653, -0.0019267421448603272, -0.0018803388811647892, -0.001833935733884573, -0.001787532470189035, -0.001741129206493497, -0.0016947260592132807, -0.0016483227955177426, -0.0016019195318222046, -0.0015555162681266665, -0.0015091130044311285, -0.0014627097407355905, -0.0014163064770400524, -0.0013699032133445144, -0.0013235000660642982, -0.0012770968023687601, -0.001230693538673222, -0.001184290274977684, -0.0011378871276974678, -0.0010914838640019298, -0.0010450806003063917, -0.0009986773366108537, -0.0009522741311229765, -0.0009058709256350994, -0.0008594676619395614, -0.0008130643982440233, -0.0007666611927561462, -0.0007202579290606081, -0.0006738546653650701, -0.000627451459877193, -0.0005810481961816549, -0.0005346449906937778, -0.00048824172699823976, -0.00044183849240653217, -0.0003954352578148246, -0.000349032023223117, -0.0003026287886314094, -0.0002562255540397018, -0.000209822304896079, -0.00016341907030437142, -0.00011701583571266383, -7.061258656904101e-05, -2.4209351977333426e-05, 2.219388261437416e-05, 6.859711720608175e-05, 0.00011500035907374695, 0.00016140360094141215, 0.00020780683553311974, 0.00025421008467674255, 0.00030061331926845014, 0.00034701655386015773, 0.0003934197884518653]}, "gradients/mass_u.weight": {"_type": "histogram", "values": [1.0, 0.0, 0.0, 0.0, 0.0, 0.0, 0.0, 0.0, 0.0, 0.0, 0.0, 0.0, 0.0, 0.0, 0.0, 0.0, 0.0, 0.0, 0.0, 0.0, 0.0, 0.0, 0.0, 0.0, 1.0, 0.0, 0.0, 1.0, 0.0, 0.0, 0.0, 0.0, 2.0, 1.0, 0.0, 0.0, 0.0, 0.0, 2.0, 0.0, 1.0, 0.0, 0.0, 1.0, 2.0, 0.0, 0.0, 1.0, 0.0, 4.0, 1.0, 1.0, 3.0, 3.0, 6.0, 7.0, 0.0, 10.0, 17.0, 35.0, 54.0, 127.0, 165.0, 5095.0], "bins": [-0.010780448094010353, -0.01061200350522995, -0.010443558916449547, -0.010275114327669144, -0.01010666973888874, -0.009938225150108337, -0.009769780561327934, -0.009601336903870106, -0.009432892315089703, -0.0092644477263093, -0.009096003137528896, -0.008927558548748493, -0.00875911395996809, -0.008590670302510262, -0.008422225713729858, -0.008253781124949455, -0.008085336536169052, -0.007916891947388649, -0.007748447358608246, -0.007580002769827843, -0.007411558646708727, -0.007243114057928324, -0.007074669469147921, -0.0069062248803675175, -0.006737779825925827, -0.006569335237145424, -0.006400890648365021, -0.006232446059584618, -0.006064001936465502, -0.005895557347685099, -0.0057271127589046955, -0.005558668170124292, -0.0053902240470051765, -0.005221779458224773, -0.00505333486944437, -0.004884890280663967, -0.004716446157544851, -0.004548001568764448, -0.004379556979984045, -0.004211112391203642, -0.004042668268084526, -0.003874223679304123, -0.0037057793233543634, -0.0035373347345739603, -0.003368890378624201, -0.0032004457898437977, -0.0030320012010633945, -0.0028635566122829914, -0.0026951120235025883, -0.002526667434722185, -0.0023582230787724257, -0.0021897784899920225, -0.002021334134042263, -0.00185288954526186, -0.0016844449564814568, -0.0015160004841163754, -0.0013475560117512941, -0.0011791115393862128, -0.0010106670670211315, -0.0008422224782407284, -0.0006737780058756471, -0.0005053335335105658, -0.0003368889447301626, -0.0001684444723650813, 0.0]}, "gradients/embedding_user.weight": {"_type": "histogram", "values": [5.0, 3.0, 1.0, 0.0, 5.0, 2.0, 6.0, 6.0, 9.0, 12.0, 22.0, 24.0, 36.0, 53.0, 61.0, 106.0, 119.0, 199.0, 285.0, 424.0, 640.0, 967.0, 1554.0, 2467.0, 4881.0, 10659.0, 27375.0, 60980.0, 95206.0, 77261.0, 39927.0, 15960.0, 6469.0, 3322.0, 1969.0, 1221.0, 766.0, 487.0, 314.0, 243.0, 138.0, 103.0, 82.0, 58.0, 44.0, 41.0, 27.0, 19.0, 12.0, 9.0, 12.0, 1.0, 8.0, 4.0, 5.0, 6.0, 1.0, 1.0, 0.0, 1.0, 4.0, 0.0, 0.0, 2.0], "bins": [-7.488818596357305e-07, -7.227977789625584e-07, -6.967137551328051e-07, -6.70629674459633e-07, -6.445455937864608e-07, -6.184615699567075e-07, -5.923774892835354e-07, -5.662934654537821e-07, -5.4020938478061e-07, -5.141253041074378e-07, -4.880412802776846e-07, -4.619571996045124e-07, -4.358731473530497e-07, -4.09789095101587e-07, -3.8370501442841487e-07, -3.5762096217695216e-07, -3.3153690992548945e-07, -3.0545285767402675e-07, -2.7936880542256404e-07, -2.532847247493919e-07, -2.272006724979292e-07, -2.0111662024646648e-07, -1.7503255378414906e-07, -1.4894848732183164e-07, -1.2286443507036893e-07, -9.678037571347886e-08, -7.06963163565888e-08, -4.461225699969873e-08, -1.8528197642808664e-08, 7.555854608654045e-09, 3.363992107097147e-08, 5.972398753328889e-08, 8.58080397847516e-08, 1.1189209914164167e-07, 1.3797615849853173e-07, 1.6406022496084915e-07, 1.9014427721231186e-07, 2.1622832946377457e-07, 2.423124101369467e-07, 2.683964623884094e-07, 2.944805146398721e-07, 3.2056456689133483e-07, 3.4664861914279754e-07, 3.727326998159697e-07, 3.988167520674324e-07, 4.249008043188951e-07, 4.5098488499206724e-07, 4.770689656652394e-07, 5.031529894949927e-07, 5.292370701681648e-07, 5.553210939979181e-07, 5.814051746710902e-07, 6.074892553442623e-07, 6.335732791740156e-07, 6.596573598471878e-07, 6.85741383676941e-07, 7.118254643501132e-07, 7.379095450232853e-07, 7.639935688530386e-07, 7.900776495262107e-07, 8.16161673355964e-07, 8.422457540291362e-07, 8.683298347023083e-07, 8.944139153754804e-07, 9.204979392052337e-07]}, "gradients/embedding_item.weight": {"_type": "histogram", "values": [1.0, 0.0, 0.0, 1.0, 0.0, 0.0, 3.0, 2.0, 3.0, 7.0, 10.0, 15.0, 18.0, 34.0, 46.0, 78.0, 90.0, 125.0, 216.0, 303.0, 441.0, 642.0, 961.0, 1364.0, 2053.0, 3016.0, 4512.0, 6802.0, 10164.0, 15066.0, 21439.0, 33563.0, 49462.0, 24422.0, 17499.0, 11822.0, 7864.0, 5204.0, 3554.0, 2358.0, 1643.0, 1139.0, 767.0, 507.0, 329.0, 270.0, 159.0, 127.0, 73.0, 54.0, 37.0, 25.0, 21.0, 8.0, 11.0, 7.0, 6.0, 3.0, 1.0, 2.0, 0.0, 2.0, 0.0, 1.0],