{"TOTAL_BEST_METRIC": 0.6384109311469838, "BEST_NDCG@10": 0.07772674238965674, "_timestamp": 1688300243.5632193, "_runtime": 65.14157319068909, "_step": 204, "epoch": 159, "Train_Metric_loss": -0.10583414286375045, "Train_Reg_loss": 2.2863115987092896e-07, "Pos_loss": -0.05016892030835152, "Neg_loss": 0.0465814508497715, "Recall@5": 0.0819358374450941, "Recall@10": 0.1317032814306152, "Recall@20": 0.19217236357037237, "NDCG@5": 0.06011121724605101, "NDCG@10": 0.07772674238965674, "NDCG@20": 0.09476148906519433, "Recall@5_total_best": 0.0819358374450941, "Recall@10_total_best": 0.1317032814306152, "Recall@20_total_best": 0.19217236357037237, "ndcg@5_total_best": 0.06011121724605101, "ndcg@10_total_best": 0.07772674238965674, "ndcg@20_total_best": 0.09476148906519433, "EPOCH_ndcg_best": 150, "Recall@5_ndcg_best": 0.0819358374450941, "Recall@10_ndcg_best": 0.1317032814306152, "Recall@20_ndcg_best": 0.19217236357037237, "ndcg@5_ndcg_best": 0.06011121724605101, "ndcg@10_ndcg_best": 0.07772674238965674, "ndcg@20_ndcg_best": 0.09476148906519433, "_wandb": {"runtime": 65}}