{"TOTAL_BEST_METRIC": 0.9887627464705193, "BEST_NDCG@10": 0.1229356246373631, "_timestamp": 1688354833.199595, "_runtime": 611.4956049919128, "_step": 1108, "epoch": 1000, "Train_Metric_loss": NaN, "Train_Reg_loss": NaN, "Pos_loss": NaN, "Neg_loss": NaN, "Recall@5": 0.0007852166725705515, "Recall@10": 0.003778486243948518, "Recall@20": 0.005806892363746774, "NDCG@5": 0.000556356529533085, "NDCG@10": 0.0016257618776651963, "NDCG@20": 0.002209725865082795, "Recall@5_total_best": 0.13486909168994296, "Recall@10_total_best": 0.19920675391688872, "Recall@20_total_best": 0.28400103474072935, "ndcg@5_total_best": 0.1004988778963634, "ndcg@10_total_best": 0.1229356246373631, "ndcg@20_total_best": 0.14725136358923183, "EPOCH_ndcg_best": 40, "Recall@5_ndcg_best": 0.13486909168994296, "Recall@10_ndcg_best": 0.19920675391688872, "Recall@20_ndcg_best": 0.28400103474072935, "ndcg@5_ndcg_best": 0.1004988778963634, "ndcg@10_ndcg_best": 0.1229356246373631, "ndcg@20_ndcg_best": 0.14725136358923183, "gradients/mass_i.weight": {"_type": "histogram", "values": [1.0, 0.0, 0.0, 0.0, 0.0, 0.0, 0.0, 0.0, 0.0, 1.0, 0.0, 2.0, 3.0, 0.0, 2.0, 3.0, 3.0, 3.0, 6.0, 8.0, 11.0, 20.0, 17.0, 21.0, 19.0, 19.0, 26.0, 21.0, 7.0, 3352.0, 7.0, 5.0, 3.0, 1.0, 1.0, 0.0, 2.0, 0.0, 2.0, 0.0, 0.0, 1.0, 0.0, 0.0, 0.0, 0.0, 0.0, 0.0, 0.0, 0.0, 0.0, 0.0, 0.0, 0.0, 0.0, 0.0, 0.0, 0.0, 0.0, 0.0, 0.0, 0.0, 0.0, 1.0], "bins": [-5.0997685320908204e-05, -4.924986933474429e-05, -4.750204971060157e-05, -4.5754233724437654e-05, -4.400641773827374e-05, -4.2258601752109826e-05, -4.051078576594591e-05, -3.876296614180319e-05, -3.7015150155639276e-05, -3.526733416947536e-05, -3.351951454533264e-05, -3.1771698559168726e-05, -3.0023882573004812e-05, -2.8276066586840898e-05, -2.652824878168758e-05, -2.4780430976534262e-05, -2.3032614990370348e-05, -2.1284799004206434e-05, -1.9536981199053116e-05, -1.77891633938998e-05, -1.6041347407735884e-05, -1.4293530512077268e-05, -1.2545713616418652e-05, -1.0797896720760036e-05, -9.05007982510142e-06, -7.302262929442804e-06, -5.554446033784188e-06, -3.8066291381255724e-06, -2.0588122424669564e-06, -3.109953468083404e-07, 1.4368215488502756e-06, 3.1846384445088916e-06, 4.9324553401675075e-06, 6.6802722358261235e-06, 8.42808913148474e-06, 1.0175906027143355e-05, 1.1923722922801971e-05, 1.3671539818460587e-05, 1.5419356714119203e-05, 1.716717451927252e-05, 1.8914990505436435e-05, 2.066280649160035e-05, 2.2410624296753667e-05, 2.4158442101906985e-05, 2.59062580880709e-05, 2.7654074074234813e-05, 2.940189187938813e-05, 3.114970968454145e-05, 3.289752567070536e-05, 3.464534165686928e-05, 3.6393161281012e-05, 3.814097726717591e-05, 3.988879325333983e-05, 4.163660923950374e-05, 4.3384425225667655e-05, 4.513224484981038e-05, 4.688006083597429e-05, 4.8627876822138205e-05, 5.0375696446280926e-05, 5.212351243244484e-05, 5.3871328418608755e-05, 5.561914440477267e-05, 5.736696039093658e-05, 5.9114780015079305e-05, 6.086259600124322e-05]}, "gradients/mass_u.weight": {"_type": "histogram", "values": [0.0, 0.0, 0.0, 0.0, 0.0, 0.0, 0.0, 0.0, 0.0, 0.0, 0.0, 0.0, 0.0, 0.0, 0.0, 0.0, 0.0, 0.0, 0.0, 0.0, 0.0, 0.0, 0.0, 0.0, 0.0, 0.0, 0.0, 0.0, 0.0, 0.0, 0.0, 0.0, 5541.0, 0.0, 0.0, 0.0, 0.0, 0.0, 0.0, 0.0, 0.0, 0.0, 0.0, 0.0, 0.0, 0.0, 0.0, 0.0, 0.0, 0.0, 0.0, 0.0, 0.0, 0.0, 0.0, 0.0, 0.0, 0.0, 0.0, 0.0, 0.0, 0.0, 0.0, 0.0], "bins": [0.0, 0.0, 0.0, 0.0, 0.0, 0.0, 0.0, 0.0, 0.0, 0.0, 0.0, 0.0, 0.0, 0.0, 0.0, 0.0, 0.0, 0.0, 0.0, 0.0, 0.0, 0.0, 0.0, 0.0, 0.0, 0.0, 0.0, 0.0, 0.0, 0.0, 0.0, 0.0, 0.0, 0.0, 0.0, 0.0, 0.0, 0.0, 0.0, 0.0, 0.0, 0.0, 0.0, 0.0, 0.0, 0.0, 0.0, 0.0, 0.0, 0.0, 0.0, 0.0, 0.0, 0.0, 0.0, 0.0, 0.0, 0.0, 0.0, 0.0, 0.0, 0.0, 0.0, 0.0, 0.0]}, "gradients/embedding_user.weight": {"_type": "histogram", "values": [0.0, 0.0, 0.0, 0.0, 0.0, 0.0, 0.0, 0.0, 0.0, 0.0, 0.0, 0.0, 0.0, 0.0, 0.0, 0.0, 0.0, 0.0, 0.0, 0.0, 0.0, 0.0, 0.0, 0.0, 0.0, 0.0, 0.0, 0.0, 0.0, 0.0, 0.0, 0.0, 3392.0, 0.0, 0.0, 0.0, 0.0, 0.0, 0.0, 0.0, 0.0, 0.0, 0.0, 0.0, 0.0, 0.0, 0.0, 0.0, 0.0, 0.0, 0.0, 0.0, 0.0, 0.0, 0.0, 0.0, 0.0, 0.0, 0.0, 0.0, 0.0, 0.0, 0.0, 0.0], "bins": [0.0, 0.0, 0.0, 0.0, 0.0, 0.0, 0.0, 0.0, 0.0, 0.0, 0.0, 0.0, 0.0, 0.0, 0.0, 0.0, 0.0, 0.0, 0.0, 0.0, 0.0, 0.0, 0.0, 0.0, 0.0, 0.0, 0.0, 0.0, 0.0, 0.0, 0.0, 0.0, 0.0, 0.0, 0.0, 0.0, 0.0, 0.0, 0.0, 0.0, 0.0, 0.0, 0.0, 0.0, 0.0, 0.0, 0.0, 0.0, 0.0, 0.0, 0.0, 0.0, 0.0, 0.0, 0.0, 0.0, 0.0, 0.0, 0.0, 0.0, 0.0, 0.0, 0.0, 0.0, 0.0]}, "_wandb": {"runtime": 610}}