{"TOTAL_BEST_METRIC": 0.1720587194793443, "BEST_NDCG@10": 0.019320942823838172, "_timestamp": 1688426665.880646, "_runtime": 1968.9049770832062, "_step": 1105, "epoch": 1000, "Train_Metric_loss": NaN, "Train_Reg_loss": NaN, "Pos_loss": NaN, "Neg_loss": NaN, "Recall@5": 0.00013653741125068268, "Recall@10": 0.000591662115419625, "Recall@20": 0.0010172037138175861, "NDCG@5": 5.281988083486368e-05, "NDCG@10": 0.00022000096810395565, "NDCG@20": 0.00034823243471569386, "Recall@5_total_best": 0.019233082364567892, "Recall@10_total_best": 0.03403765358981088, "Recall@20_total_best": 0.059028374845195054, "ndcg@5_total_best": 0.014036543300223914, "ndcg@10_total_best": 0.019320942823838172, "ndcg@20_total_best": 0.026402122555708393, "EPOCH_ndcg_best": 20, "Recall@5_ndcg_best": 0.019233082364567892, "Recall@10_ndcg_best": 0.03403765358981088, "Recall@20_ndcg_best": 0.059028374845195054, "ndcg@5_ndcg_best": 0.014036543300223914, "ndcg@10_ndcg_best": 0.019320942823838172, "ndcg@20_ndcg_best": 0.026402122555708393, "gradients/mass_i.weight": {"_type": "histogram", "values": [1.0, 1.0, 2.0, 0.0, 0.0, 2.0, 1.0, 2.0, 0.0, 0.0, 3.0, 3.0, 4.0, 10.0, 10.0, 18.0, 31.0, 51.0, 74.0, 145.0, 128.0, 8079.0, 55.0, 18.0, 25.0, 12.0, 6.0, 10.0, 5.0, 4.0, 5.0, 1.0, 3.0, 0.0, 1.0, 1.0, 0.0, 0.0, 0.0, 0.0, 0.0, 0.0, 0.0, 0.0, 0.0, 0.0, 0.0, 0.0, 0.0, 0.0, 0.0, 0.0, 1.0, 0.0, 0.0, 0.0, 0.0, 0.0, 0.0, 0.0, 0.0, 0.0, 0.0, 1.0], "bins": [-2.107923683070112e-05, -2.0096566004212946e-05, -1.9113893358735368e-05, -1.8131222532247193e-05, -1.714855170575902e-05, -1.616587906028144e-05, -1.5183208233793266e-05, -1.420053649781039e-05, -1.3217864761827514e-05, -1.2235193025844637e-05, -1.1252521289861761e-05, -1.0269850463373587e-05, -9.28717872739071e-06, -8.304506991407834e-06, -7.321835710172309e-06, -6.339164428936783e-06, -5.356492692953907e-06, -4.373820956971031e-06, -3.3911496757355053e-06, -2.4084781671263045e-06, -1.4258066585171036e-06, -4.4313492253422737e-07, 5.39536358701298e-07, 1.5222076399368234e-06, 2.5048793759196997e-06, 3.4875508845289005e-06, 4.470222393138101e-06, 5.452893674373627e-06, 6.435565410356503e-06, 7.418237146339379e-06, 8.400907972827554e-06, 9.38357970881043e-06, 1.036625326378271e-05, 1.1348924999765586e-05, 1.2331596735748462e-05, 1.3314267562236637e-05, 1.4296939298219513e-05, 1.527961103420239e-05, 1.6262281860690564e-05, 1.7244954506168142e-05, 1.8227625332656316e-05, 1.921029615914449e-05, 2.019296880462207e-05, 2.1175639631110243e-05, 2.2158310457598418e-05, 2.3140983103075996e-05, 2.412365392956417e-05, 2.5106324756052345e-05, 2.6088997401529923e-05, 2.7071668228018098e-05, 2.8054340873495676e-05, 2.903701169998385e-05, 3.0019684345461428e-05, 3.10023533529602e-05, 3.198502599843778e-05, 3.2967698643915355e-05, 3.3950367651414126e-05, 3.4933040296891704e-05, 3.5915709304390475e-05, 3.689838194986805e-05, 3.788105459534563e-05, 3.886372724082321e-05, 3.984639624832198e-05, 4.082906889379956e-05, 4.1811741539277136e-05]}, "gradients/mass_u.weight": {"_type": "histogram", "values": [1.0, 0.0, 0.0, 0.0, 0.0, 0.0, 0.0, 1.0, 1.0, 0.0, 0.0, 0.0, 0.0, 0.0, 0.0, 0.0, 0.0, 0.0, 0.0, 0.0, 0.0, 0.0, 0.0, 0.0, 1.0, 1.0, 0.0, 1.0, 0.0, 0.0, 0.0, 0.0, 1.0, 2.0, 2.0, 0.0, 0.0, 0.0, 0.0, 3.0, 2.0, 0.0, 3.0, 2.0, 2.0, 1.0, 3.0, 4.0, 1.0, 2.0, 4.0, 2.0, 6.0, 12.0, 9.0, 16.0, 31.0, 27.0, 52.0, 78.0, 101.0, 81.0, 49.0, 14179.0], "bins": [-3.38618119712919e-05, -3.3332722523482516e-05, -3.2803629437694326e-05, -3.227453998988494e-05, -3.174544690409675e-05, -3.121635745628737e-05, -3.0687268008477986e-05, -3.01581767416792e-05, -2.9629085474880412e-05, -2.9099994208081625e-05, -2.857090294128284e-05, -2.8041813493473455e-05, -2.751272222667467e-05, -2.698363095987588e-05, -2.64545415120665e-05, -2.592545024526771e-05, -2.5396358978468925e-05, -2.4867267711670138e-05, -2.433817644487135e-05, -2.3809086997061968e-05, -2.327999573026318e-05, -2.2750904463464394e-05, -2.222181501565501e-05, -2.1692723748856224e-05, -2.1163632482057437e-05, -2.063454121525865e-05, -2.0105449948459864e-05, -1.957636050065048e-05, -1.9047269233851694e-05, -1.8518177967052907e-05, -1.7989088519243523e-05, -1.7459997252444737e-05, -1.693090598564595e-05, -1.6401814718847163e-05, -1.5872723452048376e-05, -1.5343634004238993e-05, -1.4814542737440206e-05, -1.428545147064142e-05, -1.3756361113337334e-05, -1.322727075603325e-05, -1.2698179489234462e-05, -1.2169088222435676e-05, -1.163999786513159e-05, -1.1110907507827505e-05, -1.0581816241028719e-05, -1.0052724974229932e-05, -9.523634616925847e-06, -8.994544259621762e-06, -8.465452992822975e-06, -7.936361726024188e-06, -7.407271368720103e-06, -6.878180556668667e-06, -6.349089744617231e-06, -5.819998932565795e-06, -5.290908120514359e-06, -4.761817308462923e-06, -4.2327264964114875e-06, -3.7036356843600515e-06, -3.1745448723086156e-06, -2.6454540602571797e-06, -2.1163632482057437e-06, -1.5872724361543078e-06, -1.0581816241028719e-06, -5.290908120514359e-07, 0.0]}, "gradients/embedding_user.weight": {"_type": "histogram", "values": [0.0, 0.0, 0.0, 0.0, 0.0, 0.0, 0.0, 0.0, 0.0, 0.0, 0.0, 0.0, 0.0, 0.0, 0.0, 0.0, 0.0, 0.0, 0.0, 0.0, 0.0, 0.0, 0.0, 0.0, 0.0, 0.0, 0.0, 0.0, 0.0, 0.0, 0.0, 0.0, 5888.0, 0.0, 0.0, 0.0, 0.0, 0.0, 0.0, 0.0, 0.0, 0.0, 0.0, 0.0, 0.0, 0.0, 0.0, 0.0, 0.0, 0.0, 0.0, 0.0, 0.0, 0.0, 0.0, 0.0, 0.0, 0.0, 0.0, 0.0, 0.0, 0.0, 0.0, 0.0], "bins": [0.0, 0.0, 0.0, 0.0, 0.0, 0.0, 0.0, 0.0, 0.0, 0.0, 0.0, 0.0, 0.0, 0.0, 0.0, 0.0, 0.0, 0.0, 0.0, 0.0, 0.0, 0.0, 0.0, 0.0, 0.0, 0.0, 0.0, 0.0, 0.0, 0.0, 0.0, 0.0, 0.0, 0.0, 0.0, 0.0, 0.0, 0.0, 0.0, 0.0, 0.0, 0.0, 0.0, 0.0, 0.0, 0.0, 0.0, 0.0, 0.0, 0.0, 0.0, 0.0, 0.0, 0.0, 0.0, 0.0, 0.0, 0.0, 0.0, 0.0, 0.0, 0.0, 0.0, 0.0, 0.0]}, "_wandb": {"runtime": 1968}}