{"TOTAL_BEST_METRIC": 0.5638774258643012, "BEST_NDCG@10": 0.09038404712060764, "_timestamp": 1688417291.4587147, "_runtime": 22594.112506628036, "_step": 1262, "epoch": 1000, "Train_Metric_loss": 4.81807817862584, "Train_Reg_loss": 5.477292213002399e-05, "Pos_loss": 9.944355010986328, "Neg_loss": 0.353950172662735, "Recall@5": 0.056358160945436546, "Recall@10": 0.09023864214216529, "Recall@20": 0.13783521740032667, "NDCG@5": 0.0820839879801435, "NDCG@10": 0.0902422376352443, "NDCG@20": 0.10638536058419958, "Recall@5_total_best": 0.056389390954096945, "Recall@10_total_best": 0.0904651443790274, "Recall@20_total_best": 0.13808203436952832, "ndcg@5_total_best": 0.08210106839206041, "ndcg@10_total_best": 0.09038404712060764, "ndcg@20_total_best": 0.10645574064898045, "EPOCH_ndcg_best": 990, "Recall@5_ndcg_best": 0.056389390954096945, "Recall@10_ndcg_best": 0.0904651443790274, "Recall@20_ndcg_best": 0.13808203436952832, "ndcg@5_ndcg_best": 0.08210106839206041, "ndcg@10_ndcg_best": 0.09038404712060764, "ndcg@20_ndcg_best": 0.10645574064898045, "gradients/mass_i.weight": {"_type": "histogram", "values": [1.0, 0.0, 0.0, 1.0, 1.0, 0.0, 0.0, 2.0, 0.0, 0.0, 3.0, 0.0, 3.0, 6.0, 7.0, 8.0, 11.0, 17.0, 14.0, 22.0, 43.0, 53.0, 60.0, 71.0, 87.0, 134.0, 177.0, 254.0, 356.0, 449.0, 576.0, 640.0, 603.0, 686.0, 827.0, 32971.0, 140.0, 523.0, 666.0, 621.0, 410.0, 242.0, 137.0, 127.0, 88.0, 50.0, 54.0, 28.0, 32.0, 26.0, 9.0, 7.0, 6.0, 2.0, 0.0, 5.0, 1.0, 2.0, 1.0, 1.0, 2.0, 0.0, 0.0, 1.0], "bins": [-9.169294207822531e-05, -8.913427154766396e-05, -8.65756010171026e-05, -8.401693048654124e-05, -8.145825995597988e-05, -7.889958942541853e-05, -7.634091889485717e-05, -7.37822410883382e-05, -7.122357783373445e-05, -6.86649073031731e-05, -6.610623677261174e-05, -6.354756624205038e-05, -6.098889571148902e-05, -5.8430225180927664e-05, -5.58715510123875e-05, -5.331288048182614e-05, -5.075420631328598e-05, -4.819553578272462e-05, -4.563686525216326e-05, -4.3078194721601903e-05, -4.0519524191040546e-05, -3.796085366047919e-05, -3.540217949193902e-05, -3.2843508961377665e-05, -3.0284838430816308e-05, -2.772616790025495e-05, -2.5167497369693592e-05, -2.260882502014283e-05, -2.0050154489581473e-05, -1.7491483959020115e-05, -1.4932811609469354e-05, -1.2374141078907996e-05, -9.815470548346639e-06, -7.25679956303793e-06, -4.6981285777292214e-06, -2.139457137673162e-06, 4.192133928881958e-07, 2.9778839234495535e-06, 5.536556273000315e-06, 8.095226803561673e-06, 1.065389733412303e-05, 1.3212567864684388e-05, 1.5771238395245746e-05, 1.8329910744796507e-05, 2.0888581275357865e-05, 2.3447251805919223e-05, 2.6005924155469984e-05, 2.856459468603134e-05, 3.11232652165927e-05, 3.368193574715406e-05, 3.6240606277715415e-05, 3.879927680827677e-05, 4.135794733883813e-05, 4.391661786939949e-05, 4.647529203793965e-05, 4.903396256850101e-05, 5.159263309906237e-05, 5.4151303629623726e-05, 5.6709974160185084e-05, 5.926864832872525e-05, 6.18273188592866e-05, 6.438598938984796e-05, 6.694465992040932e-05, 6.950333045097068e-05, 7.206200098153204e-05]}, "gradients/mass_u.weight": {"_type": "histogram", "values": [1.0, 0.0, 0.0, 0.0, 0.0, 0.0, 0.0, 1.0, 0.0, 1.0, 0.0, 0.0, 0.0, 0.0, 0.0, 1.0, 0.0, 0.0, 0.0, 0.0, 1.0, 0.0, 0.0, 0.0, 0.0, 0.0, 0.0, 0.0, 0.0, 0.0, 0.0, 0.0, 1.0, 0.0, 1.0, 1.0, 1.0, 0.0, 1.0, 1.0, 1.0, 0.0, 1.0, 1.0, 0.0, 3.0, 3.0, 1.0, 3.0, 4.0, 4.0, 5.0, 4.0, 1.0, 1.0, 8.0, 17.0, 8.0, 25.0, 43.0, 67.0, 123.0, 151.0, 51921.0], "bins": [-0.0017991955392062664, -0.0017710831016302109, -0.0017429706640541553, -0.0017148582264780998, -0.0016867457889020443, -0.0016586333513259888, -0.0016305209137499332, -0.0016024084761738777, -0.0015742960385978222, -0.0015461836010217667, -0.0015180711634457111, -0.0014899587258696556, -0.0014618462882936, -0.0014337338507175446, -0.001405621413141489, -0.0013775089755654335, -0.0013493966544046998, -0.0013212842168286443, -0.0012931717792525887, -0.0012650593416765332, -0.0012369469041004777, -0.0012088344665244222, -0.0011807220289483666, -0.001152609707787633, -0.0011244972702115774, -0.0010963848326355219, -0.0010682723950594664, -0.0010401599574834108, -0.0010120475199073553, -0.0009839350823312998, -0.0009558227029629052, -0.0009277102653868496, -0.0008995977696031332, -0.0008714853320270777, -0.0008433728944510221, -0.0008152604568749666, -0.0007871480192989111, -0.0007590355817228556, -0.000730923202354461, -0.0007028107647784054, -0.0006746983272023499, -0.0006465858896262944, -0.0006184734520502388, -0.0005903610144741833, -0.0005622486351057887, -0.0005341361975297332, -0.0005060237599536777, -0.00047791132237762213, -0.0004497988848015666, -0.0004216864472255111, -0.00039357400964945555, -0.0003654616011772305, -0.00033734916360117495, -0.0003092367260251194, -0.00028112431755289435, -0.00025301187997683883, -0.0002248994424007833, -0.00019678700482472777, -0.00016867458180058748, -0.00014056215877644718, -0.00011244972120039165, -8.433728362433612e-05, -5.6224860600195825e-05, -2.8112437576055527e-05, 0.0]}, "gradients/embedding_user.weight": {"_type": "histogram", "values": [2.0, 0.0, 3.0, 2.0, 1.0, 1.0, 2.0, 2.0, 5.0, 4.0, 2.0, 3.0, 12.0, 7.0, 16.0, 23.0, 37.0, 35.0, 59.0, 78.0, 108.0, 167.0, 314.0, 521.0, 844.0, 1602.0, 3349.0, 7896.0, 935099.0, 2387956.0, 8348.0, 3560.0, 1666.0, 886.0, 467.0, 317.0, 191.0, 125.0, 78.0, 58.0, 32.0, 28.0, 22.0, 13.0, 10.0, 7.0, 7.0, 4.0, 5.0, 2.0, 0.0, 1.0, 1.0, 2.0, 0.0, 0.0, 2.0, 0.0, 0.0, 1.0, 0.0, 0.0, 0.0, 1.0], "bins": [-0.00034973680158145726, -0.0003377020766492933, -0.0003256673808209598, -0.00031363265588879585, -0.00030159796006046236, -0.0002895632351282984, -0.0002775285392999649, -0.00026549381436780095, -0.000253459089435637, -0.00024142437905538827, -0.00022938966867513955, -0.0002173549437429756, -0.0002053202479146421, -0.00019328552298247814, -0.00018125081260222942, -0.0001692161022219807, -0.0001571814063936472, -0.00014514669601339847, -0.00013311198563314974, -0.0001210772679769434, -0.00010904255759669468, -9.700784721644595e-05, -8.497312956023961e-05, -7.293841917999089e-05, -6.090370879974216e-05, -4.886899841949344e-05, -3.6834284401265904e-05, -2.4799570383038372e-05, -1.2764860002789646e-05, -7.30149622540921e-07, 1.1304568033665419e-05, 2.3339278413914144e-05, 3.5374017897993326e-05, 4.740872827824205e-05, 5.9443442296469584e-05, 7.147815631469712e-05, 8.351286669494584e-05, 9.554757707519457e-05, 0.00010758229473140091, 0.00011961700511164963, 0.00013165171549189836, 0.00014368642587214708, 0.0001557211362523958, 0.00016775584663264453, 0.0001797905715648085, 0.00019182526739314198, 0.00020385999232530594, 0.00021589470270555466, 0.0002279294130858034, 0.00023996412346605211, 0.00025199883384630084, 0.0002640335587784648, 0.0002760682546067983, 0.00028810297953896224, 0.00030013767536729574, 0.0003121724002994597, 0.00032420712523162365, 0.0003362418501637876, 0.0003482765459921211, 0.00036031127092428505, 0.00037234596675261855, 0.0003843806916847825, 0.00039641541661694646, 0.00040845011244527996, 0.00042048480827361345]}, "gradients/embedding_item.weight": {"_type": "histogram", "values": [1.0, 0.0, 1.0, 0.0, 0.0, 1.0, 0.0, 3.0, 1.0, 7.0, 5.0, 10.0, 10.0, 13.0, 24.0, 38.0, 39.0, 80.0, 101.0, 125.0, 231.0, 345.0, 602.0, 1044.0, 1856.0, 3403.0, 6750.0, 14350.0, 31578.0, 75603.0, 188730.0, 494057.0, 1330327.0, 288407.0, 115627.0, 47189.0, 20391.0, 9507.0, 4627.0, 2439.0, 1344.0, 735.0, 458.0, 302.0, 181.0, 126.0, 73.0, 46.0, 31.0, 32.0, 13.0, 14.0, 9.0, 2.0, 1.0, 0.0, 4.0, 1.0, 1.0, 0.0, 0.0, 0.0, 0.0, 1.0],