{"TOTAL_BEST_METRIC": 1.0810301482228992, "BEST_NDCG@10": 0.13794870535746973, "_timestamp": 1688419715.1000373, "_runtime": 747.5428574085236, "_step": 1221, "epoch": 1000, "Train_Metric_loss": 3.6784541606903076, "Train_Reg_loss": 4.028582698083483e-05, "Pos_loss": 8.586356163024902, "Neg_loss": 0.08908738195896149, "Recall@5": 0.14993121566056292, "Recall@10": 0.21911969086797098, "Recall@20": 0.29950710214147763, "NDCG@5": 0.11335923446006398, "NDCG@10": 0.13776896941597117, "NDCG@20": 0.16070180278193996, "Recall@5_total_best": 0.1498160771288463, "Recall@10_total_best": 0.21812424733798974, "Recall@20_total_best": 0.3013436837951632, "ndcg@5_total_best": 0.113468408502218, "ndcg@10_total_best": 0.1373169493306543, "ndcg@20_total_best": 0.1609607821280278, "EPOCH_ndcg_best": 1000, "Recall@5_ndcg_best": 0.15010833220324798, "Recall@10_ndcg_best": 0.21908876575734343, "Recall@20_ndcg_best": 0.29861167962012525, "ndcg@5_ndcg_best": 0.11370777614047649, "ndcg@10_ndcg_best": 0.13794870535746973, "ndcg@20_ndcg_best": 0.160662931256223, "gradients/mass_i.weight": {"_type": "histogram", "values": [1.0, 0.0, 0.0, 1.0, 0.0, 1.0, 0.0, 1.0, 0.0, 1.0, 1.0, 1.0, 0.0, 0.0, 2.0, 3.0, 6.0, 1.0, 3.0, 2.0, 3.0, 5.0, 3.0, 4.0, 6.0, 7.0, 19.0, 19.0, 26.0, 30.0, 22.0, 30.0, 64.0, 51.0, 32.0, 91.0, 139.0, 38.0, 95.0, 2467.0, 29.0, 55.0, 118.0, 20.0, 33.0, 55.0, 9.0, 19.0, 9.0, 15.0, 10.0, 2.0, 1.0, 1.0, 3.0, 2.0, 3.0, 1.0, 3.0, 2.0, 1.0, 0.0, 1.0, 1.0], "bins": [-0.0008652638643980026, -0.0008435780182480812, -0.0008218922303058207, -0.0008002063841558993, -0.0007785205380059779, -0.0007568347500637174, -0.000735148903913796, -0.0007134630577638745, -0.0006917772116139531, -0.0006700913654640317, -0.0006484055775217712, -0.0006267197313718498, -0.0006050338852219284, -0.0005833480972796679, -0.0005616622511297464, -0.000539976404979825, -0.0005182906170375645, -0.0004966047708876431, -0.00047491895384155214, -0.0004532331367954612, -0.00043154729064553976, -0.0004098614735994488, -0.00038817565655335784, -0.0003664898104034364, -0.00034480399335734546, -0.0003231181763112545, -0.0003014323301613331, -0.0002797465131152421, -0.00025806069606915116, -0.00023637484991922975, -0.00021468903287313879, -0.0001930032012751326, -0.0001713173696771264, -0.00014963153807912022, -0.00012794570648111403, -0.00010625988943502307, -8.457405783701688e-05, -6.288822623901069e-05, -4.120240919291973e-05, -1.9516577594913542e-05, 2.1692540030926466e-06, 2.385508196312003e-05, 4.554090992314741e-05, 6.722673424519598e-05, 8.891256584320217e-05, 0.00011059839744120836, 0.00013228421448729932, 0.0001539700460853055, 0.0001756558776833117, 0.0001973417092813179, 0.00021902754087932408, 0.00024071335792541504, 0.00026239920407533646, 0.0002840850211214274, 0.0003057708381675184, 0.0003274566843174398, 0.00034914250136353076, 0.0003708283184096217, 0.00039251416455954313, 0.0004141999816056341, 0.00043588579865172505, 0.00045757164480164647, 0.00047925746184773743, 0.0005009432788938284, 0.0005226291250437498]}, "gradients/mass_u.weight": {"_type": "histogram", "values": [2.0, 0.0, 0.0, 0.0, 0.0, 0.0, 0.0, 0.0, 0.0, 0.0, 0.0, 0.0, 0.0, 0.0, 0.0, 0.0, 0.0, 1.0, 0.0, 0.0, 0.0, 0.0, 0.0, 0.0, 0.0, 0.0, 0.0, 0.0, 0.0, 1.0, 0.0, 0.0, 1.0, 0.0, 2.0, 1.0, 2.0, 3.0, 0.0, 1.0, 0.0, 1.0, 1.0, 4.0, 0.0, 1.0, 6.0, 6.0, 5.0, 2.0, 3.0, 4.0, 9.0, 5.0, 9.0, 10.0, 16.0, 22.0, 64.0, 88.0, 85.0, 73.0, 43.0, 5070.0], "bins": [-0.0013572354800999165, -0.0013360286829993129, -0.0013148218858987093, -0.0012936150887981057, -0.0012724082916975021, -0.0012512014945968986, -0.001229994697496295, -0.0012087877839803696, -0.0011875811032950878, -0.0011663743061944842, -0.0011451675090938807, -0.001123960711993277, -0.0011027539148926735, -0.00108154711779207, -0.0010603403206914663, -0.001039133407175541, -0.0010179266100749373, -0.0009967198129743338, -0.0009755130158737302, -0.0009543062187731266, -0.000933099421672523, -0.0009118925663642585, -0.000890685769263655, -0.0008694789721630514, -0.0008482721750624478, -0.0008270653779618442, -0.0008058585808612406, -0.000784651783760637, -0.0007634449284523726, -0.000742238131351769, -0.0007210313342511654, -0.0006998245371505618, -0.0006786177400499582, -0.0006574109429493546, -0.0006362041458487511, -0.0006149973487481475, -0.0005937905516475439, -0.0005725836963392794, -0.0005513768992386758, -0.0005301701021380723, -0.0005089633050374687, -0.0004877565079368651, -0.0004665497108362615, -0.0004453428846318275, -0.0004241360875312239, -0.0004029292904306203, -0.0003817224642261863, -0.0003605156671255827, -0.0003393088700249791, -0.00031810207292437553, -0.00029689527582377195, -0.0002756884496193379, -0.00025448165251873434, -0.00023327485541813076, -0.00021206804376561195, -0.00019086123211309314, -0.00016965443501248956, -0.00014844763791188598, -0.00012724082625936717, -0.00010603402188280597, -8.482721750624478e-05, -6.362041312968358e-05, -4.241360875312239e-05, -2.120679710060358e-05, 0.0]}, "gradients/embedding_user.weight": {"_type": "histogram", "values": [1.0, 0.0, 0.0, 0.0, 0.0, 0.0, 0.0, 0.0, 0.0, 0.0, 0.0, 1.0, 1.0, 3.0, 2.0, 0.0, 0.0, 3.0, 2.0, 4.0, 7.0, 12.0, 19.0, 19.0, 30.0, 42.0, 84.0, 116.0, 199.0, 343.0, 727.0, 1124.0, 2163.0, 4043.0, 10982.0, 44529.0, 120084.0, 111374.0, 40055.0, 9882.0, 3882.0, 2076.0, 1180.0, 625.0, 425.0, 211.0, 129.0, 84.0, 54.0, 27.0, 22.0, 16.0, 15.0, 8.0, 4.0, 5.0, 5.0, 2.0, 0.0, 0.0, 1.0, 1.0, 0.0, 1.0], "bins": [-0.001560500357300043, -0.0015182975912466645, -0.001476094825193286, -0.0014338919427245855, -0.001391689176671207, -0.0013494864106178284, -0.0013072836445644498, -0.0012650808785110712, -0.0012228779960423708, -0.0011806752299889922, -0.0011384724639356136, -0.0010962695814669132, -0.0010540668154135346, -0.001011864049360156, -0.0009696612833067775, -0.0009274585172533989, -0.0008852557512000203, -0.0008430529851466417, -0.0008008501608856022, -0.0007586473948322237, -0.0007164445705711842, -0.0006742418045178056, -0.000632039038464427, -0.0005898362724110484, -0.0005476334481500089, -0.0005054306820966303, -0.00046322785783559084, -0.00042102509178221226, -0.0003788222966250032, -0.0003366195014677942, -0.0002944167354144156, -0.00025221394025720656, -0.00021001126151531935, -0.0001678084663581103, -0.0001256056857528165, -8.340290514752269e-05, -4.120010999031365e-05, 1.0026851668953896e-06, 4.320545122027397e-05, 8.540824637748301e-05, 0.00012761104153469205, 0.0001698138366919011, 0.0002120166172971949, 0.0002542193979024887, 0.00029642219305969775, 0.0003386249882169068, 0.00038082775427028537, 0.0004230305494274944, 0.00046523334458470345, 0.000507436110638082, 0.0005496389348991215, 0.0005918417009525001, 0.0006340445252135396, 0.0006762472912669182, 0.0007184500573202968, 0.0007606528233736753, 0.0008028556476347148, 0.0008450584136880934, 0.0008872612379491329, 0.0009294640040025115, 0.0009716667700558901, 0.0010138696525245905, 0.0010560723021626472, 0.0010982751846313477, 0.0011404779506847262]}, "gradients/embedding_item.weight": {"_type": "histogram", "values": [1.0, 0.0, 2.0, 2.0, 2.0, 1.0, 3.0, 3.0, 5.0, 7.0, 6.0, 11.0, 13.0, 15.0, 28.0, 36.0, 60.0, 78.0, 91.0, 150.0, 196.0, 313.0, 433.0, 648.0, 934.0, 1276.0, 2111.0, 3299.0, 5197.0, 8438.0, 13614.0, 21483.0, 31571.0, 60033.0, 27317.0, 18700.0, 11883.0, 7291.0, 4483.0, 2917.0, 1888.0, 1167.0, 842.0, 529.0, 370.0, 265.0, 168.0, 140.0, 104.0, 58.0, 47.0, 29.0, 30.0, 18.0, 11.0, 12.0, 8.0, 5.0, 3.0, 3.0, 1.0, 1.0, 1.0, 1.0],