{"TOTAL_BEST_METRIC": 0.36387375604502475, "BEST_NDCG@10": 0.042543679651134335, "_timestamp": 1688288496.855479, "_runtime": 969.1300508975983, "_step": 1121, "epoch": 1000, "Train_Metric_loss": -6.251818520682199, "Train_Reg_loss": 0.01060321880504489, "Recall@5": 0.03370217890459562, "Recall@10": 0.056764468237024204, "Recall@20": 0.09199858014883955, "NDCG@5": 0.0231131151407573, "NDCG@10": 0.030865267115909572, "NDCG@20": 0.04081148869874514, "Recall@5_total_best": 0.04581303004295905, "Recall@10_total_best": 0.0741161616161616, "Recall@20_total_best": 0.1147911169705954, "ndcg@5_total_best": 0.03274299316229748, "ndcg@10_total_best": 0.042543679651134335, "ndcg@20_total_best": 0.053866774601876936, "EPOCH_ndcg_best": 130, "Recall@5_ndcg_best": 0.04581303004295905, "Recall@10_ndcg_best": 0.0741161616161616, "Recall@20_ndcg_best": 0.1147911169705954, "ndcg@5_ndcg_best": 0.03274299316229748, "ndcg@10_ndcg_best": 0.042543679651134335, "ndcg@20_ndcg_best": 0.053866774601876936, "gradients/mass_i.weight": {"_type": "histogram", "values": [2.0, 0.0, 0.0, 0.0, 0.0, 0.0, 1.0, 1.0, 0.0, 0.0, 1.0, 0.0, 1.0, 3.0, 4.0, 1.0, 1.0, 1.0, 8.0, 6.0, 7.0, 7.0, 8.0, 9.0, 19.0, 16.0, 12.0, 17.0, 20.0, 20.0, 27.0, 20.0, 11.0, 5.0, 8386.0, 10.0, 5.0, 9.0, 7.0, 14.0, 16.0, 8.0, 5.0, 3.0, 2.0, 4.0, 1.0, 4.0, 1.0, 0.0, 2.0, 2.0, 2.0, 0.0, 0.0, 0.0, 2.0, 0.0, 1.0, 0.0, 0.0, 0.0, 0.0, 1.0], "bins": [-0.00027829388272948563, -0.00027030796627514064, -0.0002623220789246261, -0.0002543361624702811, -0.00024635024601593614, -0.0002383643586654216, -0.00023037844221107662, -0.00022239254030864686, -0.0002144066384062171, -0.00020642073650378734, -0.00019843483460135758, -0.0001904489181470126, -0.00018246301624458283, -0.00017447711434215307, -0.00016649119788780808, -0.00015850529598537832, -0.00015051939408294857, -0.0001425334921805188, -0.00013454759027808905, -0.00012656167382374406, -0.0001185757719213143, -0.00011058987001888454, -0.00010260396084049717, -9.461805166210979e-05, -8.663214975968003e-05, -7.864624785725027e-05, -7.06603386788629e-05, -6.267442950047553e-05, -5.4688527598045766e-05, -4.67026220576372e-05, -3.871671651722863e-05, -3.0730810976820067e-05, -2.2744934540241957e-05, -1.475902899983339e-05, -6.7731234594248235e-06, 1.212782080983743e-06, 9.19868762139231e-06, 1.7184593161800876e-05, 2.5170498702209443e-05, 3.315640424261801e-05, 4.1142309783026576e-05, 4.912821532343514e-05, 5.711412086384371e-05, 6.510003004223108e-05, 7.308593194466084e-05, 8.10718338470906e-05, 8.905774302547798e-05, 9.704365220386535e-05, 0.00010502955410629511, 0.00011301545600872487, 0.00012100136518711224, 0.00012898727436549962, 0.00013697317626792938, 0.00014495907817035913, 0.00015294499462470412, 0.00016093089652713388, 0.00016891679842956364, 0.0001769027003319934, 0.00018488860223442316, 0.00019287451868876815, 0.0002008604205911979, 0.00020884632249362767, 0.00021683223894797266, 0.00022481814085040241, 0.00023280404275283217]}, "gradients/mass_u.weight": {"_type": "histogram", "values": [1.0, 0.0, 0.0, 0.0, 0.0, 1.0, 0.0, 0.0, 0.0, 0.0, 0.0, 0.0, 0.0, 0.0, 0.0, 0.0, 1.0, 0.0, 0.0, 1.0, 2.0, 1.0, 0.0, 0.0, 1.0, 3.0, 1.0, 0.0, 0.0, 0.0, 2.0, 2.0, 1.0, 3.0, 3.0, 5.0, 1.0, 9.0, 5.0, 7.0, 11.0, 12.0, 18.0, 13.0, 22.0, 12.0, 12.0, 8.0, 9.0, 14494.0, 5.0, 3.0, 5.0, 1.0, 0.0, 2.0, 2.0, 1.0, 0.0, 0.0, 0.0, 0.0, 0.0, 1.0], "bins": [-0.0009147276286967099, -0.0008962618885561824, -0.000877796090207994, -0.0008593303500674665, -0.000840864609926939, -0.0008223988115787506, -0.0008039330714382231, -0.0007854673312976956, -0.0007670015329495072, -0.0007485357928089797, -0.0007300699944607913, -0.0007116042543202639, -0.0006931385141797364, -0.0006746727740392089, -0.0006562069756910205, -0.000637741235550493, -0.0006192754954099655, -0.000600809755269438, -0.0005823439569212496, -0.0005638782167807221, -0.0005454124766401947, -0.0005269467364996672, -0.0005084809381514788, -0.0004900151980109513, -0.00047154942876659334, -0.0004530836595222354, -0.0004346179193817079, -0.00041615215013734996, -0.000397686380892992, -0.00037922064075246453, -0.0003607548715081066, -0.00034228910226374865, -0.00032382336212322116, -0.0003053575928788632, -0.00028689185273833573, -0.0002684260834939778, -0.0002499603433534503, -0.00023149457410909235, -0.0002130288048647344, -0.0001945630501722917, -0.00017609729547984898, -0.00015763154078740627, -0.00013916578609496355, -0.00012070001685060561, -0.00010223426215816289, -8.376850746572018e-05, -6.530274549731985e-05, -4.683698352891952e-05, -2.8371228836476803e-05, -9.90547050605528e-06, 8.560287824366242e-06, 2.7026046154787764e-05, 4.5491804485209286e-05, 6.3957559177652e-05, 8.242332114605233e-05, 0.00010088908311445266, 0.00011935483780689538, 0.0001378205924993381, 0.0001562863471917808, 0.00017475211643613875, 0.00019321787112858146, 0.00021168362582102418, 0.00023014939506538212, 0.00024861516430974007, 0.00026708090445026755]}, "gradients/embedding_user.weight": {"_type": "histogram", "values": [1.0, 0.0, 0.0, 0.0, 1.0, 3.0, 0.0, 1.0, 2.0, 1.0, 0.0, 1.0, 1.0, 3.0, 3.0, 1.0, 4.0, 6.0, 5.0, 4.0, 10.0, 19.0, 24.0, 38.0, 69.0, 117.0, 198.0, 325.0, 690.0, 1230.0, 2964.0, 19596.0, 848998.0, 57934.0, 4292.0, 1441.0, 679.0, 394.0, 224.0, 116.0, 64.0, 32.0, 28.0, 14.0, 11.0, 12.0, 6.0, 2.0, 3.0, 0.0, 3.0, 2.0, 1.0, 0.0, 1.0, 0.0, 1.0, 2.0, 2.0, 2.0, 2.0, 0.0, 0.0, 1.0], "bins": [-0.0009032422094605863, -0.0008755667367950082, -0.0008478912641294301, -0.0008202157914638519, -0.0007925402605906129, -0.0007648648461326957, -0.0007371893152594566, -0.0007095138425938785, -0.0006818383699283004, -0.0006541628972627223, -0.0006264874245971441, -0.000598811951931566, -0.0005711364792659879, -0.0005434609483927488, -0.0005157854757271707, -0.0004881100030615926, -0.00046043453039601445, -0.0004327590577304363, -0.0004050835850648582, -0.0003774080832954496, -0.0003497326106298715, -0.00032205713796429336, -0.0002943816361948848, -0.00026670616352930665, -0.00023903069086372852, -0.0002113552181981504, -0.00018367973098065704, -0.00015600424376316369, -0.00012832877109758556, -0.00010065329843200743, -7.297781121451408e-05, -4.530232399702072e-05, -1.7626851331442595e-05, 1.0048628610093147e-05, 3.772410855162889e-05, 6.539958849316463e-05, 9.307506843470037e-05, 0.0001207505411002785, 0.00014842602831777185, 0.0001761015155352652, 0.00020377698820084333, 0.00023145246086642146, 0.0002591279335319996, 0.00028680343530140817, 0.0003144789079669863, 0.0003421543806325644, 0.000369829882401973, 0.00039750535506755114, 0.00042518082773312926, 0.0004528563003987074, 0.0004805317730642855, 0.0005082072457298636, 0.0005358827766031027, 0.0005635581910610199, 0.0005912337219342589, 0.0006189091945998371, 0.0006465846672654152, 0.0006742601399309933, 0.0007019356125965714, 0.0007296110852621496, 0.0007572865579277277, 0.0007849620888009667, 0.0008126375614665449, 0.000840313034132123, 0.0008679885067977011]}, "gradients/embedding_item.weight": {"_type": "histogram", "values": [1.0, 0.0, 0.0, 2.0, 2.0, 5.0, 2.0, 1.0, 4.0, 6.0, 5.0, 15.0, 12.0, 19.0, 26.0, 27.0, 47.0, 54.0, 56.0, 94.0, 134.0, 161.0, 249.0, 284.0, 396.0, 557.0, 774.0, 1162.0, 1783.0, 3352.0, 8450.0, 39530.0, 387862.0, 86183.0, 14748.0, 4553.0, 2248.0, 1394.0, 963.0, 624.0, 455.0, 329.0, 247.0, 193.0, 141.0, 110.0, 91.0, 82.0, 54.0, 33.0, 26.0, 22.0, 17.0, 15.0, 6.0, 4.0, 1.0, 6.0, 5.0, 2.0, 1.0, 2.0, 2.0, 3.0],