{"TOTAL_BEST_METRIC": 0.8680227260249626, "BEST_NDCG@10": 0.1086157427950591, "_timestamp": 1688315142.1359608, "_runtime": 367.59550285339355, "_step": 1108, "epoch": 1000, "Train_Metric_loss": -1.823303771018982, "Train_Reg_loss": 0.026692524552345276, "Pos_loss": 1.2872705459594727, "Neg_loss": -3.8685719966888428, "Recall@5": 0.08111239985226226, "Recall@10": 0.12621265810482207, "Recall@20": 0.19214990514909414, "NDCG@5": 0.059788541775593, "NDCG@10": 0.07566220738448895, "NDCG@20": 0.09437922836626954, "Recall@5_total_best": 0.11904122723379952, "Recall@10_total_best": 0.17469352482776054, "Recall@20_total_best": 0.246936379268305, "ndcg@5_total_best": 0.08944649413865778, "ndcg@10_total_best": 0.1086157427950591, "ndcg@20_total_best": 0.12928935776138054, "EPOCH_ndcg_best": 40, "Recall@5_ndcg_best": 0.11904122723379952, "Recall@10_ndcg_best": 0.17469352482776054, "Recall@20_ndcg_best": 0.246936379268305, "ndcg@5_ndcg_best": 0.08944649413865778, "ndcg@10_ndcg_best": 0.1086157427950591, "ndcg@20_ndcg_best": 0.12928935776138054, "gradients/mass_i.weight": {"_type": "histogram", "values": [1.0, 0.0, 0.0, 0.0, 1.0, 0.0, 0.0, 1.0, 0.0, 0.0, 2.0, 0.0, 0.0, 0.0, 0.0, 0.0, 1.0, 2.0, 3.0, 2.0, 0.0, 3.0, 3.0, 4.0, 1.0, 8.0, 14.0, 15.0, 18.0, 24.0, 38.0, 48.0, 56.0, 72.0, 89.0, 2972.0, 29.0, 46.0, 29.0, 26.0, 14.0, 12.0, 6.0, 7.0, 2.0, 3.0, 5.0, 1.0, 1.0, 0.0, 3.0, 2.0, 0.0, 0.0, 2.0, 0.0, 0.0, 0.0, 0.0, 0.0, 0.0, 1.0, 0.0, 1.0], "bins": [-0.000238085602177307, -0.00023146682360675186, -0.0002248480450361967, -0.00021822926646564156, -0.0002116104878950864, -0.00020499170932453126, -0.0001983729307539761, -0.00019175413763150573, -0.0001851353736128658, -0.00017851659504231066, -0.0001718978164717555, -0.00016527903790120035, -0.0001586602593306452, -0.00015204148076009005, -0.0001454227021895349, -0.00013880390906706452, -0.00013218513049650937, -0.00012556635192595422, -0.00011894757335539907, -0.00011232879478484392, -0.00010571001621428877, -9.909123764373362e-05, -9.247245179722086e-05, -8.58536732266657e-05, -7.923489465611055e-05, -7.26161160855554e-05, -6.599733751500025e-05, -5.9378555306466296e-05, -5.2759776735911146e-05, -4.6140998165355995e-05, -3.952221595682204e-05, -3.290343738626689e-05, -2.6284658815711737e-05, -1.9665880245156586e-05, -1.3047099855612032e-05, -6.428319466067478e-06, 1.9045910448767245e-07, 6.809237675042823e-06, 1.342801988357678e-05, 2.004679845413193e-05, 2.666557702468708e-05, 3.328435559524223e-05, 3.990313416579738e-05, 4.652191637433134e-05, 5.314069494488649e-05, 5.975947351544164e-05, 6.63782557239756e-05, 7.299703429453075e-05, 7.96158128650859e-05, 8.623459143564105e-05, 9.28533700061962e-05, 9.947214857675135e-05, 0.0001060909271473065, 0.00011270970571786165, 0.00011932849156437442, 0.00012594726285897195, 0.00013256605598144233, 0.00013918483455199748, 0.00014580361312255263, 0.00015242239169310778, 0.00015904117026366293, 0.00016565994883421808, 0.00017227872740477324, 0.00017889752052724361, 0.00018551628454588354]}, "gradients/mass_u.weight": {"_type": "histogram", "values": [1.0, 0.0, 0.0, 0.0, 0.0, 0.0, 0.0, 0.0, 0.0, 1.0, 1.0, 1.0, 0.0, 0.0, 0.0, 0.0, 0.0, 0.0, 0.0, 0.0, 0.0, 0.0, 0.0, 0.0, 0.0, 0.0, 0.0, 0.0, 0.0, 0.0, 0.0, 1.0, 0.0, 0.0, 0.0, 2.0, 0.0, 0.0, 0.0, 2.0, 0.0, 0.0, 1.0, 1.0, 2.0, 2.0, 4.0, 2.0, 2.0, 5.0, 4.0, 2.0, 7.0, 2.0, 9.0, 12.0, 12.0, 35.0, 25.0, 48.0, 184.0, 85.0, 36.0, 5052.0], "bins": [-0.00024282216327264905, -0.00023902807151898742, -0.00023523396521341056, -0.00023143987345974892, -0.0002276457817060873, -0.00022385167540051043, -0.0002200575836468488, -0.00021626349189318717, -0.00021246940013952553, -0.0002086753083858639, -0.00020488120208028704, -0.0002010871103266254, -0.00019729301857296377, -0.0001934989122673869, -0.00018970482051372528, -0.00018591072876006365, -0.0001821166224544868, -0.00017832253070082515, -0.0001745284243952483, -0.00017073433264158666, -0.00016694024088792503, -0.0001631461491342634, -0.00015935204282868654, -0.0001555579510750249, -0.00015176384476944804, -0.0001479697530157864, -0.00014417564671020955, -0.00014038155495654792, -0.00013658746320288628, -0.00013279335689730942, -0.0001289992651436478, -0.00012520517338998616, -0.00012141108163632452, -0.00011761698260670528, -0.00011382289085304365, -0.0001100287918234244, -0.00010623470006976277, -0.00010244060104014352, -9.864650201052427e-05, -9.485241025686264e-05, -9.10583112272434e-05, -8.726421219762415e-05, -8.347012044396251e-05, -7.967602141434327e-05, -7.588192238472402e-05, -7.208783063106239e-05, -6.829373160144314e-05, -6.44996325718239e-05, -6.070554081816226e-05, -5.691144542652182e-05, -5.311735003488138e-05, -4.9323251005262136e-05, -4.55291556136217e-05, -4.173506022198126e-05, -3.794096119236201e-05, -3.414686580072157e-05, -3.035277040908113e-05, -2.655867501744069e-05, -2.276457780681085e-05, -1.8970480596181005e-05, -1.5176385204540566e-05, -1.1382289812900126e-05, -7.588192602270283e-06, -3.7940953916404396e-06, 0.0]}, "gradients/embedding_user.weight": {"_type": "histogram", "values": [1.0, 0.0, 0.0, 0.0, 0.0, 0.0, 0.0, 0.0, 1.0, 0.0, 0.0, 0.0, 0.0, 0.0, 0.0, 0.0, 0.0, 0.0, 2.0, 1.0, 2.0, 2.0, 0.0, 3.0, 1.0, 1.0, 3.0, 6.0, 8.0, 15.0, 16.0, 24.0, 46.0, 66.0, 126.0, 237.0, 543.0, 1183.0, 3648.0, 24898.0, 286158.0, 31272.0, 4054.0, 1229.0, 520.0, 262.0, 125.0, 65.0, 25.0, 22.0, 17.0, 10.0, 7.0, 3.0, 2.0, 6.0, 3.0, 1.0, 2.0, 1.0, 1.0, 2.0, 2.0, 2.0], "bins": [-0.0005729822441935539, -0.0005588431376963854, -0.0005447039729915559, -0.0005305648664943874, -0.0005164257017895579, -0.0005022865952923894, -0.00048814743058755994, -0.0004740083240903914, -0.00045986915938556194, -0.00044573002378456295, -0.00043159088818356395, -0.00041745175258256495, -0.00040331261698156595, -0.00038917348138056695, -0.00037503434577956796, -0.0003608952392823994, -0.0003467561036814004, -0.0003326169680804014, -0.0003184778324794024, -0.0003043386968784034, -0.00029019956127740443, -0.00027606042567640543, -0.0002619213191792369, -0.00024778215447440743, -0.00023364303342532367, -0.00021950389782432467, -0.00020536476222332567, -0.0001912256411742419, -0.0001770865055732429, -0.0001629473699722439, -0.0001488082343712449, -0.0001346690987702459, -0.00012052993406541646, -0.00010639079846441746, -9.225166286341846e-05, -7.811253453837708e-05, -6.397339893737808e-05, -4.983426333637908e-05, -3.56951350113377e-05, -2.15559994103387e-05, -7.416863809339702e-06, 6.722269972669892e-06, 2.0861403754679486e-05, 3.500053571769968e-05, 4.9139671318698674e-05, 6.327880691969767e-05, 7.741793524473906e-05, 9.155707084573805e-05, 0.00010569620644673705, 0.00011983534204773605, 0.00013397447764873505, 0.00014811361324973404, 0.00016225274885073304, 0.00017639188445173204, 0.0001905310055008158, 0.0002046701411018148, 0.0002188092767028138, 0.0002329484123038128, 0.00024708753335289657, 0.00026122666895389557, 0.00027536580455489457, 0.00028950494015589356, 0.00030364407575689256, 0.00031778321135789156, 0.00033192234695889056]}, "gradients/embedding_item.weight": {"_type": "histogram", "values": [1.0, 0.0, 0.0, 3.0, 1.0, 2.0, 1.0, 3.0, 2.0, 4.0, 1.0, 4.0, 8.0, 6.0, 16.0, 15.0, 16.0, 23.0, 37.0, 58.0, 86.0, 137.0, 240.0, 383.0, 633.0, 1040.0, 1971.0, 4063.0, 9006.0, 25950.0, 122094.0, 39710.0, 12019.0, 5135.0, 2517.0, 1308.0, 724.0, 394.0, 231.0, 146.0, 91.0, 58.0, 44.0, 42.0, 27.0, 19.0, 16.0, 15.0, 12.0, 7.0, 3.0, 6.0, 2.0, 6.0, 2.0, 2.0, 2.0, 1.0, 4.0, 2.0, 0.0, 1.0, 1.0, 1.0],