{"TOTAL_BEST_METRIC": 0.8295944608506564, "BEST_NDCG@10": 0.10062752340483146, "_timestamp": 1688286046.7988374, "_runtime": 369.1158273220062, "_step": 1295, "epoch": 1000, "Train_Metric_loss": -0.013436930626630783, "Train_Reg_loss": 9.296726602769922e-06, "Recall@5": 0.11058437107013651, "Recall@10": 0.168167224234398, "Recall@20": 0.24686424836461188, "NDCG@5": 0.08035184428435677, "NDCG@10": 0.10062752340483146, "NDCG@20": 0.12289296238146855, "Recall@5_total_best": 0.11040725452745143, "Recall@10_total_best": 0.168167224234398, "Recall@20_total_best": 0.2472539047585191, "ndcg@5_total_best": 0.08024326434999761, "ndcg@10_total_best": 0.1005776141362055, "ndcg@20_total_best": 0.12294519884408475, "EPOCH_ndcg_best": 1000, "Recall@5_ndcg_best": 0.11058437107013651, "Recall@10_ndcg_best": 0.168167224234398, "Recall@20_ndcg_best": 0.24686424836461188, "ndcg@5_ndcg_best": 0.08035184428435677, "ndcg@10_ndcg_best": 0.10062752340483146, "ndcg@20_ndcg_best": 0.12289296238146855, "gradients/mass_i.weight": {"_type": "histogram", "values": [1.0, 0.0, 0.0, 0.0, 1.0, 0.0, 0.0, 1.0, 0.0, 1.0, 0.0, 0.0, 2.0, 0.0, 0.0, 0.0, 0.0, 1.0, 3.0, 1.0, 2.0, 1.0, 2.0, 0.0, 2.0, 3.0, 4.0, 8.0, 4.0, 12.0, 13.0, 11.0, 13.0, 17.0, 31.0, 50.0, 48.0, 40.0, 73.0, 89.0, 69.0, 62.0, 2614.0, 57.0, 60.0, 56.0, 67.0, 38.0, 24.0, 29.0, 12.0, 11.0, 8.0, 9.0, 5.0, 5.0, 2.0, 3.0, 1.0, 0.0, 0.0, 1.0, 0.0, 1.0], "bins": [-4.600913598551415e-05, -4.492380321607925e-05, -4.383847044664435e-05, -4.275313767720945e-05, -4.166780490777455e-05, -4.0582472138339654e-05, -3.9497139368904755e-05, -3.8411806599469855e-05, -3.7326473830034956e-05, -3.624114106060006e-05, -3.515580829116516e-05, -3.407047552173026e-05, -3.298514275229536e-05, -3.189980998286046e-05, -3.081447721342556e-05, -2.9729144443990663e-05, -2.864380985556636e-05, -2.755847708613146e-05, -2.6473144316696562e-05, -2.5387811547261663e-05, -2.4302478777826764e-05, -2.3217146008391865e-05, -2.2131811419967562e-05, -2.1046478650532663e-05, -1.9961145881097764e-05, -1.8875813111662865e-05, -1.7790480342227966e-05, -1.6705147572793067e-05, -1.5619814803358167e-05, -1.4534482033923268e-05, -1.3449148354993667e-05, -1.2363815585558768e-05, -1.1278481906629167e-05, -1.0193149137194268e-05, -9.10781636775937e-06, -8.02248359832447e-06, -6.93715037414222e-06, -5.851817604707321e-06, -4.766484380525071e-06, -3.681151611090172e-06, -2.595818841655273e-06, -1.5104859585335362e-06, -4.2515307541179936e-07, 6.601799213967752e-07, 1.7455126908316743e-06, 2.8308454602665734e-06, 3.916178684448823e-06, 5.0015114538837224e-06, 6.0868442233186215e-06, 7.172176992753521e-06, 8.25750976218842e-06, 9.342842531623319e-06, 1.0428175301058218e-05, 1.1513508070493117e-05, 1.2598841749422718e-05, 1.3684174518857617e-05, 1.4769507288292516e-05, 1.5854840967222117e-05, 1.6940173736657016e-05, 1.8025506506091915e-05, 1.9110839275526814e-05, 2.0196172044961713e-05, 2.1281504814396612e-05, 2.236683758383151e-05, 2.345217035326641e-05]}, "gradients/mass_u.weight": {"_type": "histogram", "values": [1.0, 0.0, 0.0, 0.0, 0.0, 0.0, 0.0, 0.0, 0.0, 0.0, 0.0, 0.0, 0.0, 0.0, 1.0, 0.0, 2.0, 1.0, 0.0, 0.0, 0.0, 2.0, 2.0, 1.0, 2.0, 2.0, 4.0, 3.0, 4.0, 5.0, 1.0, 5.0, 7.0, 6.0, 10.0, 17.0, 16.0, 21.0, 30.0, 34.0, 30.0, 31.0, 36.0, 29.0, 5156.0, 16.0, 14.0, 14.0, 7.0, 6.0, 10.0, 2.0, 3.0, 2.0, 2.0, 2.0, 1.0, 0.0, 1.0, 1.0, 0.0, 0.0, 0.0, 1.0], "bins": [-7.578096847282723e-05, -7.406061922665685e-05, -7.234026270452887e-05, -7.06199134583585e-05, -6.889956421218812e-05, -6.717920769006014e-05, -6.545885844388977e-05, -6.37385091977194e-05, -6.201815267559141e-05, -6.029779979144223e-05, -5.857745054527186e-05, -5.685709766112268e-05, -5.51367447769735e-05, -5.341639189282432e-05, -5.169604264665395e-05, -4.997568976250477e-05, -4.82553405163344e-05, -4.653498763218522e-05, -4.481463838601485e-05, -4.309428550186567e-05, -4.137393261771649e-05, -3.965358337154612e-05, -3.793323048739694e-05, -3.621287760324776e-05, -3.449252835707739e-05, -3.277217547292821e-05, -3.105182622675784e-05, -2.933147334260866e-05, -2.761112045845948e-05, -2.5890769393299706e-05, -2.417041832813993e-05, -2.2450065443990752e-05, -2.0729708921862766e-05, -1.900935785670299e-05, -1.7289004972553812e-05, -1.5568653907394037e-05, -1.384830193273956e-05, -1.2127949958085082e-05, -1.0407598892925307e-05, -8.68724691827083e-06, -6.966894943616353e-06, -5.246542968961876e-06, -3.5261914490547497e-06, -1.8058399291476235e-06, -8.548795449314639e-08, 1.6348640201613307e-06, 3.355215085321106e-06, 5.075567059975583e-06, 6.79591903463006e-06, 8.516271009284537e-06, 1.0236622983939014e-05, 1.195697404909879e-05, 1.3677326023753267e-05, 1.5397677998407744e-05, 1.711802906356752e-05, 1.8838381947716698e-05, 2.0558733012876473e-05, 2.227908407803625e-05, 2.3999436962185428e-05, 2.5719788027345203e-05, 2.7440139092504978e-05, 2.9160491976654157e-05, 3.0880844860803336e-05, 3.260119410697371e-05, 3.4321546991122887e-05]}, "gradients/embedding_user.weight": {"_type": "histogram", "values": [1.0, 0.0, 0.0, 0.0, 1.0, 0.0, 1.0, 1.0, 0.0, 4.0, 0.0, 3.0, 9.0, 4.0, 14.0, 18.0, 21.0, 23.0, 51.0, 87.0, 151.0, 263.0, 519.0, 1039.0, 1989.0, 4094.0, 8731.0, 67054.0, 228893.0, 28416.0, 6621.0, 3308.0, 1583.0, 804.0, 389.0, 195.0, 132.0, 69.0, 52.0, 21.0, 23.0, 11.0, 13.0, 2.0, 5.0, 0.0, 3.0, 1.0, 0.0, 2.0, 1.0, 1.0, 0.0, 0.0, 0.0, 0.0, 0.0, 0.0, 0.0, 0.0, 0.0, 0.0, 0.0, 1.0], "bins": [-6.987077358644456e-05, -6.740516982972622e-05, -6.493956607300788e-05, -6.247396231628954e-05, -6.0008362197550014e-05, -5.7542758440831676e-05, -5.5077158322092146e-05, -5.261155456537381e-05, -5.014595080865547e-05, -4.768034705193713e-05, -4.5214743295218796e-05, -4.2749143176479265e-05, -4.028353941976093e-05, -3.781793566304259e-05, -3.535233554430306e-05, -3.288673178758472e-05, -3.0421128030866385e-05, -2.7955524274148047e-05, -2.5489922336419113e-05, -2.302432039869018e-05, -2.055871664197184e-05, -1.8093112885253504e-05, -1.562751094752457e-05, -1.3161909009795636e-05, -1.0696305253077298e-05, -8.230702405853663e-06, -5.765099558630027e-06, -3.299496711406391e-06, -8.338938641827554e-07, 1.6317089830408804e-06, 4.097311830264516e-06, 6.56291376799345e-06, 9.028510248754174e-06, 1.149411309597781e-05, 1.3959715943201445e-05, 1.642531788093038e-05, 1.8890921637648717e-05, 2.1356525394367054e-05, 2.3822127332095988e-05, 2.6287729269824922e-05, 2.875333302654326e-05, 3.12189367832616e-05, 3.3684540539979935e-05, 3.6150140658719465e-05, 3.86157444154378e-05, 4.108134817215614e-05, 4.354694829089567e-05, 4.601255204761401e-05, 4.8478155804332346e-05, 5.094375956105068e-05, 5.340936331776902e-05, 5.587496343650855e-05, 5.834056719322689e-05, 6.0806170949945226e-05, 6.327177106868476e-05, 6.57373748254031e-05, 6.820297858212143e-05, 7.066858233883977e-05, 7.313418609555811e-05, 7.559978985227644e-05, 7.806539360899478e-05, 8.05309900897555e-05, 8.299659384647384e-05, 8.546219760319218e-05, 8.792780135991052e-05]}, "gradients/embedding_item.weight": {"_type": "histogram", "values": [1.0, 0.0, 0.0, 1.0, 0.0, 0.0, 0.0, 0.0, 2.0, 2.0, 4.0, 5.0, 6.0, 8.0, 18.0, 21.0, 41.0, 61.0, 68.0, 105.0, 205.0, 247.0, 445.0, 583.0, 909.0, 1513.0, 2221.0, 3292.0, 4882.0, 7243.0, 10282.0, 14264.0, 18928.0, 23042.0, 40325.0, 26859.0, 20129.0, 16150.0, 11476.0, 8033.0, 5571.0, 3734.0, 2605.0, 1697.0, 1170.0, 759.0, 509.0, 317.0, 221.0, 137.0, 88.0, 56.0, 40.0, 30.0, 11.0, 13.0, 7.0, 5.0, 2.0, 2.0, 3.0, 1.0, 1.0, 2.0],