{"TOTAL_BEST_METRIC": 0.503578870585603, "BEST_NDCG@10": 0.06143627337575396, "_timestamp": 1688557241.2172992, "_runtime": 1494.462521314621, "_step": 1135, "epoch": 1000, "Train_Metric_loss": 5.36696982383728, "Train_Reg_loss": 0.0001484151216573082, "Pos_loss": 8.477896690368652, "Neg_loss": 0.10520520061254501, "Recall@5": 0.06561447154702206, "Recall@10": 0.099771646831152, "Recall@20": 0.14709599601941648, "NDCG@5": 0.04764980869377956, "NDCG@10": 0.059721927345792195, "NDCG@20": 0.0732009829093931, "Recall@5_total_best": 0.06746091838254589, "Recall@10_total_best": 0.10351150874430506, "Recall@20_total_best": 0.148191812182136, "ndcg@5_total_best": 0.048700312762510446, "ndcg@10_total_best": 0.06143627337575396, "ndcg@20_total_best": 0.07427804513835158, "EPOCH_ndcg_best": 440, "Recall@5_ndcg_best": 0.06746091838254589, "Recall@10_ndcg_best": 0.10351150874430506, "Recall@20_ndcg_best": 0.148191812182136, "ndcg@5_ndcg_best": 0.048700312762510446, "ndcg@10_ndcg_best": 0.06143627337575396, "ndcg@20_ndcg_best": 0.07427804513835158, "gradients/mass_i.weight": {"_type": "histogram", "values": [1.0, 0.0, 1.0, 0.0, 0.0, 0.0, 2.0, 1.0, 0.0, 0.0, 0.0, 1.0, 0.0, 0.0, 2.0, 1.0, 2.0, 4.0, 1.0, 2.0, 5.0, 5.0, 2.0, 3.0, 10.0, 6.0, 16.0, 21.0, 26.0, 27.0, 42.0, 61.0, 67.0, 92.0, 117.0, 137.0, 115.0, 143.0, 7257.0, 25.0, 74.0, 103.0, 85.0, 75.0, 50.0, 35.0, 23.0, 20.0, 5.0, 9.0, 6.0, 6.0, 4.0, 0.0, 4.0, 4.0, 2.0, 1.0, 1.0, 2.0, 0.0, 1.0, 6.0, 2.0], "bins": [-0.00017720650066621602, -0.0001726273912936449, -0.0001680482819210738, -0.00016346915799658746, -0.00015889004862401634, -0.00015431093925144523, -0.00014973182987887412, -0.00014515270595438778, -0.00014057359658181667, -0.00013599448720924556, -0.00013141537783667445, -0.0001268362539121881, -0.000122257144539617, -0.00011767803516704589, -0.00011309892579447478, -0.00010851980914594606, -0.00010394069977337494, -9.936159040080383e-05, -9.478247375227511e-05, -9.0203364379704e-05, -8.562424773117527e-05, -8.104513835860416e-05, -7.646602171007544e-05, -7.188691233750433e-05, -6.730780296493322e-05, -6.27286935923621e-05, -5.814957694383338e-05, -5.357046757126227e-05, -4.8991350922733545e-05, -4.4412241550162435e-05, -3.983312853961252e-05, -3.52540155290626e-05, -3.0674898880533874e-05, -2.6095785869983956e-05, -2.151667285943404e-05, -1.6937561667873524e-05, -1.2358448657323606e-05, -7.779335646773688e-06, -3.2002244552131742e-06, 1.3788885553367436e-06, 5.958001565886661e-06, 1.053711457643658e-05, 1.5116226677491795e-05, 1.969533877854701e-05, 2.427445178909693e-05, 2.8853564799646847e-05, 3.343267599120736e-05, 3.801178900175728e-05, 4.25909020123072e-05, 4.7170015022857115e-05, 5.174912803340703e-05, 5.632823740597814e-05, 6.090735405450687e-05, 6.548646342707798e-05, 7.00655800756067e-05, 7.464468944817781e-05, 7.922379882074893e-05, 8.380290819332004e-05, 8.838202484184876e-05, 9.296113421441987e-05, 9.75402508629486e-05, 0.00010211936023551971, 0.00010669846960809082, 0.00011127758625661954, 0.00011585670290514827]}, "gradients/mass_u.weight": {"_type": "histogram", "values": [1.0, 0.0, 0.0, 0.0, 0.0, 0.0, 0.0, 0.0, 0.0, 0.0, 0.0, 0.0, 0.0, 0.0, 0.0, 0.0, 0.0, 0.0, 0.0, 0.0, 0.0, 0.0, 0.0, 0.0, 0.0, 0.0, 0.0, 1.0, 2.0, 1.0, 0.0, 0.0, 0.0, 0.0, 0.0, 1.0, 0.0, 3.0, 1.0, 0.0, 1.0, 0.0, 2.0, 1.0, 1.0, 1.0, 5.0, 2.0, 2.0, 4.0, 6.0, 3.0, 1.0, 5.0, 9.0, 12.0, 10.0, 32.0, 36.0, 50.0, 132.0, 102.0, 36.0, 14218.0], "bins": [-0.00026862864615395665, -0.000264431320829317, -0.0002602339955046773, -0.0002560366701800376, -0.00025183934485539794, -0.0002476420486345887, -0.0002434447087580338, -0.00023924738343339413, -0.00023505007266066968, -0.00023085274733603, -0.00022665542201139033, -0.00022245811123866588, -0.0002182607859140262, -0.00021406346058938652, -0.00020986613526474684, -0.00020566880994010717, -0.0002014714846154675, -0.0001972741592908278, -0.00019307683396618813, -0.00018887952319346368, -0.000184682197868824, -0.00018048487254418433, -0.00017628754721954465, -0.00017209022189490497, -0.0001678928965702653, -0.00016369557124562562, -0.00015949824592098594, -0.0001553009351482615, -0.0001511036098236218, -0.00014690628449898213, -0.00014270895917434245, -0.00013851163384970278, -0.00013431432307697833, -0.00013011699775233865, -0.00012591967242769897, -0.0001217223543790169, -0.00011752503633033484, -0.00011332771100569516, -0.00010913038568105549, -0.00010493306035641581, -0.00010073574230773374, -9.653841698309407e-05, -9.2341098934412e-05, -8.814377360977232e-05, -8.394644828513265e-05, -7.974913023645058e-05, -7.55518049118109e-05, -7.135448686312884e-05, -6.715716153848916e-05, -6.295983621384948e-05, -5.876251816516742e-05, -5.456519284052774e-05, -5.036787115386687e-05, -4.6170549467206e-05, -4.197322414256632e-05, -3.777590245590545e-05, -3.357858076924458e-05, -2.938125908258371e-05, -2.5183935576933436e-05, -2.098661207128316e-05, -1.678929038462229e-05, -1.259196869796142e-05, -8.394645192311145e-06, -4.197321686660871e-06, 0.0]}, "gradients/embedding_user.weight": {"_type": "histogram", "values": [1.0, 0.0, 0.0, 0.0, 0.0, 0.0, 0.0, 0.0, 0.0, 2.0, 0.0, 1.0, 2.0, 5.0, 6.0, 6.0, 10.0, 11.0, 8.0, 21.0, 16.0, 19.0, 44.0, 53.0, 83.0, 108.0, 174.0, 339.0, 589.0, 1279.0, 3511.0, 19824.0, 484065.0, 407548.0, 15950.0, 3227.0, 1259.0, 578.0, 322.0, 185.0, 114.0, 69.0, 48.0, 35.0, 15.0, 17.0, 11.0, 6.0, 10.0, 5.0, 2.0, 2.0, 0.0, 0.0, 1.0, 0.0, 2.0, 0.0, 0.0, 0.0, 0.0, 0.0, 0.0, 1.0], "bins": [-0.0015737887006253004, -0.001526047708466649, -0.0014783065998926759, -0.0014305656077340245, -0.0013828246155753732, -0.0013350835070014, -0.0012873425148427486, -0.0012396015226840973, -0.001191860530525446, -0.0011441195383667946, -0.0010963784297928214, -0.00104863743763417, -0.0010008964454755187, -0.0009531553951092064, -0.0009054143447428942, -0.0008576733525842428, -0.0008099322440102696, -0.0007621911936439574, -0.000714450201485306, -0.0006667091511189938, -0.0006189681589603424, -0.0005712271085940301, -0.0005234860582277179, -0.00047574503696523607, -0.00042800401570275426, -0.00038026299444027245, -0.00033252197317779064, -0.0002847809228114784, -0.00023703990154899657, -0.00018929888028651476, -0.0001415578299202025, -9.381680865772069e-05, -4.6075787395238876e-05, 1.6652411432005465e-06, 4.940626968163997e-05, 9.7147305496037e-05, 0.00014488832675851882, 0.00019262934802100062, 0.0002403703983873129, 0.0002881114196497947, 0.0003358524409122765, 0.0003835934621747583, 0.0004313344834372401, 0.0004790755338035524, 0.0005268165841698647, 0.000574557576328516, 0.0006222986266948283, 0.0006700396770611405, 0.0007177806692197919, 0.0007655217195861042, 0.0008132627117447555, 0.0008610037621110678, 0.0009087447542697191, 0.0009564858046360314, 0.0010042268550023437, 0.001051967847160995, 0.0010997089557349682, 0.0011474499478936195, 0.0011951910564675927, 0.001242932048626244, 0.0012906730407848954, 0.0013384141493588686, 0.00138615514151752, 0.0014338961336761713, 0.0014816371258348227]}, "gradients/embedding_item.weight": {"_type": "histogram", "values": [1.0, 0.0, 0.0, 2.0, 1.0, 1.0, 1.0, 3.0, 5.0, 2.0, 9.0, 13.0, 13.0, 19.0, 35.0, 34.0, 59.0, 82.0, 101.0, 155.0, 204.0, 335.0, 480.0, 697.0, 1132.0, 1795.0, 3217.0, 5765.0, 11048.0, 21556.0, 43741.0, 146374.0, 221235.0, 48489.0, 24035.0, 12012.0, 6155.0, 3383.0, 1900.0, 1136.0, 783.0, 496.0, 337.0, 232.0, 154.0, 112.0, 76.0, 53.0, 32.0, 44.0, 22.0, 16.0, 17.0, 10.0, 6.0, 7.0, 1.0, 1.0, 3.0, 2.0, 0.0, 0.0, 1.0, 2.0],