{"TOTAL_BEST_METRIC": 0.24882492010260782, "BEST_NDCG@10": 0.03819239127167379, "_timestamp": 1688568902.043284, "_runtime": 416.3116888999939, "_step": 31, "epoch": 25, "Train_Metric_loss": 5.222471218842727, "Train_Reg_loss": 2.818433893900454e-05, "Pos_loss": 9.346367835998535, "Neg_loss": 1.0380789041519165, "Recall@5": 0.023408664406608316, "Recall@10": 0.040281970217609715, "Recall@20": 0.06637445352358722, "NDCG@5": 0.03292054365857014, "NDCG@10": 0.03819239127167379, "NDCG@20": 0.047646897024558627, "Recall@5_total_best": 0.023408664406608316, "Recall@10_total_best": 0.040281970217609715, "Recall@20_total_best": 0.06637445352358722, "ndcg@5_total_best": 0.03292054365857014, "ndcg@10_total_best": 0.03819239127167379, "ndcg@20_total_best": 0.047646897024558627, "EPOCH_ndcg_best": 20, "Recall@5_ndcg_best": 0.023408664406608316, "Recall@10_ndcg_best": 0.040281970217609715, "Recall@20_ndcg_best": 0.06637445352358722, "ndcg@5_ndcg_best": 0.03292054365857014, "ndcg@10_ndcg_best": 0.03819239127167379, "ndcg@20_ndcg_best": 0.047646897024558627, "gradients/mass_i.weight": {"_type": "histogram", "values": [1.0, 0.0, 0.0, 0.0, 0.0, 0.0, 0.0, 0.0, 0.0, 0.0, 0.0, 0.0, 0.0, 0.0, 0.0, 0.0, 0.0, 0.0, 0.0, 0.0, 0.0, 1.0, 0.0, 0.0, 0.0, 0.0, 0.0, 1.0, 1.0, 1.0, 0.0, 0.0, 5.0, 1.0, 4.0, 4.0, 3.0, 4.0, 5.0, 5.0, 19.0, 12.0, 31.0, 32.0, 51.0, 58.0, 77.0, 118.0, 211.0, 396.0, 566.0, 582.0, 939.0, 2020.0, 1716.0, 674.0, 29647.0, 2866.0, 434.0, 554.0, 177.0, 34.0, 11.0, 3.0], "bins": [-0.00028305346495471895, -0.0002780311042442918, -0.0002730087435338646, -0.00026798638282343745, -0.0002629640221130103, -0.0002579416614025831, -0.00025291930069215596, -0.0002478969399817288, -0.00024287457927130163, -0.00023785221856087446, -0.0002328298578504473, -0.00022780749714002013, -0.00022278513642959297, -0.0002177627757191658, -0.00021274041500873864, -0.00020771805429831147, -0.0002026956935878843, -0.00019767333287745714, -0.00019265097216702998, -0.0001876286114566028, -0.00018260625074617565, -0.00017758389003574848, -0.00017256152932532132, -0.00016753916861489415, -0.000162516807904467, -0.00015749444719403982, -0.00015247208648361266, -0.0001474497257731855, -0.00014242736506275833, -0.00013740500435233116, -0.000132382643641904, -0.00012736028293147683, -0.0001223379367729649, -0.00011731557606253773, -0.00011229321535211056, -0.0001072708546416834, -0.00010224849393125623, -9.722613322082907e-05, -9.22037725104019e-05, -8.718141179997474e-05, -8.215905108954757e-05, -7.713669037912041e-05, -7.211432966869324e-05, -6.709196895826608e-05, -6.206960824783891e-05, -5.704724753741175e-05, -5.2024886826984584e-05, -4.700252611655742e-05, -4.198016176815145e-05, -3.695780105772428e-05, -3.193544034729712e-05, -2.6913079636869952e-05, -2.1890718926442787e-05, -1.6868358216015622e-05, -1.1845997505588457e-05, -6.823636795161292e-06, -1.801276084734127e-06, 3.221084625693038e-06, 8.243445336120203e-06, 1.3265806046547368e-05, 1.8288166756974533e-05, 2.3310527467401698e-05, 2.8332888177828863e-05, 3.335524888825603e-05, 3.837760959868319e-05]}, "gradients/mass_u.weight": {"_type": "histogram", "values": [1.0, 0.0, 0.0, 0.0, 0.0, 0.0, 0.0, 0.0, 0.0, 0.0, 0.0, 1.0, 1.0, 0.0, 0.0, 0.0, 0.0, 1.0, 0.0, 0.0, 0.0, 1.0, 2.0, 0.0, 0.0, 0.0, 0.0, 0.0, 1.0, 0.0, 2.0, 2.0, 1.0, 1.0, 1.0, 1.0, 2.0, 0.0, 0.0, 0.0, 1.0, 0.0, 1.0, 1.0, 2.0, 1.0, 2.0, 1.0, 1.0, 3.0, 7.0, 2.0, 7.0, 8.0, 8.0, 12.0, 12.0, 18.0, 30.0, 39.0, 74.0, 155.0, 90.0, 51913.0], "bins": [-0.0036476568784564734, -0.0035906622651964426, -0.003533667651936412, -0.003476673038676381, -0.0034196784254163504, -0.003362683579325676, -0.0033056889660656452, -0.0032486943528056145, -0.0031916997395455837, -0.003134705126285553, -0.0030777105130255222, -0.0030207158997654915, -0.0029637212865054607, -0.00290672667324543, -0.0028497318271547556, -0.002792737213894725, -0.002735742600634694, -0.0026787479873746634, -0.0026217533741146326, -0.002564758760854602, -0.002507764147594571, -0.0024507693015038967, -0.002393774688243866, -0.0023367800749838352, -0.0022797854617238045, -0.0022227908484637737, -0.002165796235203743, -0.0021088016219437122, -0.0020518070086836815, -0.0019948123954236507, -0.0019378176657482982, -0.0018808229360729456, -0.0018238284392282367, -0.001766833825968206, -0.0017098392127081752, -0.0016528444830328226, -0.0015958498697727919, -0.0015388552565127611, -0.0014818606432527304, -0.0014248660299926996, -0.001367871300317347, -0.0013108766870573163, -0.0012538820737972856, -0.001196887344121933, -0.0011398927308619022, -0.0010828981176018715, -0.0010259035043418407, -0.0009689088328741491, -0.0009119142196141183, -0.0008549196063540876, -0.0007979249348863959, -0.0007409303216263652, -0.0006839356501586735, -0.0006269410368986428, -0.0005699463654309511, -0.0005129517521709204, -0.00045595710980705917, -0.00039896246744319797, -0.00034196782507933676, -0.00028497318271547556, -0.00022797855490352958, -0.0001709839270915836, -0.0001139892847277224, -5.69946423638612e-05, 0.0]}, "gradients/embedding_user.weight": {"_type": "histogram", "values": [3.0, 0.0, 0.0, 0.0, 1.0, 2.0, 2.0, 0.0, 0.0, 2.0, 1.0, 1.0, 2.0, 2.0, 0.0, 1.0, 1.0, 2.0, 2.0, 0.0, 2.0, 3.0, 1.0, 1.0, 0.0, 0.0, 0.0, 8.0, 6.0, 15.0, 24.0, 41.0, 141.0, 8037.0, 3345328.0, 213.0, 46.0, 21.0, 16.0, 11.0, 8.0, 4.0, 6.0, 0.0, 3.0, 1.0, 1.0, 1.0, 1.0, 4.0, 1.0, 2.0, 1.0, 0.0, 2.0, 1.0, 6.0, 2.0, 0.0, 3.0, 0.0, 0.0, 0.0, 1.0], "bins": [-0.01071747113019228, -0.010403034277260303, -0.010088596493005753, -0.009774159640073776, -0.0094597227871418, -0.009145285934209824, -0.008830849081277847, -0.008516411297023296, -0.00820197444409132, -0.007887537591159344, -0.00757310027256608, -0.0072586629539728165, -0.00694422610104084, -0.006629789248108864, -0.0063153519295156, -0.006000914610922337, -0.00568647775799036, -0.005372040905058384, -0.00505760358646512, -0.004743166267871857, -0.00442872941493988, -0.004114292562007904, -0.0037998552434146404, -0.0034854181576520205, -0.0031709810718894005, -0.0028565439861267805, -0.0025421069003641605, -0.0022276698146015406, -0.0019132327288389206, -0.0015987956430763006, -0.0012843585573136806, -0.0009699214715510607, -0.0006554853171110153, -0.00034104823134839535, -2.6611145585775375e-05, 0.0002878259401768446, 0.0006022630259394646, 0.0009167001117020845, 0.0012311371974647045, 0.0015455742832273245, 0.0018600113689899445, 0.0021744484547525644, 0.0024888855405151844, 0.0028033226262778044, 0.0031177597120404243, 0.0034321967978030443, 0.0037466338835656643, 0.004061071202158928, 0.004375508055090904, 0.0046899449080228806, 0.005004382226616144, 0.005318819545209408, 0.005633256398141384, 0.0059476932510733604, 0.006262130569666624, 0.006576567888259888, 0.006891004741191864, 0.00720544159412384, 0.007519878912717104, 0.007834316231310368, 0.008148753084242344, 0.00846318993717432, 0.008777627721428871, 0.009092064574360847, 0.009406501427292824]}, "gradients/embedding_item.weight": {"_type": "histogram", "values": [3.0, 4.0, 5.0, 5.0, 15.0, 13.0, 17.0, 23.0, 34.0, 35.0, 26.0, 40.0, 51.0, 58.0, 54.0, 65.0, 81.0, 91.0, 78.0, 114.0, 105.0, 141.0, 199.0, 340.0, 407.0, 765.0, 1344.0, 2865.0, 6152.0, 14705.0, 35076.0, 83190.0, 198139.0, 442471.0, 1275227.0, 327160.0, 144264.0, 60442.0, 25173.0, 10813.0, 4871.0, 2315.0, 1284.0, 690.0, 419.0, 275.0, 244.0, 188.0, 150.0, 117.0, 90.0, 100.0, 84.0, 74.0, 56.0, 41.0, 35.0, 21.0, 23.0, 11.0, 10.0, 3.0, 2.0, 3.0],