{"TOTAL_BEST_METRIC": 0.3188224351126523, "BEST_NDCG@10": 0.03704187170766199, "_timestamp": 1688355520.0312684, "_runtime": 1199.4597532749176, "_step": 1105, "epoch": 1000, "Train_Metric_loss": -2.4935885838099887, "Train_Reg_loss": 0.0653544355716024, "Pos_loss": 0.9332834482192993, "Neg_loss": -3.9542365074157715, "Recall@5": 0.027662376081955545, "Recall@10": 0.045057491017690354, "Recall@20": 0.07195458745688343, "NDCG@5": 0.01961361940274427, "NDCG@10": 0.02575185543257562, "NDCG@20": 0.033282503483804765, "Recall@5_total_best": 0.04073604202838659, "Recall@10_total_best": 0.0645893494255225, "Recall@20_total_best": 0.10069655946774075, "ndcg@5_total_best": 0.028622029082751844, "ndcg@10_total_best": 0.03704187170766199, "ndcg@20_total_best": 0.047136583400588544, "EPOCH_ndcg_best": 20, "Recall@5_ndcg_best": 0.04073604202838659, "Recall@10_ndcg_best": 0.0645893494255225, "Recall@20_ndcg_best": 0.10069655946774075, "ndcg@5_ndcg_best": 0.028622029082751844, "ndcg@10_ndcg_best": 0.03704187170766199, "ndcg@20_ndcg_best": 0.047136583400588544, "gradients/mass_i.weight": {"_type": "histogram", "values": [1.0, 0.0, 0.0, 0.0, 0.0, 0.0, 0.0, 0.0, 0.0, 0.0, 0.0, 0.0, 1.0, 1.0, 0.0, 0.0, 1.0, 1.0, 0.0, 5.0, 0.0, 1.0, 0.0, 0.0, 2.0, 1.0, 2.0, 3.0, 8.0, 5.0, 8.0, 15.0, 19.0, 25.0, 51.0, 92.0, 147.0, 141.0, 7964.0, 92.0, 51.0, 17.0, 15.0, 17.0, 3.0, 4.0, 2.0, 3.0, 3.0, 4.0, 2.0, 1.0, 0.0, 0.0, 1.0, 0.0, 0.0, 1.0, 0.0, 1.0, 0.0, 0.0, 1.0, 1.0], "bins": [-0.00016291378415189683, -0.00015864292799960822, -0.0001543720718473196, -0.000150101215695031, -0.00014583035954274237, -0.00014155950339045376, -0.00013728864723816514, -0.00013301779108587652, -0.0001287469349335879, -0.0001244760787812993, -0.00012020522262901068, -0.00011593436647672206, -0.00011166351032443345, -0.00010739265417214483, -0.00010312179801985621, -9.88509418675676e-05, -9.458008571527898e-05, -9.030922956299037e-05, -8.603837341070175e-05, -8.176751725841314e-05, -7.749666110612452e-05, -7.32258049538359e-05, -6.895494880154729e-05, -6.468409264925867e-05, -6.041323649697006e-05, -5.614238034468144e-05, -5.1871524192392826e-05, -4.760066804010421e-05, -4.3329811887815595e-05, -3.905895573552698e-05, -3.478809958323836e-05, -3.0517243430949748e-05, -2.6246387278661132e-05, -2.1975531126372516e-05, -1.77046749740839e-05, -1.3433818821795285e-05, -9.162962669506669e-06, -4.892106517218053e-06, -6.212503649294376e-07, 3.649605787359178e-06, 7.920461939647794e-06, 1.219131809193641e-05, 1.6462174244225025e-05, 2.073303039651364e-05, 2.5003886548802257e-05, 2.9274742701090872e-05, 3.354559885337949e-05, 3.7816455005668104e-05, 4.208731115795672e-05, 4.6358167310245335e-05, 5.062902346253395e-05, 5.4899879614822567e-05, 5.917073576711118e-05, 6.34415919193998e-05, 6.771244807168841e-05, 7.198330422397703e-05, 7.625416037626565e-05, 8.052501652855426e-05, 8.479587268084288e-05, 8.906672883313149e-05, 9.333758498542011e-05, 9.760844113770872e-05, 0.00010187929728999734, 0.00010615015344228595, 0.00011042100959457457]}, "gradients/mass_u.weight": {"_type": "histogram", "values": [1.0, 0.0, 0.0, 0.0, 0.0, 0.0, 0.0, 0.0, 0.0, 0.0, 0.0, 0.0, 0.0, 1.0, 0.0, 0.0, 0.0, 0.0, 0.0, 0.0, 1.0, 0.0, 1.0, 0.0, 0.0, 1.0, 0.0, 0.0, 0.0, 0.0, 1.0, 1.0, 1.0, 2.0, 1.0, 0.0, 0.0, 0.0, 1.0, 1.0, 2.0, 1.0, 1.0, 1.0, 1.0, 1.0, 2.0, 2.0, 1.0, 3.0, 3.0, 7.0, 13.0, 8.0, 11.0, 11.0, 16.0, 38.0, 49.0, 75.0, 105.0, 83.0, 41.0, 14193.0], "bins": [-0.00011880736565217376, -0.00011695099965436384, -0.00011509463365655392, -0.00011323826765874401, -0.00011138190166093409, -0.00010952554293908179, -0.00010766917694127187, -0.00010581281094346195, -0.00010395644494565204, -0.00010210007894784212, -0.0001002437129500322, -9.838734695222229e-05, -9.653098823036999e-05, -9.467462223256007e-05, -9.281825623475015e-05, -9.096189023694023e-05, -8.910552423913032e-05, -8.72491582413204e-05, -8.539279224351048e-05, -8.353642624570057e-05, -8.168006024789065e-05, -7.982370152603835e-05, -7.796733552822843e-05, -7.611096953041852e-05, -7.42546035326086e-05, -7.239823753479868e-05, -7.054187153698877e-05, -6.868550553917885e-05, -6.682914681732655e-05, -6.497278081951663e-05, -6.311641482170671e-05, -6.12600488238968e-05, -5.940368282608688e-05, -5.754731682827696e-05, -5.5690950830467045e-05, -5.3834588470635936e-05, -5.197822247282602e-05, -5.01218564750161e-05, -4.826549411518499e-05, -4.6409128117375076e-05, -4.455276211956516e-05, -4.269639612175524e-05, -4.0840030123945326e-05, -3.8983667764114216e-05, -3.71273017663043e-05, -3.527093576849438e-05, -3.341457340866327e-05, -3.1558207410853356e-05, -2.970184141304344e-05, -2.7845475415233523e-05, -2.598911123641301e-05, -2.4132747057592496e-05, -2.227638105978258e-05, -2.0420015061972663e-05, -1.856365088315215e-05, -1.6707286704331636e-05, -1.485092070652172e-05, -1.2994555618206505e-05, -1.113819052989129e-05, -9.281825441576075e-06, -7.42546035326086e-06, -5.569095264945645e-06, -3.71273017663043e-06, -1.856365088315215e-06, 0.0]}, "gradients/embedding_user.weight": {"_type": "histogram", "values": [1.0, 0.0, 2.0, 3.0, 3.0, 3.0, 3.0, 3.0, 4.0, 3.0, 6.0, 12.0, 8.0, 12.0, 8.0, 17.0, 15.0, 25.0, 36.0, 56.0, 63.0, 97.0, 142.0, 216.0, 415.0, 879.0, 2334.0, 7848.0, 732227.0, 185530.0, 5905.0, 1882.0, 771.0, 351.0, 199.0, 145.0, 86.0, 77.0, 49.0, 30.0, 22.0, 20.0, 11.0, 8.0, 12.0, 8.0, 9.0, 4.0, 5.0, 6.0, 2.0, 2.0, 2.0, 2.0, 0.0, 3.0, 0.0, 0.0, 0.0, 0.0, 0.0, 0.0, 1.0, 1.0], "bins": [-0.0005496812518686056, -0.0005306545062921941, -0.0005116277025081217, -0.0004926009569317102, -0.00047357421135529876, -0.0004545474366750568, -0.00043552066199481487, -0.0004164939164184034, -0.0003974671708419919, -0.00037844039616174996, -0.0003594136505853385, -0.00034038687590509653, -0.00032136013032868505, -0.0003023333556484431, -0.00028330658096820116, -0.0002642798353917897, -0.00024525306071154773, -0.00022622630058322102, -0.0002071995404548943, -0.00018817276577465236, -0.00016914602019824088, -0.00015011924551799893, -0.00013109248538967222, -0.0001120657252613455, -9.303896513301879e-05, -7.401220500469208e-05, -5.4985441238386557e-05, -3.5958677472081035e-05, -1.693191734375432e-05, 2.0948427845723927e-06, 2.112161018885672e-05, 4.0148370317183435e-05, 5.917513044551015e-05, 7.820189057383686e-05, 9.722865070216358e-05, 0.0001162554181064479, 0.000135282170958817, 0.00015430894563905895, 0.00017333570576738566, 0.00019236246589571238, 0.0002113892260240391, 0.0002304159861523658, 0.00024944276083260775, 0.00026846950640901923, 0.0002874962810892612, 0.00030652302666567266, 0.0003255498013459146, 0.0003445765469223261, 0.00036360332160256803, 0.00038263009628280997, 0.00040165684185922146, 0.0004206836165394634, 0.0004397103621158749, 0.00045873713679611683, 0.0004777638823725283, 0.0004967906279489398, 0.0005158174317330122, 0.0005348441773094237, 0.0005538709810934961, 0.0005728977266699076, 0.0005919244722463191, 0.0006109512178227305, 0.0006299780216068029, 0.0006490047671832144, 0.0006680315127596259]}, "gradients/embedding_item.weight": {"_type": "histogram", "values": [1.0, 0.0, 0.0, 0.0, 0.0, 0.0, 0.0, 0.0, 0.0, 0.0, 0.0, 0.0, 0.0, 0.0, 0.0, 0.0, 0.0, 0.0, 0.0, 0.0, 1.0, 0.0, 0.0, 0.0, 2.0, 3.0, 2.0, 5.0, 13.0, 12.0, 13.0, 20.0, 50.0, 99.0, 137.0, 270.0, 584.0, 1529.0, 5425.0, 26227.0, 480232.0, 33716.0, 6457.0, 1627.0, 536.0, 308.0, 130.0, 99.0, 50.0, 29.0, 14.0, 8.0, 11.0, 4.0, 4.0, 2.0, 3.0, 2.0, 2.0, 2.0, 1.0, 0.0, 0.0, 2.0],