{"TOTAL_BEST_METRIC": 0.10344830605201227, "BEST_NDCG@10": 0.011399217549610268, "_timestamp": 1688336804.0590503, "_runtime": 382.7019112110138, "_step": 1278, "epoch": 1000, "Train_Metric_loss": 0.020512764155864716, "Train_Reg_loss": 3.817868537225877e-06, "Pos_loss": 0.031069641932845116, "Neg_loss": -0.03233646601438522, "Recall@5": 0.011731107790730813, "Recall@10": 0.020906728682611005, "Recall@20": 0.03564655649363967, "NDCG@5": 0.008144326600892838, "NDCG@10": 0.011399217549610268, "NDCG@20": 0.015620368934527673, "Recall@5_total_best": 0.011731107790730813, "Recall@10_total_best": 0.020906728682611005, "Recall@20_total_best": 0.03564655649363967, "ndcg@5_total_best": 0.008144326600892838, "ndcg@10_total_best": 0.011399217549610268, "ndcg@20_total_best": 0.015620368934527673, "EPOCH_ndcg_best": 1000, "Recall@5_ndcg_best": 0.011731107790730813, "Recall@10_ndcg_best": 0.020906728682611005, "Recall@20_ndcg_best": 0.03564655649363967, "ndcg@5_ndcg_best": 0.008144326600892838, "ndcg@10_ndcg_best": 0.011399217549610268, "ndcg@20_ndcg_best": 0.015620368934527673, "gradients/mass_i.weight": {"_type": "histogram", "values": [1.0, 0.0, 1.0, 0.0, 0.0, 0.0, 2.0, 1.0, 0.0, 0.0, 1.0, 0.0, 1.0, 0.0, 0.0, 0.0, 1.0, 0.0, 1.0, 5.0, 0.0, 2.0, 0.0, 3.0, 2.0, 2.0, 4.0, 2.0, 1.0, 2.0, 8.0, 4.0, 8.0, 6.0, 9.0, 14.0, 11.0, 16.0, 20.0, 17.0, 28.0, 28.0, 18.0, 58.0, 46.0, 47.0, 136.0, 106.0, 226.0, 97.0, 163.0, 2096.0, 63.0, 147.0, 79.0, 49.0, 19.0, 7.0, 4.0, 4.0, 0.0, 1.0, 0.0, 1.0], "bins": [-0.0027256072498857975, -0.002673065522685647, -0.0026205237954854965, -0.0025679823011159897, -0.002515440573915839, -0.0024628988467156887, -0.002410357119515538, -0.0023578153923153877, -0.002305273897945881, -0.0022527321707457304, -0.00220019044354558, -0.002147648949176073, -0.0020951072219759226, -0.002042565494775772, -0.0019900237675756216, -0.001937482156790793, -0.0018849403131753206, -0.0018323985859751701, -0.0017798569751903415, -0.001727315247990191, -0.0016747736372053623, -0.0016222319100052118, -0.0015696901828050613, -0.0015171485720202327, -0.001464606961235404, -0.0014120652340352535, -0.0013595236232504249, -0.0013069818960502744, -0.0012544402852654457, -0.0012018985580652952, -0.0011493568308651447, -0.001096815220080316, -0.0010442736092954874, -0.000991731882095337, -0.0009391902713105083, -0.0008866485441103578, -0.0008341068751178682, -0.0007815652061253786, -0.000729023537132889, -0.0006764818681403995, -0.000623940140940249, -0.0005713984719477594, -0.0005188568029552698, -0.0004663151048589498, -0.00041377340676262975, -0.00036123173777014017, -0.0003086900687776506, -0.00025614837068133056, -0.00020360667258501053, -0.00015106498904060572, -9.852331277215853e-05, -4.598163650371134e-05, 6.560047040693462e-06, 5.9101730585098267e-05, 0.00011164339957758784, 0.00016418509767390788, 0.00021672676666639745, 0.00026926843565888703, 0.00032181013375520706, 0.00037435180274769664, 0.0004268934717401862, 0.00047943516983650625, 0.0005319768097251654, 0.0005845185369253159, 0.0006370602059178054]}, "gradients/mass_u.weight": {"_type": "histogram", "values": [1.0, 0.0, 0.0, 0.0, 0.0, 0.0, 0.0, 0.0, 0.0, 0.0, 0.0, 0.0, 0.0, 0.0, 0.0, 0.0, 1.0, 0.0, 1.0, 2.0, 0.0, 0.0, 0.0, 0.0, 0.0, 0.0, 0.0, 0.0, 0.0, 1.0, 0.0, 0.0, 0.0, 0.0, 3.0, 2.0, 2.0, 0.0, 2.0, 0.0, 2.0, 1.0, 2.0, 1.0, 4.0, 0.0, 2.0, 2.0, 5.0, 5.0, 0.0, 9.0, 3.0, 7.0, 11.0, 19.0, 18.0, 20.0, 28.0, 86.0, 140.0, 70.0, 45.0, 5046.0], "bins": [-0.007136179134249687, -0.007024676539003849, -0.0069131734780967236, -0.006801670882850885, -0.00669016782194376, -0.006578665226697922, -0.006467162165790796, -0.006355659570544958, -0.006244156509637833, -0.0061326539143919945, -0.006021150853484869, -0.005909648258239031, -0.005798145197331905, -0.005686642602086067, -0.005575139541178942, -0.0054636369459331036, -0.005352134350687265, -0.005240631755441427, -0.005129128694534302, -0.005017626099288464, -0.004906123038381338, -0.0047946204431355, -0.0046831173822283745, -0.004571614786982536, -0.004460112191736698, -0.00434860959649086, -0.0042371065355837345, -0.004125603940337896, -0.004014100879430771, -0.0039025982841849327, -0.003791095456108451, -0.003679592628031969, -0.0035680895671248436, -0.0034565867390483618, -0.00334508391097188, -0.003233581082895398, -0.0031220782548189163, -0.003010575659573078, -0.0028990728314965963, -0.0027875700034201145, -0.0026760671753436327, -0.002564564347267151, -0.002453061519190669, -0.0023415586911141872, -0.002230056095868349, -0.0021185530349612236, -0.0020070504397153854, -0.0018955476116389036, -0.0017840447835624218, -0.00167254195548594, -0.0015610391274094582, -0.0014495364157482982, -0.0013380335876718163, -0.0012265307595953345, -0.0011150280479341745, -0.0010035252198576927, -0.0008920223917812109, -0.0007805195637047291, -0.0006690167938359082, -0.0005575140239670873, -0.00044601119589060545, -0.00033450836781412363, -0.00022300559794530272, -0.00011150282807648182, 0.0]}, "gradients/embedding_user.weight": {"_type": "histogram", "values": [2.0, 0.0, 1.0, 0.0, 1.0, 0.0, 2.0, 1.0, 1.0, 1.0, 3.0, 0.0, 1.0, 1.0, 0.0, 0.0, 5.0, 1.0, 7.0, 6.0, 13.0, 13.0, 16.0, 36.0, 58.0, 164.0, 506.0, 3367.0, 343866.0, 5532.0, 654.0, 196.0, 58.0, 42.0, 14.0, 13.0, 13.0, 9.0, 5.0, 3.0, 1.0, 1.0, 3.0, 1.0, 1.0, 0.0, 3.0, 0.0, 0.0, 0.0, 1.0, 1.0, 0.0, 0.0, 0.0, 0.0, 0.0, 0.0, 0.0, 0.0, 0.0, 0.0, 0.0, 1.0], "bins": [-0.0018483427120372653, -0.0017836560728028417, -0.0017189693171530962, -0.0016542826779186726, -0.001589596038684249, -0.0015249092830345035, -0.0014602226438000798, -0.0013955358881503344, -0.0013308492489159107, -0.001266162609681487, -0.0012014758540317416, -0.001136789214797318, -0.0010721024591475725, -0.0010074158199131489, -0.0009427291806787252, -0.0008780424832366407, -0.0008133557857945561, -0.0007486690883524716, -0.000683982390910387, -0.0006192957516759634, -0.0005546090542338789, -0.0004899223567917943, -0.0004252356884535402, -0.0003605490201152861, -0.00029586232267320156, -0.00023117563978303224, -0.00016648895689286292, -0.0001018022740026936, -3.711559111252427e-05, 2.757110632956028e-05, 9.225777466781437e-05, 0.00015694444300606847, 0.00022163125686347485, 0.0002863179543055594, 0.0003510046226438135, 0.0004156912909820676, 0.00048037798842415214, 0.0005450646858662367, 0.0006097513251006603, 0.0006744380225427449, 0.0007391247199848294, 0.000803811417426914, 0.0008684981148689985, 0.0009331847541034222, 0.0009978713933378458, 0.0010625581489875913, 0.001127244788222015, 0.0011919315438717604, 0.001256618183106184, 0.0013213048223406076, 0.001385991577990353, 0.0014506782172247767, 0.0015153649728745222, 0.0015800516121089458, 0.0016447382513433695, 0.0017094248905777931, 0.0017741116462275386, 0.0018387982854619622, 0.0019034850411117077, 0.0019681716803461313, 0.002032858319580555, 0.0020975451916456223, 0.002162231830880046, 0.0022269184701144695, 0.002291605109348893]}, "gradients/embedding_item.weight": {"_type": "histogram", "values": [1.0, 0.0, 0.0, 0.0, 1.0, 0.0, 0.0, 1.0, 2.0, 4.0, 4.0, 8.0, 9.0, 11.0, 23.0, 36.0, 28.0, 53.0, 63.0, 83.0, 118.0, 180.0, 321.0, 491.0, 847.0, 1751.0, 3386.0, 7336.0, 19202.0, 66965.0, 88858.0, 22820.0, 8108.0, 3499.0, 1755.0, 864.0, 513.0, 302.0, 186.0, 149.0, 106.0, 72.0, 64.0, 43.0, 24.0, 28.0, 12.0, 6.0, 6.0, 1.0, 6.0, 1.0, 3.0, 1.0, 0.0, 0.0, 0.0, 0.0, 0.0, 0.0, 0.0, 0.0, 0.0, 1.0],