{"TOTAL_BEST_METRIC": 1.0947430374151508, "BEST_NDCG@10": 0.1401398708146423, "_timestamp": 1688363296.5298216, "_runtime": 738.5034337043762, "_step": 1236, "epoch": 1000, "Train_Metric_loss": 2.5456449508666994, "Train_Reg_loss": 3.543312559486367e-05, "Pos_loss": 8.604779243469238, "Neg_loss": 0.1528869867324829, "Recall@5": 0.15404701808933027, "Recall@10": 0.22117938254816713, "Recall@20": 0.2991284246688632, "NDCG@5": 0.11582410163394072, "NDCG@10": 0.13995299712957002, "NDCG@20": 0.1620996103542461, "Recall@5_total_best": 0.1535574358565018, "Recall@10_total_best": 0.22399984209019952, "Recall@20_total_best": 0.3007880629685541, "ndcg@5_total_best": 0.11488534520389328, "ndcg@10_total_best": 0.13976850627767223, "ndcg@20_total_best": 0.16174384501832995, "EPOCH_ndcg_best": 1000, "Recall@5_ndcg_best": 0.15496698834203726, "Recall@10_ndcg_best": 0.22135649909085223, "Recall@20_ndcg_best": 0.298136009755088, "ndcg@5_ndcg_best": 0.1163230024918747, "ndcg@10_ndcg_best": 0.1401398708146423, "ndcg@20_ndcg_best": 0.1620175479802006, "gradients/mass_i.weight": {"_type": "histogram", "values": [1.0, 0.0, 1.0, 0.0, 0.0, 0.0, 0.0, 0.0, 0.0, 0.0, 0.0, 2.0, 1.0, 0.0, 1.0, 0.0, 1.0, 1.0, 2.0, 2.0, 3.0, 2.0, 3.0, 3.0, 5.0, 3.0, 6.0, 6.0, 7.0, 10.0, 15.0, 15.0, 19.0, 16.0, 25.0, 33.0, 46.0, 77.0, 38.0, 82.0, 181.0, 79.0, 134.0, 2366.0, 68.0, 116.0, 46.0, 57.0, 22.0, 30.0, 15.0, 10.0, 6.0, 5.0, 4.0, 0.0, 1.0, 1.0, 0.0, 0.0, 0.0, 0.0, 0.0, 1.0], "bins": [-0.001761921215802431, -0.001721495995298028, -0.0016810708912089467, -0.0016406456707045436, -0.0016002204502001405, -0.0015597953461110592, -0.001519370125606656, -0.001478944905102253, -0.0014385196845978498, -0.0013980944640934467, -0.0013576693600043654, -0.0013172441394999623, -0.0012768189189955592, -0.001236393814906478, -0.0011959685944020748, -0.0011555433738976717, -0.0011151182698085904, -0.0010746930493041873, -0.001034267945215106, -0.000993842724710703, -0.0009534175042062998, -0.0009129923419095576, -0.0008725671796128154, -0.0008321419591084123, -0.0007917167968116701, -0.0007512916345149279, -0.0007108664140105247, -0.0006704412517137825, -0.0006300160894170403, -0.0005895908689126372, -0.000549165706615895, -0.0005087405443191528, -0.0004683152073994279, -0.00042789001599885523, -0.0003874648245982826, -0.0003470396623015404, -0.0003066144709009677, -0.00026618927950039506, -0.00022576410265173763, -0.0001853389258030802, -0.00014491373440250754, -0.0001044885502778925, -6.406336615327746e-05, -2.3638182028662413e-05, 1.678700209595263e-05, 5.721219349652529e-05, 9.763737034518272e-05, 0.00013806254719384015, 0.0001784877385944128, 0.00021891292999498546, 0.0002593381213955581, 0.0002997632836923003, 0.000340188475092873, 0.00038061366649344563, 0.00042103882879018784, 0.0004614640201907605, 0.0005018892115913332, 0.0005423143738880754, 0.0005827395943924785, 0.0006231647566892207, 0.0006635899189859629, 0.000704015139490366, 0.0007444403017871082, 0.0007848654640838504, 0.0008252906845882535]}, "gradients/mass_u.weight": {"_type": "histogram", "values": [1.0, 0.0, 0.0, 0.0, 0.0, 0.0, 0.0, 0.0, 0.0, 0.0, 0.0, 0.0, 0.0, 0.0, 0.0, 0.0, 0.0, 0.0, 0.0, 0.0, 0.0, 0.0, 0.0, 0.0, 0.0, 0.0, 0.0, 0.0, 0.0, 0.0, 0.0, 0.0, 0.0, 0.0, 0.0, 0.0, 0.0, 1.0, 0.0, 0.0, 0.0, 0.0, 1.0, 1.0, 0.0, 1.0, 0.0, 1.0, 0.0, 0.0, 1.0, 1.0, 1.0, 2.0, 2.0, 5.0, 3.0, 8.0, 7.0, 13.0, 33.0, 79.0, 212.0, 5168.0], "bins": [-0.007452906109392643, -0.007336454465985298, -0.007220002822577953, -0.0071035511791706085, -0.006987099535763264, -0.006870647892355919, -0.006754196248948574, -0.006637744605541229, -0.006521292962133884, -0.00640484131872654, -0.006288389675319195, -0.00617193803191185, -0.006055486388504505, -0.00593903474509716, -0.0058225831016898155, -0.005706131458282471, -0.005589679814875126, -0.005473228171467781, -0.005356776528060436, -0.005240324884653091, -0.005123873241245747, -0.005007421597838402, -0.004890969954431057, -0.004774518311023712, -0.00465806620195508, -0.004541614558547735, -0.00442516291514039, -0.004308711271733046, -0.004192259628325701, -0.004075807984918356, -0.003959356341511011, -0.0038429046981036663, -0.0037264530546963215, -0.0036100014112889767, -0.003493549767881632, -0.003377098124474287, -0.003260646481066942, -0.0031441948376595974, -0.0030277431942522526, -0.0029112915508449078, -0.002794839907437563, -0.002678388264030218, -0.0025619366206228733, -0.0024454849772155285, -0.0023290333338081837, -0.002212581690400839, -0.002096130046993494, -0.001979678403586149, -0.0018632265273481607, -0.001746774883940816, -0.001630323240533471, -0.0015138715971261263, -0.0013974199537187815, -0.0012809683103114367, -0.00116451655048877, -0.0010480649070814252, -0.0009316132636740804, -0.0008151616202667356, -0.0006987099768593907, -0.000582258275244385, -0.0004658066318370402, -0.00034935498842969537, -0.00023290328681468964, -0.00011645164340734482, 0.0]}, "gradients/embedding_user.weight": {"_type": "histogram", "values": [1.0, 0.0, 0.0, 0.0, 1.0, 0.0, 3.0, 1.0, 2.0, 5.0, 3.0, 5.0, 8.0, 13.0, 26.0, 22.0, 46.0, 79.0, 105.0, 220.0, 431.0, 1000.0, 2936.0, 19028.0, 219528.0, 101284.0, 6618.0, 1804.0, 710.0, 313.0, 150.0, 92.0, 70.0, 38.0, 26.0, 20.0, 11.0, 10.0, 3.0, 2.0, 3.0, 1.0, 1.0, 1.0, 0.0, 3.0, 0.0, 0.0, 0.0, 0.0, 0.0, 0.0, 0.0, 0.0, 0.0, 0.0, 0.0, 0.0, 0.0, 0.0, 0.0, 0.0, 0.0, 1.0], "bins": [-0.0002656505675986409, -0.0002549320342950523, -0.00024421350099146366, -0.0002334949967917055, -0.00022277646348811686, -0.00021205793018452823, -0.00020133941143285483, -0.00019062089268118143, -0.0001799023593775928, -0.00016918382607400417, -0.00015846530732233077, -0.00014774678857065737, -0.00013702825526706874, -0.00012630972196348011, -0.00011559120321180671, -0.0001048726771841757, -9.415415115654469e-05, -8.343562512891367e-05, -7.271709910128266e-05, -6.199857307365164e-05, -5.128004704602063e-05, -4.056152101838961e-05, -2.9842994990758598e-05, -1.9124468963127583e-05, -8.405942935496569e-06, 2.312583092134446e-06, 1.303110911976546e-05, 2.3749635147396475e-05, 3.446816117502749e-05, 4.5186687202658504e-05, 5.590521323028952e-05, 6.662373925792053e-05, 7.734226528555155e-05, 8.806079131318256e-05, 9.877931734081358e-05, 0.00010949784336844459, 0.0001202163693960756, 0.00013093490269966424, 0.00014165342145133764, 0.00015237194020301104, 0.00016309047350659966, 0.0001738090068101883, 0.0001845275255618617, 0.0001952460443135351, 0.00020596457761712372, 0.00021668311092071235, 0.00022740162967238575, 0.00023812014842405915, 0.0002488386817276478, 0.0002595572150312364, 0.00027027574833482504, 0.0002809942525345832, 0.00029171278583817184, 0.00030243131914176047, 0.00031314982334151864, 0.00032386835664510727, 0.0003345868899486959, 0.0003453054232522845, 0.00035602395655587316, 0.00036674246075563133, 0.00037746099405921996, 0.0003881795273628086, 0.00039889803156256676, 0.0004096165648661554, 0.000420335098169744]}, "gradients/embedding_item.weight": {"_type": "histogram", "values": [1.0, 0.0, 0.0, 0.0, 0.0, 0.0, 0.0, 0.0, 2.0, 2.0, 4.0, 2.0, 3.0, 3.0, 7.0, 7.0, 10.0, 11.0, 27.0, 30.0, 36.0, 73.0, 107.0, 191.0, 335.0, 623.0, 1038.0, 2043.0, 4213.0, 9801.0, 26287.0, 82385.0, 63932.0, 21240.0, 8158.0, 3711.0, 1805.0, 960.0, 527.0, 305.0, 184.0, 102.0, 63.0, 36.0, 26.0, 18.0, 13.0, 10.0, 4.0, 6.0, 4.0, 0.0, 3.0, 1.0, 0.0, 0.0, 0.0, 2.0, 0.0, 0.0, 0.0, 0.0, 0.0, 1.0],