{"TOTAL_BEST_METRIC": 0.4100772538886444, "BEST_NDCG@10": 0.04921793938421371, "_timestamp": 1688359303.729094, "_runtime": 2268.3527040481567, "_step": 1123, "epoch": 1000, "Train_Metric_loss": NaN, "Train_Reg_loss": NaN, "Pos_loss": NaN, "Neg_loss": NaN, "Recall@5": 0.00013653741125068268, "Recall@10": 0.000591662115419625, "Recall@20": 0.0010172037138175861, "NDCG@5": 5.281988083486368e-05, "NDCG@10": 0.00022000096810395565, "NDCG@20": 0.00034823243471569386, "Recall@5_total_best": 0.05243776882585126, "Recall@10_total_best": 0.08403804219309836, "Recall@20_total_best": 0.12525243853618126, "ndcg@5_total_best": 0.038092950207327614, "ndcg@10_total_best": 0.04921793938421371, "ndcg@20_total_best": 0.06103811474197226, "EPOCH_ndcg_best": 170, "Recall@5_ndcg_best": 0.05243776882585126, "Recall@10_ndcg_best": 0.08403804219309836, "Recall@20_ndcg_best": 0.12525243853618126, "ndcg@5_ndcg_best": 0.038092950207327614, "ndcg@10_ndcg_best": 0.04921793938421371, "ndcg@20_ndcg_best": 0.06103811474197226, "gradients/mass_i.weight": {"_type": "histogram", "values": [1.0, 0.0, 0.0, 0.0, 0.0, 0.0, 1.0, 3.0, 1.0, 1.0, 5.0, 4.0, 21.0, 71.0, 146.0, 8422.0, 18.0, 5.0, 1.0, 2.0, 2.0, 3.0, 2.0, 0.0, 3.0, 0.0, 0.0, 0.0, 0.0, 0.0, 0.0, 0.0, 0.0, 0.0, 0.0, 0.0, 0.0, 0.0, 0.0, 0.0, 0.0, 0.0, 0.0, 0.0, 0.0, 0.0, 0.0, 0.0, 0.0, 0.0, 0.0, 0.0, 0.0, 0.0, 0.0, 0.0, 0.0, 0.0, 0.0, 0.0, 0.0, 0.0, 0.0, 1.0], "bins": [-6.229328573681414e-05, -5.8231769799022004e-05, -5.417025022325106e-05, -5.010873428545892e-05, -4.604721470968798e-05, -4.198569877189584e-05, -3.7924182834103703e-05, -3.386266325833276e-05, -2.9801147320540622e-05, -2.573962956375908e-05, -2.167811180697754e-05, -1.7616595869185403e-05, -1.3555078112403862e-05, -9.493560355622321e-06, -5.432044417830184e-06, -1.3705266610486433e-06, 2.6909910957328975e-06, 6.7525083977670874e-06, 1.0814025699801277e-05, 1.4875542547088116e-05, 1.8937060303869657e-05, 2.2998578060651198e-05, 2.7060093998443335e-05, 3.112161357421428e-05, 3.518312951200642e-05, 3.9244645449798554e-05, 4.33061650255695e-05, 4.7367680963361636e-05, 5.142919690115377e-05, 5.549071647692472e-05, 5.9552232414716855e-05, 6.361374835250899e-05, 6.767526792827994e-05, 7.173678750405088e-05, 7.579829980386421e-05, 7.985981937963516e-05, 8.39213389554061e-05, 8.798285853117704e-05, 9.204437083099037e-05, 9.610589040676132e-05, 0.00010016740998253226, 0.00010422892955830321, 0.00010829044185811654, 0.00011235196143388748, 0.00011641348100965843, 0.00012047500058542937, 0.0001245365128852427, 0.00012859802518505603, 0.00013265953748486936, 0.0001367210497846827, 0.00014078257663641125, 0.00014484408893622458, 0.0001489056012360379, 0.00015296712808776647, 0.0001570286403875798, 0.00016109015268739313, 0.0001651516795391217, 0.00016921319183893502, 0.00017327471869066358, 0.0001773362309904769, 0.00018139774329029024, 0.0001854592701420188, 0.00018952078244183213, 0.00019358229474164546, 0.00019764382159337401]}, "gradients/mass_u.weight": {"_type": "histogram", "values": [1.0, 0.0, 0.0, 0.0, 0.0, 0.0, 0.0, 0.0, 0.0, 0.0, 0.0, 0.0, 1.0, 0.0, 0.0, 1.0, 1.0, 0.0, 0.0, 1.0, 2.0, 0.0, 0.0, 0.0, 1.0, 2.0, 0.0, 0.0, 0.0, 1.0, 1.0, 0.0, 3.0, 0.0, 2.0, 0.0, 1.0, 0.0, 2.0, 1.0, 6.0, 2.0, 0.0, 3.0, 2.0, 3.0, 1.0, 3.0, 4.0, 11.0, 6.0, 6.0, 21.0, 17.0, 36.0, 2.0, 46.0, 79.0, 97.0, 6.0, 72.0, 41.0, 14.0, 14182.0], "bins": [-2.5832807295955718e-05, -2.5429169909330085e-05, -2.5025532522704452e-05, -2.462189513607882e-05, -2.4218257749453187e-05, -2.381461854383815e-05, -2.3410981157212518e-05, -2.3007343770586886e-05, -2.2603706383961253e-05, -2.220006899733562e-05, -2.1796431610709988e-05, -2.1392794224084355e-05, -2.098915501846932e-05, -2.0585517631843686e-05, -2.0181880245218053e-05, -1.977824285859242e-05, -1.9374605471966788e-05, -1.8970968085341156e-05, -1.8567330698715523e-05, -1.816369331208989e-05, -1.7760055925464258e-05, -1.735641671984922e-05, -1.695277933322359e-05, -1.6549141946597956e-05, -1.6145504559972323e-05, -1.574186717334669e-05, -1.5338229786721058e-05, -1.4934591490600724e-05, -1.4530954103975091e-05, -1.4127316717349458e-05, -1.3723678421229124e-05, -1.3320041034603491e-05, -1.2916403647977859e-05, -1.2512766261352226e-05, -1.2109128874726593e-05, -1.1705490578606259e-05, -1.1301853191980626e-05, -1.0898215805354994e-05, -1.049457750923466e-05, -1.0090940122609027e-05, -9.687302735983394e-06, -9.283665349357761e-06, -8.880027962732129e-06, -8.476389666611794e-06, -8.072752279986162e-06, -7.669114893360529e-06, -7.2654770519875456e-06, -6.861839210614562e-06, -6.458201823988929e-06, -6.054564437363297e-06, -5.650926595990313e-06, -5.24728875461733e-06, -4.843651367991697e-06, -4.440013981366064e-06, -4.036376139993081e-06, -3.6327385259937728e-06, -3.2291009119944647e-06, -2.8254632979951566e-06, -2.4218256839958485e-06, -2.0181880699965404e-06, -1.6145504559972323e-06, -1.2109128419979243e-06, -8.072752279986162e-07, -4.036376139993081e-07, 0.0]}, "gradients/embedding_user.weight": {"_type": "histogram", "values": [0.0, 0.0, 0.0, 0.0, 0.0, 0.0, 0.0, 0.0, 0.0, 0.0, 0.0, 0.0, 0.0, 0.0, 0.0, 0.0, 0.0, 0.0, 0.0, 0.0, 0.0, 0.0, 0.0, 0.0, 0.0, 0.0, 0.0, 0.0, 0.0, 0.0, 0.0, 0.0, 5888.0, 0.0, 0.0, 0.0, 0.0, 0.0, 0.0, 0.0, 0.0, 0.0, 0.0, 0.0, 0.0, 0.0, 0.0, 0.0, 0.0, 0.0, 0.0, 0.0, 0.0, 0.0, 0.0, 0.0, 0.0, 0.0, 0.0, 0.0, 0.0, 0.0, 0.0, 0.0], "bins": [0.0, 0.0, 0.0, 0.0, 0.0, 0.0, 0.0, 0.0, 0.0, 0.0, 0.0, 0.0, 0.0, 0.0, 0.0, 0.0, 0.0, 0.0, 0.0, 0.0, 0.0, 0.0, 0.0, 0.0, 0.0, 0.0, 0.0, 0.0, 0.0, 0.0, 0.0, 0.0, 0.0, 0.0, 0.0, 0.0, 0.0, 0.0, 0.0, 0.0, 0.0, 0.0, 0.0, 0.0, 0.0, 0.0, 0.0, 0.0, 0.0, 0.0, 0.0, 0.0, 0.0, 0.0, 0.0, 0.0, 0.0, 0.0, 0.0, 0.0, 0.0, 0.0, 0.0, 0.0, 0.0]}, "gradients/embedding_item.weight": {"_type": "histogram", "values": [1.0, 0.0, 0.0, 0.0, 0.0, 0.0, 0.0, 0.0, 0.0, 0.0, 3.0, 0.0, 0.0, 1.0, 0.0, 4.0, 5.0, 1.0, 2.0, 3.0, 3.0, 2.0, 11.0, 12.0, 13.0, 33.0, 48.0, 80.0, 120.0, 194.0, 453.0, 807.0, 1732.0, 4412.0, 13256.0, 51298.0, 397189.0, 63385.0, 15528.0, 5060.0, 1969.0, 893.0, 480.0, 248.0, 140.0, 72.0, 54.0, 36.0, 23.0, 17.0, 12.0, 8.0, 8.0, 4.0, 1.0, 5.0, 3.0, 0.0, 1.0, 0.0, 1.0, 0.0, 0.0, 1.0], "bins": [-0.0006861131987534463, -0.0006673465250059962, -0.0006485797930508852, -0.0006298131193034351, -0.000611046445555985, -0.0005922797718085349, -0.0005735130980610847, -0.0005547463661059737, -0.0005359796923585236, -0.0005172130186110735, -0.0004984462866559625, -0.00047967961290851235, -0.00046091293916106224, -0.00044214626541361213, -0.00042337956256233156, -0.000404612859711051, -0.0003858461859636009, -0.00036707951221615076, -0.0003483128093648702, -0.0003295461065135896, -0.0003107794327661395, -0.0002920127590186894, -0.0002732460561674088, -0.00025447935331612825, -0.00023571267956867814, -0.0002169459912693128, -0.00019817930296994746, -0.00017941261467058212, -0.00016064592637121677, -0.00014187923807185143, -0.0001231125497724861, -0.00010434586147312075, -8.55791149660945e-05, -6.681242666672915e-05, -4.804573836736381e-05, -2.927905006799847e-05, -1.0512361768633127e-05, 8.254326530732214e-06, 2.7021014830097556e-05, 4.57877031294629e-05, 6.455439142882824e-05, 8.332107972819358e-05, 0.00010208776802755892, 0.00012085445632692426, 0.0001396211446262896, 0.00015838783292565495, 0.0001771545212250203, 0.00019592120952438563, 0.00021468789782375097, 0.00023345458612311631, 0.00025222127442248166, 0.0002709879772737622, 0.00028975465102121234, 0.00030852132476866245, 0.000327288027619943, 0.0003460547304712236, 0.0003648214042186737, 0.0003835880779661238, 0.0004023547808174044, 0.00042112148366868496, 0.00043988815741613507, 0.0004586548311635852, 0.00047742153401486576, 0.0004961882368661463, 0.0005149549106135964]}, "_wandb": {"runtime": 2267}}