{"TOTAL_BEST_METRIC": 1.0574331000941264, "BEST_NDCG@10": 0.13435199391945327, "_timestamp": 1688333140.2752285, "_runtime": 488.6896884441376, "_step": 1118, "epoch": 1000, "Train_Metric_loss": NaN, "Train_Reg_loss": NaN, "Pos_loss": NaN, "Neg_loss": NaN, "Recall@5": 0.0007852166725705515, "Recall@10": 0.003778486243948518, "Recall@20": 0.005806892363746774, "NDCG@5": 0.000556356529533085, "NDCG@10": 0.0016257618776651963, "NDCG@20": 0.002209725865082795, "Recall@5_total_best": 0.15081818341788136, "Recall@10_total_best": 0.21076938134379827, "Recall@20_total_best": 0.29104525431501216, "ndcg@5_total_best": 0.11311750473205169, "ndcg@10_total_best": 0.13435199391945327, "ndcg@20_total_best": 0.15733078236592965, "EPOCH_ndcg_best": 170, "Recall@5_ndcg_best": 0.15081818341788136, "Recall@10_ndcg_best": 0.21076938134379827, "Recall@20_ndcg_best": 0.29104525431501216, "ndcg@5_ndcg_best": 0.11311750473205169, "ndcg@10_ndcg_best": 0.13435199391945327, "ndcg@20_ndcg_best": 0.15733078236592965, "gradients/mass_i.weight": {"_type": "histogram", "values": [1.0, 1.0, 0.0, 1.0, 2.0, 0.0, 1.0, 1.0, 2.0, 2.0, 2.0, 4.0, 4.0, 4.0, 6.0, 14.0, 14.0, 17.0, 19.0, 26.0, 34.0, 31.0, 32.0, 27.0, 31.0, 33.0, 3195.0, 21.0, 7.0, 6.0, 6.0, 5.0, 4.0, 2.0, 1.0, 2.0, 1.0, 3.0, 1.0, 0.0, 0.0, 1.0, 0.0, 0.0, 1.0, 0.0, 0.0, 0.0, 0.0, 1.0, 0.0, 0.0, 0.0, 0.0, 0.0, 0.0, 1.0, 0.0, 0.0, 0.0, 0.0, 0.0, 0.0, 1.0], "bins": [-6.99106531101279e-05, -6.723655678797513e-05, -6.456245318986475e-05, -6.188835686771199e-05, -5.921425690758042e-05, -5.654015694744885e-05, -5.3866060625296086e-05, -5.1191960665164515e-05, -4.8517860705032945e-05, -4.5843760744901374e-05, -4.31696607847698e-05, -4.049556446261704e-05, -3.782146450248547e-05, -3.51473645423539e-05, -3.2473268220201135e-05, -2.9799168260069564e-05, -2.7125068299937993e-05, -2.4450968339806423e-05, -2.1776870198664255e-05, -1.9102772057522088e-05, -1.6428672097390518e-05, -1.3754573046753649e-05, -1.108047399611678e-05, -8.406375854974613e-06, -5.732275894843042e-06, -3.058176844206173e-06, -3.8407779356930405e-07, 2.290021257067565e-06, 4.964120307704434e-06, 7.638219358341303e-06, 1.0312318408978172e-05, 1.2986416550120339e-05, 1.5660509234294295e-05, 1.8334609194425866e-05, 2.1008707335568033e-05, 2.36828054767102e-05, 2.635690543684177e-05, 2.9031005396973342e-05, 3.1705101719126105e-05, 3.4379201679257676e-05, 3.705330163938925e-05, 3.972740159952082e-05, 4.240150155965239e-05, 4.507559788180515e-05, 4.774969784193672e-05, 5.042379780206829e-05, 5.309789412422106e-05, 5.577199408435263e-05, 5.84460940444842e-05, 6.112019036663696e-05, 6.379429396474734e-05, 6.64683902869001e-05, 6.914249388501048e-05, 7.181659020716324e-05, 7.449068652931601e-05, 7.716479012742639e-05, 7.983888644957915e-05, 8.251298277173191e-05, 8.518708636984229e-05, 8.786118269199505e-05, 9.053527901414782e-05, 9.32093826122582e-05, 9.588347893441096e-05, 9.855757525656372e-05, 0.0001012316788546741]}, "gradients/mass_u.weight": {"_type": "histogram", "values": [1.0, 0.0, 0.0, 0.0, 0.0, 0.0, 0.0, 0.0, 0.0, 0.0, 0.0, 1.0, 0.0, 0.0, 0.0, 0.0, 0.0, 0.0, 1.0, 0.0, 0.0, 0.0, 0.0, 0.0, 1.0, 1.0, 0.0, 1.0, 0.0, 0.0, 0.0, 0.0, 0.0, 0.0, 0.0, 1.0, 0.0, 2.0, 0.0, 1.0, 1.0, 1.0, 0.0, 2.0, 0.0, 0.0, 0.0, 0.0, 0.0, 1.0, 3.0, 1.0, 3.0, 2.0, 4.0, 7.0, 7.0, 4.0, 14.0, 25.0, 38.0, 100.0, 251.0, 5067.0], "bins": [-0.00014674948761239648, -0.00014445652777794749, -0.0001421635679434985, -0.0001398706081090495, -0.0001375776482746005, -0.0001352846884401515, -0.00013299172860570252, -0.0001306987542193383, -0.00012840580893680453, -0.00012611284910235554, -0.00012381988926790655, -0.00012152692943345755, -0.00011923396959900856, -0.00011694100248860195, -0.00011464804265415296, -0.00011235508281970397, -0.00011006211570929736, -0.00010776915587484837, -0.00010547619604039937, -0.00010318323620595038, -0.00010089027637150139, -9.859730926109478e-05, -9.630434942664579e-05, -9.401138959219679e-05, -9.17184297577478e-05, -8.94254699232988e-05, -8.713251008884981e-05, -8.483955025440082e-05, -8.254658314399421e-05, -8.025362330954522e-05, -7.796066347509623e-05, -7.566770364064723e-05, -7.337474380619824e-05, -7.108178397174925e-05, -6.878882413730025e-05, -6.649586430285126e-05, -6.420290446840227e-05, -6.190993735799566e-05, -5.9616977523546666e-05, -5.732401768909767e-05, -5.503105785464868e-05, -5.2738098020199686e-05, -5.044513818575069e-05, -4.815217471332289e-05, -4.58592148788739e-05, -4.3566255044424906e-05, -4.1273291571997106e-05, -3.898033173754811e-05, -3.668737190309912e-05, -3.4394412068650126e-05, -3.210145223420113e-05, -2.9808488761773333e-05, -2.751552892732434e-05, -2.5222569092875347e-05, -2.292960743943695e-05, -2.0636645785998553e-05, -1.834368595154956e-05, -1.6050726117100567e-05, -1.375776446366217e-05, -1.1464803719718475e-05, -9.17184297577478e-06, -6.878882231831085e-06, -4.58592148788739e-06, -2.292959834448993e-06, 0.0]}, "gradients/embedding_user.weight": {"_type": "histogram", "values": [0.0, 0.0, 0.0, 0.0, 0.0, 0.0, 0.0, 0.0, 0.0, 0.0, 0.0, 0.0, 0.0, 0.0, 0.0, 0.0, 0.0, 0.0, 0.0, 0.0, 0.0, 0.0, 0.0, 0.0, 0.0, 0.0, 0.0, 0.0, 0.0, 0.0, 0.0, 0.0, 3392.0, 0.0, 0.0, 0.0, 0.0, 0.0, 0.0, 0.0, 0.0, 0.0, 0.0, 0.0, 0.0, 0.0, 0.0, 0.0, 0.0, 0.0, 0.0, 0.0, 0.0, 0.0, 0.0, 0.0, 0.0, 0.0, 0.0, 0.0, 0.0, 0.0, 0.0, 0.0], "bins": [0.0, 0.0, 0.0, 0.0, 0.0, 0.0, 0.0, 0.0, 0.0, 0.0, 0.0, 0.0, 0.0, 0.0, 0.0, 0.0, 0.0, 0.0, 0.0, 0.0, 0.0, 0.0, 0.0, 0.0, 0.0, 0.0, 0.0, 0.0, 0.0, 0.0, 0.0, 0.0, 0.0, 0.0, 0.0, 0.0, 0.0, 0.0, 0.0, 0.0, 0.0, 0.0, 0.0, 0.0, 0.0, 0.0, 0.0, 0.0, 0.0, 0.0, 0.0, 0.0, 0.0, 0.0, 0.0, 0.0, 0.0, 0.0, 0.0, 0.0, 0.0, 0.0, 0.0, 0.0, 0.0]}, "_wandb": {"runtime": 487}}