{"TOTAL_BEST_METRIC": 0.9334104591941392, "BEST_NDCG@10": 0.11735065922607553, "_timestamp": 1688320111.750918, "_runtime": 472.06115198135376, "_step": 1107, "epoch": 1000, "Train_Metric_loss": NaN, "Train_Reg_loss": NaN, "Pos_loss": NaN, "Neg_loss": NaN, "Recall@5": 0.0007852166725705515, "Recall@10": 0.003778486243948518, "Recall@20": 0.005806892363746774, "NDCG@5": 0.000556356529533085, "NDCG@10": 0.0016257618776651963, "NDCG@20": 0.002209725865082795, "Recall@5_total_best": 0.1290807422861788, "Recall@10_total_best": 0.18584252276922444, "Recall@20_total_best": 0.26400918063133516, "ndcg@5_total_best": 0.09762509551209773, "ndcg@10_total_best": 0.11735065922607553, "ndcg@20_total_best": 0.13950225876922753, "EPOCH_ndcg_best": 40, "Recall@5_ndcg_best": 0.1290807422861788, "Recall@10_ndcg_best": 0.18584252276922444, "Recall@20_ndcg_best": 0.26400918063133516, "ndcg@5_ndcg_best": 0.09762509551209773, "ndcg@10_ndcg_best": 0.11735065922607553, "ndcg@20_ndcg_best": 0.13950225876922753, "gradients/mass_i.weight": {"_type": "histogram", "values": [1.0, 0.0, 0.0, 0.0, 0.0, 0.0, 0.0, 0.0, 0.0, 0.0, 0.0, 0.0, 0.0, 0.0, 0.0, 0.0, 0.0, 0.0, 0.0, 0.0, 0.0, 0.0, 0.0, 0.0, 0.0, 0.0, 0.0, 0.0, 1.0, 1.0, 3.0, 4.0, 2.0, 2.0, 11.0, 6.0, 16.0, 23.0, 38.0, 46.0, 59.0, 55.0, 43.0, 3204.0, 19.0, 9.0, 6.0, 6.0, 2.0, 3.0, 2.0, 1.0, 0.0, 1.0, 0.0, 1.0, 1.0, 1.0, 0.0, 0.0, 0.0, 0.0, 0.0, 1.0], "bins": [-0.00026650261133909225, -0.00026032887399196625, -0.0002541551657486707, -0.0002479814284015447, -0.00024180772015824914, -0.00023563398281112313, -0.00022946026001591235, -0.00022328653722070158, -0.0002171128144254908, -0.00021093909163028002, -0.00020476536883506924, -0.00019859164603985846, -0.00019241790869273245, -0.0001862442004494369, -0.0001800704631023109, -0.00017389674030710012, -0.00016772301751188934, -0.00016154929471667856, -0.00015537557192146778, -0.000149201849126257, -0.00014302812633104622, -0.00013685438898392022, -0.00013068066618870944, -0.00012450694339349866, -0.00011833322059828788, -0.0001121594978030771, -0.00010598577500786632, -9.981204493669793e-05, -9.363832214148715e-05, -8.746459934627637e-05, -8.129086927510798e-05, -7.51171464798972e-05, -6.894342368468642e-05, -6.276970088947564e-05, -5.659597445628606e-05, -5.042224802309647e-05, -4.424852522788569e-05, -3.8074802432674915e-05, -3.190107599948533e-05, -2.5727349566295743e-05, -1.9553626771084964e-05, -1.3379902156884782e-05, -7.2061775426846e-06, -1.0324529284844175e-06, 5.141271685715765e-06, 1.1314994480926543e-05, 1.748872091411613e-05, 2.3662447347305715e-05, 2.9836170142516494e-05, 3.600989293772727e-05, 4.218361937091686e-05, 4.8357345804106444e-05, 5.453106859931722e-05, 6.0704791394528e-05, 6.68785214656964e-05, 7.305224426090717e-05, 7.922596705611795e-05, 8.539968985132873e-05, 9.157341264653951e-05, 9.77471427177079e-05, 0.00010392086551291868, 0.00011009458830812946, 0.00011626831837929785, 0.00012244204117450863, 0.0001286157639697194]}, "gradients/mass_u.weight": {"_type": "histogram", "values": [1.0, 0.0, 0.0, 0.0, 0.0, 0.0, 0.0, 0.0, 1.0, 0.0, 0.0, 0.0, 0.0, 0.0, 0.0, 0.0, 0.0, 0.0, 0.0, 0.0, 0.0, 0.0, 0.0, 0.0, 1.0, 1.0, 0.0, 0.0, 0.0, 0.0, 0.0, 1.0, 0.0, 0.0, 0.0, 0.0, 0.0, 0.0, 1.0, 0.0, 0.0, 0.0, 3.0, 0.0, 1.0, 0.0, 2.0, 1.0, 0.0, 0.0, 2.0, 0.0, 6.0, 3.0, 0.0, 2.0, 4.0, 7.0, 9.0, 16.0, 27.0, 74.0, 228.0, 5150.0], "bins": [-0.0002443511039018631, -0.0002405331179033965, -0.00023671513190492988, -0.00023289714590646327, -0.00022907915990799665, -0.00022526117390953004, -0.00022144318791106343, -0.00021762520191259682, -0.0002138072159141302, -0.0002099892299156636, -0.000206171243917197, -0.00020235325791873038, -0.00019853527192026377, -0.00019471728592179716, -0.00019089929992333055, -0.00018708131392486393, -0.00018326332792639732, -0.0001794453419279307, -0.0001756273559294641, -0.0001718093699309975, -0.00016799138393253088, -0.00016417339793406427, -0.00016035541193559766, -0.00015653742593713105, -0.00015271943993866444, -0.00014890145394019783, -0.00014508346794173121, -0.0001412654819432646, -0.000137447495944798, -0.00013362950994633138, -0.00012981152394786477, -0.00012599353794939816, -0.00012217555195093155, -0.00011835756595246494, -0.00011453957995399833, -0.00011072159395553172, -0.0001069036079570651, -0.0001030856219585985, -9.926763596013188e-05, -9.544964996166527e-05, -9.163166396319866e-05, -8.781367796473205e-05, -8.399569196626544e-05, -8.017770596779883e-05, -7.635971996933222e-05, -7.254173397086561e-05, -6.8723747972399e-05, -6.490576197393239e-05, -6.108777597546577e-05, -5.7269789976999164e-05, -5.345180397853255e-05, -4.963381798006594e-05, -4.581583198159933e-05, -4.199784598313272e-05, -3.817985998466611e-05, -3.43618739861995e-05, -3.054388798773289e-05, -2.6725901989266276e-05, -2.2907915990799665e-05, -1.9089929992333055e-05, -1.5271943993866444e-05, -1.1453957995399833e-05, -7.635971996933222e-06, -3.817985998466611e-06, 0.0]}, "gradients/embedding_user.weight": {"_type": "histogram", "values": [0.0, 0.0, 0.0, 0.0, 0.0, 0.0, 0.0, 0.0, 0.0, 0.0, 0.0, 0.0, 0.0, 0.0, 0.0, 0.0, 0.0, 0.0, 0.0, 0.0, 0.0, 0.0, 0.0, 0.0, 0.0, 0.0, 0.0, 0.0, 0.0, 0.0, 0.0, 0.0, 3392.0, 0.0, 0.0, 0.0, 0.0, 0.0, 0.0, 0.0, 0.0, 0.0, 0.0, 0.0, 0.0, 0.0, 0.0, 0.0, 0.0, 0.0, 0.0, 0.0, 0.0, 0.0, 0.0, 0.0, 0.0, 0.0, 0.0, 0.0, 0.0, 0.0, 0.0, 0.0], "bins": [0.0, 0.0, 0.0, 0.0, 0.0, 0.0, 0.0, 0.0, 0.0, 0.0, 0.0, 0.0, 0.0, 0.0, 0.0, 0.0, 0.0, 0.0, 0.0, 0.0, 0.0, 0.0, 0.0, 0.0, 0.0, 0.0, 0.0, 0.0, 0.0, 0.0, 0.0, 0.0, 0.0, 0.0, 0.0, 0.0, 0.0, 0.0, 0.0, 0.0, 0.0, 0.0, 0.0, 0.0, 0.0, 0.0, 0.0, 0.0, 0.0, 0.0, 0.0, 0.0, 0.0, 0.0, 0.0, 0.0, 0.0, 0.0, 0.0, 0.0, 0.0, 0.0, 0.0, 0.0, 0.0]}, "_wandb": {"runtime": 471}}