{"TOTAL_BEST_METRIC": 0.3243563824040697, "BEST_NDCG@10": 0.03811105771113845, "_timestamp": 1688295096.3393774, "_runtime": 783.640825510025, "_step": 1263, "epoch": 1000, "Train_Metric_loss": -0.030643252123679434, "Train_Reg_loss": 1.7022448316440985e-05, "Recall@5": 0.040118092546751756, "Recall@10": 0.06471661739104394, "Recall@20": 0.10276703013595423, "NDCG@5": 0.02958807815044368, "NDCG@10": 0.03811105771113845, "NDCG@20": 0.048876846291328664, "Recall@5_total_best": 0.04027738619321088, "Recall@10_total_best": 0.06464834868541859, "Recall@20_total_best": 0.10275922799816847, "ndcg@5_total_best": 0.029669929552829096, "ndcg@10_total_best": 0.03810711130007458, "ndcg@20_total_best": 0.048894378674368064, "EPOCH_ndcg_best": 1000, "Recall@5_ndcg_best": 0.040118092546751756, "Recall@10_ndcg_best": 0.06471661739104394, "Recall@20_ndcg_best": 0.10276703013595423, "ndcg@5_ndcg_best": 0.02958807815044368, "ndcg@10_ndcg_best": 0.03811105771113845, "ndcg@20_ndcg_best": 0.048876846291328664, "gradients/mass_i.weight": {"_type": "histogram", "values": [1.0, 0.0, 0.0, 0.0, 0.0, 1.0, 0.0, 0.0, 0.0, 0.0, 0.0, 0.0, 0.0, 0.0, 0.0, 0.0, 1.0, 1.0, 0.0, 1.0, 1.0, 1.0, 2.0, 0.0, 0.0, 1.0, 1.0, 3.0, 0.0, 1.0, 2.0, 1.0, 3.0, 3.0, 3.0, 3.0, 8.0, 5.0, 5.0, 8.0, 11.0, 10.0, 13.0, 31.0, 98.0, 91.0, 47.0, 56.0, 57.0, 7974.0, 41.0, 30.0, 37.0, 49.0, 68.0, 17.0, 10.0, 6.0, 5.0, 2.0, 3.0, 0.0, 0.0, 1.0], "bins": [-7.315582479350269e-05, -7.16758004273288e-05, -7.019578333711252e-05, -6.871575897093862e-05, -6.723574188072234e-05, -6.575571751454845e-05, -6.427569314837456e-05, -6.279567605815828e-05, -6.131565169198439e-05, -5.98356309637893e-05, -5.835561023559421e-05, -5.687558586942032e-05, -5.5395565141225234e-05, -5.391554441303015e-05, -5.2435520046856254e-05, -5.095549931866117e-05, -4.947547859046608e-05, -4.7995457862270996e-05, -4.651543713407591e-05, -4.503541276790202e-05, -4.355539203970693e-05, -4.2075371311511844e-05, -4.059534694533795e-05, -3.9115326217142865e-05, -3.763530548894778e-05, -3.615528476075269e-05, -3.467526403255761e-05, -3.3195239666383713e-05, -3.171521893818863e-05, -3.023519820999354e-05, -2.875517566280905e-05, -2.7275153115624562e-05, -2.579512874945067e-05, -2.4315108021255583e-05, -2.2835085474071093e-05, -2.1355062926886603e-05, -1.9875042198691517e-05, -1.839502147049643e-05, -1.691499892331194e-05, -1.543497637612745e-05, -1.3954955647932366e-05, -1.2474934010242578e-05, -1.099491237255279e-05, -9.514890734863002e-06, -8.034869097173214e-06, -6.554847459483426e-06, -5.074825821793638e-06, -3.5948041841038503e-06, -2.1147825464140624e-06, -6.347609087242745e-07, 8.452607289655134e-07, 2.3252823666553013e-06, 3.805304004345089e-06, 5.285325642034877e-06, 6.765347279724665e-06, 8.245368917414453e-06, 9.72539055510424e-06, 1.1205412192794029e-05, 1.2685433830483817e-05, 1.4165455468173604e-05, 1.5645477105863392e-05, 1.712549783405848e-05, 1.8605520381242968e-05, 2.0085542928427458e-05, 2.1565563656622544e-05]}, "gradients/mass_u.weight": {"_type": "histogram", "values": [1.0, 0.0, 0.0, 0.0, 0.0, 0.0, 1.0, 0.0, 0.0, 0.0, 0.0, 0.0, 0.0, 1.0, 0.0, 0.0, 0.0, 1.0, 2.0, 0.0, 3.0, 1.0, 1.0, 0.0, 0.0, 0.0, 1.0, 0.0, 0.0, 0.0, 0.0, 3.0, 1.0, 0.0, 5.0, 2.0, 2.0, 3.0, 3.0, 2.0, 3.0, 4.0, 12.0, 4.0, 9.0, 9.0, 22.0, 17.0, 20.0, 27.0, 24.0, 18.0, 14436.0, 13.0, 9.0, 6.0, 6.0, 3.0, 2.0, 1.0, 1.0, 0.0, 0.0, 2.0], "bins": [-0.00018430760246701539, -0.0001807721855584532, -0.00017723676864989102, -0.00017370135174132884, -0.00017016592028085142, -0.00016663050337228924, -0.00016309508646372706, -0.00015955966955516487, -0.0001560242526466027, -0.0001524888357380405, -0.00014895341882947832, -0.0001454179873690009, -0.00014188257046043873, -0.00013834715355187654, -0.00013481173664331436, -0.00013127631973475218, -0.00012774090282619, -0.0001242054859176278, -0.00012067006173310801, -0.00011713464482454583, -0.00011359922791598365, -0.00011006380373146385, -0.00010652838682290167, -0.00010299296991433948, -9.945753845386207e-05, -9.592212154529989e-05, -9.238669736078009e-05, -8.88512804522179e-05, -8.531586354365572e-05, -8.178043935913593e-05, -7.824502245057374e-05, -7.470960554201156e-05, -7.117418135749176e-05, -6.763876444892958e-05, -6.410334026440978e-05, -6.05679233558476e-05, -5.7032506447285414e-05, -5.349708590074442e-05, -4.996166535420343e-05, -4.642624844564125e-05, -4.289082789910026e-05, -3.935540735255927e-05, -3.5819990443997085e-05, -3.2284569897456095e-05, -2.8749151169904508e-05, -2.521373244235292e-05, -2.167831189581193e-05, -1.8142893168260343e-05, -1.4607474440708756e-05, -1.107205571315717e-05, -7.536636076110881e-06, -4.001216439064592e-06, -4.657977115130052e-07, 3.0696210160385817e-06, 6.605041562579572e-06, 1.0140460290131159e-05, 1.3675879017682746e-05, 1.7211297745234333e-05, 2.074671647278592e-05, 2.428213701932691e-05, 2.7817555746878497e-05, 3.1352974474430084e-05, 3.4888395020971075e-05, 3.8423815567512065e-05, 4.195923247607425e-05]}, "gradients/embedding_user.weight": {"_type": "histogram", "values": [1.0, 1.0, 1.0, 0.0, 1.0, 4.0, 5.0, 7.0, 8.0, 5.0, 4.0, 15.0, 10.0, 18.0, 16.0, 33.0, 33.0, 50.0, 74.0, 108.0, 176.0, 281.0, 511.0, 880.0, 1510.0, 2610.0, 4311.0, 6520.0, 36569.0, 681404.0, 182469.0, 9031.0, 5069.0, 3336.0, 1889.0, 1127.0, 565.0, 347.0, 196.0, 117.0, 65.0, 65.0, 32.0, 25.0, 20.0, 10.0, 14.0, 6.0, 9.0, 9.0, 3.0, 3.0, 2.0, 1.0, 1.0, 1.0, 1.0, 1.0, 1.0, 0.0, 0.0, 1.0, 0.0, 2.0], "bins": [-6.941590254427865e-05, -6.7079410655424e-05, -6.474291149061173e-05, -6.240641960175708e-05, -6.006992407492362e-05, -5.773342854809016e-05, -5.539693665923551e-05, -5.306044113240205e-05, -5.072394560556859e-05, -4.838745007873513e-05, -4.6050958189880475e-05, -4.3714462663047016e-05, -4.1377967136213556e-05, -3.9041471609380096e-05, -3.6704979720525444e-05, -3.4368484193691984e-05, -3.203199230483733e-05, -2.9695498596993275e-05, -2.7359003070159815e-05, -2.502250936231576e-05, -2.26860138354823e-05, -2.0349520127638243e-05, -1.8013026419794187e-05, -1.5676530892960727e-05, -1.3340037185116671e-05, -1.1003542567777913e-05, -8.667047950439155e-06, -6.330554242595099e-06, -3.994059625256341e-06, -1.657565007917583e-06, 6.789286999264732e-07, 3.015424226759933e-06, 5.351917934603989e-06, 7.688412551942747e-06, 1.0024907169281505e-05, 1.2361400877125561e-05, 1.469789549446432e-05, 1.7034390111803077e-05, 1.9370883819647133e-05, 2.1707379346480593e-05, 2.404387305432465e-05, 2.6380366762168705e-05, 2.8716862289002165e-05, 3.1053357815835625e-05, 3.338984970469028e-05, 3.572634523152374e-05, 3.80628407583572e-05, 4.039933264721185e-05, 4.273582817404531e-05, 4.507232370087877e-05, 4.740881558973342e-05, 4.974531111656688e-05, 5.208180664340034e-05, 5.4418298532254994e-05, 5.6754794059088454e-05, 5.909128958592191e-05, 6.142778147477657e-05, 6.376427336363122e-05, 6.610077252844349e-05, 6.843726441729814e-05, 7.077375630615279e-05, 7.311025547096506e-05, 7.544674735981971e-05, 7.778324652463198e-05, 8.011973841348663e-05]}, "gradients/embedding_item.weight": {"_type": "histogram", "values": [1.0, 0.0, 0.0, 0.0, 2.0, 0.0, 0.0, 1.0, 1.0, 2.0, 4.0, 4.0, 8.0, 13.0, 7.0, 18.0, 27.0, 33.0, 61.0, 112.0, 187.0, 271.0, 481.0, 861.0, 1619.0, 3060.0, 5931.0, 11663.0, 22563.0, 38101.0, 51868.0, 263683.0, 60128.0, 41769.0, 26612.0, 13956.0, 6940.0, 3417.0, 1871.0, 977.0, 540.0, 312.0, 190.0, 124.0, 72.0, 45.0, 28.0, 30.0, 9.0, 15.0, 4.0, 2.0, 4.0, 0.0, 1.0, 0.0, 1.0, 0.0, 0.0, 0.0, 0.0, 1.0, 0.0, 2.0],