{"TOTAL_BEST_METRIC": 0.3654350515381236, "BEST_NDCG@10": 0.043089055617727356, "_timestamp": 1688406295.0281096, "_runtime": 1548.4998245239258, "_step": 1162, "epoch": 1000, "Train_Metric_loss": -3.771930660520281, "Train_Reg_loss": 0.00023386103254909228, "Pos_loss": 7.3327789306640625, "Neg_loss": -12.250475883483887, "Recall@5": 0.04372484966782015, "Recall@10": 0.07428300593597095, "Recall@20": 0.11634820964269568, "NDCG@5": 0.03136630834160585, "NDCG@10": 0.04202040812575301, "NDCG@20": 0.05378001219433323, "Recall@5_total_best": 0.044762425630300536, "Recall@10_total_best": 0.07520636727030988, "Recall@20_total_best": 0.11540597097687699, "ndcg@5_total_best": 0.03251589235116381, "ndcg@10_total_best": 0.043089055617727356, "ndcg@20_total_best": 0.05445533969174505, "EPOCH_ndcg_best": 760, "Recall@5_ndcg_best": 0.044762425630300536, "Recall@10_ndcg_best": 0.07520636727030988, "Recall@20_ndcg_best": 0.11540597097687699, "ndcg@5_ndcg_best": 0.03251589235116381, "ndcg@10_ndcg_best": 0.043089055617727356, "ndcg@20_ndcg_best": 0.05445533969174505, "gradients/mass_i.weight": {"_type": "histogram", "values": [1.0, 0.0, 0.0, 0.0, 0.0, 0.0, 0.0, 0.0, 1.0, 0.0, 0.0, 0.0, 4.0, 0.0, 0.0, 1.0, 2.0, 0.0, 2.0, 3.0, 4.0, 2.0, 2.0, 4.0, 6.0, 4.0, 6.0, 13.0, 9.0, 12.0, 11.0, 9.0, 36.0, 48.0, 19.0, 14.0, 45.0, 289.0, 61.0, 7.0, 19.0, 192.0, 7393.0, 8.0, 37.0, 170.0, 116.0, 9.0, 17.0, 54.0, 32.0, 3.0, 9.0, 11.0, 12.0, 4.0, 4.0, 2.0, 2.0, 0.0, 0.0, 3.0, 0.0, 1.0], "bins": [-0.0013384174089878798, -0.0013065600069239736, -0.0012747024884447455, -0.0012428450863808393, -0.0012109876843169332, -0.001179130282253027, -0.001147272763773799, -0.0011154153617098927, -0.0010835579596459866, -0.0010517005575820804, -0.0010198430391028523, -0.0009879856370389462, -0.00095612823497504, -0.0009242707747034729, -0.0008924133144319057, -0.0008605559123679996, -0.0008286983938887715, -0.0007968409336172044, -0.0007649835315532982, -0.0007331260712817311, -0.0007012686692178249, -0.0006694112089462578, -0.0006375537486746907, -0.0006056963466107845, -0.0005738388863392174, -0.0005419814260676503, -0.0005101240240037441, -0.000478266563732177, -0.00044640913256444037, -0.0004145517013967037, -0.0003826942411251366, -0.00035083680995739996, -0.0003189793205820024, -0.00028712188941426575, -0.0002552644582465291, -0.000223406997974962, -0.00019154956680722535, -0.0001596921356394887, -0.00012783468991983682, -9.597724420018494e-05, -6.411981303244829e-05, -3.226237458875403e-05, -4.049361450597644e-07, 3.14525022986345e-05, 6.330994074232876e-05, 9.516737191006541e-05, 0.0001270248176297173, 0.00015888226334936917, 0.00019073969451710582, 0.00022259712568484247, 0.0002544545568525791, 0.0002863120171241462, 0.00031816944829188287, 0.0003500268794596195, 0.00038188433973118663, 0.0004137417708989233, 0.00044559920206665993, 0.0004774566332343966, 0.0005093140644021332, 0.0005411715246737003, 0.0005730289267376065, 0.0006048863870091736, 0.0006367438472807407, 0.0006686012493446469, 0.000700458709616214]}, "gradients/mass_u.weight": {"_type": "histogram", "values": [1.0, 0.0, 0.0, 0.0, 0.0, 0.0, 1.0, 0.0, 0.0, 0.0, 1.0, 0.0, 0.0, 0.0, 0.0, 0.0, 0.0, 0.0, 1.0, 0.0, 1.0, 0.0, 1.0, 1.0, 0.0, 0.0, 0.0, 2.0, 2.0, 0.0, 1.0, 0.0, 0.0, 1.0, 0.0, 0.0, 0.0, 3.0, 1.0, 0.0, 2.0, 7.0, 2.0, 4.0, 2.0, 4.0, 7.0, 8.0, 4.0, 3.0, 8.0, 3.0, 21.0, 12.0, 9.0, 40.0, 56.0, 80.0, 69.0, 34.0, 69.0, 32.0, 9.0, 14179.0], "bins": [-0.000586985144764185, -0.0005778134800493717, -0.0005686418735422194, -0.0005594702088274062, -0.0005502986023202538, -0.0005411269376054406, -0.0005319552728906274, -0.0005227836663834751, -0.0005136120016686618, -0.0005044403369538486, -0.0004952687304466963, -0.00048609706573188305, -0.0004769254301209003, -0.0004677537945099175, -0.00045858212979510427, -0.0004494104941841215, -0.0004402388585731387, -0.00043106722296215594, -0.00042189558735117316, -0.00041272392263635993, -0.00040355228702537715, -0.0003943806514143944, -0.00038520898669958115, -0.00037603735108859837, -0.0003668657154776156, -0.0003576940798666328, -0.00034852244425565004, -0.0003393507795408368, -0.00033017914392985404, -0.00032100750831887126, -0.00031183584360405803, -0.00030266420799307525, -0.0002934925723820925, -0.0002843209367711097, -0.0002751493011601269, -0.0002659776364453137, -0.0002568060008343309, -0.00024763436522334814, -0.00023846271506045014, -0.00022929106489755213, -0.00022011942928656936, -0.00021094779367558658, -0.00020177614351268858, -0.00019260449334979057, -0.0001834328577388078, -0.00017426122212782502, -0.00016508957196492702, -0.00015591792180202901, -0.00014674628619104624, -0.00013757465058006346, -0.00012840300041716546, -0.00011923135753022507, -0.00011005971464328468, -0.00010088807175634429, -9.17164288694039e-05, -8.254478598246351e-05, -7.337314309552312e-05, -6.420150020858273e-05, -5.502985732164234e-05, -4.585821443470195e-05, -3.668657154776156e-05, -2.751492866082117e-05, -1.834328577388078e-05, -9.17164288694039e-06, 0.0]}, "gradients/embedding_user.weight": {"_type": "histogram", "values": [1.0, 1.0, 0.0, 2.0, 2.0, 0.0, 0.0, 2.0, 3.0, 1.0, 3.0, 7.0, 4.0, 11.0, 13.0, 21.0, 22.0, 33.0, 38.0, 56.0, 73.0, 127.0, 153.0, 204.0, 293.0, 455.0, 685.0, 1073.0, 1786.0, 3118.0, 5219.0, 20548.0, 359227.0, 497015.0, 34721.0, 5991.0, 3377.0, 1958.0, 1162.0, 720.0, 483.0, 324.0, 166.0, 128.0, 83.0, 76.0, 54.0, 36.0, 28.0, 22.0, 16.0, 10.0, 12.0, 5.0, 3.0, 3.0, 3.0, 3.0, 1.0, 0.0, 1.0, 0.0, 0.0, 2.0], "bins": [-0.001925046555697918, -0.0018668596167117357, -0.0018086726777255535, -0.0017504857387393713, -0.001692298799753189, -0.0016341118607670069, -0.0015759248053655028, -0.0015177378663793206, -0.0014595509273931384, -0.0014013639884069562, -0.001343177049420774, -0.0012849901104345918, -0.0012268030550330877, -0.0011686161160469055, -0.0011104291770607233, -0.001052242238074541, -0.0009940552990883589, -0.0009358683601021767, -0.0008776814211159945, -0.0008194944239221513, -0.0007613074849359691, -0.0007031205459497869, -0.0006449335487559438, -0.0005867466097697616, -0.0005285596707835793, -0.00047037273179739714, -0.00041218576370738447, -0.0003539987956173718, -0.0002958118566311896, -0.00023762491764500737, -0.0001794379495549947, -0.00012125098146498203, -6.306415889412165e-05, -4.877205356024206e-06, 5.3309748182073236e-05, 0.00011149670172017068, 0.00016968365525826812, 0.00022787059424445033, 0.000286057562334463, 0.00034424453042447567, 0.0004024314694106579, 0.0004606184083968401, 0.0005188053473830223, 0.0005769923445768654, 0.0006351792835630476, 0.0006933662225492299, 0.000751553219743073, 0.0008097401587292552, 0.0008679270977154374, 0.0009261140367016196, 0.0009843009756878018, 0.001042487914673984, 0.001100674970075488, 0.0011588619090616703, 0.0012170488480478525, 0.0012752357870340347, 0.001333422726020217, 0.0013916096650063992, 0.0014497966039925814, 0.0015079835429787636, 0.0015661704819649458, 0.001624357420951128, 0.001682544476352632, 0.0017407314153388143, 0.0017989183543249965]}, "gradients/embedding_item.weight": {"_type": "histogram", "values": [2.0, 0.0, 0.0, 1.0, 2.0, 2.0, 0.0, 2.0, 5.0, 3.0, 8.0, 23.0, 27.0, 26.0, 65.0, 103.0, 140.0, 184.0, 297.0, 441.0, 763.0, 1361.0, 2641.0, 5085.0, 10616.0, 20462.0, 40588.0, 72470.0, 284157.0, 55516.0, 30777.0, 15448.0, 7842.0, 3840.0, 1958.0, 1030.0, 625.0, 374.0, 245.0, 170.0, 112.0, 56.0, 60.0, 28.0, 26.0, 22.0, 11.0, 5.0, 4.0, 2.0, 0.0, 4.0, 1.0, 0.0, 0.0, 1.0, 0.0, 0.0, 0.0, 0.0, 0.0, 0.0, 0.0, 1.0],