{"TOTAL_BEST_METRIC": 0.5091348265946231, "BEST_NDCG@10": 0.062180088455035226, "_timestamp": 1688602952.4833164, "_runtime": 1724.8755815029144, "_step": 1140, "epoch": 1000, "Train_Metric_loss": 5.76217828478132, "Train_Reg_loss": 0.00010258329088433779, "Pos_loss": 8.5330810546875, "Neg_loss": 0.13194537162780762, "Recall@5": 0.06638604557792374, "Recall@10": 0.10190140879502103, "Recall@20": 0.14977727432005367, "NDCG@5": 0.049340630151354516, "NDCG@10": 0.061823644844334266, "NDCG@20": 0.07544537440559099, "Recall@5_total_best": 0.06707929802909536, "Recall@10_total_best": 0.10213477842011649, "Recall@20_total_best": 0.15177506217445205, "ndcg@5_total_best": 0.04973058772417584, "ndcg@10_total_best": 0.062180088455035226, "ndcg@20_total_best": 0.07623501179174805, "EPOCH_ndcg_best": 1000, "Recall@5_ndcg_best": 0.06707929802909536, "Recall@10_ndcg_best": 0.10213477842011649, "Recall@20_ndcg_best": 0.15177506217445205, "ndcg@5_ndcg_best": 0.04973058772417584, "ndcg@10_ndcg_best": 0.062180088455035226, "ndcg@20_ndcg_best": 0.07623501179174805, "gradients/mass_i.weight": {"_type": "histogram", "values": [1.0, 0.0, 0.0, 0.0, 0.0, 0.0, 0.0, 0.0, 0.0, 0.0, 0.0, 1.0, 0.0, 0.0, 0.0, 0.0, 0.0, 0.0, 0.0, 1.0, 1.0, 1.0, 1.0, 4.0, 4.0, 6.0, 11.0, 5.0, 12.0, 21.0, 27.0, 48.0, 48.0, 67.0, 123.0, 172.0, 143.0, 147.0, 7332.0, 33.0, 174.0, 117.0, 75.0, 40.0, 28.0, 17.0, 10.0, 5.0, 11.0, 6.0, 5.0, 2.0, 5.0, 2.0, 0.0, 2.0, 2.0, 1.0, 0.0, 0.0, 0.0, 0.0, 0.0, 2.0], "bins": [-0.00020052489708177745, -0.00019531654834281653, -0.00019010818505194038, -0.00018489983631297946, -0.0001796914730221033, -0.0001744831242831424, -0.00016927477554418147, -0.00016406641225330532, -0.00015885804896242917, -0.00015364970022346824, -0.0001484413369325921, -0.00014323298819363117, -0.00013802462490275502, -0.0001328162761637941, -0.00012760792742483318, -0.00012239956413395703, -0.0001171912153949961, -0.00011198285938007757, -0.00010677450336515903, -0.00010156615462619811, -9.635779133532196e-05, -9.114944259636104e-05, -8.59410865814425e-05, -8.073273056652397e-05, -7.552437455160543e-05, -7.03160185366869e-05, -6.510766252176836e-05, -5.989931014482863e-05, -5.4690954129910097e-05, -4.948259811499156e-05, -4.427424573805183e-05, -3.9065889723133296e-05, -3.385754826012999e-05, -2.8649192245211452e-05, -2.344083804928232e-05, -1.8232483853353187e-05, -1.3024127838434651e-05, -7.815771823516116e-06, -2.6074194465763867e-06, 2.6009365683421493e-06, 7.809292583260685e-06, 1.301764768868452e-05, 1.8226002794108354e-05, 2.3434356990037486e-05, 2.8642713004956022e-05, 3.385106901987456e-05, 3.905942139681429e-05, 4.426777741173282e-05, 4.947613342665136e-05, 5.4684489441569895e-05, 5.989284545648843e-05, 6.510119419544935e-05, 7.03095574863255e-05, 7.551790622528642e-05, 8.072626224020496e-05, 8.59346182551235e-05, 9.114297427004203e-05, 9.635133028496057e-05, 0.0001015596862998791, 0.00010676804231479764, 0.00011197639105375856, 0.00011718475434463471, 0.00012239310308359563, 0.00012760146637447178, 0.0001328098151134327]}, "gradients/mass_u.weight": {"_type": "histogram", "values": [1.0, 0.0, 0.0, 0.0, 0.0, 0.0, 0.0, 0.0, 0.0, 0.0, 0.0, 0.0, 0.0, 0.0, 0.0, 0.0, 0.0, 0.0, 0.0, 0.0, 0.0, 0.0, 0.0, 0.0, 0.0, 1.0, 0.0, 0.0, 0.0, 0.0, 0.0, 0.0, 0.0, 0.0, 0.0, 1.0, 1.0, 2.0, 1.0, 1.0, 0.0, 0.0, 0.0, 2.0, 1.0, 3.0, 0.0, 2.0, 1.0, 3.0, 3.0, 4.0, 3.0, 5.0, 6.0, 8.0, 18.0, 17.0, 24.0, 50.0, 87.0, 129.0, 109.0, 14198.0], "bins": [-0.00031353847589343786, -0.0003086394281126559, -0.00030374040943570435, -0.00029884136165492237, -0.0002939423138741404, -0.00028904329519718885, -0.00028414424741640687, -0.0002792451996356249, -0.0002743461518548429, -0.0002694471040740609, -0.0002645480853971094, -0.0002596490376163274, -0.0002547499898355454, -0.0002498509711585939, -0.0002449519233778119, -0.00024005287559702992, -0.0002351538569200784, -0.00023025482369121164, -0.00022535577591042966, -0.0002204567426815629, -0.00021555769490078092, -0.00021065866167191416, -0.0002057596284430474, -0.00020086058066226542, -0.00019596154743339866, -0.0001910625142045319, -0.00018616346642374992, -0.00018126443319488317, -0.0001763653999660164, -0.00017146635218523443, -0.00016656731895636767, -0.00016166828572750092, -0.00015676923794671893, -0.00015187020471785218, -0.0001469711569370702, -0.00014207212370820343, -0.00013717307592742145, -0.0001322740426985547, -0.00012737500946968794, -0.00012247596168890595, -0.0001175769284600392, -0.00011267788795521483, -0.00010777884745039046, -0.0001028798142215237, -9.798077371669933e-05, -9.308173321187496e-05, -8.81826999830082e-05, -8.328365947818384e-05, -7.838461897335947e-05, -7.34855784685351e-05, -6.858653796371073e-05, -6.368750473484397e-05, -5.87884642300196e-05, -5.388942372519523e-05, -4.8990386858349666e-05, -4.40913499915041e-05, -3.919230948667973e-05, -3.429326898185536e-05, -2.93942321150098e-05, -2.4495193429174833e-05, -1.9596154743339866e-05, -1.46971160575049e-05, -9.798077371669933e-06, -4.89904050482437e-06, 0.0]}, "gradients/embedding_user.weight": {"_type": "histogram", "values": [4.0, 0.0, 0.0, 0.0, 0.0, 0.0, 1.0, 1.0, 2.0, 3.0, 5.0, 8.0, 1.0, 14.0, 19.0, 27.0, 25.0, 61.0, 68.0, 113.0, 159.0, 208.0, 389.0, 661.0, 1267.0, 3214.0, 33418.0, 694310.0, 195457.0, 6223.0, 1819.0, 817.0, 451.0, 287.0, 145.0, 100.0, 80.0, 72.0, 42.0, 39.0, 24.0, 8.0, 9.0, 10.0, 8.0, 6.0, 3.0, 1.0, 1.0, 1.0, 0.0, 0.0, 0.0, 1.0, 0.0, 0.0, 0.0, 0.0, 0.0, 0.0, 1.0, 0.0, 0.0, 1.0], "bins": [-0.0006972256232984364, -0.0006720753153786063, -0.0006469249492511153, -0.0006217746413312852, -0.0005966242752037942, -0.0005714739672839642, -0.0005463236011564732, -0.0005211732932366431, -0.000496022985316813, -0.00047087264829315245, -0.0004457223112694919, -0.0004205720033496618, -0.00039542163722217083, -0.00037027132930234075, -0.0003451209922786802, -0.00031997065525501966, -0.00029482028912752867, -0.0002696699521038681, -0.0002445196150802076, -0.00021936929260846227, -0.00019421895558480173, -0.0001690686185611412, -0.00014391829608939588, -0.00011876795906573534, -9.36176220420748e-05, -6.846728501841426e-05, -4.331695527071133e-05, -1.8166625523008406e-05, 6.983711500652134e-06, 3.2134048524312675e-05, 5.728437099605799e-05, 8.243470801971853e-05, 0.00010758504504337907, 0.0001327353820670396, 0.00015788571909070015, 0.00018303604156244546, 0.000208186378586106, 0.00023333671560976654, 0.00025848703808151186, 0.0002836373751051724, 0.00030878771212883294, 0.0003339380491524935, 0.000359088386176154, 0.00038423872319981456, 0.00040938903111964464, 0.00043453939724713564, 0.0004596897051669657, 0.00048484004219062626, 0.0005099903792142868, 0.0005351406871341169, 0.0005602910532616079, 0.000585441361181438, 0.000610591727308929, 0.000635742035228759, 0.0006608923431485891, 0.0006860427092760801, 0.0007111930754035711, 0.0007363433833234012, 0.0007614937494508922, 0.0007866440573707223, 0.0008117944234982133, 0.0008369447314180434, 0.0008620950393378735, 0.0008872454054653645, 0.0009123957133851945]}, "gradients/embedding_item.weight": {"_type": "histogram", "values": [1.0, 0.0, 1.0, 1.0, 1.0, 0.0, 0.0, 2.0, 2.0, 4.0, 5.0, 5.0, 3.0, 8.0, 6.0, 10.0, 10.0, 11.0, 22.0, 24.0, 38.0, 62.0, 83.0, 138.0, 164.0, 274.0, 427.0, 824.0, 1487.0, 2915.0, 6510.0, 17565.0, 51150.0, 339982.0, 90687.0, 27205.0, 9589.0, 3983.0, 1819.0, 981.0, 578.0, 351.0, 210.0, 144.0, 88.0, 67.0, 58.0, 39.0, 27.0, 19.0, 11.0, 11.0, 5.0, 12.0, 4.0, 1.0, 2.0, 1.0, 1.0, 1.0, 1.0, 1.0, 0.0, 1.0],