{"TOTAL_BEST_METRIC": 0.9768272553577129, "BEST_NDCG@10": 0.1236512534447728, "_timestamp": 1688301027.2890735, "_runtime": 402.4617335796356, "_step": 1149, "epoch": 1000, "Train_Metric_loss": -0.4016679346561432, "Train_Reg_loss": 2.3900516680441798e-06, "Pos_loss": -0.16197118163108826, "Neg_loss": 0.0001009920597425662, "Recall@5": 0.12685540600972112, "Recall@10": 0.19639852009951006, "Recall@20": 0.2731603583000473, "NDCG@5": 0.09393958826682229, "NDCG@10": 0.11871325457383765, "NDCG@20": 0.14059657885591947, "Recall@5_total_best": 0.13570648397120796, "Recall@10_total_best": 0.20012700093521166, "Recall@20_total_best": 0.27227475641816495, "ndcg@5_total_best": 0.10094514714074815, "ndcg@10_total_best": 0.1236512534447728, "ndcg@20_total_best": 0.1441226134476074, "EPOCH_ndcg_best": 260, "Recall@5_ndcg_best": 0.13570648397120796, "Recall@10_ndcg_best": 0.20012700093521166, "Recall@20_ndcg_best": 0.27227475641816495, "ndcg@5_ndcg_best": 0.10094514714074815, "ndcg@10_ndcg_best": 0.1236512534447728, "ndcg@20_ndcg_best": 0.1441226134476074, "gradients/mass_i.weight": {"_type": "histogram", "values": [1.0, 0.0, 1.0, 1.0, 0.0, 0.0, 0.0, 0.0, 0.0, 1.0, 0.0, 0.0, 0.0, 0.0, 1.0, 0.0, 1.0, 0.0, 1.0, 0.0, 2.0, 0.0, 1.0, 3.0, 0.0, 2.0, 2.0, 0.0, 1.0, 1.0, 3.0, 3.0, 3.0, 2.0, 7.0, 1.0, 3.0, 7.0, 9.0, 9.0, 14.0, 14.0, 17.0, 25.0, 27.0, 22.0, 29.0, 59.0, 61.0, 55.0, 117.0, 116.0, 71.0, 230.0, 152.0, 94.0, 2035.0, 204.0, 62.0, 44.0, 32.0, 15.0, 2.0, 5.0], "bins": [-0.004666230641305447, -0.004583612084388733, -0.004500993527472019, -0.0044183749705553055, -0.004335756413638592, -0.004253137856721878, -0.004170519299805164, -0.004087900742888451, -0.004005282185971737, -0.003922663629055023, -0.0038400450721383095, -0.0037574265152215958, -0.003674807958304882, -0.0035921894013881683, -0.0035095708444714546, -0.0034269520547240973, -0.00334433326497674, -0.003261714708060026, -0.0031790961511433125, -0.0030964775942265987, -0.003013859037309885, -0.0029312404803931713, -0.0028486219234764576, -0.0027660031337291002, -0.00268338480964303, -0.0026007662527263165, -0.0025181476958096027, -0.002435529138892889, -0.0023529105819761753, -0.0022702920250594616, -0.002187673468142748, -0.0021050546783953905, -0.0020224363543093204, -0.0019398177973926067, -0.001857199240475893, -0.0017745806835591793, -0.0016919620102271438, -0.00160934345331043, -0.0015267248963937163, -0.0014441062230616808, -0.001361487666144967, -0.0012788691092282534, -0.0011962505523115396, -0.001113631995394826, -0.0010310133220627904, -0.0009483947651460767, -0.000865776208229363, -0.0007831575931049883, -0.0007005389779806137, -0.0006179204210639, -0.0005353018059395254, -0.00045268324902281165, -0.0003700646630022675, -0.0002874460769817233, -0.0002048275200650096, -0.00012220890494063497, -3.959034802392125e-05, 4.3028230720665306e-05, 0.00012564680946525186, 0.0002082653809338808, 0.000290883966954425, 0.00037350255297496915, 0.00045612110989168286, 0.0005387397250160575, 0.0006213582819327712]}, "gradients/mass_u.weight": {"_type": "histogram", "values": [1.0, 0.0, 0.0, 0.0, 0.0, 0.0, 0.0, 1.0, 0.0, 0.0, 0.0, 0.0, 0.0, 0.0, 0.0, 0.0, 0.0, 1.0, 0.0, 0.0, 0.0, 0.0, 0.0, 0.0, 0.0, 0.0, 0.0, 0.0, 1.0, 1.0, 0.0, 0.0, 0.0, 2.0, 0.0, 0.0, 0.0, 0.0, 0.0, 1.0, 0.0, 0.0, 0.0, 0.0, 1.0, 0.0, 0.0, 4.0, 0.0, 2.0, 3.0, 1.0, 2.0, 4.0, 6.0, 6.0, 3.0, 14.0, 15.0, 37.0, 55.0, 138.0, 153.0, 5089.0], "bins": [-0.02243867516517639, -0.022088071331381798, -0.021737467497587204, -0.02138686180114746, -0.021036257967352867, -0.020685654133558273, -0.02033504843711853, -0.019984444603323936, -0.019633840769529343, -0.01928323693573475, -0.018932633101940155, -0.018582027405500412, -0.018231423571705818, -0.017880819737911224, -0.01753021404147148, -0.017179610207676888, -0.016829006373882294, -0.0164784025400877, -0.016127798706293106, -0.015777193009853363, -0.01542658917605877, -0.015075985342264175, -0.014725380577147007, -0.014374775812029839, -0.014024171978235245, -0.013673568144440651, -0.013322963379323483, -0.012972358614206314, -0.01262175478041172, -0.012271150946617126, -0.011920546181499958, -0.01156994141638279, -0.011219337582588196, -0.010868733748793602, -0.010518128983676434, -0.010167524218559265, -0.009816920384764671, -0.009466316550970078, -0.009115711785852909, -0.00876510702073574, -0.008414503186941147, -0.008063899353146553, -0.007713294588029385, -0.0073626902885735035, -0.007012085989117622, -0.006661481689661741, -0.00631087739020586, -0.005960273090749979, -0.005609668791294098, -0.005259064491838217, -0.004908460192382336, -0.0045578558929264545, -0.004207251593470573, -0.0038566472940146923, -0.003506042994558811, -0.00315543869510293, -0.002804834395647049, -0.002454230096191168, -0.0021036257967352867, -0.0017530214972794056, -0.0014024171978235245, -0.0010518128983676434, -0.0007012085989117622, -0.0003506042994558811, 0.0]}, "gradients/embedding_user.weight": {"_type": "histogram", "values": [1.0, 0.0, 0.0, 0.0, 0.0, 0.0, 0.0, 0.0, 1.0, 0.0, 0.0, 2.0, 0.0, 1.0, 0.0, 1.0, 2.0, 3.0, 2.0, 2.0, 2.0, 5.0, 6.0, 8.0, 12.0, 15.0, 18.0, 44.0, 70.0, 128.0, 220.0, 425.0, 1030.0, 2940.0, 10024.0, 55478.0, 172137.0, 89326.0, 15884.0, 4110.0, 1513.0, 581.0, 239.0, 141.0, 90.0, 61.0, 35.0, 17.0, 21.0, 9.0, 6.0, 4.0, 3.0, 1.0, 2.0, 1.0, 0.0, 0.0, 2.0, 0.0, 0.0, 0.0, 0.0, 1.0], "bins": [-0.0015626729000359774, -0.001520035439170897, -0.0014773979783058167, -0.0014347605174407363, -0.001392123056575656, -0.0013494855957105756, -0.0013068481348454952, -0.0012642106739804149, -0.0012215732131153345, -0.0011789357522502542, -0.0011362982913851738, -0.0010936608305200934, -0.001051023369655013, -0.0010083859087899327, -0.0009657484479248524, -0.000923110987059772, -0.0008804734679870307, -0.0008378360071219504, -0.00079519854625687, -0.0007525610853917897, -0.0007099236245267093, -0.000667286163661629, -0.0006246486445888877, -0.0005820111837238073, -0.000539373722858727, -0.0004967362619936466, -0.00045409880112856627, -0.0004114613402634859, -0.00036882387939840555, -0.0003261864185333252, -0.0002835489285644144, -0.00024091146769933403, -0.00019827403593808413, -0.00015563657507300377, -0.0001129991069319658, -7.036163879092783e-05, -2.772417792584747e-05, 1.4913282939232886e-05, 5.755075835622847e-05, 0.00010018821922130883, 0.00014282568008638918, 0.00018546314095146954, 0.0002281006018165499, 0.0002707380917854607, 0.00031337555265054107, 0.0003560130135156214, 0.0003986504743807018, 0.00044128793524578214, 0.0004839253961108625, 0.0005265628569759429, 0.0005692003178410232, 0.0006118377787061036, 0.0006544752395711839, 0.0006971127004362643, 0.0007397502195090055, 0.0007823876803740859, 0.0008250251412391663, 0.0008676626021042466, 0.000910300062969327, 0.0009529375238344073, 0.0009955749846994877, 0.001038212445564568, 0.0010808499064296484, 0.0011234873672947288, 0.0011661248281598091]}, "gradients/embedding_item.weight": {"_type": "histogram", "values": [1.0, 0.0, 2.0, 3.0, 6.0, 2.0, 3.0, 11.0, 8.0, 11.0, 23.0, 29.0, 41.0, 54.0, 61.0, 103.0, 127.0, 162.0, 283.0, 370.0, 493.0, 689.0, 976.0, 1316.0, 1955.0, 3000.0, 4282.0, 6334.0, 9234.0, 13357.0, 18752.0, 26687.0, 50841.0, 27051.0, 18865.0, 13319.0, 9350.0, 6380.0, 4411.0, 2893.0, 2015.0, 1442.0, 996.0, 682.0, 496.0, 344.0, 264.0, 184.0, 129.0, 95.0, 54.0, 50.0, 26.0, 25.0, 15.0, 19.0, 6.0, 12.0, 4.0, 5.0, 2.0, 0.0, 0.0, 2.0],