{"TOTAL_BEST_METRIC": 0.309963968746201, "BEST_NDCG@10": 0.03606761967827349, "_timestamp": 1688360632.4240184, "_runtime": 1169.097065448761, "_step": 1109, "epoch": 1000, "Train_Metric_loss": -1.769208243915013, "Train_Reg_loss": 0.0022416995572192328, "Pos_loss": -2.5858983993530273, "Neg_loss": 1.6275241374969482, "Recall@5": 0.035221681661827986, "Recall@10": 0.056994093893688584, "Recall@20": 0.09235373944414517, "NDCG@5": 0.025302244111622147, "NDCG@10": 0.03294482920917925, "NDCG@20": 0.042804506420871344, "Recall@5_total_best": 0.03871606191906791, "Recall@10_total_best": 0.06339487391355439, "Recall@20_total_best": 0.09839971183005261, "ndcg@5_total_best": 0.027510700361432484, "ndcg@10_total_best": 0.03606761967827349, "ndcg@20_total_best": 0.045875001043820134, "EPOCH_ndcg_best": 60, "Recall@5_ndcg_best": 0.03871606191906791, "Recall@10_ndcg_best": 0.06339487391355439, "Recall@20_ndcg_best": 0.09839971183005261, "ndcg@5_ndcg_best": 0.027510700361432484, "ndcg@10_ndcg_best": 0.03606761967827349, "ndcg@20_ndcg_best": 0.045875001043820134, "gradients/mass_i.weight": {"_type": "histogram", "values": [1.0, 0.0, 0.0, 0.0, 0.0, 0.0, 0.0, 0.0, 0.0, 0.0, 0.0, 0.0, 0.0, 0.0, 0.0, 0.0, 0.0, 0.0, 0.0, 0.0, 0.0, 0.0, 1.0, 1.0, 1.0, 1.0, 1.0, 4.0, 1.0, 4.0, 6.0, 6.0, 24.0, 47.0, 60.0, 102.0, 190.0, 257.0, 106.0, 7560.0, 180.0, 73.0, 38.0, 19.0, 10.0, 6.0, 4.0, 4.0, 1.0, 1.0, 1.0, 1.0, 0.0, 0.0, 0.0, 0.0, 0.0, 0.0, 0.0, 0.0, 1.0, 0.0, 0.0, 1.0], "bins": [-0.0001039009730448015, -0.00010123954416485503, -9.857811528490856e-05, -9.591668640496209e-05, -9.325525752501562e-05, -9.059382864506915e-05, -8.793239976512268e-05, -8.527097088517621e-05, -8.260954200522974e-05, -7.994811312528327e-05, -7.72866842453368e-05, -7.462525536539033e-05, -7.196382648544386e-05, -6.930239760549739e-05, -6.664096872555092e-05, -6.397953984560445e-05, -6.13181182416156e-05, -5.865668936166912e-05, -5.599526048172265e-05, -5.333383160177618e-05, -5.067240272182971e-05, -4.801097384188324e-05, -4.534954496193677e-05, -4.26881160819903e-05, -4.002668720204383e-05, -3.736525832209736e-05, -3.470382944215089e-05, -3.204240056220442e-05, -2.938097168225795e-05, -2.671954280231148e-05, -2.4058115741354413e-05, -2.1396686861407943e-05, -1.873525616247207e-05, -1.60738272825256e-05, -1.3412398402579129e-05, -1.075097043212736e-05, -8.08954155218089e-06, -5.42811267223442e-06, -2.7666847017826512e-06, -1.0525582183618098e-07, 2.5561730581102893e-06, 5.2176019380567595e-06, 7.87903081800323e-06, 1.0540458788454998e-05, 1.3201887668401469e-05, 1.5863315638853237e-05, 1.8524744518799707e-05, 2.1186173398746178e-05, 2.3847602278692648e-05, 2.6509031158639118e-05, 2.917046003858559e-05, 3.183188891853206e-05, 3.449331779847853e-05, 3.7154746678425e-05, 3.981617192039266e-05, 4.247760080033913e-05, 4.51390296802856e-05, 4.780045856023207e-05, 5.046188744017854e-05, 5.3123316320125014e-05, 5.5784745200071484e-05, 5.8446174080017954e-05, 6.110760295996442e-05, 6.37690318399109e-05, 6.643046071985736e-05]}, "gradients/mass_u.weight": {"_type": "histogram", "values": [1.0, 0.0, 0.0, 0.0, 0.0, 0.0, 0.0, 0.0, 0.0, 0.0, 0.0, 1.0, 0.0, 0.0, 0.0, 0.0, 0.0, 0.0, 0.0, 0.0, 0.0, 0.0, 0.0, 0.0, 0.0, 0.0, 0.0, 0.0, 0.0, 0.0, 1.0, 0.0, 0.0, 1.0, 1.0, 1.0, 1.0, 0.0, 3.0, 0.0, 0.0, 0.0, 2.0, 2.0, 1.0, 2.0, 0.0, 2.0, 4.0, 3.0, 4.0, 2.0, 4.0, 7.0, 15.0, 9.0, 16.0, 17.0, 50.0, 116.0, 89.0, 93.0, 45.0, 14188.0], "bins": [-0.00021146080689504743, -0.00020815673633478582, -0.00020485265122260898, -0.00020154858066234738, -0.00019824451010208577, -0.00019494042498990893, -0.00019163635442964733, -0.00018833228386938572, -0.0001850282133091241, -0.0001817241427488625, -0.00017842005763668567, -0.00017511598707642406, -0.00017181191651616246, -0.00016850783140398562, -0.000165203760843724, -0.0001618996902834624, -0.00015859560517128557, -0.00015529153461102396, -0.00015198744949884713, -0.00014868337893858552, -0.0001453793083783239, -0.0001420752378180623, -0.00013877115270588547, -0.00013546708214562386, -0.00013216299703344703, -0.00012885892647318542, -0.00012555484136100858, -0.00012225077080074698, -0.00011894670024048537, -0.00011564262240426615, -0.00011233854456804693, -0.00010903447400778532, -0.00010573040344752371, -0.00010242632561130449, -9.912225505104288e-05, -9.581817721482366e-05, -9.251410665456206e-05, -8.921002881834283e-05, -8.590595098212361e-05, -8.2601880421862e-05, -7.929780258564278e-05, -7.599372474942356e-05, -7.268965418916196e-05, -6.938557635294273e-05, -6.608149851672351e-05, -6.27774279564619e-05, -5.9473350120242685e-05, -5.616927592200227e-05, -5.2865201723761857e-05, -4.956112752552144e-05, -4.625705332728103e-05, -4.295297549106181e-05, -3.964890129282139e-05, -3.634482709458098e-05, -3.304074925836176e-05, -2.9736675060121343e-05, -2.6432600861880928e-05, -2.3128526663640514e-05, -1.9824450646410696e-05, -1.652037462918088e-05, -1.3216300430940464e-05, -9.91222623270005e-06, -6.608150215470232e-06, -3.3040741982404143e-06, 0.0]}, "gradients/embedding_user.weight": {"_type": "histogram", "values": [1.0, 0.0, 0.0, 1.0, 0.0, 0.0, 0.0, 0.0, 0.0, 0.0, 1.0, 0.0, 0.0, 0.0, 0.0, 0.0, 1.0, 0.0, 1.0, 0.0, 0.0, 2.0, 0.0, 2.0, 3.0, 2.0, 0.0, 5.0, 1.0, 4.0, 6.0, 17.0, 31.0, 41.0, 86.0, 155.0, 471.0, 1741.0, 14938.0, 872516.0, 45896.0, 2653.0, 565.0, 220.0, 85.0, 54.0, 17.0, 11.0, 18.0, 9.0, 9.0, 3.0, 1.0, 3.0, 4.0, 2.0, 1.0, 2.0, 3.0, 0.0, 1.0, 0.0, 0.0, 1.0], "bins": [-0.0011184916365891695, -0.0010902570793405175, -0.0010620224056765437, -0.0010337878484278917, -0.001005553174763918, -0.000977318617515266, -0.000949084060266614, -0.0009208494448103011, -0.0008926148293539882, -0.0008643802138976753, -0.0008361455984413624, -0.0008079110411927104, -0.0007796764257363975, -0.0007514418102800846, -0.0007232072530314326, -0.0006949726375751197, -0.0006667380221188068, -0.0006385034066624939, -0.000610268791206181, -0.0005820342339575291, -0.0005537996185012162, -0.0005255650030449033, -0.0004973304457962513, -0.0004690958303399384, -0.0004408612148836255, -0.0004126265994273126, -0.0003843920130748302, -0.00035615742672234774, -0.00032792281126603484, -0.00029968819580972195, -0.0002714536094572395, -0.00024321900855284184, -0.0002149844658561051, -0.00018674986495170742, -0.00015851526404730976, -0.0001302806631429121, -0.00010204606223851442, -7.381146133411676e-05, -4.557686042971909e-05, -1.7342259525321424e-05, 1.0892341379076242e-05, 3.912694228347391e-05, 6.736154318787158e-05, 9.559614409226924e-05, 0.0001238307449966669, 0.00015206534590106457, 0.00018029994680546224, 0.0002085345477098599, 0.00023676914861425757, 0.00026500376407057047, 0.0002932383504230529, 0.00032147293677553535, 0.00034970755223184824, 0.00037794216768816113, 0.00040617675404064357, 0.000434411340393126, 0.0004626459558494389, 0.0004908805713057518, 0.0005191151285544038, 0.0005473497440107167, 0.0005755843594670296, 0.0006038189749233425, 0.0006320535903796554, 0.0006602881476283073, 0.0006885227630846202]}, "gradients/embedding_item.weight": {"_type": "histogram", "values": [1.0, 0.0, 0.0, 0.0, 0.0, 0.0, 0.0, 0.0, 1.0, 3.0, 1.0, 5.0, 10.0, 4.0, 8.0, 8.0, 19.0, 16.0, 24.0, 56.0, 83.0, 115.0, 174.0, 345.0, 601.0, 1051.0, 2161.0, 4696.0, 10192.0, 22419.0, 48506.0, 258949.0, 130683.0, 41622.0, 18875.0, 8823.0, 3973.0, 1917.0, 951.0, 538.0, 293.0, 150.0, 124.0, 79.0, 56.0, 30.0, 22.0, 17.0, 6.0, 7.0, 4.0, 6.0, 2.0, 1.0, 1.0, 0.0, 1.0, 0.0, 0.0, 1.0, 0.0, 0.0, 1.0, 1.0],