{"TOTAL_BEST_METRIC": 1.0899299839211203, "BEST_NDCG@10": 0.1398747164792803, "_timestamp": 1688375189.2652738, "_runtime": 792.8721199035645, "_step": 1227, "epoch": 1000, "Train_Metric_loss": 2.5127567291259765, "Train_Reg_loss": 3.5691229277290405e-05, "Pos_loss": 8.641443252563477, "Neg_loss": 0.15588876605033875, "Recall@5": 0.1510775640970283, "Recall@10": 0.22095141583997227, "Recall@20": 0.3000782287753036, "NDCG@5": 0.11421721298579696, "NDCG@10": 0.13914193581157622, "NDCG@20": 0.1615039451037568, "Recall@5_total_best": 0.15362396581983806, "Recall@10_total_best": 0.22182509119068772, "Recall@20_total_best": 0.2975994405898204, "ndcg@5_total_best": 0.11560043382180037, "ndcg@10_total_best": 0.1398747164792803, "ndcg@20_total_best": 0.16140633601969354, "EPOCH_ndcg_best": 950, "Recall@5_ndcg_best": 0.15362396581983806, "Recall@10_ndcg_best": 0.22182509119068772, "Recall@20_ndcg_best": 0.2975994405898204, "ndcg@5_ndcg_best": 0.11560043382180037, "ndcg@10_ndcg_best": 0.1398747164792803, "ndcg@20_ndcg_best": 0.16140633601969354, "gradients/mass_i.weight": {"_type": "histogram", "values": [1.0, 0.0, 0.0, 0.0, 0.0, 0.0, 0.0, 0.0, 0.0, 1.0, 0.0, 0.0, 0.0, 1.0, 0.0, 1.0, 0.0, 0.0, 1.0, 1.0, 0.0, 1.0, 0.0, 0.0, 2.0, 1.0, 0.0, 2.0, 3.0, 2.0, 5.0, 3.0, 4.0, 5.0, 9.0, 7.0, 7.0, 11.0, 9.0, 9.0, 17.0, 13.0, 18.0, 22.0, 21.0, 37.0, 50.0, 45.0, 100.0, 112.0, 81.0, 224.0, 171.0, 54.0, 2192.0, 162.0, 51.0, 55.0, 27.0, 13.0, 9.0, 2.0, 5.0, 1.0], "bins": [-0.0015845466405153275, -0.001555548282340169, -0.0015265498077496886, -0.0014975514495745301, -0.0014685530913993716, -0.0014395546168088913, -0.0014105562586337328, -0.0013815579004585743, -0.001352559425868094, -0.0013235610676929355, -0.0012945625931024551, -0.0012655642349272966, -0.0012365658767521381, -0.0012075674021616578, -0.0011785690439864993, -0.0011495706858113408, -0.0011205722112208605, -0.001091573853045702, -0.0010625753784552217, -0.0010335770202800632, -0.0010045786621049047, -0.0009755801875144243, -0.0009465818293392658, -0.0009175834129564464, -0.0008885851129889488, -0.0008595866966061294, -0.0008305883384309709, -0.0008015899220481515, -0.0007725915056653321, -0.0007435930892825127, -0.0007145947311073542, -0.0006855963147245347, -0.0006565978983417153, -0.0006275994819588959, -0.0005986011237837374, -0.000569602707400918, -0.0005406042910180986, -0.0005116058746352792, -0.0004826075164601207, -0.00045360910007730126, -0.00042461074190214276, -0.0003956123546231538, -0.0003666139382403344, -0.00033761555096134543, -0.000308617134578526, -0.00027961874729953706, -0.0002506203600205481, -0.00022162195818964392, -0.00019262355635873973, -0.00016362515452783555, -0.00013462675269693136, -0.0001056283654179424, -7.662996358703822e-05, -4.763156175613403e-05, -1.8633174477145076e-05, 1.036522735375911e-05, 3.9363629184663296e-05, 6.836203101556748e-05, 9.736042557051405e-05, 0.00012635882012546062, 0.0001553572219563648, 0.000184355623787269, 0.00021335401106625795, 0.00024235241289716214, 0.0002713508147280663]}, "gradients/mass_u.weight": {"_type": "histogram", "values": [1.0, 0.0, 0.0, 0.0, 0.0, 0.0, 0.0, 1.0, 1.0, 1.0, 1.0, 0.0, 1.0, 0.0, 0.0, 1.0, 0.0, 0.0, 1.0, 2.0, 0.0, 0.0, 0.0, 0.0, 0.0, 0.0, 0.0, 1.0, 0.0, 1.0, 1.0, 0.0, 0.0, 0.0, 0.0, 0.0, 1.0, 0.0, 2.0, 0.0, 1.0, 1.0, 2.0, 1.0, 3.0, 1.0, 3.0, 1.0, 4.0, 1.0, 0.0, 10.0, 10.0, 4.0, 4.0, 19.0, 26.0, 27.0, 31.0, 109.0, 92.0, 70.0, 42.0, 5063.0], "bins": [-0.004098384641110897, -0.004034347366541624, -0.003970310091972351, -0.003906272817403078, -0.003842235542833805, -0.003778198268264532, -0.003714160993695259, -0.003650123719125986, -0.003586086444556713, -0.00352204916998744, -0.003458011895418167, -0.003393974620848894, -0.003329937346279621, -0.003265900071710348, -0.003201862797141075, -0.003137825522571802, -0.003073788480833173, -0.0030097512062639, -0.002945713931694627, -0.002881676657125354, -0.002817639382556081, -0.002753602107986808, -0.002689564833417535, -0.0026255277916789055, -0.0025614905171096325, -0.0024974532425403595, -0.0024334159679710865, -0.0023693786934018135, -0.0023053414188325405, -0.0022413041442632675, -0.0021772668696939945, -0.0021132295951247215, -0.0020491923205554485, -0.0019851550459861755, -0.0019211177714169025, -0.0018570804968476295, -0.0017930432222783566, -0.0017290059477090836, -0.0016649687895551324, -0.0016009315149858594, -0.0015368942404165864, -0.0014728569658473134, -0.0014088196912780404, -0.0013447824167087674, -0.0012807452585548162, -0.0012167079839855433, -0.0011526707094162703, -0.0010886334348469973, -0.0010245961602777243, -0.0009605588857084513, -0.0008965216111391783, -0.0008324843947775662, -0.0007684471202082932, -0.0007044098456390202, -0.0006403726292774081, -0.0005763353547081351, -0.0005122980801388621, -0.00044826080556958914, -0.0003842235601041466, -0.00032018631463870406, -0.00025614904006943107, -0.00019211176550015807, -0.00012807452003471553, -6.4037274569273e-05, 0.0]}, "gradients/embedding_user.weight": {"_type": "histogram", "values": [1.0, 0.0, 0.0, 0.0, 0.0, 0.0, 0.0, 0.0, 0.0, 0.0, 0.0, 0.0, 0.0, 0.0, 0.0, 0.0, 0.0, 0.0, 2.0, 0.0, 2.0, 1.0, 2.0, 3.0, 1.0, 1.0, 4.0, 5.0, 4.0, 8.0, 9.0, 30.0, 19.0, 54.0, 91.0, 210.0, 460.0, 1146.0, 4076.0, 69504.0, 257691.0, 17511.0, 2326.0, 771.0, 356.0, 144.0, 79.0, 44.0, 29.0, 13.0, 4.0, 11.0, 5.0, 0.0, 1.0, 1.0, 1.0, 1.0, 1.0, 0.0, 0.0, 0.0, 1.0, 1.0], "bins": [-0.00048346593393944204, -0.00047146982979029417, -0.00045947369653731585, -0.0004474775632843375, -0.00043548145913518965, -0.0004234853549860418, -0.00041148922173306346, -0.00039949308848008513, -0.00038749698433093727, -0.0003755008801817894, -0.0003635047469288111, -0.00035150861367583275, -0.0003395125095266849, -0.000327516405377537, -0.0003155202721245587, -0.00030352413887158036, -0.0002915280347224325, -0.0002795319305732846, -0.0002675357973203063, -0.000255539664067328, -0.0002435435599181801, -0.000231547441217117, -0.00021955132251605392, -0.00020755520381499082, -0.00019555908511392772, -0.00018356296641286463, -0.00017156684771180153, -0.00015957072901073843, -0.00014757461030967534, -0.00013557849160861224, -0.00012358237290754914, -0.00011158625420648605, -9.959010640159249e-05, -8.75939877005294e-05, -7.55978689994663e-05, -6.36017502984032e-05, -5.160563159734011e-05, -3.960951289627701e-05, -2.7613394195213914e-05, -1.5617275494150817e-05, -3.621156793087721e-06, 8.374961907975376e-06, 2.0371080609038472e-05, 3.236719931010157e-05, 4.4363318011164665e-05, 5.635943671222776e-05, 6.835555541329086e-05, 8.035167411435395e-05, 9.234779281541705e-05, 0.00010434391151648015, 0.00011634003021754324, 0.00012833614891860634, 0.00014033226761966944, 0.00015232838632073253, 0.00016432450502179563, 0.00017632062372285873, 0.00018831674242392182, 0.00020031286112498492, 0.00021230897982604802, 0.0002243050985271111, 0.0002363012172281742, 0.00024829735048115253, 0.0002602934546303004, 0.00027228955877944827, 0.0002842856920324266]}, "gradients/embedding_item.weight": {"_type": "histogram", "values": [1.0, 0.0, 0.0, 0.0, 0.0, 2.0, 1.0, 1.0, 0.0, 1.0, 2.0, 3.0, 3.0, 3.0, 7.0, 6.0, 13.0, 19.0, 16.0, 27.0, 44.0, 57.0, 104.0, 126.0, 208.0, 283.0, 418.0, 648.0, 999.0, 1651.0, 2844.0, 5098.0, 9103.0, 18293.0, 37822.0, 73126.0, 37679.0, 18058.0, 9229.0, 4983.0, 2705.0, 1671.0, 1007.0, 653.0, 450.0, 294.0, 206.0, 139.0, 96.0, 81.0, 42.0, 40.0, 26.0, 19.0, 12.0, 8.0, 5.0, 5.0, 3.0, 5.0, 0.0, 1.0, 4.0, 2.0],