{"TOTAL_BEST_METRIC": 0.17531201526692944, "BEST_NDCG@10": 0.019352502723613677, "_timestamp": 1688508521.3606088, "_runtime": 1594.9795808792114, "_step": 1262, "epoch": 1000, "Train_Metric_loss": 6.518198422023228, "Train_Reg_loss": 2.537756261387715e-06, "Pos_loss": 8.076130867004395, "Neg_loss": 1.2633895874023438, "Recall@5": 0.020431356319535302, "Recall@10": 0.03451082867829495, "Recall@20": 0.060288695412264906, "NDCG@5": 0.014227577743834582, "NDCG@10": 0.019213270170628603, "NDCG@20": 0.02661378121629661, "Recall@5_total_best": 0.020374465731514187, "Recall@10_total_best": 0.03497050462950557, "Recall@20_total_best": 0.06001995511075563, "ndcg@5_total_best": 0.014166488655080852, "ndcg@10_total_best": 0.019294944546241196, "ndcg@20_total_best": 0.026485656593831997, "EPOCH_ndcg_best": 950, "Recall@5_ndcg_best": 0.019549389660670775, "Recall@10_ndcg_best": 0.03574980224796211, "Recall@20_ndcg_best": 0.05954397052431227, "ndcg@5_ndcg_best": 0.013709730858107378, "ndcg@10_ndcg_best": 0.019352502723613677, "ndcg@20_ndcg_best": 0.026127765632783077, "gradients/mass_i.weight": {"_type": "histogram", "values": [1.0, 0.0, 0.0, 0.0, 0.0, 0.0, 0.0, 0.0, 0.0, 0.0, 0.0, 1.0, 3.0, 1.0, 0.0, 1.0, 1.0, 0.0, 1.0, 1.0, 2.0, 1.0, 0.0, 1.0, 1.0, 0.0, 1.0, 3.0, 1.0, 2.0, 3.0, 2.0, 5.0, 11.0, 10.0, 11.0, 16.0, 43.0, 34.0, 164.0, 68.0, 766.0, 236.0, 6596.0, 398.0, 82.0, 108.0, 53.0, 21.0, 21.0, 19.0, 11.0, 2.0, 1.0, 5.0, 2.0, 1.0, 1.0, 0.0, 0.0, 0.0, 0.0, 0.0, 1.0], "bins": [-0.0011341951321810484, -0.0011079191463068128, -0.0010816430440172553, -0.0010553670581430197, -0.0010290909558534622, -0.0010028149699792266, -0.000976538984104991, -0.0009502629400230944, -0.0009239868959411979, -0.0008977108518593013, -0.0008714348077774048, -0.0008451588219031692, -0.0008188827778212726, -0.0007926067337393761, -0.0007663307478651404, -0.0007400547037832439, -0.0007137786597013474, -0.0006875026156194508, -0.0006612265715375543, -0.0006349505856633186, -0.0006086745415814221, -0.0005823984974995255, -0.0005561225116252899, -0.0005298464675433934, -0.0005035704234614968, -0.0004772943793796003, -0.0004510183644015342, -0.0004247423494234681, -0.00039846630534157157, -0.000372190261259675, -0.00034591424628160894, -0.00031963823130354285, -0.0002933622454293072, -0.0002670862013474107, -0.0002408101863693446, -0.00021453415683936328, -0.00018825812730938196, -0.00016198209777940065, -0.00013570606824941933, -0.00010943003871943802, -8.31540091894567e-05, -5.6877979659475386e-05, -3.060195012949407e-05, -4.325920599512756e-06, 2.195010893046856e-05, 4.8226138460449874e-05, 7.450216799043119e-05, 0.0001007781975204125, 0.00012705422705039382, 0.00015333025658037513, 0.00017960628611035645, 0.00020588231564033777, 0.00023215834517031908, 0.0002584343892522156, 0.0002847104042302817, 0.0003109864192083478, 0.00033726246329024434, 0.0003635385073721409, 0.00038981452235020697, 0.00041609053732827306, 0.0004423665814101696, 0.00046864262549206614, 0.0004949186695739627, 0.0005211946554481983, 0.0005474706995300949]}, "gradients/mass_u.weight": {"_type": "histogram", "values": [1.0, 0.0, 0.0, 0.0, 0.0, 1.0, 0.0, 0.0, 0.0, 0.0, 0.0, 0.0, 0.0, 0.0, 0.0, 0.0, 0.0, 1.0, 0.0, 0.0, 0.0, 0.0, 0.0, 0.0, 1.0, 0.0, 0.0, 0.0, 0.0, 0.0, 0.0, 0.0, 1.0, 1.0, 0.0, 0.0, 1.0, 2.0, 1.0, 0.0, 0.0, 3.0, 2.0, 2.0, 0.0, 2.0, 6.0, 1.0, 1.0, 4.0, 3.0, 4.0, 9.0, 7.0, 8.0, 16.0, 9.0, 15.0, 46.0, 56.0, 88.0, 170.0, 40.0, 14179.0], "bins": [-0.0011155377142131329, -0.001098107430152595, -0.0010806771460920572, -0.0010632468620315194, -0.0010458165779709816, -0.0010283862939104438, -0.001010956009849906, -0.0009935257257893682, -0.0009760954999364913, -0.0009586652158759534, -0.0009412349318154156, -0.0009238046477548778, -0.0009063744219020009, -0.0008889441378414631, -0.0008715138537809253, -0.0008540835697203875, -0.0008366532856598496, -0.0008192230015993118, -0.000801792717538774, -0.0007843624334782362, -0.0007669321494176984, -0.0007495019235648215, -0.0007320716395042837, -0.0007146413554437459, -0.000697211071383208, -0.0006797807873226702, -0.0006623505032621324, -0.0006449202192015946, -0.0006274899933487177, -0.0006100597092881799, -0.0005926294252276421, -0.0005751991411671042, -0.0005577688571065664, -0.0005403385730460286, -0.0005229082889854908, -0.000505478004924953, -0.0004880477499682456, -0.0004706174659077078, -0.00045318721095100045, -0.00043575692689046264, -0.0004183266428299248, -0.000400896358769387, -0.0003834660747088492, -0.00036603581975214183, -0.000348605535691604, -0.0003311752516310662, -0.00031374499667435884, -0.00029631471261382103, -0.0002788844285532832, -0.0002614541444927454, -0.0002440238749841228, -0.00022659360547550023, -0.0002091633214149624, -0.0001917330373544246, -0.000174302767845802, -0.00015687249833717942, -0.0001394422142766416, -0.0001220119374920614, -0.0001045816607074812, -8.7151383922901e-05, -6.97211071383208e-05, -5.22908303537406e-05, -3.48605535691604e-05, -1.74302767845802e-05, 0.0]}, "gradients/embedding_user.weight": {"_type": "histogram", "values": [1.0, 0.0, 0.0, 0.0, 1.0, 0.0, 0.0, 0.0, 1.0, 0.0, 1.0, 0.0, 4.0, 3.0, 3.0, 3.0, 6.0, 2.0, 8.0, 10.0, 7.0, 11.0, 11.0, 18.0, 25.0, 22.0, 51.0, 94.0, 160.0, 254.0, 476.0, 971.0, 2055.0, 4066.0, 7624.0, 118507.0, 771158.0, 21607.0, 6096.0, 3125.0, 1555.0, 735.0, 391.0, 200.0, 114.0, 59.0, 38.0, 23.0, 20.0, 18.0, 7.0, 11.0, 5.0, 10.0, 4.0, 4.0, 3.0, 2.0, 0.0, 3.0, 0.0, 0.0, 0.0, 1.0], "bins": [-0.00043042466859333217, -0.00041857329779304564, -0.00040672189788892865, -0.0003948705270886421, -0.0003830191562883556, -0.00037116778548806906, -0.00035931638558395207, -0.00034746501478366554, -0.00033561361487954855, -0.000323762244079262, -0.00031191084417514503, -0.0003000594733748585, -0.00028820810257457197, -0.000276356702670455, -0.00026450533187016845, -0.0002526539610698819, -0.00024080259026959538, -0.00022895120491739362, -0.0002170998341171071, -0.00020524844876490533, -0.0001933970779646188, -0.00018154569261241704, -0.00016969430726021528, -0.00015784293645992875, -0.000145991551107727, -0.00013414016575552523, -0.0001222887949552387, -0.00011043740960303694, -9.85860315267928e-05, -8.673465345054865e-05, -7.488326809834689e-05, -6.303189002210274e-05, -5.11805119458586e-05, -3.932913386961445e-05, -2.74777521553915e-05, -1.5626370441168547e-05, -3.774992364924401e-06, 8.076385711319745e-06, 1.9927771063521504e-05, 3.177914913976565e-05, 4.3630527216009796e-05, 5.548190529225394e-05, 6.733328336849809e-05, 7.918466872069985e-05, 9.103604679694399e-05, 0.00010288742487318814, 0.0001147388102253899, 0.00012659019557759166, 0.0001384415663778782, 0.00015029295173007995, 0.00016214432253036648, 0.00017399570788256824, 0.00018584707868285477, 0.00019769846403505653, 0.0002095498493872583, 0.00022140122018754482, 0.00023325260553974658, 0.00024510399089194834, 0.0002569553616922349, 0.00026880676159635186, 0.0002806581323966384, 0.0002925095031969249, 0.00030436087399721146, 0.00031621227390132844, 0.000328063644701615]}, "gradients/embedding_item.weight": {"_type": "histogram", "values": [2.0, 1.0, 1.0, 2.0, 3.0, 2.0, 7.0, 12.0, 10.0, 18.0, 30.0, 35.0, 74.0, 80.0, 146.0, 171.0, 289.0, 395.0, 566.0, 885.0, 1346.0, 2143.0, 3432.0, 5267.0, 8222.0, 12604.0, 20396.0, 32764.0, 50142.0, 66060.0, 71497.0, 71629.0, 66638.0, 51647.0, 33558.0, 21096.0, 13186.0, 8223.0, 5401.0, 3501.0, 2160.0, 1383.0, 832.0, 529.0, 372.0, 246.0, 176.0, 125.0, 89.0, 73.0, 50.0, 33.0, 27.0, 20.0, 12.0, 6.0, 8.0, 3.0, 1.0, 3.0, 1.0, 1.0, 0.0, 1.0],