{"TOTAL_BEST_METRIC": 1.0343811622287635, "BEST_NDCG@10": 0.13102717193718771, "_timestamp": 1688337119.7627091, "_runtime": 491.8876430988312, "_step": 1119, "epoch": 1000, "Train_Metric_loss": NaN, "Train_Reg_loss": NaN, "Pos_loss": NaN, "Neg_loss": NaN, "Recall@5": 0.0007852166725705515, "Recall@10": 0.003778486243948518, "Recall@20": 0.005806892363746774, "NDCG@5": 0.000556356529533085, "NDCG@10": 0.0016257618776651963, "NDCG@20": 0.002209725865082795, "Recall@5_total_best": 0.14220264455876067, "Recall@10_total_best": 0.20862056032227747, "Recall@20_total_best": 0.29080176138946207, "ndcg@5_total_best": 0.10728933457424061, "ndcg@10_total_best": 0.13102717193718771, "ndcg@20_total_best": 0.154439689446835, "EPOCH_ndcg_best": 220, "Recall@5_ndcg_best": 0.14220264455876067, "Recall@10_ndcg_best": 0.20862056032227747, "Recall@20_ndcg_best": 0.29080176138946207, "ndcg@5_ndcg_best": 0.10728933457424061, "ndcg@10_ndcg_best": 0.13102717193718771, "ndcg@20_ndcg_best": 0.154439689446835, "gradients/mass_i.weight": {"_type": "histogram", "values": [1.0, 0.0, 0.0, 0.0, 0.0, 0.0, 0.0, 0.0, 0.0, 0.0, 0.0, 0.0, 0.0, 1.0, 0.0, 0.0, 1.0, 0.0, 1.0, 0.0, 0.0, 0.0, 0.0, 3.0, 0.0, 2.0, 1.0, 3.0, 2.0, 6.0, 3.0, 7.0, 3.0, 7.0, 13.0, 7.0, 7.0, 19.0, 9.0, 7.0, 16.0, 9.0, 10.0, 11.0, 7.0, 12.0, 3376.0, 0.0, 2.0, 3.0, 3.0, 6.0, 2.0, 2.0, 0.0, 1.0, 0.0, 1.0, 2.0, 0.0, 0.0, 0.0, 0.0, 2.0], "bins": [-5.052444612374529e-05, -4.944303509546444e-05, -4.8361624067183584e-05, -4.728021303890273e-05, -4.6198802010621876e-05, -4.511739098234102e-05, -4.403597995406017e-05, -4.295456892577931e-05, -4.187315789749846e-05, -4.0791746869217604e-05, -3.971033584093675e-05, -3.8628924812655896e-05, -3.754751378437504e-05, -3.646610275609419e-05, -3.538469172781333e-05, -3.430328069953248e-05, -3.322186603327282e-05, -3.2140455004991964e-05, -3.105904397671111e-05, -2.9977632948430255e-05, -2.88962219201494e-05, -2.7814810891868547e-05, -2.673339804459829e-05, -2.5651987016317435e-05, -2.457057598803658e-05, -2.3489164959755726e-05, -2.2407753931474872e-05, -2.1326342903194018e-05, -2.024493005592376e-05, -1.9163519027642906e-05, -1.808210799936205e-05, -1.7000696971081197e-05, -1.5919282304821536e-05, -1.4837871276540682e-05, -1.3756460248259827e-05, -1.2675048310484271e-05, -1.1593637282203417e-05, -1.0512226253922563e-05, -9.430814316147007e-06, -8.349403287866153e-06, -7.267992259585299e-06, -6.186581231304444e-06, -5.105169748276239e-06, -4.023758265248034e-06, -2.94234723696718e-06, -1.8609362086863257e-06, -7.795247256581206e-07, 3.018867573700845e-07, 1.3832977856509387e-06, 2.4647090413054684e-06, 3.546120296959998e-06, 4.627531779988203e-06, 5.708942808269057e-06, 6.790353836549912e-06, 7.871765774325468e-06, 8.953176802606322e-06, 1.0034587830887176e-05, 1.111599885916803e-05, 1.2197409887448885e-05, 1.327882182522444e-05, 1.4360232853505295e-05, 1.544164479128085e-05, 1.6523055819561705e-05, 1.760446684784256e-05, 1.8685877876123413e-05]}, "gradients/mass_u.weight": {"_type": "histogram", "values": [0.0, 0.0, 0.0, 0.0, 0.0, 0.0, 0.0, 0.0, 0.0, 0.0, 0.0, 0.0, 0.0, 0.0, 0.0, 0.0, 0.0, 0.0, 0.0, 0.0, 0.0, 0.0, 0.0, 0.0, 0.0, 0.0, 0.0, 0.0, 0.0, 0.0, 0.0, 0.0, 5541.0, 0.0, 0.0, 0.0, 0.0, 0.0, 0.0, 0.0, 0.0, 0.0, 0.0, 0.0, 0.0, 0.0, 0.0, 0.0, 0.0, 0.0, 0.0, 0.0, 0.0, 0.0, 0.0, 0.0, 0.0, 0.0, 0.0, 0.0, 0.0, 0.0, 0.0, 0.0], "bins": [0.0, 0.0, 0.0, 0.0, 0.0, 0.0, 0.0, 0.0, 0.0, 0.0, 0.0, 0.0, 0.0, 0.0, 0.0, 0.0, 0.0, 0.0, 0.0, 0.0, 0.0, 0.0, 0.0, 0.0, 0.0, 0.0, 0.0, 0.0, 0.0, 0.0, 0.0, 0.0, 0.0, 0.0, 0.0, 0.0, 0.0, 0.0, 0.0, 0.0, 0.0, 0.0, 0.0, 0.0, 0.0, 0.0, 0.0, 0.0, 0.0, 0.0, 0.0, 0.0, 0.0, 0.0, 0.0, 0.0, 0.0, 0.0, 0.0, 0.0, 0.0, 0.0, 0.0, 0.0, 0.0]}, "gradients/embedding_user.weight": {"_type": "histogram", "values": [0.0, 0.0, 0.0, 0.0, 0.0, 0.0, 0.0, 0.0, 0.0, 0.0, 0.0, 0.0, 0.0, 0.0, 0.0, 0.0, 0.0, 0.0, 0.0, 0.0, 0.0, 0.0, 0.0, 0.0, 0.0, 0.0, 0.0, 0.0, 0.0, 0.0, 0.0, 0.0, 3392.0, 0.0, 0.0, 0.0, 0.0, 0.0, 0.0, 0.0, 0.0, 0.0, 0.0, 0.0, 0.0, 0.0, 0.0, 0.0, 0.0, 0.0, 0.0, 0.0, 0.0, 0.0, 0.0, 0.0, 0.0, 0.0, 0.0, 0.0, 0.0, 0.0, 0.0, 0.0], "bins": [0.0, 0.0, 0.0, 0.0, 0.0, 0.0, 0.0, 0.0, 0.0, 0.0, 0.0, 0.0, 0.0, 0.0, 0.0, 0.0, 0.0, 0.0, 0.0, 0.0, 0.0, 0.0, 0.0, 0.0, 0.0, 0.0, 0.0, 0.0, 0.0, 0.0, 0.0, 0.0, 0.0, 0.0, 0.0, 0.0, 0.0, 0.0, 0.0, 0.0, 0.0, 0.0, 0.0, 0.0, 0.0, 0.0, 0.0, 0.0, 0.0, 0.0, 0.0, 0.0, 0.0, 0.0, 0.0, 0.0, 0.0, 0.0, 0.0, 0.0, 0.0, 0.0, 0.0, 0.0, 0.0]}, "gradients/embedding_item.weight": {"_type": "histogram", "values": [3.0, 0.0, 1.0, 0.0, 2.0, 2.0, 5.0, 4.0, 6.0, 5.0, 13.0, 21.0, 23.0, 37.0, 49.0, 59.0, 110.0, 148.0, 205.0, 275.0, 423.0, 628.0, 1018.0, 1604.0, 2678.0, 4623.0, 8277.0, 15276.0, 28816.0, 71934.0, 43691.0, 20961.0, 11470.0, 6339.0, 3685.0, 2150.0, 1359.0, 802.0, 507.0, 368.0, 219.0, 176.0, 119.0, 72.0, 51.0, 41.0, 31.0, 18.0, 15.0, 12.0, 9.0, 3.0, 1.0, 2.0, 0.0, 2.0, 0.0, 1.0, 1.0, 0.0, 0.0, 0.0, 1.0, 1.0], "bins": [-0.000509961973875761, -0.0004928240086883307, -0.00047568598529323936, -0.000458548020105809, -0.00044141002581454813, -0.0004242720315232873, -0.0004071340663358569, -0.0003899960720445961, -0.00037285807775333524, -0.0003557200834620744, -0.00033858208917081356, -0.0003214441239833832, -0.00030430612969212234, -0.0002871681354008615, -0.0002700301702134311, -0.0002528921759221703, -0.00023575418163090944, -0.0002186161873396486, -0.000201478207600303, -0.00018434022786095738, -0.00016720223356969655, -0.0001500642392784357, -0.0001329262595390901, -0.00011578827252378687, -9.865028550848365e-05, -8.151229849318042e-05, -6.43743114778772e-05, -4.7236324462573975e-05, -3.009833744727075e-05, -1.2960350431967527e-05, 4.177636583335698e-06, 2.1315623598638922e-05, 3.845355240628123e-05, 5.559153942158446e-05, 7.272952643688768e-05, 8.98675134521909e-05, 0.00010700550046749413, 0.00012414349475875497, 0.00014128147449810058, 0.0001584194542374462, 0.00017555744852870703, 0.00019269544281996787, 0.00020983342255931348, 0.00022697140229865909, 0.00024410939658991992, 0.00026124739088118076, 0.00027838535606861115, 0.000295523350359872, 0.0003126613446511328, 0.00032979933894239366, 0.0003469373332336545, 0.0003640752984210849, 0.0003812132927123457, 0.00039835128700360656, 0.00041548925219103694, 0.0004326272464822978, 0.0004497652407735586, 0.00046690323506481946, 0.0004840412293560803, 0.0005011791945435107, 0.000518317217938602, 0.0005354551831260324, 0.0005525931483134627, 0.000569731171708554, 0.0005868691368959844]}, "_wandb": {"runtime": 491}}