{"TOTAL_BEST_METRIC": 0.312104966987141, "BEST_NDCG@10": 0.03530156593011241, "_timestamp": 1688283619.4983976, "_runtime": 956.5703835487366, "_step": 1105, "epoch": 1000, "Train_Metric_loss": -9.34644331250872, "Train_Reg_loss": 0.18312579819134303, "Recall@5": 0.025064990724125075, "Recall@10": 0.04324915595054863, "Recall@20": 0.07459225456562976, "NDCG@5": 0.017409991740959318, "NDCG@10": 0.023800044396520652, "NDCG@20": 0.032662767870549295, "Recall@5_total_best": 0.03838590466969768, "Recall@10_total_best": 0.06480722119375859, "Recall@20_total_best": 0.10184914333792215, "ndcg@5_total_best": 0.026010203036722666, "ndcg@10_total_best": 0.03530156593011241, "ndcg@20_total_best": 0.045750928818927575, "EPOCH_ndcg_best": 20, "Recall@5_ndcg_best": 0.03838590466969768, "Recall@10_ndcg_best": 0.06480722119375859, "Recall@20_ndcg_best": 0.10184914333792215, "ndcg@5_ndcg_best": 0.026010203036722666, "ndcg@10_ndcg_best": 0.03530156593011241, "ndcg@20_ndcg_best": 0.045750928818927575, "gradients/mass_i.weight": {"_type": "histogram", "values": [1.0, 0.0, 0.0, 0.0, 0.0, 0.0, 0.0, 0.0, 0.0, 0.0, 0.0, 0.0, 0.0, 0.0, 1.0, 0.0, 1.0, 0.0, 0.0, 0.0, 0.0, 1.0, 0.0, 1.0, 0.0, 0.0, 1.0, 4.0, 0.0, 6.0, 32.0, 105.0, 8500.0, 25.0, 14.0, 8.0, 2.0, 2.0, 2.0, 0.0, 1.0, 2.0, 0.0, 0.0, 1.0, 1.0, 0.0, 0.0, 0.0, 0.0, 0.0, 0.0, 0.0, 0.0, 0.0, 1.0, 0.0, 0.0, 0.0, 0.0, 0.0, 0.0, 0.0, 1.0], "bins": [-0.0004298631101846695, -0.0004167078004684299, -0.0004035525198560208, -0.00039039721013978124, -0.0003772419295273721, -0.00036408661981113255, -0.000350931310094893, -0.00033777602948248386, -0.0003246207197662443, -0.0003114654100500047, -0.0002983101294375956, -0.00028515481972135603, -0.0002719995391089469, -0.00025884422939270735, -0.00024568894878029823, -0.00023253363906405866, -0.00021937834389973432, -0.00020622304873540998, -0.00019306775357108563, -0.0001799124584067613, -0.00016675714869052172, -0.00015360185352619737, -0.00014044655836187303, -0.00012729124864563346, -0.00011413596075726673, -0.00010098066559294239, -8.782536315266043e-05, -7.467006798833609e-05, -6.151477282401174e-05, -4.8359470383729786e-05, -3.520417521940544e-05, -2.2048872779123485e-05, -8.893577614799142e-06, 4.261720278009307e-06, 1.7417018170817755e-05, 3.05723151541315e-05, 4.372761395643465e-05, 5.68829127587378e-05, 7.003820792306215e-05, 8.31935103633441e-05, 9.634880552766845e-05, 0.00010950410069199279, 0.00012265940313227475, 0.0001358146982965991, 0.00014896999346092343, 0.000162125303177163, 0.00017528058378957212, 0.0001884358935058117, 0.00020159118867013603, 0.00021474648383446038, 0.00022790177899878472, 0.00024105707416310906, 0.00025421238387934864, 0.0002673676935955882, 0.0002805229742079973, 0.0002936782839242369, 0.000306833564536646, 0.0003199888742528856, 0.0003331441548652947, 0.00034629946458153427, 0.0003594547451939434, 0.00037261005491018295, 0.00038576533552259207, 0.00039892064523883164, 0.0004120759549550712]}, "gradients/mass_u.weight": {"_type": "histogram", "values": [1.0, 0.0, 1.0, 0.0, 1.0, 0.0, 0.0, 0.0, 0.0, 0.0, 0.0, 0.0, 0.0, 0.0, 1.0, 2.0, 1.0, 0.0, 2.0, 2.0, 2.0, 1.0, 1.0, 2.0, 1.0, 0.0, 1.0, 0.0, 4.0, 0.0, 2.0, 1.0, 2.0, 2.0, 1.0, 2.0, 7.0, 4.0, 8.0, 4.0, 6.0, 7.0, 10.0, 12.0, 11.0, 5.0, 4.0, 5.0, 4.0, 9.0, 5.0, 8.0, 14527.0, 4.0, 1.0, 2.0, 1.0, 1.0, 0.0, 1.0, 0.0, 0.0, 1.0, 1.0], "bins": [-0.00015634734882041812, -0.00015339106903411448, -0.00015043478924781084, -0.0001474785094615072, -0.00014452222967520356, -0.00014156594988889992, -0.00013860967010259628, -0.00013565339031629264, -0.000132697110529989, -0.00012974083074368536, -0.00012678455095738173, -0.00012382827117107809, -0.00012087199138477445, -0.00011791571159847081, -0.00011495943181216717, -0.00011200315202586353, -0.00010904687223955989, -0.00010609059245325625, -0.00010313431266695261, -0.00010017803288064897, -9.722175309434533e-05, -9.426547330804169e-05, -9.130919352173805e-05, -8.835291373543441e-05, -8.539662667317316e-05, -8.244034688686952e-05, -7.948406710056588e-05, -7.652778731426224e-05, -7.35715075279586e-05, -7.061522774165496e-05, -6.765894795535132e-05, -6.470266816904768e-05, -6.174639565870166e-05, -5.879011587239802e-05, -5.583383608609438e-05, -5.287755629979074e-05, -4.99212765134871e-05, -4.696499672718346e-05, -4.400871694087982e-05, -4.105243715457618e-05, -3.809615009231493e-05, -3.513987030601129e-05, -3.218359051970765e-05, -2.922731073340401e-05, -2.627103094710037e-05, -2.3314751160796732e-05, -2.035846955550369e-05, -1.740218976920005e-05, -1.4445911801885813e-05, -1.1489632015582174e-05, -8.533352229278535e-06, -5.5770715334801935e-06, -2.620791747176554e-06, 3.3548803912708536e-07, 3.2917687349254265e-06, 6.248048521229066e-06, 9.204328307532705e-06, 1.2160608093836345e-05, 1.5116887880139984e-05, 1.8073169485433027e-05, 2.1029449271736667e-05, 2.3985729058040306e-05, 2.6942008844343945e-05, 2.9898288630647585e-05, 3.2854568416951224e-05]}, "gradients/embedding_user.weight": {"_type": "histogram", "values": [1.0, 0.0, 0.0, 0.0, 0.0, 0.0, 0.0, 0.0, 1.0, 0.0, 0.0, 0.0, 0.0, 0.0, 0.0, 1.0, 0.0, 0.0, 2.0, 0.0, 0.0, 0.0, 0.0, 0.0, 1.0, 0.0, 1.0, 2.0, 0.0, 2.0, 4.0, 4.0, 5.0, 8.0, 6.0, 21.0, 28.0, 60.0, 106.0, 189.0, 590.0, 2541.0, 106388.0, 824983.0, 3388.0, 746.0, 256.0, 103.0, 60.0, 31.0, 18.0, 12.0, 5.0, 7.0, 8.0, 2.0, 2.0, 1.0, 0.0, 0.0, 0.0, 0.0, 0.0, 1.0], "bins": [-0.0028295349329710007, -0.002763876225799322, -0.0026982177514582872, -0.0026325592771172523, -0.002566900569945574, -0.0025012418627738953, -0.0024355833884328604, -0.0023699249140918255, -0.002304266206920147, -0.0022386074997484684, -0.0021729490254074335, -0.0021072905510663986, -0.00204163184389472, -0.0019759731367230415, -0.0019103146623820066, -0.00184465607162565, -0.0017789974808692932, -0.0017133388901129365, -0.0016476802993565798, -0.001582021708600223, -0.0015163631178438663, -0.0014507045270875096, -0.001385045936331153, -0.0013193873455747962, -0.0012537287548184395, -0.0011880701640620828, -0.001122411573305726, -0.0010567529825493693, -0.0009910943917930126, -0.0009254358010366559, -0.0008597772102802992, -0.0007941186195239425, -0.0007284597959369421, -0.0006628012051805854, -0.0005971426144242287, -0.000531484023667872, -0.00046582543291151524, -0.0004001668421551585, -0.0003345082513988018, -0.0002688496606424451, -0.00020319106988608837, -0.00013753247912973166, -7.187388837337494e-05, -6.215297617018223e-06, 5.944329313933849e-05, 0.0001251018838956952, 0.00019076047465205193, 0.00025641906540840864, 0.00032207765616476536, 0.0003877362469211221, 0.0004533948376774788, 0.0005190534284338355, 0.0005847120191901922, 0.0006503706099465489, 0.0007160292007029057, 0.0007816877914592624, 0.0008473463822156191, 0.0009130049729719758, 0.0009786635637283325, 0.0010443221544846892, 0.001109980745241046, 0.0011756393359974027, 0.0012412979267537594, 0.001306956517510116, 0.0013726151082664728]}, "gradients/embedding_item.weight": {"_type": "histogram", "values": [1.0, 0.0, 0.0, 0.0, 1.0, 0.0, 0.0, 0.0, 1.0, 3.0, 0.0, 0.0, 0.0, 0.0, 1.0, 1.0, 0.0, 2.0, 7.0, 3.0, 3.0, 5.0, 12.0, 12.0, 13.0, 20.0, 21.0, 46.0, 62.0, 173.0, 353.0, 1362.0, 5230.0, 73849.0, 467018.0, 6883.0, 1637.0, 515.0, 177.0, 86.0, 40.0, 16.0, 20.0, 8.0, 6.0, 5.0, 6.0, 4.0, 7.0, 3.0, 2.0, 2.0, 4.0, 1.0, 3.0, 0.0, 2.0, 1.0, 0.0, 0.0, 1.0, 1.0, 1.0, 2.0],