{"TOTAL_BEST_METRIC": 0.03463713951448908, "BEST_NDCG@10": 0.005796475342393901, "_timestamp": 1688487940.531812, "_runtime": 1346.2633700370789, "_step": 96, "epoch": 75, "Train_Metric_loss": 5.398159797375019, "Train_Reg_loss": 4.159148381596914e-07, "Pos_loss": 9.208761215209961, "Neg_loss": 1.6295608282089233, "Recall@5": 0.002911134902686941, "Recall@10": 0.005096369681411459, "Recall@20": 0.008585681447474382, "NDCG@5": 0.005364498067993937, "NDCG@10": 0.005796475342393901, "NDCG@20": 0.0068829800725284575, "Recall@5_total_best": 0.002911134902686941, "Recall@10_total_best": 0.005096369681411459, "Recall@20_total_best": 0.008585681447474382, "ndcg@5_total_best": 0.005364498067993937, "ndcg@10_total_best": 0.005796475342393901, "ndcg@20_total_best": 0.0068829800725284575, "EPOCH_ndcg_best": 70, "Recall@5_ndcg_best": 0.002911134902686941, "Recall@10_ndcg_best": 0.005096369681411459, "Recall@20_ndcg_best": 0.008585681447474382, "ndcg@5_ndcg_best": 0.005364498067993937, "ndcg@10_ndcg_best": 0.005796475342393901, "ndcg@20_ndcg_best": 0.0068829800725284575, "gradients/mass_i.weight": {"_type": "histogram", "values": [1.0, 0.0, 0.0, 0.0, 0.0, 0.0, 0.0, 0.0, 0.0, 0.0, 0.0, 0.0, 0.0, 0.0, 0.0, 0.0, 0.0, 0.0, 0.0, 0.0, 0.0, 0.0, 0.0, 2.0, 0.0, 2.0, 0.0, 1.0, 0.0, 3.0, 0.0, 3.0, 1.0, 11.0, 2.0, 13.0, 2.0, 25.0, 8.0, 101.0, 5.0, 331.0, 25.0, 1037.0, 22.0, 3796.0, 10.0, 30313.0, 0.0, 3838.0, 123.0, 534.0, 639.0, 99.0, 178.0, 28.0, 73.0, 5.0, 21.0, 2.0, 6.0, 0.0, 2.0, 2.0], "bins": [-0.00041587132727727294, -0.00040720374090597034, -0.00039853615453466773, -0.0003898685681633651, -0.0003812009817920625, -0.0003725333954207599, -0.0003638658090494573, -0.0003551982226781547, -0.0003465306363068521, -0.0003378630499355495, -0.0003291954635642469, -0.0003205278771929443, -0.0003118602908216417, -0.0003031927044503391, -0.0002945251180790365, -0.00028585753170773387, -0.00027718994533643126, -0.00026852235896512866, -0.00025985477259382606, -0.00025118718622252345, -0.00024251959985122085, -0.00023385201347991824, -0.00022518442710861564, -0.00021651684073731303, -0.00020784928346984088, -0.00019918169709853828, -0.00019051411072723567, -0.00018184652435593307, -0.00017317893798463047, -0.00016451135161332786, -0.00015584376524202526, -0.00014717617887072265, -0.00013850857794750482, -0.00012984099157620221, -0.00012117340520489961, -0.000112505818833597, -0.0001038382324622944, -9.51706460909918e-05, -8.65030669956468e-05, -7.78354806243442e-05, -6.91678942530416e-05, -6.050030788173899e-05, -5.1832721510436386e-05, -4.316513877711259e-05, -3.4497552405809984e-05, -2.582996603450738e-05, -1.716238330118358e-05, -8.494796929880977e-06, 1.72789441421628e-07, 8.840374903229531e-06, 1.7507960365037434e-05, 2.6175544917350635e-05, 3.484313128865324e-05, 4.3510717659955844e-05, 5.217830039327964e-05, 6.0845886764582247e-05, 6.951347313588485e-05, 7.818105950718746e-05, 8.684864587849006e-05, 9.551622497383505e-05, 0.00010418381134513766, 0.00011285139771644026, 0.00012151898408774287, 0.00013018657045904547, 0.00013885415683034807]}, "gradients/mass_u.weight": {"_type": "histogram", "values": [0.0, 0.0, 0.0, 0.0, 0.0, 0.0, 0.0, 0.0, 0.0, 0.0, 0.0, 0.0, 0.0, 0.0, 0.0, 0.0, 0.0, 0.0, 0.0, 0.0, 0.0, 0.0, 0.0, 0.0, 0.0, 0.0, 0.0, 0.0, 0.0, 0.0, 0.0, 0.0, 52406.0, 0.0, 0.0, 0.0, 0.0, 0.0, 0.0, 0.0, 0.0, 0.0, 0.0, 0.0, 0.0, 0.0, 0.0, 0.0, 0.0, 0.0, 0.0, 0.0, 0.0, 0.0, 0.0, 0.0, 0.0, 0.0, 0.0, 0.0, 0.0, 0.0, 0.0, 0.0], "bins": [0.0, 0.0, 0.0, 0.0, 0.0, 0.0, 0.0, 0.0, 0.0, 0.0, 0.0, 0.0, 0.0, 0.0, 0.0, 0.0, 0.0, 0.0, 0.0, 0.0, 0.0, 0.0, 0.0, 0.0, 0.0, 0.0, 0.0, 0.0, 0.0, 0.0, 0.0, 0.0, 0.0, 0.0, 0.0, 0.0, 0.0, 0.0, 0.0, 0.0, 0.0, 0.0, 0.0, 0.0, 0.0, 0.0, 0.0, 0.0, 0.0, 0.0, 0.0, 0.0, 0.0, 0.0, 0.0, 0.0, 0.0, 0.0, 0.0, 0.0, 0.0, 0.0, 0.0, 0.0, 0.0]}, "gradients/embedding_user.weight": {"_type": "histogram", "values": [1.0, 0.0, 1.0, 0.0, 2.0, 5.0, 1.0, 4.0, 3.0, 6.0, 3.0, 10.0, 4.0, 12.0, 18.0, 15.0, 20.0, 31.0, 37.0, 43.0, 72.0, 82.0, 97.0, 123.0, 232.0, 325.0, 622.0, 1212.0, 2688.0, 7005.0, 31162.0, 3291012.0, 10819.0, 4463.0, 1691.0, 819.0, 403.0, 267.0, 160.0, 118.0, 85.0, 73.0, 46.0, 40.0, 40.0, 22.0, 14.0, 16.0, 15.0, 6.0, 8.0, 3.0, 8.0, 2.0, 4.0, 3.0, 1.0, 1.0, 1.0, 2.0, 2.0, 2.0, 1.0, 1.0], "bins": [-0.00020753027638420463, -0.00020088859309908003, -0.00019424690981395543, -0.00018760522652883083, -0.00018096354324370623, -0.00017432185995858163, -0.00016768017667345703, -0.0001610384788364172, -0.00015439681010320783, -0.00014775512681808323, -0.00014111344353295863, -0.00013447176024783403, -0.00012783007696270943, -0.00012118839367758483, -0.00011454670311650261, -0.00010790501983137801, -0.0001012633292702958, -9.46216459851712e-05, -8.79799627000466e-05, -8.1338279414922e-05, -7.46965961297974e-05, -6.80549128446728e-05, -6.141322228359058e-05, -5.4771538998465985e-05, -4.8129855713341385e-05, -4.1488172428216785e-05, -3.4846489143092185e-05, -2.8204802219988778e-05, -2.1563118934864178e-05, -1.4921435649739578e-05, -8.279748726636171e-06, -1.6380654415115714e-06, 5.0036032916978e-06, 1.1645287486317102e-05, 1.8286971680936404e-05, 2.4928656785050407e-05, 3.157034007017501e-05, 3.821202335529961e-05, 4.4853710278403014e-05, 5.1495393563527614e-05, 5.8137076848652214e-05, 6.477876013377681e-05, 7.142044341890141e-05, 7.806213397998363e-05, 8.470381726510823e-05, 9.134550055023283e-05, 9.798718383535743e-05, 0.00010462886712048203, 0.00011127055040560663, 0.00011791223369073123, 0.00012455391697585583, 0.00013119560026098043, 0.00013783728354610503, 0.00014447896683122963, 0.00015112065011635423, 0.00015776234795339406, 0.00016440401668660343, 0.00017104569997172803, 0.00017768738325685263, 0.00018432906654197723, 0.00019097074982710183, 0.00019761243311222643, 0.00020425411639735103, 0.00021089581423439085, 0.00021753749751951545]}, "gradients/embedding_item.weight": {"_type": "histogram", "values": [1.0, 0.0, 0.0, 0.0, 0.0, 0.0, 0.0, 0.0, 0.0, 0.0, 1.0, 1.0, 0.0, 6.0, 2.0, 8.0, 7.0, 3.0, 7.0, 14.0, 25.0, 35.0, 55.0, 95.0, 139.0, 258.0, 422.0, 771.0, 1416.0, 2640.0, 5456.0, 11705.0, 24482.0, 57669.0, 145885.0, 276473.0, 1003817.0, 648197.0, 249130.0, 123451.0, 47673.0, 21107.0, 9954.0, 4708.0, 2355.0, 1256.0, 697.0, 385.0, 205.0, 136.0, 94.0, 53.0, 36.0, 16.0, 18.0, 13.0, 8.0, 2.0, 2.0, 3.0, 1.0, 0.0, 1.0, 2.0], "bins": [-5.115063686389476e-05, -4.9764457799028605e-05, -4.837828237214126e-05, -4.69921033072751e-05, -4.560592788038775e-05, -4.42197488155216e-05, -4.283357338863425e-05, -4.1447394323768094e-05, -4.0061218896880746e-05, -3.867503983201459e-05, -3.728886440512724e-05, -3.590268534026109e-05, -3.451650991337374e-05, -3.313033084850758e-05, -3.1744155421620235e-05, -3.035797635675408e-05, -2.8971799110877328e-05, -2.7585621865000576e-05, -2.6199444619123824e-05, -2.4813267373247072e-05, -2.342709012737032e-05, -2.204091288149357e-05, -2.0654733816627413e-05, -1.9268558389740065e-05, -1.788237932487391e-05, -1.6496202078997158e-05, -1.5110024833120406e-05, -1.3723847587243654e-05, -1.2337670341366902e-05, -1.095149309549015e-05, -9.565314940118697e-06, -8.179137694241945e-06, -6.792961357859895e-06, -5.406784111983143e-06, -4.020606866106391e-06, -2.6344291654822882e-06, -1.2482519196055364e-06, 1.3792532627121545e-07, 1.5241030268953182e-06, 2.91028027277207e-06, 4.296457518648822e-06, 5.682634764525574e-06, 7.0688120104023255e-06, 8.45499016577378e-06, 9.841167411650531e-06, 1.1227344657527283e-05, 1.2613521903404035e-05, 1.3999699149280787e-05, 1.538587639515754e-05, 1.677205364103429e-05, 1.8158230886911042e-05, 1.9544408132787794e-05, 2.0930585378664546e-05, 2.2316762624541298e-05, 2.3702941689407453e-05, 2.50891171162948e-05, 2.6475296181160957e-05, 2.786147342703771e-05, 2.924765067291446e-05, 3.0633829737780616e-05, 3.2020005164667964e-05, 3.340618422953412e-05, 3.479235965642147e-05, 3.617853872128762e-05, 3.756471414817497e-05]}, "_wandb": {"runtime": 1354}}