{"epoch": 1000, "Train_Metric_loss": -13.420112609863281, "Train_Reg_loss": 0.10130827277898788, "_timestamp": 1688275550.4177575, "_runtime": 275.2431175708771, "_step": 1106, "Recall@5": 0.07927966632452342, "Recall@10": 0.12558447538172351, "Recall@20": 0.1891553449533482, "NDCG@5": 0.05801640428675445, "NDCG@10": 0.07404434912473876, "NDCG@20": 0.09195872802999601, "Recall@5_total_best": 0.12887940535040485, "Recall@10_total_best": 0.18393179721344047, "Recall@20_total_best": 0.25121815251925994, "ndcg@5_total_best": 0.09463676985843116, "ndcg@10_total_best": 0.11353717944649262, "ndcg@20_total_best": 0.1325563017005854, "EPOCH_ndcg_best": 30, "Recall@5_ndcg_best": 0.12887940535040485, "Recall@10_ndcg_best": 0.18393179721344047, "Recall@20_ndcg_best": 0.25121815251925994, "ndcg@5_ndcg_best": 0.09463676985843116, "ndcg@10_ndcg_best": 0.11353717944649262, "ndcg@20_ndcg_best": 0.1325563017005854, "BEST_NDCG@10": 0.11353717944649262, "gradients/mass_i.weight": {"_type": "histogram", "values": [1.0, 0.0, 0.0, 0.0, 0.0, 0.0, 0.0, 0.0, 0.0, 0.0, 0.0, 0.0, 0.0, 0.0, 0.0, 0.0, 0.0, 0.0, 0.0, 0.0, 0.0, 1.0, 1.0, 0.0, 0.0, 0.0, 1.0, 0.0, 1.0, 1.0, 1.0, 2.0, 1.0, 3.0, 6.0, 5.0, 15.0, 19.0, 27.0, 48.0, 50.0, 34.0, 3300.0, 2.0, 11.0, 13.0, 2.0, 8.0, 2.0, 1.0, 3.0, 0.0, 1.0, 1.0, 0.0, 0.0, 1.0, 0.0, 1.0, 2.0, 0.0, 2.0, 0.0, 1.0], "bins": [-0.00033688623807393014, -0.0003289920277893543, -0.00032109778840094805, -0.00031320354901254177, -0.00030530933872796595, -0.00029741512844339013, -0.00028952088905498385, -0.0002816266496665776, -0.00027373243938200176, -0.00026583822909742594, -0.00025794398970901966, -0.0002500497503206134, -0.00024215554003603756, -0.00023426131519954652, -0.00022636709036305547, -0.00021847286552656442, -0.00021057864069007337, -0.00020268441585358232, -0.00019479019101709127, -0.00018689596618060023, -0.00017900174134410918, -0.00017110751650761813, -0.00016321329167112708, -0.00015531906683463603, -0.00014742484199814498, -0.00013953061716165394, -0.0001316363923251629, -0.00012374216748867184, -0.00011584794265218079, -0.00010795371781568974, -0.0001000594929791987, -9.216526814270765e-05, -8.42710433062166e-05, -7.637681846972555e-05, -6.84825936332345e-05, -6.058836879674345e-05, -5.2694143960252404e-05, -4.4799919123761356e-05, -3.690569428727031e-05, -2.901146945077926e-05, -2.111724461428821e-05, -1.3223019777797163e-05, -5.328794941306114e-06, 2.565429895184934e-06, 1.0459654731675982e-05, 1.835387956816703e-05, 2.624810440465808e-05, 3.414232924114913e-05, 4.2036554077640176e-05, 4.9930778914131224e-05, 5.782500375062227e-05, 6.571922858711332e-05, 7.361345342360437e-05, 8.150767826009542e-05, 8.940190309658647e-05, 9.729612793307751e-05, 0.00010519035276956856, 0.00011308457760605961, 0.00012097880244255066, 0.0001288730272790417, 0.00013676725211553276, 0.0001446614769520238, 0.00015255570178851485, 0.0001604499266250059, 0.00016834415146149695]}, "gradients/mass_u.weight": {"_type": "histogram", "values": [1.0, 0.0, 0.0, 0.0, 0.0, 0.0, 0.0, 0.0, 0.0, 0.0, 0.0, 0.0, 0.0, 0.0, 0.0, 0.0, 0.0, 1.0, 0.0, 0.0, 1.0, 0.0, 0.0, 0.0, 0.0, 0.0, 0.0, 0.0, 0.0, 2.0, 0.0, 0.0, 0.0, 0.0, 2.0, 1.0, 1.0, 2.0, 4.0, 6.0, 1.0, 5.0, 12.0, 17.0, 32.0, 22.0, 36.0, 10.0, 9.0, 5362.0, 2.0, 4.0, 2.0, 2.0, 0.0, 1.0, 1.0, 0.0, 0.0, 1.0, 0.0, 0.0, 0.0, 1.0], "bins": [-0.00046375469537451863, -0.0004543136165011674, -0.0004448725376278162, -0.000435431458754465, -0.00042599037988111377, -0.0004165492719039321, -0.00040710822213441133, -0.00039766711415722966, -0.00038822603528387845, -0.00037878495641052723, -0.000369343877537176, -0.0003599027986638248, -0.0003504617197904736, -0.00034102064091712236, -0.0003315795329399407, -0.0003221384540665895, -0.00031269737519323826, -0.00030325629631988704, -0.0002938152174465358, -0.0002843741385731846, -0.0002749330596998334, -0.0002654919517226517, -0.00025605090195313096, -0.0002466097939759493, -0.00023716874420642853, -0.0002277276653330773, -0.0002182865864597261, -0.00020884550758637488, -0.00019940441416110843, -0.00018996333528775722, -0.000180522256414406, -0.00017108116298913956, -0.00016164009866770357, -0.00015219901979435235, -0.00014275794092100114, -0.0001333168474957347, -0.00012387576862238348, -0.00011443468974903226, -0.00010499361087568104, -9.555252472637221e-05, -8.6111445853021e-05, -7.667036697966978e-05, -6.722928083036095e-05, -5.778820195700973e-05, -4.834711944567971e-05, -3.8906036934349686e-05, -2.946495806099847e-05, -2.002387191168964e-05, -1.0582793038338423e-05, -1.1417114365031011e-06, 8.29937016533222e-06, 1.774045085767284e-05, 2.7181533369002864e-05, 3.662261588033289e-05, 4.6063694753684103e-05, 5.5504780902992934e-05, 6.494585977634415e-05, 7.438693864969537e-05, 8.38280247990042e-05, 9.326910367235541e-05, 0.00010271018254570663, 0.00011215126869501546, 0.00012159234756836668, 0.0001310334337176755, 0.00014047451259102672]}, "gradients/embedding_user.weight": {"_type": "histogram", "values": [1.0, 0.0, 0.0, 0.0, 0.0, 0.0, 0.0, 0.0, 0.0, 0.0, 0.0, 2.0, 1.0, 2.0, 1.0, 4.0, 4.0, 3.0, 3.0, 2.0, 3.0, 0.0, 2.0, 2.0, 6.0, 2.0, 8.0, 5.0, 13.0, 16.0, 29.0, 61.0, 210.0, 521.0, 1850.0, 14681.0, 325522.0, 9338.0, 1532.0, 473.0, 156.0, 64.0, 23.0, 16.0, 10.0, 6.0, 7.0, 6.0, 5.0, 6.0, 3.0, 3.0, 3.0, 3.0, 2.0, 2.0, 4.0, 3.0, 1.0, 1.0, 0.0, 1.0, 1.0, 1.0], "bins": [-0.00237287231720984, -0.002307741204276681, -0.0022426103241741657, -0.002177479211241007, -0.0021123483311384916, -0.0020472172182053328, -0.0019820863381028175, -0.0019169552251696587, -0.0018518241122364998, -0.0017866931157186627, -0.0017215621192008257, -0.0016564310062676668, -0.0015913000097498298, -0.0015261690132319927, -0.0014610380167141557, -0.0013959070201963186, -0.0013307760236784816, -0.0012656450271606445, -0.0012005140306428075, -0.0011353830341249704, -0.0010702519211918116, -0.0010051209246739745, -0.0009399899281561375, -0.0008748589316383004, -0.0008097278769128025, -0.0007445968803949654, -0.0006794658256694674, -0.0006143348291516304, -0.0005492038326337934, -0.0004840727779082954, -0.00041894178139045835, -0.00035381075576879084, -0.00028867973014712334, -0.00022354870452545583, -0.00015841769345570356, -9.328668238595128e-05, -2.8155656764283776e-05, 3.697536885738373e-05, 0.00010210636537522078, 0.00016723739099688828, 0.00023236841661855578, 0.0002974994422402233, 0.0003626304678618908, 0.00042776146437972784, 0.0004928924608975649, 0.0005580235156230628, 0.0006231545121408999, 0.0006882855668663979, 0.0007534165633842349, 0.000818547559902072, 0.0008836786146275699, 0.000948809611145407, 0.001013940665870905, 0.001079071662388742, 0.001144202658906579, 0.001209333655424416, 0.0012744646519422531, 0.0013395956484600902, 0.0014047266449779272, 0.001469857757911086, 0.0015349887544289231, 0.0016001197509467602, 0.0016652507474645972, 0.0017303817439824343, 0.0017955128569155931]}, "gradients/embedding_item.weight": {"_type": "histogram", "values": [2.0, 0.0, 2.0, 3.0, 2.0, 1.0, 2.0, 4.0, 5.0, 11.0, 9.0, 15.0, 14.0, 18.0, 21.0, 26.0, 42.0, 48.0, 60.0, 105.0, 129.0, 185.0, 335.0, 466.0, 769.0, 1206.0, 1919.0, 3544.0, 7189.0, 15419.0, 59963.0, 98222.0, 19888.0, 8354.0, 4238.0, 2232.0, 1389.0, 842.0, 540.0, 341.0, 234.0, 160.0, 100.0, 68.0, 58.0, 37.0, 28.0, 22.0, 23.0, 17.0, 9.0, 9.0, 4.0, 4.0, 4.0, 4.0, 3.0, 4.0, 1.0, 1.0, 1.0, 0.0, 0.0, 1.0],