{"TOTAL_BEST_METRIC": 0.14325487007952994, "BEST_NDCG@10": 0.014943120249890474, "_timestamp": 1688440983.1515737, "_runtime": 1584.0692505836487, "_step": 751, "epoch": 594, "Train_Metric_loss": 6.5296173095703125, "Train_Reg_loss": 1.7774309607635326e-06, "Pos_loss": 7.991828441619873, "Neg_loss": 1.2853260040283203, "Recall@5": 0.0161729967420164, "Recall@10": 0.029551554891191698, "Recall@20": 0.05137191283593523, "NDCG@5": 0.010269303152939276, "NDCG@10": 0.014943120249890474, "NDCG@20": 0.02094598220755686, "Recall@5_total_best": 0.0161729967420164, "Recall@10_total_best": 0.029551554891191698, "Recall@20_total_best": 0.05137191283593523, "ndcg@5_total_best": 0.010269303152939276, "ndcg@10_total_best": 0.014943120249890474, "ndcg@20_total_best": 0.02094598220755686, "EPOCH_ndcg_best": 590, "Recall@5_ndcg_best": 0.0161729967420164, "Recall@10_ndcg_best": 0.029551554891191698, "Recall@20_ndcg_best": 0.05137191283593523, "ndcg@5_ndcg_best": 0.010269303152939276, "ndcg@10_ndcg_best": 0.014943120249890474, "ndcg@20_ndcg_best": 0.02094598220755686, "gradients/mass_i.weight": {"_type": "histogram", "values": [1.0, 0.0, 0.0, 0.0, 0.0, 0.0, 0.0, 0.0, 0.0, 0.0, 0.0, 0.0, 1.0, 0.0, 0.0, 0.0, 0.0, 0.0, 1.0, 0.0, 0.0, 0.0, 1.0, 0.0, 0.0, 0.0, 2.0, 0.0, 0.0, 1.0, 2.0, 1.0, 0.0, 1.0, 2.0, 1.0, 1.0, 1.0, 4.0, 4.0, 2.0, 2.0, 5.0, 4.0, 8.0, 6.0, 8.0, 12.0, 14.0, 39.0, 32.0, 154.0, 90.0, 812.0, 206.0, 6632.0, 415.0, 154.0, 60.0, 19.0, 7.0, 4.0, 0.0, 4.0], "bins": [-0.001264287275262177, -0.001241597579792142, -0.0012189078843221068, -0.0011962181888520718, -0.0011735284933820367, -0.0011508387979120016, -0.0011281492188572884, -0.0011054595233872533, -0.0010827698279172182, -0.0010600801324471831, -0.001037390436977148, -0.001014700741507113, -0.000992011046037078, -0.0009693214087747037, -0.0009466317133046687, -0.0009239420178346336, -0.0009012523223645985, -0.0008785626268945634, -0.0008558729314245284, -0.0008331832941621542, -0.0008104935986921191, -0.000787803903222084, -0.000765114207752049, -0.0007424245122820139, -0.0007197348168119788, -0.0006970451213419437, -0.0006743554258719087, -0.0006516657304018736, -0.0006289760931394994, -0.0006062863976694643, -0.0005835967021994293, -0.0005609070067293942, -0.000538217427674681, -0.0005155277322046459, -0.0004928380367346108, -0.0004701483703684062, -0.00044745870400220156, -0.0004247690085321665, -0.0004020793130621314, -0.00037938961759209633, -0.0003566999512258917, -0.00033401025575585663, -0.000311320589389652, -0.00028863089391961694, -0.00026594119844958186, -0.00024325153208337724, -0.00022056183661334217, -0.00019787215569522232, -0.00017518247477710247, -0.00015249279385898262, -0.00012980311294086277, -0.0001071134174708277, -8.442373655270785e-05, -6.1734055634588e-05, -3.904436016455293e-05, -1.635467924643308e-05, 6.3350016716867685e-06, 2.9024686227785423e-05, 5.171437078388408e-05, 7.440405897796154e-05, 9.709373989608139e-05, 0.00011978342081420124, 0.0001424731162842363, 0.00016516279720235616, 0.000187852478120476]}, "gradients/mass_u.weight": {"_type": "histogram", "values": [1.0, 0.0, 0.0, 0.0, 0.0, 0.0, 0.0, 0.0, 0.0, 0.0, 0.0, 0.0, 0.0, 0.0, 0.0, 0.0, 0.0, 1.0, 0.0, 0.0, 0.0, 0.0, 0.0, 0.0, 0.0, 0.0, 1.0, 0.0, 0.0, 0.0, 0.0, 0.0, 1.0, 1.0, 1.0, 1.0, 0.0, 1.0, 1.0, 1.0, 1.0, 1.0, 1.0, 1.0, 2.0, 2.0, 1.0, 1.0, 2.0, 3.0, 8.0, 9.0, 0.0, 9.0, 10.0, 7.0, 17.0, 46.0, 53.0, 79.0, 114.0, 75.0, 34.0, 14195.0], "bins": [-0.0017257434083148837, -0.00169877870939672, -0.0016718138940632343, -0.0016448491951450706, -0.0016178844962269068, -0.0015909196808934212, -0.0015639549819752574, -0.0015369902830570936, -0.001510025467723608, -0.0014830607688054442, -0.0014560959534719586, -0.0014291312545537949, -0.001402166555635631, -0.0013752017403021455, -0.0013482370413839817, -0.001321272226050496, -0.0012943075271323323, -0.0012673428282141685, -0.001240378012880683, -0.0012134133139625192, -0.0011864486150443554, -0.0011594837997108698, -0.001132519100792706, -0.0011055544018745422, -0.0010785895865410566, -0.0010516248876228929, -0.0010246600722894073, -0.0009976953733712435, -0.0009707306162454188, -0.0009437658591195941, -0.0009168011602014303, -0.0008898364030756056, -0.0008628717041574419, -0.0008359069470316172, -0.0008089422481134534, -0.0007819774909876287, -0.000755012733861804, -0.0007280480349436402, -0.0007010832778178155, -0.0006741185206919909, -0.0006471537635661662, -0.0006201890064403415, -0.0005932243075221777, -0.000566259550396353, -0.0005392947932705283, -0.0005123300943523645, -0.00048536533722653985, -0.00045840058010071516, -0.00043143585207872093, -0.0004044711240567267, -0.000377506366930902, -0.00035054163890890777, -0.0003235768817830831, -0.00029661215376108885, -0.00026964739663526416, -0.00024268266861326993, -0.00021571792603936046, -0.000188753183465451, -0.00016178844089154154, -0.00013482369831763208, -0.00010785896301968023, -8.089422772172838e-05, -5.392948514781892e-05, -2.696474257390946e-05, 0.0]}, "gradients/embedding_user.weight": {"_type": "histogram", "values": [1.0, 1.0, 0.0, 0.0, 0.0, 0.0, 0.0, 2.0, 1.0, 0.0, 2.0, 0.0, 4.0, 5.0, 6.0, 2.0, 6.0, 6.0, 7.0, 9.0, 8.0, 17.0, 19.0, 32.0, 49.0, 57.0, 82.0, 125.0, 245.0, 476.0, 1050.0, 2509.0, 5451.0, 19598.0, 686725.0, 207248.0, 8538.0, 3946.0, 1780.0, 734.0, 337.0, 165.0, 120.0, 51.0, 40.0, 28.0, 17.0, 10.0, 15.0, 8.0, 11.0, 9.0, 3.0, 7.0, 3.0, 6.0, 6.0, 0.0, 3.0, 2.0, 0.0, 1.0, 0.0, 1.0], "bins": [-0.0004891711287200451, -0.00047510306467302144, -0.00046103502972982824, -0.0004469669656828046, -0.00043289890163578093, -0.0004188308375887573, -0.0004047628026455641, -0.0003906947385985404, -0.00037662667455151677, -0.0003625586105044931, -0.0003484905755612999, -0.00033442251151427627, -0.0003203544474672526, -0.00030628638342022896, -0.00029221834847703576, -0.0002781502844300121, -0.00026408222038298845, -0.0002500141563359648, -0.00023594610684085637, -0.00022187805734574795, -0.0002078099932987243, -0.00019374194380361587, -0.00017967389430850744, -0.0001656058302614838, -0.0001515377953182906, -0.00013746974582318217, -0.0001234016817761585, -0.00010933363228105009, -9.526556823402643e-05, -8.1197518738918e-05, -6.712946196785197e-05, -5.306140519678593e-05, -3.899334114976227e-05, -2.4925284378696233e-05, -1.0857229426619597e-05, 3.2108255254570395e-06, 1.727888229652308e-05, 3.134693542961031e-05, 4.541499220067635e-05, 5.948304897174239e-05, 7.355110574280843e-05, 8.761916251387447e-05, 0.00010168721928494051, 0.00011575527605600655, 0.00012982332555111498, 0.0001438913750462234, 0.00015795943909324706, 0.0001720275031402707, 0.00018609555263537914, 0.00020016360213048756, 0.00021423166617751122, 0.00022829971567261964, 0.0002423677797196433, 0.0002564358292147517, 0.0002705038932617754, 0.00028457195730879903, 0.0002986399922519922, 0.0003127080562990159, 0.0003267760912422091, 0.00034084415528923273, 0.0003549122193362564, 0.00036898028338328004, 0.00038304831832647324, 0.0003971163823734969, 0.00041118444642052054]}, "gradients/embedding_item.weight": {"_type": "histogram", "values": [1.0, 0.0, 0.0, 0.0, 0.0, 2.0, 1.0, 5.0, 0.0, 2.0, 5.0, 8.0, 11.0, 12.0, 27.0, 38.0, 54.0, 74.0, 104.0, 173.0, 226.0, 365.0, 565.0, 929.0, 1557.0, 2977.0, 6163.0, 13479.0, 29292.0, 83543.0, 224788.0, 123091.0, 37286.0, 16744.0, 7689.0, 3628.0, 1825.0, 1076.0, 624.0, 415.0, 257.0, 191.0, 124.0, 86.0, 51.0, 38.0, 41.0, 12.0, 18.0, 7.0, 11.0, 7.0, 3.0, 3.0, 2.0, 0.0, 0.0, 1.0, 0.0, 0.0, 0.0, 0.0, 0.0, 1.0],