{"TOTAL_BEST_METRIC": 0.31434213526783317, "BEST_NDCG@10": 0.03680743749138916, "_timestamp": 1688282644.6082118, "_runtime": 956.8188488483429, "_step": 1105, "epoch": 1000, "Train_Metric_loss": -3.554247719900949, "Train_Reg_loss": 0.1430750691464969, "Recall@5": 0.025112948491746386, "Recall@10": 0.04407212114596274, "Recall@20": 0.07344199039005585, "NDCG@5": 0.016946050076880718, "NDCG@10": 0.023598878876838463, "NDCG@20": 0.03193752015161506, "Recall@5_total_best": 0.0389556134214108, "Recall@10_total_best": 0.06716021098872, "Recall@20_total_best": 0.09862683852648355, "ndcg@5_total_best": 0.026992495198444627, "ndcg@10_total_best": 0.03680743749138916, "ndcg@20_total_best": 0.04579953964138503, "EPOCH_ndcg_best": 20, "Recall@5_ndcg_best": 0.0389556134214108, "Recall@10_ndcg_best": 0.06716021098872, "Recall@20_ndcg_best": 0.09862683852648355, "ndcg@5_ndcg_best": 0.026992495198444627, "ndcg@10_ndcg_best": 0.03680743749138916, "ndcg@20_ndcg_best": 0.04579953964138503, "gradients/mass_i.weight": {"_type": "histogram", "values": [1.0, 0.0, 0.0, 0.0, 0.0, 0.0, 0.0, 0.0, 0.0, 0.0, 0.0, 0.0, 0.0, 0.0, 0.0, 0.0, 0.0, 0.0, 0.0, 0.0, 0.0, 0.0, 0.0, 1.0, 0.0, 2.0, 1.0, 3.0, 2.0, 5.0, 15.0, 41.0, 64.0, 8524.0, 7.0, 17.0, 18.0, 1.0, 2.0, 4.0, 2.0, 0.0, 0.0, 0.0, 0.0, 2.0, 0.0, 0.0, 0.0, 0.0, 0.0, 0.0, 0.0, 0.0, 0.0, 0.0, 0.0, 0.0, 0.0, 0.0, 0.0, 0.0, 0.0, 1.0], "bins": [-0.00029926549177616835, -0.00029046006966382265, -0.00028165464755147696, -0.0002728492545429617, -0.000264043832430616, -0.0002552384103182703, -0.0002464330173097551, -0.0002376275951974094, -0.0002288221730850637, -0.000220016750972718, -0.00021121134341228753, -0.00020240593585185707, -0.00019360051373951137, -0.00018479509162716568, -0.0001759896840667352, -0.00016718427650630474, -0.00015837885439395905, -0.00014957343228161335, -0.00014076802472118288, -0.00013196261716075242, -0.00012315719504840672, -0.00011435178021201864, -0.00010554636537563056, -9.674095053924248e-05, -8.79355357028544e-05, -7.913012086646631e-05, -7.032470603007823e-05, -6.151929119369015e-05, -5.271387635730207e-05, -4.390846152091399e-05, -3.510304668452591e-05, -2.6297631848137826e-05, -1.7492187907919288e-05, -8.686773071531206e-06, 1.1864176485687494e-07, 8.924056601244956e-06, 1.7729471437633038e-05, 2.653488627402112e-05, 3.53403011104092e-05, 4.414571594679728e-05, 5.295113078318536e-05, 6.175654561957344e-05, 7.056196045596153e-05, 7.93673752923496e-05, 8.817279012873769e-05, 9.697820496512577e-05, 0.00010578361980151385, 0.00011458903463790193, 0.00012339444947429, 0.0001321998715866357, 0.00014100527914706618, 0.00014981068670749664, 0.00015861610881984234, 0.00016742153093218803, 0.0001762269384926185, 0.00018503234605304897, 0.00019383776816539466, 0.00020264319027774036, 0.00021144859783817083, 0.0002202540053986013, 0.000229059427510947, 0.00023786484962329268, 0.0002466702717356384, 0.0002554756647441536, 0.0002642810868564993]}, "gradients/mass_u.weight": {"_type": "histogram", "values": [1.0, 0.0, 0.0, 0.0, 0.0, 0.0, 0.0, 0.0, 0.0, 0.0, 1.0, 1.0, 2.0, 0.0, 1.0, 0.0, 0.0, 0.0, 0.0, 1.0, 2.0, 3.0, 1.0, 0.0, 4.0, 1.0, 1.0, 3.0, 3.0, 8.0, 9.0, 10.0, 16.0, 13.0, 8.0, 15.0, 14.0, 5.0, 1.0, 2.0, 13.0, 14529.0, 3.0, 1.0, 2.0, 3.0, 0.0, 1.0, 1.0, 0.0, 0.0, 0.0, 0.0, 0.0, 0.0, 0.0, 0.0, 0.0, 1.0, 0.0, 0.0, 0.0, 0.0, 1.0], "bins": [-0.00020958998356945813, -0.00020450835290830582, -0.00019942673679906875, -0.00019434510613791645, -0.00018926349002867937, -0.00018418185936752707, -0.00017910024325829, -0.0001740186125971377, -0.00016893699648790061, -0.0001638553658267483, -0.00015877374971751124, -0.00015369211905635893, -0.00014861050294712186, -0.00014352887228596956, -0.00013844725617673248, -0.00013336562551558018, -0.00012828399485442787, -0.00012320236419327557, -0.0001181207480840385, -0.00011303912469884381, -0.00010795750131364912, -0.00010287587065249681, -9.779424726730213e-05, -9.271262388210744e-05, -8.763100049691275e-05, -8.254937711171806e-05, -7.746775372652337e-05, -7.238613034132868e-05, -6.730449968017638e-05, -6.22228835709393e-05, -5.7141252909787e-05, -5.205962952459231e-05, -4.697799886344001e-05, -4.189637547824532e-05, -3.681475209305063e-05, -3.173312506987713e-05, -2.6651501684682444e-05, -2.1569878299487755e-05, -1.6488253095303662e-05, -1.140662789111957e-05, -6.3250045059248805e-06, -1.2433802112354897e-06, 3.838244083453901e-06, 8.919868378143292e-06, 1.4001492672832683e-05, 1.9083116058027372e-05, 2.4164741262211464e-05, 2.9246366466395557e-05, 3.4327989851590246e-05, 3.9409613236784935e-05, 4.4491236621979624e-05, 4.957286364515312e-05, 5.465448703034781e-05, 5.97361104155425e-05, 6.4817737438716e-05, 6.989936082391068e-05, 7.498098420910537e-05, 8.006260759430006e-05, 8.514423097949475e-05, 9.022585436468944e-05, 9.530747774988413e-05, 0.00010038910841103643, 0.00010547073179623112, 0.00011055235518142581, 0.0001156339785666205]}, "gradients/embedding_user.weight": {"_type": "histogram", "values": [1.0, 0.0, 0.0, 0.0, 0.0, 0.0, 0.0, 0.0, 0.0, 0.0, 0.0, 2.0, 1.0, 6.0, 4.0, 3.0, 7.0, 6.0, 3.0, 13.0, 10.0, 14.0, 13.0, 21.0, 27.0, 46.0, 57.0, 96.0, 155.0, 268.0, 481.0, 850.0, 1897.0, 6831.0, 665158.0, 254208.0, 5651.0, 1722.0, 834.0, 447.0, 260.0, 152.0, 96.0, 59.0, 46.0, 33.0, 24.0, 22.0, 12.0, 12.0, 5.0, 4.0, 11.0, 4.0, 6.0, 1.0, 1.0, 0.0, 0.0, 1.0, 0.0, 1.0, 0.0, 2.0], "bins": [-0.0003620545903686434, -0.0003516935103107244, -0.00034133243025280535, -0.0003309713501948863, -0.0003206102701369673, -0.0003102491609752178, -0.0002998880809172988, -0.00028952700085937977, -0.00027916592080146074, -0.0002688048407435417, -0.0002584437606856227, -0.00024808268062770367, -0.0002377215860178694, -0.0002273605059599504, -0.00021699942590203136, -0.0002066383312921971, -0.0001962772657861933, -0.00018591618572827429, -0.00017555510567035526, -0.000165194011060521, -0.00015483293100260198, -0.00014447185094468296, -0.00013411077088676393, -0.0001237496908288449, -0.00011338860349496827, -0.00010302752343704924, -9.26664361031726e-05, -8.230535604525357e-05, -7.194427598733455e-05, -6.158318865345791e-05, -5.1222108595538884e-05, -4.0861021261662245e-05, -3.049994120374322e-05, -2.0138857507845387e-05, -9.777775630936958e-06, 5.833062459714711e-07, 1.0944389941869304e-05, 2.1305473637767136e-05, 3.166655369568616e-05, 4.20276410295628e-05, 5.2388721087481827e-05, 6.274980114540085e-05, 7.311088847927749e-05, 8.347196853719652e-05, 9.383304859511554e-05, 0.00010419413592899218, 0.00011455521598691121, 0.00012491630332078785, 0.00013527738337870687, 0.0001456384634366259, 0.00015599954349454492, 0.00016636063810437918, 0.0001767217181622982, 0.00018708279822021723, 0.00019744387827813625, 0.00020780495833605528, 0.0002181660383939743, 0.00022852711845189333, 0.00023888819850981236, 0.0002492492785677314, 0.0002596103586256504, 0.00026997143868356943, 0.00028033251874148846, 0.00029069362790323794, 0.00030105470796115696]}, "gradients/embedding_item.weight": {"_type": "histogram", "values": [1.0, 0.0, 2.0, 1.0, 0.0, 1.0, 0.0, 1.0, 1.0, 0.0, 2.0, 3.0, 1.0, 3.0, 4.0, 1.0, 4.0, 14.0, 6.0, 11.0, 10.0, 15.0, 14.0, 23.0, 44.0, 71.0, 112.0, 239.0, 376.0, 830.0, 1843.0, 5440.0, 35500.0, 496115.0, 11400.0, 3043.0, 1249.0, 579.0, 273.0, 148.0, 80.0, 42.0, 27.0, 17.0, 25.0, 13.0, 5.0, 6.0, 7.0, 9.0, 2.0, 3.0, 1.0, 3.0, 2.0, 1.0, 2.0, 1.0, 1.0, 1.0, 1.0, 0.0, 2.0, 1.0],