{"TOTAL_BEST_METRIC": 0.13240750530230413, "BEST_NDCG@10": 0.014430927923717817, "_timestamp": 1688528564.775328, "_runtime": 1509.2631669044495, "_step": 1202, "epoch": 1000, "Train_Metric_loss": 2.7792647055217197, "Train_Reg_loss": 2.7756627787312027e-06, "Pos_loss": 7.9872355461120605, "Neg_loss": 1.230181097984314, "Recall@5": 0.012448951716431629, "Recall@10": 0.026089101741056157, "Recall@20": 0.048248889621420245, "NDCG@5": 0.009358400659477786, "NDCG@10": 0.014186699172135697, "NDCG@20": 0.02053923820930793, "Recall@5_total_best": 0.012403439246014739, "Recall@10_total_best": 0.026853360456244518, "Recall@20_total_best": 0.04873134889859551, "ndcg@5_total_best": 0.009374700041033005, "ndcg@10_total_best": 0.014414520302812326, "ndcg@20_total_best": 0.020630136357604016, "EPOCH_ndcg_best": 950, "Recall@5_ndcg_best": 0.01254452790430711, "Recall@10_ndcg_best": 0.026888795165354817, "Recall@20_ndcg_best": 0.04845827407609415, "ndcg@5_ndcg_best": 0.0094193453789421, "ndcg@10_ndcg_best": 0.014430927923717817, "ndcg@20_ndcg_best": 0.02055437230404411, "gradients/mass_i.weight": {"_type": "histogram", "values": [1.0, 0.0, 0.0, 0.0, 0.0, 0.0, 0.0, 0.0, 0.0, 0.0, 0.0, 0.0, 0.0, 0.0, 0.0, 1.0, 0.0, 0.0, 1.0, 1.0, 1.0, 0.0, 0.0, 1.0, 0.0, 2.0, 0.0, 1.0, 0.0, 0.0, 2.0, 1.0, 0.0, 2.0, 1.0, 5.0, 1.0, 1.0, 4.0, 1.0, 7.0, 8.0, 5.0, 20.0, 9.0, 34.0, 22.0, 6.0, 176.0, 86.0, 875.0, 172.0, 6714.0, 302.0, 136.0, 0.0, 57.0, 23.0, 16.0, 13.0, 3.0, 1.0, 0.0, 1.0], "bins": [-0.002586904214695096, -0.0025377843994647264, -0.0024886643514037132, -0.0024395445361733437, -0.002390424720942974, -0.002341304672881961, -0.0022921848576515913, -0.0022430650424212217, -0.0021939449943602085, -0.002144825179129839, -0.0020957051310688257, -0.002046585315838456, -0.0019974655006080866, -0.0019483454525470734, -0.0018992256373167038, -0.0018501057056710124, -0.0018009858904406428, -0.0017518659587949514, -0.0017027461435645819, -0.0016536262119188905, -0.001604506280273199, -0.0015553864650428295, -0.0015062665333971381, -0.0014571466017514467, -0.0014080267865210772, -0.0013589068548753858, -0.0013097870396450162, -0.0012606671079993248, -0.0012115471763536334, -0.001162427244707942, -0.0011133074294775724, -0.001064187497831881, -0.0010150675661861897, -0.0009659476927481592, -0.0009168277611024678, -0.0008677078876644373, -0.0008185879560187459, -0.0007694680825807154, -0.0007203482091426849, -0.0006712282774969935, -0.0006221083458513021, -0.0005729884724132717, -0.0005238685407675803, -0.0004747486673295498, -0.00042562876478768885, -0.0003765088622458279, -0.00032738898880779743, -0.0002782690862659365, -0.00022914918372407556, -0.00018002928118221462, -0.0001309093931922689, -8.17895052023232e-05, -3.266960266046226e-05, 1.6450299881398678e-05, 6.557017331942916e-05, 0.0001146900758612901, 0.00016380997840315104, 0.00021292988094501197, 0.0002620497834868729, 0.0003111696569249034, 0.00036028955946676433, 0.00040940946200862527, 0.00045852933544665575, 0.0005076492670923471, 0.0005567691405303776]}, "gradients/mass_u.weight": {"_type": "histogram", "values": [1.0, 0.0, 0.0, 0.0, 0.0, 3.0, 1.0, 0.0, 0.0, 0.0, 0.0, 0.0, 2.0, 0.0, 0.0, 0.0, 0.0, 0.0, 1.0, 0.0, 0.0, 0.0, 1.0, 1.0, 0.0, 0.0, 1.0, 0.0, 0.0, 1.0, 0.0, 0.0, 0.0, 1.0, 1.0, 1.0, 0.0, 1.0, 3.0, 3.0, 1.0, 1.0, 3.0, 1.0, 1.0, 8.0, 5.0, 4.0, 3.0, 7.0, 11.0, 11.0, 7.0, 34.0, 30.0, 22.0, 31.0, 74.0, 85.0, 45.0, 47.0, 53.0, 13.0, 14162.0], "bins": [-0.0027193487621843815, -0.0026768590323626995, -0.002634369069710374, -0.002591879339888692, -0.0025493893772363663, -0.0025068996474146843, -0.0024644099175930023, -0.0024219199549406767, -0.0023794302251189947, -0.0023369404952973127, -0.002294450532644987, -0.002251960802823305, -0.0022094708401709795, -0.0021669811103492975, -0.002124491147696972, -0.00208200141787529, -0.002039511688053608, -0.001997021958231926, -0.0019545319955796003, -0.0019120422657579184, -0.0018695524195209146, -0.0018270625732839108, -0.001784572727046907, -0.0017420828808099031, -0.0016995929181575775, -0.0016571030719205737, -0.00161461322568357, -0.001572123495861888, -0.0015296336496248841, -0.0014871438033878803, -0.0014446539571508765, -0.0014021641109138727, -0.0013596743810921907, -0.001317184534855187, -0.0012746946886181831, -0.0012322049587965012, -0.0011897151125594974, -0.0011472252663224936, -0.0011047354200854897, -0.001062245573848486, -0.001019755844026804, -0.0009772659977898002, -0.0009347762097604573, -0.0008922863635234535, -0.0008497965754941106, -0.0008073067292571068, -0.000764816883020103, -0.0007223270367830992, -0.0006798371905460954, -0.0006373473443090916, -0.0005948575562797487, -0.0005523677100427449, -0.000509877922013402, -0.0004673880757763982, -0.0004248982295393944, -0.00038240841240622103, -0.0003399185952730477, -0.00029742877813987434, -0.000254938961006701, -0.0002124491147696972, -0.00016995929763652384, -0.0001274694805033505, -8.497963426634669e-05, -4.2489817133173347e-05, 0.0]}, "gradients/embedding_user.weight": {"_type": "histogram", "values": [1.0, 1.0, 0.0, 0.0, 0.0, 1.0, 0.0, 0.0, 0.0, 1.0, 0.0, 1.0, 4.0, 4.0, 3.0, 6.0, 4.0, 4.0, 7.0, 12.0, 20.0, 21.0, 34.0, 58.0, 73.0, 121.0, 200.0, 319.0, 551.0, 911.0, 1469.0, 2202.0, 3398.0, 4901.0, 10440.0, 175291.0, 647983.0, 72031.0, 7024.0, 4371.0, 2997.0, 1964.0, 1177.0, 758.0, 442.0, 276.0, 176.0, 104.0, 65.0, 39.0, 37.0, 22.0, 14.0, 15.0, 15.0, 1.0, 5.0, 0.0, 6.0, 1.0, 1.0, 0.0, 1.0, 1.0], "bins": [-9.910950029734522e-05, -9.638317715143785e-05, -9.365685400553048e-05, -9.093052358366549e-05, -8.820420043775812e-05, -8.547787729185075e-05, -8.275154686998576e-05, -8.002522372407839e-05, -7.729890057817101e-05, -7.457257743226364e-05, -7.184625428635627e-05, -6.911992386449128e-05, -6.639360071858391e-05, -6.366727757267654e-05, -6.094095078879036e-05, -5.821462400490418e-05, -5.548830085899681e-05, -5.2761977713089436e-05, -5.003565092920326e-05, -4.730932414531708e-05, -4.4583000999409705e-05, -4.185667785350233e-05, -3.9130351069616154e-05, -3.6404024285729975e-05, -3.36777011398226e-05, -3.095137799391523e-05, -2.822505121002905e-05, -2.5498726245132275e-05, -2.27724012802355e-05, -2.0046076315338723e-05, -1.7319751350441948e-05, -1.4593426385545172e-05, -1.1867094144690782e-05, -9.140769179794006e-06, -6.41444421489723e-06, -3.6881192500004545e-06, -9.617942851036787e-07, 1.764530679793097e-06, 4.490855644689873e-06, 7.217180609586649e-06, 9.943505574483424e-06, 1.26698305393802e-05, 1.5396155504276976e-05, 1.8122480469173752e-05, 2.0848805434070528e-05, 2.3575130398967303e-05, 2.630145536386408e-05, 2.9027780328760855e-05, 3.175410529365763e-05, 3.4480428439565e-05, 3.720675522345118e-05, 3.993308200733736e-05, 4.2659405153244734e-05, 4.5385728299152106e-05, 4.8112055083038285e-05, 5.0838381866924465e-05, 5.356470501283184e-05, 5.629102815873921e-05, 5.901735494262539e-05, 6.174368172651157e-05, 6.447000487241894e-05, 6.719632801832631e-05, 6.992265116423368e-05, 7.264898158609867e-05, 7.537530473200604e-05]}, "gradients/embedding_item.weight": {"_type": "histogram", "values": [2.0, 0.0, 2.0, 1.0, 1.0, 0.0, 0.0, 0.0, 4.0, 3.0, 3.0, 8.0, 12.0, 12.0, 21.0, 30.0, 32.0, 67.0, 78.0, 133.0, 229.0, 293.0, 540.0, 849.0, 1337.0, 2281.0, 3859.0, 6206.0, 10312.0, 16900.0, 26279.0, 39358.0, 51866.0, 59969.0, 61072.0, 61823.0, 60234.0, 51142.0, 37594.0, 25228.0, 15783.0, 9510.0, 5580.0, 3445.0, 2198.0, 1182.0, 784.0, 490.0, 313.0, 162.0, 114.0, 80.0, 64.0, 39.0, 25.0, 37.0, 18.0, 10.0, 4.0, 5.0, 4.0, 1.0, 1.0, 3.0],