{"TOTAL_BEST_METRIC": 0.4719120387953236, "BEST_NDCG@10": 0.05666982200850906, "_timestamp": 1688609830.3873575, "_runtime": 1683.6722264289856, "_step": 1130, "epoch": 1000, "Train_Metric_loss": 1.4059580990246363, "Train_Reg_loss": 0.00010403868925225521, "Pos_loss": 8.305316925048828, "Neg_loss": 0.3601193130016327, "Recall@5": 0.06012805873043662, "Recall@10": 0.09452134991646402, "Recall@20": 0.14322190239056923, "NDCG@5": 0.04391833611748428, "NDCG@10": 0.055877690390705725, "NDCG@20": 0.06971314425896234, "Recall@5_total_best": 0.060108331734330604, "Recall@10_total_best": 0.09682600980236367, "Recall@20_total_best": 0.14432940179835754, "ndcg@5_total_best": 0.04389821194062695, "ndcg@10_total_best": 0.05666982200850906, "ndcg@20_total_best": 0.07008026151113586, "EPOCH_ndcg_best": 480, "Recall@5_ndcg_best": 0.060108331734330604, "Recall@10_ndcg_best": 0.09682600980236367, "Recall@20_ndcg_best": 0.14432940179835754, "ndcg@5_ndcg_best": 0.04389821194062695, "ndcg@10_ndcg_best": 0.05666982200850906, "ndcg@20_ndcg_best": 0.07008026151113586, "gradients/mass_i.weight": {"_type": "histogram", "values": [1.0, 0.0, 0.0, 0.0, 1.0, 0.0, 0.0, 0.0, 0.0, 0.0, 0.0, 1.0, 1.0, 0.0, 1.0, 1.0, 0.0, 0.0, 1.0, 0.0, 1.0, 4.0, 0.0, 0.0, 0.0, 2.0, 1.0, 1.0, 1.0, 2.0, 3.0, 2.0, 4.0, 3.0, 7.0, 8.0, 12.0, 13.0, 21.0, 25.0, 28.0, 33.0, 57.0, 66.0, 71.0, 86.0, 268.0, 344.0, 234.0, 124.0, 101.0, 6393.0, 297.0, 279.0, 131.0, 50.0, 17.0, 10.0, 4.0, 1.0, 0.0, 1.0, 0.0, 1.0], "bins": [-0.0003358397225383669, -0.00032931598252616823, -0.00032279224251396954, -0.0003162684733979404, -0.0003097447333857417, -0.000303220993373543, -0.00029669725336134434, -0.00029017351334914565, -0.00028364977333694696, -0.0002771260333247483, -0.0002706022933125496, -0.00026407852419652045, -0.00025755478418432176, -0.0002510310441721231, -0.0002445073041599244, -0.0002379835641477257, -0.00023145979503169656, -0.00022493605501949787, -0.00021841230045538396, -0.00021188856044318527, -0.00020536480587907135, -0.00019884106586687267, -0.00019231732585467398, -0.0001857935858424753, -0.00017926983127836138, -0.0001727460912661627, -0.00016622233670204878, -0.0001596985966898501, -0.0001531748566776514, -0.0001466511021135375, -0.0001401273621013388, -0.0001336036075372249, -0.0001270798675250262, -0.0001205561202368699, -0.0001140323729487136, -0.00010750863293651491, -0.00010098488564835861, -9.446113836020231e-05, -8.793739834800363e-05, -8.141365105984733e-05, -7.488989649573341e-05, -6.836614920757711e-05, -6.184240919537842e-05, -5.531866190722212e-05, -4.879491461906582e-05, -4.227116733090952e-05, -3.574742368073203e-05, -2.9223680030554533e-05, -2.2699932742398232e-05, -1.6176187273231335e-05, -9.652441804064438e-06, -3.1286963348975405e-06, 3.3950491342693567e-06, 9.918796422425658e-06, 1.644254007260315e-05, 2.2966283722780645e-05, 2.9490031010936946e-05, 3.6013778299093246e-05, 4.253752194927074e-05, 4.9061265599448234e-05, 5.5585012887604535e-05, 6.210876017576084e-05, 6.863250746391714e-05, 7.515624747611582e-05, 8.167999476427212e-05]}, "gradients/mass_u.weight": {"_type": "histogram", "values": [1.0, 0.0, 0.0, 0.0, 1.0, 0.0, 0.0, 0.0, 0.0, 0.0, 0.0, 0.0, 0.0, 0.0, 0.0, 0.0, 0.0, 0.0, 0.0, 0.0, 0.0, 1.0, 0.0, 0.0, 0.0, 0.0, 1.0, 0.0, 1.0, 0.0, 2.0, 0.0, 0.0, 1.0, 0.0, 1.0, 1.0, 0.0, 1.0, 2.0, 2.0, 0.0, 2.0, 0.0, 2.0, 8.0, 4.0, 3.0, 2.0, 4.0, 5.0, 10.0, 13.0, 11.0, 17.0, 22.0, 31.0, 37.0, 73.0, 86.0, 90.0, 42.0, 13.0, 14191.0], "bins": [-0.0015940492739900947, -0.001569142215885222, -0.001544235274195671, -0.0015193282160907984, -0.0014944211579859257, -0.0014695142162963748, -0.001444607158191502, -0.0014197001000866294, -0.0013947931583970785, -0.0013698861002922058, -0.001344979158602655, -0.0013200721004977822, -0.0012951650423929095, -0.0012702581007033587, -0.001245351042598486, -0.0012204439844936132, -0.0011955369263887405, -0.0011706298682838678, -0.001145722926594317, -0.0011208158684894443, -0.0010959088103845716, -0.0010710018686950207, -0.001046094810590148, -0.0010211877524852753, -0.0009962808107957244, -0.0009713738108985126, -0.0009464667527936399, -0.0009215597528964281, -0.0008966527529992163, -0.0008717456948943436, -0.0008468386949971318, -0.0008219316368922591, -0.0007970246369950473, -0.0007721176370978355, -0.0007472105789929628, -0.000722303579095751, -0.0006973965791985393, -0.0006724895210936666, -0.0006475825211964548, -0.000622675521299243, -0.0005977684631943703, -0.0005728614632971585, -0.0005479544051922858, -0.000523047405295074, -0.0004981404053978622, -0.0004732333472929895, -0.0004483263473957777, -0.00042341931839473546, -0.00039851231849752367, -0.0003736052894964814, -0.00034869828959926963, -0.0003237912605982274, -0.00029888423159718513, -0.00027397723169997334, -0.0002490702026989311, -0.00022416317369788885, -0.00019925615924876183, -0.00017434914479963481, -0.00014944211579859257, -0.00012453510134946555, -9.962807962438092e-05, -7.472105789929628e-05, -4.9814043450169265e-05, -2.490701444912702e-05, 0.0]}, "gradients/embedding_user.weight": {"_type": "histogram", "values": [1.0, 0.0, 0.0, 1.0, 1.0, 2.0, 1.0, 0.0, 2.0, 1.0, 2.0, 2.0, 7.0, 5.0, 10.0, 23.0, 23.0, 38.0, 48.0, 93.0, 124.0, 238.0, 457.0, 962.0, 2667.0, 12066.0, 109885.0, 476553.0, 288977.0, 38947.0, 5366.0, 1634.0, 669.0, 286.0, 203.0, 103.0, 49.0, 35.0, 23.0, 19.0, 15.0, 11.0, 4.0, 10.0, 6.0, 2.0, 3.0, 2.0, 0.0, 1.0, 1.0, 1.0, 1.0, 0.0, 0.0, 0.0, 2.0, 0.0, 0.0, 0.0, 1.0, 0.0, 0.0, 1.0], "bins": [-0.00032417927286587656, -0.00031250156462192535, -0.00030082385637797415, -0.00028914614813402295, -0.00027746843989007175, -0.00026579073164612055, -0.00025411302340216935, -0.00024243531515821815, -0.00023075760691426694, -0.00021907989867031574, -0.00020740219042636454, -0.00019572448218241334, -0.00018404677393846214, -0.00017236906569451094, -0.00016069135745055974, -0.00014901364920660853, -0.0001373359264107421, -0.0001256582181667909, -0.0001139805099228397, -0.0001023028016788885, -9.06250934349373e-05, -7.89473851909861e-05, -6.726966967107728e-05, -5.559196142712608e-05, -4.391425318317488e-05, -3.223654493922368e-05, -2.0558834876283072e-05, -8.881124813342467e-06, 2.7965834306087345e-06, 1.4474291674559936e-05, 2.6152003556489944e-05, 3.7829711800441146e-05, 4.950742004439235e-05, 6.118512828834355e-05, 7.286283653229475e-05, 8.454054477624595e-05, 9.621825302019715e-05, 0.00010789596126414835, 0.00011957367678405717, 0.00013125137775205076, 0.00014292908599600196, 0.00015460679423995316, 0.00016628450248390436, 0.00017796221072785556, 0.00018963991897180676, 0.00020131762721575797, 0.00021299533545970917, 0.00022467304370366037, 0.0002363507664995268, 0.00024802848929539323, 0.00025970619753934443, 0.00027138390578329563, 0.00028306161402724683, 0.00029473932227119803, 0.00030641703051514924, 0.00031809473875910044, 0.00032977244700305164, 0.00034145015524700284, 0.00035312786349095404, 0.00036480557173490524, 0.00037648327997885644, 0.00038816098822280765, 0.00039983869646675885, 0.00041151640471071005, 0.00042319411295466125]}, "gradients/embedding_item.weight": {"_type": "histogram", "values": [1.0, 0.0, 1.0, 1.0, 0.0, 1.0, 3.0, 1.0, 3.0, 3.0, 7.0, 15.0, 16.0, 29.0, 46.0, 81.0, 121.0, 203.0, 351.0, 573.0, 972.0, 1803.0, 3723.0, 8105.0, 18470.0, 42166.0, 215817.0, 190392.0, 40797.0, 18064.0, 7933.0, 3678.0, 1869.0, 976.0, 549.0, 321.0, 181.0, 140.0, 81.0, 53.0, 28.0, 20.0, 11.0, 7.0, 3.0, 3.0, 4.0, 4.0, 0.0, 2.0, 2.0, 0.0, 0.0, 1.0, 0.0, 0.0, 0.0, 0.0, 0.0, 0.0, 0.0, 0.0, 0.0, 1.0],