{"TOTAL_BEST_METRIC": 0.45394093248734574, "BEST_NDCG@10": 0.05398491407837511, "_timestamp": 1688554245.5532231, "_runtime": 844.0905721187592, "_step": 656, "epoch": 569, "Train_Metric_loss": 1.0237524594579424, "Train_Reg_loss": 0.0002200322601960839, "Pos_loss": 8.749326705932617, "Neg_loss": 0.08769801259040833, "Recall@5": 0.05446750951427356, "Recall@10": 0.0873391520700117, "Recall@20": 0.13564355369415879, "NDCG@5": 0.03894112543444087, "NDCG@10": 0.050474809545046316, "NDCG@20": 0.06411882619525269, "Recall@5_total_best": 0.0575549715773637, "Recall@10_total_best": 0.09397841914585713, "Recall@20_total_best": 0.13998136251892832, "ndcg@5_total_best": 0.041491163078111994, "ndcg@10_total_best": 0.05398491407837511, "ndcg@20_total_best": 0.06695010208870951, "EPOCH_ndcg_best": 300, "Recall@5_ndcg_best": 0.0575549715773637, "Recall@10_ndcg_best": 0.09397841914585713, "Recall@20_ndcg_best": 0.13998136251892832, "ndcg@5_ndcg_best": 0.041491163078111994, "ndcg@10_ndcg_best": 0.05398491407837511, "ndcg@20_ndcg_best": 0.06695010208870951, "gradients/mass_i.weight": {"_type": "histogram", "values": [1.0, 0.0, 1.0, 0.0, 0.0, 1.0, 1.0, 1.0, 1.0, 1.0, 0.0, 0.0, 0.0, 1.0, 1.0, 4.0, 5.0, 4.0, 5.0, 5.0, 7.0, 10.0, 14.0, 10.0, 21.0, 34.0, 36.0, 42.0, 72.0, 95.0, 129.0, 164.0, 79.0, 110.0, 105.0, 7176.0, 31.0, 103.0, 129.0, 91.0, 54.0, 47.0, 27.0, 20.0, 13.0, 12.0, 17.0, 6.0, 4.0, 1.0, 5.0, 1.0, 4.0, 5.0, 0.0, 1.0, 1.0, 1.0, 1.0, 1.0, 0.0, 0.0, 0.0, 2.0], "bins": [-0.0004978224751539528, -0.00048369591240771115, -0.0004695693787652999, -0.00045544281601905823, -0.00044131625327281654, -0.00042718969052657485, -0.0004130631568841636, -0.00039893659413792193, -0.00038481003139168024, -0.00037068346864543855, -0.0003565569350030273, -0.00034243037225678563, -0.00032830380951054394, -0.00031417724676430225, -0.000300050713121891, -0.00028592415037564933, -0.0002717976167332381, -0.0002576710539869964, -0.00024354450579266995, -0.0002294179575983435, -0.0002152913948521018, -0.00020116484665777534, -0.00018703829846344888, -0.0001729117357172072, -0.00015878518752288073, -0.00014465863932855427, -0.00013053207658231258, -0.00011640552838798612, -0.00010227897291770205, -8.815241744741797e-05, -7.402586925309151e-05, -5.989931378280744e-05, -4.577272920869291e-05, -3.1646173738408834e-05, -1.7519621906103566e-05, -3.393070073798299e-06, 1.0733485396485776e-05, 2.486004086676985e-05, 3.898658906109631e-05, 5.3113144531380385e-05, 6.723970000166446e-05, 8.136625547194853e-05, 9.549281094223261e-05, 0.00010961935913655907, 0.00012374590733088553, 0.00013787247007712722, 0.00015199901827145368, 0.00016612556646578014, 0.00018025212921202183, 0.0001943786774063483, 0.00020850524015258998, 0.00022263178834691644, 0.00023675835109315813, 0.0002508849138393998, 0.00026501144748181105, 0.00027913801022805274, 0.0002932645729742944, 0.0003073911357205361, 0.00032151766936294734, 0.00033564423210918903, 0.0003497707948554307, 0.0003638973576016724, 0.00037802389124408364, 0.00039215045399032533, 0.00040627698763273656]}, "gradients/mass_u.weight": {"_type": "histogram", "values": [1.0, 0.0, 0.0, 0.0, 0.0, 0.0, 0.0, 0.0, 0.0, 0.0, 0.0, 0.0, 0.0, 0.0, 0.0, 0.0, 0.0, 0.0, 0.0, 0.0, 0.0, 0.0, 0.0, 0.0, 0.0, 0.0, 0.0, 0.0, 0.0, 0.0, 0.0, 0.0, 1.0, 0.0, 0.0, 0.0, 1.0, 0.0, 0.0, 0.0, 0.0, 1.0, 1.0, 0.0, 1.0, 2.0, 0.0, 1.0, 2.0, 2.0, 3.0, 3.0, 3.0, 1.0, 5.0, 7.0, 3.0, 7.0, 11.0, 25.0, 61.0, 121.0, 190.0, 14228.0], "bins": [-0.001694236882030964, -0.0016677643870934844, -0.0016412920085713267, -0.0016148195136338472, -0.0015883471351116896, -0.00156187464017421, -0.0015354021452367306, -0.001508929766714573, -0.0014824572717770934, -0.001455984776839614, -0.0014295123983174562, -0.0014030399033799767, -0.0013765674084424973, -0.0013500950299203396, -0.00132362253498286, -0.0012971501564607024, -0.001270677661523223, -0.0012442051665857434, -0.0012177327880635858, -0.0011912602931261063, -0.0011647879146039486, -0.001138315419666469, -0.0011118429247289896, -0.001085370546206832, -0.0010588980512693524, -0.001032425556331873, -0.0010059531778097153, -0.0009794806828722358, -0.0009530082461424172, -0.0009265358094125986, -0.0009000633144751191, -0.0008735908777453005, -0.000847118441015482, -0.0008206460042856634, -0.0007941735675558448, -0.0007677010726183653, -0.0007412286358885467, -0.0007147561991587281, -0.0006882837042212486, -0.00066181126749143, -0.0006353388307616115, -0.0006088663940317929, -0.0005823939573019743, -0.0005559214623644948, -0.0005294490256346762, -0.0005029765889048576, -0.0004765041230712086, -0.00045003165723755956, -0.000423559220507741, -0.0003970867837779224, -0.00037061431794427335, -0.0003441418521106243, -0.00031766941538080573, -0.00029119697865098715, -0.0002647245128173381, -0.0002382520615356043, -0.0002117796102538705, -0.00018530715897213668, -0.00015883470769040287, -0.00013236225640866905, -0.00010588980512693524, -7.941735384520143e-05, -5.294490256346762e-05, -2.647245128173381e-05, 0.0]}, "gradients/embedding_user.weight": {"_type": "histogram", "values": [1.0, 0.0, 0.0, 0.0, 0.0, 0.0, 1.0, 0.0, 5.0, 1.0, 2.0, 1.0, 1.0, 3.0, 6.0, 10.0, 6.0, 18.0, 32.0, 46.0, 63.0, 106.0, 163.0, 259.0, 415.0, 813.0, 1435.0, 2588.0, 5306.0, 18293.0, 100258.0, 357763.0, 334617.0, 90546.0, 16317.0, 4942.0, 2316.0, 1340.0, 790.0, 442.0, 249.0, 155.0, 89.0, 53.0, 50.0, 29.0, 15.0, 17.0, 3.0, 7.0, 2.0, 2.0, 1.0, 1.0, 4.0, 0.0, 0.0, 0.0, 1.0, 0.0, 0.0, 0.0, 0.0, 1.0], "bins": [-0.0011526294983923435, -0.0011165813775733113, -0.0010805332567542791, -0.0010444852523505688, -0.0010084371315315366, -0.0009723890107125044, -0.0009363408898934722, -0.00090029276907444, -0.0008642447064630687, -0.0008281965856440365, -0.0007921485230326653, -0.0007561004022136331, -0.0007200522813946009, -0.0006840042187832296, -0.0006479560979641974, -0.0006119080353528261, -0.0005758599145337939, -0.0005398117937147617, -0.0005037637311033905, -0.00046771561028435826, -0.00043166751856915653, -0.0003956194268539548, -0.0003595713060349226, -0.00032352321431972086, -0.00028747512260451913, -0.0002514270308893174, -0.00021537892462220043, -0.00017933081835508347, -0.00014328272663988173, -0.00010723463492468, -7.118652865756303e-05, -3.513842239044607e-05, 9.095529094338417e-07, 3.695765190059319e-05, 7.300575089175254e-05, 0.00010905384988291189, 0.00014510194887407124, 0.00018115004058927298, 0.00021719814685638994, 0.0002532462531235069, 0.00028929434483870864, 0.0003253424365539104, 0.0003613905282691121, 0.0003974386490881443, 0.00043348674080334604, 0.0004695348325185478, 0.00050558295333758, 0.0005416310159489512, 0.0005776791367679834, 0.0006137272575870156, 0.0006497753201983869, 0.0006858234410174191, 0.0007218715036287904, 0.0007579196244478226, 0.0007939677452668548, 0.000830015866085887, 0.0008660639286972582, 0.0009021120495162904, 0.0009381601121276617, 0.0009742082329466939, 0.001010256353765726, 0.0010463043581694365, 0.0010823524789884686, 0.0011184005998075008, 0.001154448720626533]}, "gradients/embedding_item.weight": {"_type": "histogram", "values": [1.0, 1.0, 0.0, 3.0, 3.0, 1.0, 3.0, 9.0, 11.0, 17.0, 26.0, 30.0, 37.0, 51.0, 88.0, 116.0, 148.0, 210.0, 271.0, 393.0, 601.0, 914.0, 1307.0, 1936.0, 3175.0, 5066.0, 8597.0, 14174.0, 23982.0, 39454.0, 81617.0, 248034.0, 48516.0, 31425.0, 18549.0, 11039.0, 6532.0, 3906.0, 2456.0, 1532.0, 1076.0, 713.0, 479.0, 372.0, 241.0, 160.0, 90.0, 74.0, 59.0, 39.0, 32.0, 25.0, 15.0, 8.0, 3.0, 2.0, 3.0, 3.0, 2.0, 1.0, 0.0, 2.0, 0.0, 2.0],