{"TOTAL_BEST_METRIC": 0.23356521534190738, "BEST_NDCG@10": 0.026772454308969046, "_timestamp": 1688298961.8095856, "_runtime": 65.43615865707397, "_step": 203, "epoch": 164, "Train_Metric_loss": -0.14601515233516693, "Train_Reg_loss": 1.4955629410451365e-07, "Pos_loss": -0.06008066236972809, "Neg_loss": 0.06049031391739845, "Recall@5": 0.027162507972396673, "Recall@10": 0.04747005691969057, "Recall@20": 0.07739010341784547, "NDCG@5": 0.01958710906286667, "NDCG@10": 0.026772454308969046, "NDCG@20": 0.03518298366013896, "Recall@5_total_best": 0.027162507972396673, "Recall@10_total_best": 0.04747005691969057, "Recall@20_total_best": 0.07739010341784547, "ndcg@5_total_best": 0.01958710906286667, "ndcg@10_total_best": 0.026772454308969046, "ndcg@20_total_best": 0.03518298366013896, "EPOCH_ndcg_best": 160, "Recall@5_ndcg_best": 0.027162507972396673, "Recall@10_ndcg_best": 0.04747005691969057, "Recall@20_ndcg_best": 0.07739010341784547, "ndcg@5_ndcg_best": 0.01958710906286667, "ndcg@10_ndcg_best": 0.026772454308969046, "ndcg@20_ndcg_best": 0.03518298366013896, "_wandb": {"runtime": 65}}