{"TOTAL_BEST_METRIC": 1.114580370655917, "BEST_NDCG@10": 0.1436227822752938, "_timestamp": 1688440561.1134841, "_runtime": 999.5780322551727, "_step": 1240, "epoch": 1000, "Train_Metric_loss": 4.29579439163208, "Train_Reg_loss": 3.6202764749759805e-05, "Pos_loss": 8.55802059173584, "Neg_loss": 0.14648760855197906, "Recall@5": 0.1534261856805064, "Recall@10": 0.22116299351743168, "Recall@20": 0.3063733155083342, "NDCG@5": 0.11878788407885567, "NDCG@10": 0.14277179084968417, "NDCG@20": 0.167000816761372, "Recall@5_total_best": 0.1536543178427512, "Recall@10_total_best": 0.2226061610870605, "Recall@20_total_best": 0.307876646475002, "ndcg@5_total_best": 0.11924110016878188, "ndcg@10_total_best": 0.14344024265366187, "ndcg@20_total_best": 0.1677619024286596, "EPOCH_ndcg_best": 980, "Recall@5_ndcg_best": 0.1538608835248748, "Recall@10_ndcg_best": 0.22261740658183415, "Recall@20_ndcg_best": 0.3061273082037666, "ndcg@5_ndcg_best": 0.11958927603565075, "ndcg@10_ndcg_best": 0.1436227822752938, "ndcg@20_ndcg_best": 0.1673834010018424, "gradients/mass_i.weight": {"_type": "histogram", "values": [1.0, 2.0, 1.0, 0.0, 0.0, 0.0, 0.0, 2.0, 1.0, 0.0, 0.0, 1.0, 1.0, 0.0, 1.0, 1.0, 0.0, 3.0, 1.0, 0.0, 2.0, 0.0, 3.0, 2.0, 4.0, 3.0, 14.0, 13.0, 7.0, 7.0, 15.0, 18.0, 9.0, 22.0, 46.0, 22.0, 51.0, 111.0, 99.0, 238.0, 68.0, 185.0, 2032.0, 111.0, 194.0, 39.0, 109.0, 25.0, 36.0, 24.0, 19.0, 11.0, 5.0, 4.0, 1.0, 1.0, 0.0, 0.0, 0.0, 1.0, 1.0, 0.0, 0.0, 1.0], "bins": [-0.001549688633531332, -0.0015134006971493363, -0.0014771128771826625, -0.0014408249408006668, -0.001404537120833993, -0.0013682491844519973, -0.0013319612480700016, -0.0012956734281033278, -0.001259385491721332, -0.0012230975553393364, -0.0011868097353726625, -0.0011505217989906669, -0.0011142338626086712, -0.0010779460426419973, -0.0010416581062600017, -0.001005370169878006, -0.0009690823499113321, -0.0009327944717369974, -0.0008965065935626626, -0.0008602186571806669, -0.0008239307790063322, -0.0007876429008319974, -0.0007513549644500017, -0.000715067086275667, -0.0006787792081013322, -0.0006424913299269974, -0.0006062034517526627, -0.000569915515370667, -0.0005336276371963322, -0.0004973397590219975, -0.00046105185174383223, -0.000424763944465667, -0.00038847618270665407, -0.0003521883045323193, -0.0003159003972541541, -0.00027961248997598886, -0.0002433246118016541, -0.0002070367190754041, -0.00017074882634915411, -0.0001344609190709889, -9.817304089665413e-05, -6.188514817040414e-05, -2.5597255444154143e-05, 1.069063728209585e-05, 4.697853000834584e-05, 8.326642273459584e-05, 0.00011955431546084583, 0.00015584222273901105, 0.00019213010091334581, 0.0002284179936395958, 0.0002647058863658458, 0.000300993793644011, 0.0003372816718183458, 0.00037356954999268055, 0.00040985745727084577, 0.000446145364549011, 0.00048243324272334576, 0.0005187211208976805, 0.0005550089990720153, 0.000591296935454011, 0.0006275848136283457, 0.0006638726918026805, 0.0007001606281846762, 0.0007364485063590109, 0.0007727363845333457]}, "gradients/mass_u.weight": {"_type": "histogram", "values": [1.0, 0.0, 0.0, 0.0, 0.0, 1.0, 0.0, 1.0, 0.0, 0.0, 0.0, 0.0, 0.0, 0.0, 0.0, 1.0, 0.0, 0.0, 0.0, 0.0, 0.0, 0.0, 0.0, 0.0, 0.0, 0.0, 0.0, 0.0, 0.0, 0.0, 0.0, 0.0, 2.0, 0.0, 2.0, 0.0, 1.0, 0.0, 0.0, 0.0, 2.0, 2.0, 1.0, 2.0, 1.0, 3.0, 2.0, 1.0, 5.0, 1.0, 4.0, 10.0, 3.0, 6.0, 12.0, 7.0, 18.0, 21.0, 75.0, 95.0, 91.0, 69.0, 36.0, 5065.0], "bins": [-0.0025595477782189846, -0.0025195549242198467, -0.002479561837390065, -0.0024395689833909273, -0.0023995761293917894, -0.002359583042562008, -0.00231959018856287, -0.002279597334563732, -0.0022396042477339506, -0.0021996113937348127, -0.002159618306905031, -0.0021196254529058933, -0.0020796325989067554, -0.002039639512076974, -0.001999646658077836, -0.001959653804078698, -0.0019196608336642385, -0.0018796678632497787, -0.0018396750092506409, -0.0017996820388361812, -0.0017596890684217215, -0.0017196962144225836, -0.0016797032440081239, -0.0016397102735936642, -0.0015997174195945263, -0.0015597244491800666, -0.0015197315951809287, -0.001479738624766469, -0.0014397456543520093, -0.0013997526839375496, -0.0013597598299384117, -0.001319766859523952, -0.0012797738891094923, -0.0012397809186950326, -0.0011997880646958947, -0.001159795094281435, -0.0011198021238669753, -0.0010798091534525156, -0.0010398162994533777, -0.000999823329038918, -0.0009598304168321192, -0.0009198375046253204, -0.0008798445342108607, -0.0008398516220040619, -0.0007998587097972631, -0.0007598657393828034, -0.0007198728271760046, -0.0006798799149692059, -0.0006398869445547462, -0.0005998940323479474, -0.0005599010619334877, -0.0005199081497266889, -0.0004799152084160596, -0.00043992226710543036, -0.00039992935489863157, -0.0003599364135880023, -0.0003199434722773731, -0.0002799505309667438, -0.0002399576042080298, -0.00019996467744931579, -0.00015997173613868654, -0.00011997879482805729, -7.998586806934327e-05, -3.999294131062925e-05, 0.0]}, "gradients/embedding_user.weight": {"_type": "histogram", "values": [2.0, 0.0, 0.0, 0.0, 0.0, 2.0, 0.0, 0.0, 1.0, 1.0, 0.0, 5.0, 0.0, 2.0, 1.0, 6.0, 14.0, 16.0, 16.0, 24.0, 34.0, 61.0, 92.0, 135.0, 221.0, 339.0, 601.0, 1245.0, 2475.0, 7034.0, 34394.0, 123198.0, 132668.0, 38521.0, 7789.0, 2638.0, 1343.0, 705.0, 378.0, 241.0, 136.0, 96.0, 63.0, 41.0, 14.0, 20.0, 18.0, 7.0, 2.0, 6.0, 2.0, 4.0, 2.0, 2.0, 1.0, 1.0, 2.0, 1.0, 1.0, 2.0, 0.0, 0.0, 0.0, 1.0], "bins": [-0.0005664899363182485, -0.0005488130263984203, -0.0005311361746862531, -0.0005134592647664249, -0.0004957823548465967, -0.00047810544492676854, -0.0004604285641107708, -0.0004427516832947731, -0.0004250747733749449, -0.00040739786345511675, -0.00038972098263911903, -0.0003720441018231213, -0.00035436719190329313, -0.00033669028198346496, -0.00031901340116746724, -0.0003013365203514695, -0.00028365961043164134, -0.00026598270051181316, -0.00024830581969581544, -0.0002306289243279025, -0.00021295202895998955, -0.0001952751335920766, -0.00017759823822416365, -0.0001599213428562507, -0.00014224444748833776, -0.0001245675521204248, -0.00010689065675251186, -8.921376138459891e-05, -7.153686601668596e-05, -5.3859970648773015e-05, -3.6183075280860066e-05, -1.8506179912947118e-05, -8.292845450341702e-07, 1.6847610822878778e-05, 3.4524506190791726e-05, 5.2201401558704674e-05, 6.987829692661762e-05, 8.755519229453057e-05, 0.00010523208766244352, 0.00012290898303035647, 0.00014058587839826941, 0.00015826277376618236, 0.0001759396691340953, 0.00019361656450200826, 0.0002112934598699212, 0.00022897035523783416, 0.0002466472506057471, 0.0002643241314217448, 0.000282001041341573, 0.0002996779512614012, 0.0003173548320773989, 0.0003350317128933966, 0.0003527086228132248, 0.00037038553273305297, 0.0003880624135490507, 0.0004057392943650484, 0.0004234162042848766, 0.00044109311420470476, 0.0004587699950207025, 0.0004764468758367002, 0.0004941237857565284, 0.0005118006956763566, 0.0005294776055961847, 0.000547154457308352, 0.0005648313672281802]}, "gradients/embedding_item.weight": {"_type": "histogram", "values": [1.0, 0.0, 1.0, 1.0, 1.0, 1.0, 5.0, 6.0, 6.0, 14.0, 10.0, 15.0, 29.0, 45.0, 57.0, 92.0, 118.0, 171.0, 269.0, 345.0, 468.0, 750.0, 1096.0, 1705.0, 2855.0, 4769.0, 8246.0, 14246.0, 24806.0, 49910.0, 55143.0, 26177.0, 15106.0, 8542.0, 4897.0, 3038.0, 1857.0, 1146.0, 758.0, 515.0, 344.0, 222.0, 164.0, 129.0, 90.0, 52.0, 43.0, 22.0, 18.0, 17.0, 10.0, 7.0, 8.0, 7.0, 1.0, 0.0, 0.0, 0.0, 0.0, 0.0, 0.0, 0.0, 0.0, 1.0],