{"epoch": 837, "Train_Metric_loss": -13.363323593139649, "Train_Reg_loss": 0.07853005975484847, "_timestamp": 1688279006.9313574, "_runtime": 306.36592149734497, "_step": 925, "Recall@5": 0.08504787674204309, "Recall@10": 0.13174032311567965, "Recall@20": 0.18750897637370592, "NDCG@5": 0.06060542926477917, "NDCG@10": 0.07699388557591784, "NDCG@20": 0.09283309177249856, "Recall@5_total_best": 0.1166955696990934, "Recall@10_total_best": 0.1771221277940054, "Recall@20_total_best": 0.24963695664168284, "ndcg@5_total_best": 0.08821357109837669, "ndcg@10_total_best": 0.10942271819802654, "ndcg@20_total_best": 0.12990792344488414, "EPOCH_ndcg_best": 30, "Recall@5_ndcg_best": 0.1166955696990934, "Recall@10_ndcg_best": 0.1771221277940054, "Recall@20_ndcg_best": 0.24963695664168284, "ndcg@5_ndcg_best": 0.08821357109837669, "ndcg@10_ndcg_best": 0.10942271819802654, "ndcg@20_ndcg_best": 0.12990792344488414, "BEST_NDCG@10": 0.10942271819802654, "gradients/mass_i.weight": {"_type": "histogram", "values": [1.0, 1.0, 0.0, 0.0, 0.0, 0.0, 2.0, 0.0, 0.0, 2.0, 2.0, 2.0, 2.0, 1.0, 2.0, 2.0, 3.0, 3.0, 6.0, 10.0, 13.0, 21.0, 22.0, 33.0, 30.0, 40.0, 6.0, 17.0, 3300.0, 2.0, 12.0, 10.0, 6.0, 1.0, 3.0, 1.0, 3.0, 0.0, 1.0, 0.0, 0.0, 1.0, 0.0, 0.0, 2.0, 1.0, 1.0, 0.0, 0.0, 0.0, 0.0, 1.0, 0.0, 0.0, 1.0, 0.0, 0.0, 0.0, 0.0, 0.0, 0.0, 0.0, 0.0, 1.0], "bins": [-0.00017957713862415403, -0.00017318094614893198, -0.0001667847391217947, -0.00016038854664657265, -0.0001539923541713506, -0.00014759614714421332, -0.00014119995466899127, -0.00013480376219376922, -0.00012840755516663194, -0.00012201135541545227, -0.00011561516294023022, -0.00010921896318905056, -0.00010282276343787089, -9.642656368669122e-05, -9.003037121146917e-05, -8.363417146028951e-05, -7.723797898506746e-05, -7.084177923388779e-05, -6.444558675866574e-05, -5.8049387007486075e-05, -5.165318725630641e-05, -4.525699114310555e-05, -3.886079502990469e-05, -3.246459527872503e-05, -2.606839916552417e-05, -1.9672201233333908e-05, -1.3276004210638348e-05, -6.879807187942788e-06, -4.836092557525262e-07, 5.9125886764377356e-06, 1.2308784789638594e-05, 1.870498454081826e-05, 2.5101180654019117e-05, 3.1497376767219976e-05, 3.789357651839964e-05, 4.42897726316005e-05, 5.0685972382780164e-05, 5.708216849598102e-05, 6.347836460918188e-05, 6.987456436036155e-05, 7.627076411154121e-05, 8.266696386272088e-05, 8.906315633794293e-05, 9.54593560891226e-05, 0.00010185555584030226, 0.00010825175559148192, 0.00011464794806670398, 0.00012104414781788364, 0.0001274403475690633, 0.00013383654004428536, 0.00014023274707142264, 0.0001466289395466447, 0.00015302513202186674, 0.00015942133904900402, 0.00016581753152422607, 0.00017221373855136335, 0.00017860991647467017, 0.00018500610894989222, 0.0001914023159770295, 0.00019779850845225155, 0.0002041947009274736, 0.00021059090795461088, 0.00021698710042983294, 0.00022338330745697021, 0.00022977949993219227]}, "gradients/mass_u.weight": {"_type": "histogram", "values": [1.0, 0.0, 0.0, 0.0, 0.0, 0.0, 0.0, 0.0, 0.0, 0.0, 0.0, 0.0, 1.0, 0.0, 1.0, 1.0, 0.0, 0.0, 1.0, 1.0, 1.0, 0.0, 0.0, 2.0, 1.0, 3.0, 2.0, 1.0, 3.0, 2.0, 5.0, 5.0, 4.0, 8.0, 12.0, 18.0, 20.0, 13.0, 9.0, 18.0, 21.0, 10.0, 6.0, 3.0, 12.0, 5348.0, 3.0, 0.0, 0.0, 0.0, 2.0, 2.0, 0.0, 0.0, 0.0, 0.0, 0.0, 0.0, 0.0, 0.0, 0.0, 0.0, 0.0, 1.0], "bins": [-0.0002786212135106325, -0.0002724585065152496, -0.00026629582862369716, -0.00026013312162831426, -0.0002539704437367618, -0.0002478077367413789, -0.00024164504429791123, -0.00023548235185444355, -0.00022931964485906065, -0.00022315695241559297, -0.0002169942599721253, -0.0002108315529767424, -0.0002046688605332747, -0.00019850616808980703, -0.00019234347564633936, -0.00018618078320287168, -0.000180018090759404, -0.00017385539831593633, -0.00016769270587246865, -0.00016153001342900097, -0.00015536730643361807, -0.0001492046139901504, -0.00014304192154668272, -0.00013687922910321504, -0.00013071653665974736, -0.00012455384421627969, -0.0001183911444968544, -0.00011222845205338672, -0.00010606575233396143, -9.990305989049375e-05, -9.374036744702607e-05, -8.75776750035584e-05, -8.14149752841331e-05, -7.525228284066543e-05, -6.908958312124014e-05, -6.292689067777246e-05, -5.676419459632598e-05, -5.0601498514879495e-05, -4.443880607141182e-05, -3.8276109989965335e-05, -3.211341390851885e-05, -2.5950717827072367e-05, -1.9788023564615287e-05, -1.3625329302158207e-05, -7.462633220711723e-06, -1.2999371392652392e-06, 4.862755304202437e-06, 1.1025451385648921e-05, 1.7188147467095405e-05, 2.335084354854189e-05, 2.951353781099897e-05, 3.567623207345605e-05, 4.183892815490253e-05, 4.8001624236349016e-05, 5.416431667981669e-05, 6.032701276126318e-05, 6.648970884270966e-05, 7.265240128617734e-05, 7.881510100560263e-05, 8.49777934490703e-05, 9.11404931684956e-05, 9.730318561196327e-05, 0.00010346587805543095, 0.00010962857049889863, 0.00011579127021832392]}, "gradients/embedding_user.weight": {"_type": "histogram", "values": [2.0, 1.0, 1.0, 0.0, 1.0, 2.0, 0.0, 0.0, 2.0, 2.0, 3.0, 0.0, 4.0, 1.0, 4.0, 2.0, 3.0, 3.0, 0.0, 4.0, 6.0, 2.0, 15.0, 16.0, 22.0, 54.0, 111.0, 274.0, 849.0, 3611.0, 137297.0, 206794.0, 4086.0, 892.0, 302.0, 99.0, 64.0, 24.0, 14.0, 13.0, 11.0, 7.0, 5.0, 2.0, 1.0, 2.0, 4.0, 2.0, 2.0, 0.0, 1.0, 0.0, 0.0, 3.0, 1.0, 1.0, 0.0, 0.0, 0.0, 0.0, 0.0, 1.0, 0.0, 1.0], "bins": [-0.001827664440497756, -0.0017687772633507848, -0.0017098902026191354, -0.0016510030254721642, -0.0015921159647405148, -0.0015332287875935435, -0.0014743417268618941, -0.001415454549714923, -0.0013565674889832735, -0.0012976803118363023, -0.0012387932511046529, -0.0011799060739576817, -0.0011210190132260323, -0.001062131836079061, -0.0010032447753474116, -0.0009443575982004404, -0.0008854704792611301, -0.0008265833603218198, -0.0007676962413825095, -0.0007088091224431992, -0.0006499220035038888, -0.0005910348845645785, -0.0005321477074176073, -0.00047326061758212745, -0.00041437349864281714, -0.00035548637970350683, -0.0002965992607641965, -0.00023771212727297097, -0.00017882500833366066, -0.00011993787484243512, -6.105075590312481e-05, -2.163636963814497e-06, 5.6723481975495815e-05, 0.00011561060091480613, 0.00017449771985411644, 0.00023338485334534198, 0.00029227195773273706, 0.00035115910577587783, 0.00041004622471518815, 0.00046893334365449846, 0.0005278204334899783, 0.0005867075524292886, 0.0006455946713685989, 0.0007044817903079093, 0.0007633689092472196, 0.0008222560863941908, 0.0008811431471258402, 0.0009400303242728114, 0.0009989175014197826, 0.0010578046785667539, 0.0011166917392984033, 0.0011755789164453745, 0.0012344659771770239, 0.0012933531543239951, 0.0013522402150556445, 0.0014111273922026157, 0.0014700144529342651, 0.0015289016300812364, 0.0015877886908128858, 0.001646675867959857, 0.0017055629286915064, 0.0017644501058384776, 0.001823337166570127, 0.0018822243437170982, 0.0019411114044487476]}, "gradients/embedding_item.weight": {"_type": "histogram", "values": [1.0, 0.0, 2.0, 0.0, 0.0, 0.0, 0.0, 0.0, 1.0, 3.0, 5.0, 1.0, 5.0, 2.0, 9.0, 4.0, 5.0, 8.0, 19.0, 17.0, 33.0, 47.0, 44.0, 61.0, 101.0, 149.0, 235.0, 309.0, 504.0, 705.0, 1132.0, 1867.0, 3625.0, 8203.0, 24276.0, 114711.0, 47941.0, 12684.0, 5204.0, 2377.0, 1408.0, 880.0, 568.0, 380.0, 245.0, 176.0, 115.0, 74.0, 63.0, 34.0, 33.0, 24.0, 21.0, 18.0, 5.0, 5.0, 4.0, 1.0, 0.0, 1.0, 3.0, 0.0, 3.0, 1.0],