{"TOTAL_BEST_METRIC": 0.3262887173955519, "BEST_NDCG@10": 0.038124836444455204, "_timestamp": 1688296723.5731456, "_runtime": 806.7202315330505, "_step": 1257, "epoch": 1000, "Train_Metric_loss": -0.9113303763525826, "Train_Reg_loss": 1.7190722766307382e-05, "Recall@5": 0.04087511171242739, "Recall@10": 0.06460020841165025, "Recall@20": 0.10325068360995665, "NDCG@5": 0.02987834810555047, "NDCG@10": 0.038060774051681456, "NDCG@20": 0.04904891746678698, "Recall@5_total_best": 0.041063988464657496, "Recall@10_total_best": 0.06464420379971991, "Recall@20_total_best": 0.10377765299956943, "ndcg@5_total_best": 0.029826494385719535, "ndcg@10_total_best": 0.037953286584754074, "ndcg@20_total_best": 0.04902309116113145, "EPOCH_ndcg_best": 960, "Recall@5_ndcg_best": 0.04035399392615396, "Recall@10_ndcg_best": 0.06480349744617904, "Recall@20_ndcg_best": 0.10359560311790184, "ndcg@5_ndcg_best": 0.02965977711406881, "ndcg@10_ndcg_best": 0.038124836444455204, "ndcg@20_ndcg_best": 0.049089565864425, "gradients/mass_i.weight": {"_type": "histogram", "values": [1.0, 0.0, 0.0, 0.0, 0.0, 0.0, 0.0, 1.0, 0.0, 0.0, 0.0, 0.0, 0.0, 0.0, 0.0, 0.0, 0.0, 0.0, 0.0, 1.0, 1.0, 5.0, 0.0, 1.0, 0.0, 2.0, 2.0, 2.0, 5.0, 2.0, 7.0, 7.0, 5.0, 9.0, 5.0, 9.0, 5.0, 13.0, 20.0, 28.0, 50.0, 98.0, 111.0, 73.0, 54.0, 7879.0, 60.0, 35.0, 59.0, 73.0, 40.0, 17.0, 5.0, 10.0, 9.0, 1.0, 2.0, 0.0, 2.0, 3.0, 0.0, 0.0, 0.0, 1.0], "bins": [-6.999995093792677e-05, -6.84705883031711e-05, -6.694122566841543e-05, -6.541186303365976e-05, -6.388250039890409e-05, -6.235313776414841e-05, -6.082377876737155e-05, -5.929441613261588e-05, -5.7765057135839015e-05, -5.6235694501083344e-05, -5.470633186632767e-05, -5.3176969231572e-05, -5.164761023479514e-05, -5.011824760003947e-05, -4.8588884965283796e-05, -4.7059522330528125e-05, -4.5530159695772454e-05, -4.400079706101678e-05, -4.247143442626111e-05, -4.094207542948425e-05, -3.941271279472858e-05, -3.7883350159972906e-05, -3.6353987525217235e-05, -3.4824624890461564e-05, -3.329526225570589e-05, -3.176589962095022e-05, -3.0236538805183955e-05, -2.8707176170428284e-05, -2.7177815354662016e-05, -2.5648452719906345e-05, -2.4119090085150674e-05, -2.2589727450395003e-05, -2.1060370272607543e-05, -1.953100763785187e-05, -1.8001646822085604e-05, -1.6472284187329933e-05, -1.4942922462068964e-05, -1.3413560736807995e-05, -1.1884198102052324e-05, -1.0354836376791354e-05, -8.825474651530385e-06, -7.296112926269416e-06, -5.766750746261096e-06, -4.2373885662527755e-06, -2.7080268409918062e-06, -1.178665115730837e-06, 3.5069751902483404e-07, 1.8800592442858033e-06, 3.4094209695467725e-06, 4.938782694807742e-06, 6.468144874816062e-06, 7.997507054824382e-06, 9.526868780085351e-06, 1.105623050534632e-05, 1.2585593140101992e-05, 1.411495486536296e-05, 1.564431659062393e-05, 1.71736792253796e-05, 1.870304004114587e-05, 2.023240267590154e-05, 2.1761763491667807e-05, 2.3291126126423478e-05, 2.482048876117915e-05, 2.634985139593482e-05, 2.7879212211701088e-05]}, "gradients/mass_u.weight": {"_type": "histogram", "values": [1.0, 0.0, 0.0, 0.0, 0.0, 0.0, 0.0, 0.0, 0.0, 1.0, 0.0, 1.0, 0.0, 0.0, 1.0, 0.0, 0.0, 1.0, 1.0, 0.0, 0.0, 1.0, 1.0, 2.0, 0.0, 2.0, 1.0, 1.0, 1.0, 1.0, 3.0, 1.0, 0.0, 1.0, 1.0, 1.0, 1.0, 1.0, 2.0, 0.0, 2.0, 3.0, 2.0, 4.0, 3.0, 6.0, 5.0, 11.0, 19.0, 18.0, 26.0, 26.0, 37.0, 35.0, 25.0, 14371.0, 15.0, 13.0, 17.0, 8.0, 2.0, 3.0, 1.0, 2.0], "bins": [-0.00018858769908547401, -0.00018517536227591336, -0.0001817630254663527, -0.00017835067410487682, -0.00017493833729531616, -0.0001715260004857555, -0.00016811366367619485, -0.0001647013268666342, -0.0001612889755051583, -0.00015787663869559765, -0.000154464301886037, -0.0001510519505245611, -0.00014763961371500045, -0.0001442272769054398, -0.00014081494009587914, -0.00013740260328631848, -0.00013399026647675782, -0.00013057792966719717, -0.0001271655928576365, -0.00012375324149616063, -0.00012034090468659997, -0.00011692856787703931, -0.00011351623106747866, -0.000110103894257918, -0.00010669155017239973, -0.00010327921336283907, -9.98668692773208e-05, -9.645453246776015e-05, -9.304219565819949e-05, -8.962985157268122e-05, -8.621751476312056e-05, -8.280517067760229e-05, -7.939282659208402e-05, -7.598048978252336e-05, -7.256814569700509e-05, -6.915580888744444e-05, -6.574347207788378e-05, -6.233112799236551e-05, -5.891879118280485e-05, -5.550645073526539e-05, -5.2094110287725925e-05, -4.868176984018646e-05, -4.5269429392647e-05, -4.185709258308634e-05, -3.844475213554688e-05, -3.5032411688007414e-05, -3.162007487844676e-05, -2.8207734430907294e-05, -2.479539398336783e-05, -2.1383053535828367e-05, -1.7970714907278307e-05, -1.4558375369233545e-05, -1.1146035831188783e-05, -7.73369538364932e-06, -4.321356755099259e-06, -9.090181265491992e-07, 2.5033223209902644e-06, 5.915661859035026e-06, 9.328001397079788e-06, 1.274034093512455e-05, 1.6152680473169312e-05, 1.9565020920708776e-05, 2.2977359549258836e-05, 2.6389698177808896e-05, 2.980203862534836e-05]}, "gradients/embedding_user.weight": {"_type": "histogram", "values": [2.0, 0.0, 0.0, 0.0, 3.0, 5.0, 2.0, 6.0, 7.0, 9.0, 7.0, 7.0, 14.0, 14.0, 24.0, 26.0, 33.0, 30.0, 42.0, 55.0, 64.0, 115.0, 156.0, 181.0, 370.0, 506.0, 776.0, 1252.0, 1868.0, 2673.0, 3702.0, 5020.0, 12403.0, 180284.0, 614170.0, 92561.0, 8319.0, 4605.0, 3226.0, 2376.0, 1574.0, 1032.0, 649.0, 462.0, 300.0, 185.0, 105.0, 95.0, 70.0, 53.0, 32.0, 28.0, 18.0, 22.0, 13.0, 11.0, 4.0, 4.0, 4.0, 6.0, 1.0, 0.0, 2.0, 1.0], "bins": [-0.0017086726147681475, -0.0016589584993198514, -0.0016092443838715553, -0.0015595301520079374, -0.0015098160365596414, -0.0014601019211113453, -0.0014103878056630492, -0.0013606736902147532, -0.0013109594583511353, -0.0012612453429028392, -0.0012115312274545431, -0.0011618169955909252, -0.0011121028801426291, -0.001062388764694333, -0.001012674649246037, -0.00096296047559008, -0.000913246360141784, -0.0008635322446934879, -0.0008138180710375309, -0.0007641039555892348, -0.0007143897819332778, -0.0006646756664849818, -0.0006149614928290248, -0.0005652473773807287, -0.0005155332619324327, -0.0004658191173803061, -0.0004161049728281796, -0.00036639085737988353, -0.00031667668372392654, -0.0002669625682756305, -0.00021724842372350395, -0.00016753427917137742, -0.00011782010551542044, -6.810596096329391e-05, -1.8391823687124997e-05, 3.1322313589043915e-05, 8.103645814117044e-05, 0.00013075058814138174, 0.00018046473269350827, 0.0002301788772456348, 0.0002798930217977613, 0.00032960716634988785, 0.0003793213109020144, 0.0004290354554541409, 0.00047874957090243697, 0.000528463744558394, 0.00057817786000669, 0.0006278919754549861, 0.0006776061491109431, 0.0007273202645592391, 0.0007770344382151961, 0.0008267485536634922, 0.0008764627273194492, 0.0009261768427677453, 0.0009758910164237022, 0.0010256051318719983, 0.0010753192473202944, 0.0011250333627685905, 0.0011747474782168865, 0.0012244617100805044, 0.0012741758255288005, 0.0013238899409770966, 0.0013736040564253926, 0.0014233181718736887, 0.0014730324037373066]}, "gradients/embedding_item.weight": {"_type": "histogram", "values": [1.0, 0.0, 0.0, 1.0, 2.0, 1.0, 2.0, 2.0, 4.0, 4.0, 6.0, 17.0, 14.0, 26.0, 52.0, 66.0, 109.0, 177.0, 299.0, 513.0, 915.0, 1684.0, 3394.0, 6392.0, 12910.0, 25081.0, 40321.0, 55584.0, 254982.0, 58186.0, 42019.0, 26559.0, 13776.0, 6805.0, 3498.0, 1920.0, 952.0, 527.0, 327.0, 181.0, 133.0, 62.0, 33.0, 25.0, 24.0, 8.0, 8.0, 11.0, 6.0, 1.0, 1.0, 2.0, 4.0, 1.0, 0.0, 0.0, 0.0, 1.0, 1.0, 1.0, 0.0, 0.0, 0.0, 1.0],