{"TOTAL_BEST_METRIC": 0.15337413496222113, "BEST_NDCG@10": 0.01727441484012097, "_timestamp": 1688431139.528831, "_runtime": 684.9214560985565, "_step": 1297, "epoch": 1000, "Train_Metric_loss": 2.8171558380126953, "Train_Reg_loss": 4.926969450025354e-06, "Pos_loss": 8.185195922851562, "Neg_loss": 1.2584446668624878, "Recall@5": 0.015355952462334252, "Recall@10": 0.03121006823674758, "Recall@20": 0.05411846125672402, "NDCG@5": 0.011774643056535803, "NDCG@10": 0.01727441484012097, "NDCG@20": 0.023640595109758522, "Recall@5_total_best": 0.015355952462334252, "Recall@10_total_best": 0.03121006823674758, "Recall@20_total_best": 0.05411846125672402, "ndcg@5_total_best": 0.011774643056535803, "ndcg@10_total_best": 0.01727441484012097, "ndcg@20_total_best": 0.023640595109758522, "EPOCH_ndcg_best": 1000, "Recall@5_ndcg_best": 0.015355952462334252, "Recall@10_ndcg_best": 0.03121006823674758, "Recall@20_ndcg_best": 0.05411846125672402, "ndcg@5_ndcg_best": 0.011774643056535803, "ndcg@10_ndcg_best": 0.01727441484012097, "ndcg@20_ndcg_best": 0.023640595109758522, "gradients/mass_i.weight": {"_type": "histogram", "values": [1.0, 0.0, 0.0, 0.0, 1.0, 1.0, 0.0, 0.0, 0.0, 0.0, 0.0, 1.0, 1.0, 0.0, 0.0, 1.0, 0.0, 0.0, 1.0, 1.0, 1.0, 3.0, 3.0, 3.0, 5.0, 11.0, 11.0, 9.0, 14.0, 17.0, 36.0, 17.0, 70.0, 58.0, 188.0, 107.0, 307.0, 99.0, 2165.0, 60.0, 139.0, 63.0, 54.0, 27.0, 18.0, 25.0, 10.0, 13.0, 14.0, 2.0, 2.0, 1.0, 3.0, 1.0, 1.0, 2.0, 0.0, 0.0, 0.0, 0.0, 0.0, 0.0, 0.0, 1.0], "bins": [-0.0024878152180463076, -0.0024235525634139776, -0.0023592899087816477, -0.0022950272541493177, -0.002230764599516988, -0.002166501944884658, -0.002102239290252328, -0.0020379768684506416, -0.0019737142138183117, -0.0019094515591859818, -0.0018451889045536518, -0.0017809262499213219, -0.001716663595288992, -0.001652400940656662, -0.0015881384024396539, -0.001523875747807324, -0.0014596129767596722, -0.0013953503221273422, -0.0013310876674950123, -0.0012668250128626823, -0.0012025623582303524, -0.0011382997035980225, -0.0010740371653810143, -0.0010097745107486844, -0.0009455118561163545, -0.0008812492014840245, -0.0008169865468516946, -0.0007527239504270256, -0.0006884612957946956, -0.0006241986411623657, -0.0005599360447376966, -0.0004956733901053667, -0.0004314109683036804, -0.0003671483136713505, -0.000302885688142851, -0.00023862304806243628, -0.00017436040798202157, -0.00011009775334969163, -4.5835127821192145e-05, 1.842749770730734e-05, 8.269015233963728e-05, 0.000146952792420052, 0.0002112154325004667, 0.0002754780580289662, 0.00033974071266129613, 0.00040400336729362607, 0.00046826599282212555, 0.000532528618350625, 0.000596791272982955, 0.0006610539276152849, 0.0007253165822476149, 0.0007895791786722839, 0.0008538418333046138, 0.0009181044879369438, 0.0009823670843616128, 0.0010466297389939427, 0.0011108923936262727, 0.0011751550482586026, 0.0012394177028909326, 0.0013036803575232625, 0.0013679428957402706, 0.0014322055503726006, 0.0014964682050049305, 0.0015607308596372604, 0.0016249935142695904]}, "gradients/mass_u.weight": {"_type": "histogram", "values": [1.0, 0.0, 0.0, 0.0, 0.0, 0.0, 0.0, 0.0, 0.0, 0.0, 0.0, 0.0, 0.0, 1.0, 2.0, 1.0, 0.0, 1.0, 0.0, 0.0, 0.0, 0.0, 2.0, 0.0, 0.0, 0.0, 0.0, 0.0, 0.0, 1.0, 0.0, 0.0, 0.0, 0.0, 0.0, 0.0, 0.0, 0.0, 0.0, 0.0, 0.0, 1.0, 0.0, 0.0, 1.0, 0.0, 1.0, 4.0, 3.0, 2.0, 2.0, 4.0, 7.0, 1.0, 9.0, 7.0, 10.0, 17.0, 19.0, 59.0, 125.0, 95.0, 117.0, 5048.0], "bins": [-0.004755179397761822, -0.004680879879742861, -0.0046065798960626125, -0.004532280378043652, -0.004457980860024691, -0.004383680876344442, -0.004309381358325481, -0.0042350818403065205, -0.004160781856626272, -0.004086482338607311, -0.004012182354927063, -0.003937882836908102, -0.0038635830860584974, -0.003789283335208893, -0.003714983817189932, -0.0036406840663403273, -0.0035663845483213663, -0.0034920847974717617, -0.0034177852794528008, -0.003343485528603196, -0.0032691857777535915, -0.0031948862597346306, -0.003120586508885026, -0.0030462867580354214, -0.0029719872400164604, -0.002897687489166856, -0.002823387971147895, -0.0027490882202982903, -0.0026747884694486856, -0.002600488718599081, -0.00252618920058012, -0.0024518894497305155, -0.002377589698880911, -0.0023032899480313063, -0.0022289904300123453, -0.0021546906791627407, -0.002080390928313136, -0.0020060911774635315, -0.0019317916594445705, -0.001857491908594966, -0.0017831922741606832, -0.0017088926397264004, -0.0016345928888767958, -0.001560293254442513, -0.0014859936200082302, -0.0014116938691586256, -0.0013373942347243428, -0.00126309460029006, -0.0011887948494404554, -0.0011144952150061727, -0.001040195464156568, -0.0009658958297222853, -0.0008915961370803416, -0.0008172964444383979, -0.0007429968100041151, -0.0006686971173621714, -0.0005943974247202277, -0.000520097732078284, -0.0004457980685401708, -0.00037149840500205755, -0.00029719871236011386, -0.00022289901971817017, -0.00014859935618005693, -7.429969264194369e-05, 0.0]}, "gradients/embedding_user.weight": {"_type": "histogram", "values": [1.0, 0.0, 0.0, 0.0, 0.0, 0.0, 0.0, 0.0, 1.0, 0.0, 0.0, 0.0, 2.0, 2.0, 0.0, 1.0, 2.0, 6.0, 5.0, 5.0, 10.0, 16.0, 16.0, 12.0, 27.0, 39.0, 47.0, 89.0, 151.0, 295.0, 594.0, 1291.0, 3019.0, 8220.0, 61422.0, 213513.0, 52825.0, 7702.0, 2778.0, 1247.0, 573.0, 269.0, 159.0, 80.0, 52.0, 42.0, 32.0, 18.0, 12.0, 6.0, 5.0, 10.0, 7.0, 3.0, 6.0, 3.0, 1.0, 3.0, 0.0, 2.0, 0.0, 1.0, 1.0, 1.0], "bins": [-0.0001754349796101451, -0.00017048859444912523, -0.00016554219473619014, -0.00016059580957517028, -0.0001556494098622352, -0.00015070302470121533, -0.00014575663954019547, -0.00014081023982726038, -0.0001358638546662405, -0.00013091746950522065, -0.00012597106979228556, -0.0001210246846312657, -0.00011607829219428822, -0.00011113189975731075, -0.00010618551459629089, -0.00010123912215931341, -9.629272972233593e-05, -9.134633728535846e-05, -8.639994484838098e-05, -8.145355968736112e-05, -7.650716725038365e-05, -7.156077481340617e-05, -6.661438965238631e-05, -6.166799721540883e-05, -5.6721604778431356e-05, -5.177521234145388e-05, -4.682882354245521e-05, -4.188243474345654e-05, -3.6936042306479067e-05, -3.198964986950159e-05, -2.7043261070502922e-05, -2.2096872271504253e-05, -1.7150494386442006e-05, -1.2204103768453933e-05, -7.257713150465861e-06, -2.3113225324777886e-06, 2.6350680855102837e-06, 7.581458703498356e-06, 1.2527849321486428e-05, 1.7474238120485097e-05, 2.2420630557462573e-05, 2.7367021175450645e-05, 3.231341179343872e-05, 3.7259800592437387e-05, 4.220619302941486e-05, 4.715258546639234e-05, 5.209897426539101e-05, 5.7045363064389676e-05, 6.199175550136715e-05, 6.693814793834463e-05, 7.18845403753221e-05, 7.683092553634197e-05, 8.177731797331944e-05, 8.672371041029692e-05, 9.167009557131678e-05, 9.661648800829425e-05, 0.00010156288044527173, 0.0001065092728822492, 0.00011145566531922668, 0.00011640205048024654, 0.00012134844291722402, 0.0001262948353542015, 0.00013124122051522136, 0.00013618762022815645, 0.0001411340053891763]}, "gradients/embedding_item.weight": {"_type": "histogram", "values": [1.0, 0.0, 0.0, 2.0, 2.0, 0.0, 3.0, 2.0, 0.0, 7.0, 6.0, 9.0, 7.0, 20.0, 17.0, 21.0, 41.0, 51.0, 62.0, 106.0, 127.0, 191.0, 305.0, 543.0, 1217.0, 3147.0, 8234.0, 18372.0, 31217.0, 39323.0, 40244.0, 36783.0, 25778.0, 13066.0, 5295.0, 1998.0, 913.0, 403.0, 264.0, 163.0, 120.0, 75.0, 58.0, 51.0, 24.0, 19.0, 13.0, 19.0, 8.0, 5.0, 4.0, 4.0, 3.0, 1.0, 3.0, 2.0, 1.0, 1.0, 0.0, 0.0, 0.0, 0.0, 0.0, 1.0],