{"TOTAL_BEST_METRIC": 1.0315761980573128, "BEST_NDCG@10": 0.13184184968331594, "_timestamp": 1688360993.524554, "_runtime": 745.6892249584198, "_step": 1116, "epoch": 1000, "Train_Metric_loss": NaN, "Train_Reg_loss": NaN, "Pos_loss": NaN, "Neg_loss": NaN, "Recall@5": 0.0007852166725705515, "Recall@10": 0.003778486243948518, "Recall@20": 0.005806892363746774, "NDCG@5": 0.000556356529533085, "NDCG@10": 0.0016257618776651963, "NDCG@20": 0.002209725865082795, "Recall@5_total_best": 0.14070726206052567, "Recall@10_total_best": 0.20771394073172694, "Recall@20_total_best": 0.28803115520143874, "ndcg@5_total_best": 0.10835245573694435, "ndcg@10_total_best": 0.13184184968331594, "ndcg@20_total_best": 0.15492953464336107, "EPOCH_ndcg_best": 130, "Recall@5_ndcg_best": 0.14070726206052567, "Recall@10_ndcg_best": 0.20771394073172694, "Recall@20_ndcg_best": 0.28803115520143874, "ndcg@5_ndcg_best": 0.10835245573694435, "ndcg@10_ndcg_best": 0.13184184968331594, "ndcg@20_ndcg_best": 0.15492953464336107, "gradients/mass_i.weight": {"_type": "histogram", "values": [2.0, 0.0, 1.0, 0.0, 2.0, 1.0, 1.0, 1.0, 0.0, 1.0, 3.0, 4.0, 4.0, 1.0, 9.0, 6.0, 4.0, 12.0, 13.0, 22.0, 28.0, 20.0, 34.0, 36.0, 50.0, 50.0, 51.0, 50.0, 45.0, 50.0, 2901.0, 40.0, 27.0, 21.0, 23.0, 9.0, 9.0, 7.0, 3.0, 4.0, 4.0, 3.0, 2.0, 1.0, 2.0, 1.0, 1.0, 2.0, 0.0, 0.0, 2.0, 2.0, 0.0, 1.0, 0.0, 1.0, 0.0, 0.0, 0.0, 0.0, 0.0, 0.0, 0.0, 1.0], "bins": [-0.00013093982124701142, -0.00012671248987317085, -0.0001224851730512455, -0.00011825784895336255, -0.0001140305248554796, -0.00010980320075759664, -0.00010557587665971369, -0.00010134855256183073, -9.712122846394777e-05, -9.289390436606482e-05, -8.866658026818186e-05, -8.44392561702989e-05, -8.021193207241595e-05, -7.598460797453299e-05, -7.175728387665004e-05, -6.752995977876708e-05, -6.330263568088412e-05, -5.9075311583001167e-05, -5.484798748511821e-05, -5.0620663387235254e-05, -4.63933392893523e-05, -4.216601519146934e-05, -3.7938691093586385e-05, -3.371136699570343e-05, -2.9484042897820473e-05, -2.5256718799937516e-05, -2.102939470205456e-05, -1.6802070604171604e-05, -1.2574746506288648e-05, -8.347422408405691e-06, -4.120098310522735e-06, 1.0722578736022115e-07, 4.334549885243177e-06, 8.561873983126134e-06, 1.278919808100909e-05, 1.7016522178892046e-05, 2.1243846276775002e-05, 2.547117037465796e-05, 2.9698494472540915e-05, 3.392581857042387e-05, 3.815314266830683e-05, 4.2380466766189784e-05, 4.660779086407274e-05, 5.0835114961955696e-05, 5.506243905983865e-05, 5.928976315772161e-05, 6.351708725560457e-05, 6.774441135348752e-05, 7.197173545137048e-05, 7.619905954925343e-05, 8.042638364713639e-05, 8.465370774501935e-05, 8.88810318429023e-05, 9.310835594078526e-05, 9.733568003866822e-05, 0.00010156300413655117, 0.00010579032823443413, 0.00011001765233231708, 0.00011424497643020004, 0.000118472300528083, 0.00012269962462596595, 0.00012692695599980652, 0.00013115427282173187, 0.0001353815896436572, 0.00013960892101749778]}, "gradients/mass_u.weight": {"_type": "histogram", "values": [1.0, 0.0, 0.0, 0.0, 0.0, 1.0, 0.0, 0.0, 0.0, 1.0, 0.0, 1.0, 0.0, 0.0, 0.0, 0.0, 0.0, 0.0, 0.0, 0.0, 0.0, 0.0, 0.0, 0.0, 0.0, 0.0, 1.0, 0.0, 0.0, 0.0, 0.0, 0.0, 0.0, 0.0, 0.0, 1.0, 2.0, 0.0, 0.0, 0.0, 0.0, 1.0, 1.0, 0.0, 2.0, 2.0, 1.0, 1.0, 2.0, 3.0, 2.0, 8.0, 4.0, 11.0, 6.0, 11.0, 12.0, 26.0, 29.0, 50.0, 97.0, 135.0, 60.0, 5069.0], "bins": [-0.00043644069228321314, -0.00042962131556123495, -0.0004228019097354263, -0.0004159825330134481, -0.00040916315629146993, -0.0004023437504656613, -0.0003955243737436831, -0.0003887049970217049, -0.0003818856202997267, -0.00037506624357774854, -0.0003682468377519399, -0.0003614274610299617, -0.0003546080843079835, -0.0003477886784821749, -0.0003409693017601967, -0.0003341499250382185, -0.00032733051921240985, -0.00032051114249043167, -0.000313691736664623, -0.00030687235994264483, -0.00030005298322066665, -0.00029323360649868846, -0.0002864142006728798, -0.00027959482395090163, -0.000272775418125093, -0.0002659560414031148, -0.00025913663557730615, -0.00025231725885532796, -0.0002454978821333498, -0.00023867849085945636, -0.00023185909958556294, -0.00022503972286358476, -0.00021822034614160657, -0.00021140095486771315, -0.00020458157814573497, -0.00019776218687184155, -0.00019094281014986336, -0.00018412341887596995, -0.00017730402760207653, -0.00017048465088009834, -0.00016366525960620493, -0.0001568458683323115, -0.00015002649161033332, -0.0001432071003364399, -0.0001363877090625465, -0.0001295683323405683, -0.0001227489410666749, -0.00011592955706873909, -0.00010911017307080328, -0.00010229078907286748, -9.547140507493168e-05, -8.865201380103827e-05, -8.183262980310246e-05, -7.501324580516666e-05, -6.819385453127325e-05, -6.137447053333744e-05, -5.455508653540164e-05, -4.773570253746584e-05, -4.091631490155123e-05, -3.409692726563662e-05, -2.727754326770082e-05, -2.045815926976502e-05, -1.363877163385041e-05, -6.819383997935802e-06, 0.0]}, "gradients/embedding_user.weight": {"_type": "histogram", "values": [0.0, 0.0, 0.0, 0.0, 0.0, 0.0, 0.0, 0.0, 0.0, 0.0, 0.0, 0.0, 0.0, 0.0, 0.0, 0.0, 0.0, 0.0, 0.0, 0.0, 0.0, 0.0, 0.0, 0.0, 0.0, 0.0, 0.0, 0.0, 0.0, 0.0, 0.0, 0.0, 3392.0, 0.0, 0.0, 0.0, 0.0, 0.0, 0.0, 0.0, 0.0, 0.0, 0.0, 0.0, 0.0, 0.0, 0.0, 0.0, 0.0, 0.0, 0.0, 0.0, 0.0, 0.0, 0.0, 0.0, 0.0, 0.0, 0.0, 0.0, 0.0, 0.0, 0.0, 0.0], "bins": [0.0, 0.0, 0.0, 0.0, 0.0, 0.0, 0.0, 0.0, 0.0, 0.0, 0.0, 0.0, 0.0, 0.0, 0.0, 0.0, 0.0, 0.0, 0.0, 0.0, 0.0, 0.0, 0.0, 0.0, 0.0, 0.0, 0.0, 0.0, 0.0, 0.0, 0.0, 0.0, 0.0, 0.0, 0.0, 0.0, 0.0, 0.0, 0.0, 0.0, 0.0, 0.0, 0.0, 0.0, 0.0, 0.0, 0.0, 0.0, 0.0, 0.0, 0.0, 0.0, 0.0, 0.0, 0.0, 0.0, 0.0, 0.0, 0.0, 0.0, 0.0, 0.0, 0.0, 0.0, 0.0]}, "gradients/embedding_item.weight": {"_type": "histogram", "values": [1.0, 5.0, 4.0, 4.0, 4.0, 5.0, 6.0, 11.0, 13.0, 22.0, 23.0, 43.0, 51.0, 69.0, 103.0, 128.0, 227.0, 312.0, 429.0, 631.0, 905.0, 1403.0, 2229.0, 3781.0, 6548.0, 11919.0, 22328.0, 50701.0, 66546.0, 26251.0, 13753.0, 7664.0, 4397.0, 2790.0, 1679.0, 1058.0, 693.0, 489.0, 364.0, 221.0, 175.0, 105.0, 65.0, 53.0, 51.0, 18.0, 15.0, 15.0, 11.0, 10.0, 4.0, 3.0, 8.0, 2.0, 2.0, 0.0, 1.0, 1.0, 0.0, 1.0, 1.0, 0.0, 0.0, 1.0], "bins": [-0.00016604071424808353, -0.00016013465938158333, -0.00015422861906699836, -0.00014832256420049816, -0.00014241650933399796, -0.000136510469019413, -0.0001306044141529128, -0.0001246983592864126, -0.00011879231169587001, -0.00011288626410532743, -0.00010698020923882723, -0.00010107416164828464, -9.516811405774206e-05, -8.926205919124186e-05, -8.335601160069928e-05, -7.744996401015669e-05, -7.154390914365649e-05, -6.563786155311391e-05, -5.973180668661371e-05, -5.3825759096071124e-05, -4.791970786754973e-05, -4.201365663902834e-05, -3.6107609048485756e-05, -3.0201557819964364e-05, -2.4295506591442972e-05, -1.838945536292158e-05, -1.2483405953389592e-05, -6.577356543857604e-06, -6.713053153362125e-07, 5.234745913185179e-06, 1.1140793503727764e-05, 1.7046844732249156e-05, 2.295288140885532e-05, 2.885893263737671e-05, 3.47649838658981e-05, 4.067103145644069e-05, 4.657708268496208e-05, 5.248313391348347e-05, 5.8389181504026055e-05, 6.429523637052625e-05, 7.020128396106884e-05, 7.610733155161142e-05, 8.201338641811162e-05, 8.791943400865421e-05, 9.382548159919679e-05, 9.973153646569699e-05, 0.00010563758405623958, 0.00011154363164678216, 0.00011744968651328236, 0.00012335574137978256, 0.00012926178169436753, 0.00013516783656086773, 0.00014107389142736793, 0.0001469799317419529, 0.0001528859866084531, 0.0001587920414749533, 0.00016469808178953826, 0.00017060413665603846, 0.00017651017697062343, 0.00018241623183712363, 0.00018832228670362383, 0.00019422834157012403, 0.000200134381884709, 0.0002060404367512092, 0.0002119464916177094]}, "_wandb": {"runtime": 744}}