{"epoch": 1000, "Train_Metric_loss": -0.4598120927810669, "Train_Reg_loss": 0.003025714075192809, "_timestamp": 1688274312.0329957, "_runtime": 389.68999767303467, "_step": 1106, "Recall@5": 0.0923495899501269, "Recall@10": 0.13210983788476935, "Recall@20": 0.18315713646269044, "NDCG@5": 0.07119944991943732, "NDCG@10": 0.08493674551123157, "NDCG@20": 0.09955124232167362, "Recall@5_total_best": 0.1250283306172897, "Recall@10_total_best": 0.1794811011979198, "Recall@20_total_best": 0.24979619030740458, "ndcg@5_total_best": 0.09126296849649737, "ndcg@10_total_best": 0.11040010467234672, "ndcg@20_total_best": 0.1301081471246565, "EPOCH_ndcg_best": 30, "Recall@5_ndcg_best": 0.1250283306172897, "Recall@10_ndcg_best": 0.1794811011979198, "Recall@20_ndcg_best": 0.24979619030740458, "ndcg@5_ndcg_best": 0.09126296849649737, "ndcg@10_ndcg_best": 0.11040010467234672, "ndcg@20_ndcg_best": 0.1301081471246565, "BEST_NDCG@10": 0.11040010467234672, "gradients/mass_i.weight": {"_type": "histogram", "values": [1.0, 0.0, 0.0, 0.0, 0.0, 0.0, 1.0, 0.0, 0.0, 1.0, 4.0, 0.0, 0.0, 3.0, 4.0, 5.0, 6.0, 8.0, 10.0, 11.0, 19.0, 24.0, 15.0, 22.0, 31.0, 15.0, 9.0, 3317.0, 3.0, 10.0, 10.0, 8.0, 4.0, 6.0, 4.0, 2.0, 3.0, 3.0, 1.0, 0.0, 2.0, 0.0, 0.0, 2.0, 3.0, 0.0, 0.0, 0.0, 0.0, 0.0, 0.0, 0.0, 0.0, 0.0, 0.0, 0.0, 0.0, 0.0, 0.0, 0.0, 0.0, 0.0, 0.0, 1.0], "bins": [-0.00015216217434499413, -0.0001465753884986043, -0.00014098860265221447, -0.00013540181680582464, -0.0001298150309594348, -0.00012422824511304498, -0.00011864145199069753, -0.00011305465886835009, -0.00010746787302196026, -0.00010188108717557043, -9.62943013291806e-05, -9.070751548279077e-05, -8.512072236044332e-05, -7.95339365140535e-05, -7.394715066766366e-05, -6.836035754531622e-05, -6.2773578974884e-05, -5.718679312849417e-05, -5.1600003644125536e-05, -4.6013217797735706e-05, -4.042642831336707e-05, -3.483964246697724e-05, -2.925285662058741e-05, -2.366606713621877e-05, -1.807928128982894e-05, -1.2492493624449708e-05, -6.905706868565176e-06, -1.3189201126806438e-06, 4.26786755269859e-06, 9.854655218077824e-06, 1.5441441064467654e-05, 2.102823054883629e-05, 2.661501639522612e-05, 3.220180224161595e-05, 3.778859172598459e-05, 4.337537757237442e-05, 4.8962167056743056e-05, 5.4548952903132886e-05, 6.0135738749522716e-05, 6.572253187187016e-05, 7.130931771825999e-05, 7.689610356464982e-05, 8.248288941103965e-05, 8.806967525742948e-05, 9.365646837977692e-05, 9.924325422616675e-05, 0.00010483004007255659, 0.00011041683319490403, 0.00011600361176533625, 0.00012159039761172608, 0.00012717719073407352, 0.00013276397658046335, 0.00013835076242685318, 0.000143937548273243, 0.00014952433411963284, 0.00015511111996602267, 0.0001606979058124125, 0.00016628469165880233, 0.00017187147750519216, 0.000177458263351582, 0.00018304504919797182, 0.00018863184959627688, 0.00019421862089075148, 0.00019980542128905654, 0.00020539220713544637]}, "gradients/mass_u.weight": {"_type": "histogram", "values": [1.0, 0.0, 0.0, 0.0, 0.0, 0.0, 0.0, 0.0, 0.0, 1.0, 0.0, 0.0, 0.0, 0.0, 0.0, 0.0, 0.0, 0.0, 1.0, 0.0, 0.0, 0.0, 0.0, 0.0, 0.0, 1.0, 1.0, 0.0, 1.0, 0.0, 0.0, 5.0, 3.0, 4.0, 5.0, 7.0, 6.0, 6.0, 9.0, 14.0, 13.0, 16.0, 32.0, 13.0, 6.0, 11.0, 5372.0, 3.0, 2.0, 1.0, 2.0, 2.0, 0.0, 0.0, 0.0, 0.0, 2.0, 0.0, 0.0, 0.0, 0.0, 0.0, 0.0, 1.0], "bins": [-0.0003305362770333886, -0.00032349477987736464, -0.0003164533118251711, -0.0003094118437729776, -0.0003023703466169536, -0.00029532884946092963, -0.0002882873814087361, -0.0002812459133565426, -0.0002742044162005186, -0.00026716291904449463, -0.0002601214509923011, -0.0002530799829401076, -0.0002460384857840836, -0.00023899700317997485, -0.0002319555205758661, -0.00022491403797175735, -0.0002178725553676486, -0.00021083107276353985, -0.0002037895901594311, -0.00019674810755532235, -0.0001897066249512136, -0.00018266514234710485, -0.0001756236597429961, -0.00016858217713888735, -0.0001615406945347786, -0.00015449921193066984, -0.0001474577293265611, -0.00014041624672245234, -0.0001333747641183436, -0.00012633328151423484, -0.00011929179891012609, -0.00011225031630601734, -0.00010520882642595097, -9.816734382184222e-05, -9.112586121773347e-05, -8.408437861362472e-05, -7.704289600951597e-05, -7.000141340540722e-05, -6.295993080129847e-05, -5.591844819718972e-05, -4.887696559308097e-05, -4.183548298897222e-05, -3.4794000384863466e-05, -2.7752517780754715e-05, -2.0711035176645964e-05, -1.3669552572537214e-05, -6.628069968428463e-06, 4.134126356802881e-07, 7.454895239789039e-06, 1.449637784389779e-05, 2.153786044800654e-05, 2.857934305211529e-05, 3.562082565622404e-05, 4.266230826033279e-05, 4.9703790864441544e-05, 5.6745273468550295e-05, 6.378675607265905e-05, 7.08282386767678e-05, 7.786972128087655e-05, 8.49112038849853e-05, 9.195268648909405e-05, 9.89941690932028e-05, 0.00010603565169731155, 0.0001130771343014203, 0.00012011861690552905]}, "gradients/embedding_user.weight": {"_type": "histogram", "values": [1.0, 0.0, 1.0, 0.0, 0.0, 0.0, 1.0, 0.0, 2.0, 0.0, 4.0, 1.0, 0.0, 0.0, 6.0, 7.0, 6.0, 10.0, 16.0, 15.0, 26.0, 42.0, 51.0, 96.0, 157.0, 236.0, 469.0, 850.0, 1668.0, 3656.0, 12887.0, 109699.0, 187958.0, 26567.0, 5375.0, 2200.0, 1147.0, 641.0, 320.0, 186.0, 126.0, 63.0, 48.0, 22.0, 21.0, 13.0, 11.0, 4.0, 4.0, 3.0, 2.0, 0.0, 1.0, 2.0, 0.0, 1.0, 1.0, 0.0, 0.0, 0.0, 0.0, 0.0, 0.0, 1.0], "bins": [-2.6347354378231103e-06, -2.552857495174976e-06, -2.4709793251531664e-06, -2.3891013825050322e-06, -2.307223439856898e-06, -2.2253452698350884e-06, -2.143467327186954e-06, -2.06158938453882e-06, -1.9797112145170104e-06, -1.8978331581820385e-06, -1.8159551018470665e-06, -1.7340771591989323e-06, -1.6521991028639604e-06, -1.5703210465289885e-06, -1.4884431038808543e-06, -1.4065650475458824e-06, -1.3246869912109105e-06, -1.2428089348759386e-06, -1.1609308785409667e-06, -1.0790529358928325e-06, -9.971748795578605e-07, -9.152968232228886e-07, -8.334188237313356e-07, -7.515408242397825e-07, -6.696627679048106e-07, -5.877847115698387e-07, -5.059067120782856e-07, -4.2402868416502315e-07, -3.4215065625176067e-07, -2.602726283384982e-07, -1.783946004252357e-07, -9.651660093368264e-08, -1.4638771972386166e-08, 6.723925594087632e-08, 1.491172838541388e-07, 2.309953117674013e-07, 3.128733396806638e-07, 3.9475136759392626e-07, 4.7662939550718875e-07, 5.585073949987418e-07, 6.403854513337137e-07, 7.222635076686856e-07, 8.041415071602387e-07, 8.860195066517917e-07, 9.678975629867637e-07, 1.0497756193217356e-06, 1.1316535619698698e-06, 1.2135316183048417e-06, 1.2954096746398136e-06, 1.3772877309747855e-06, 1.4591657873097574e-06, 1.5410437299578916e-06, 1.6229217862928635e-06, 1.7047998426278355e-06, 1.7866777852759697e-06, 1.8685558416109416e-06, 1.9504338979459135e-06, 2.0323118405940477e-06, 2.1141900106158573e-06, 2.1960679532639915e-06, 2.2779458959121257e-06, 2.3598240659339353e-06, 2.4417020085820695e-06, 2.5235799512302037e-06, 2.6054581212520134e-06]}, "gradients/embedding_item.weight": {"_type": "histogram", "values": [1.0, 0.0, 0.0, 1.0, 0.0, 0.0, 2.0, 2.0, 1.0, 5.0, 2.0, 9.0, 10.0, 6.0, 12.0, 14.0, 29.0, 32.0, 58.0, 77.0, 86.0, 144.0, 258.0, 355.0, 540.0, 843.0, 1503.0, 2591.0, 5161.0, 10379.0, 21218.0, 48612.0, 78875.0, 29066.0, 13486.0, 6653.0, 3468.0, 1854.0, 1064.0, 693.0, 379.0, 276.0, 187.0, 139.0, 78.0, 39.0, 43.0, 29.0, 30.0, 12.0, 9.0, 3.0, 8.0, 3.0, 3.0, 2.0, 1.0, 0.0, 0.0, 0.0, 0.0, 0.0, 0.0, 1.0],