{"TOTAL_BEST_METRIC": 0.44038419000574247, "BEST_NDCG@10": 0.06973192977079753, "_timestamp": 1688576795.0553713, "_runtime": 1144.643253326416, "_step": 86, "epoch": 68, "Train_Metric_loss": 4.331852096777696, "Train_Reg_loss": 6.907100102510482e-05, "Pos_loss": 10.028178215026855, "Neg_loss": 0.18411484360694885, "Recall@5": 0.043376032319791494, "Recall@10": 0.07054833915556773, "Recall@20": 0.11055843740790806, "NDCG@5": 0.06264231782995272, "NDCG@10": 0.06973192977079753, "NDCG@20": 0.08352713352172492, "Recall@5_total_best": 0.043376032319791494, "Recall@10_total_best": 0.07054833915556773, "Recall@20_total_best": 0.11055843740790806, "ndcg@5_total_best": 0.06264231782995272, "ndcg@10_total_best": 0.06973192977079753, "ndcg@20_total_best": 0.08352713352172492, "EPOCH_ndcg_best": 60, "Recall@5_ndcg_best": 0.043376032319791494, "Recall@10_ndcg_best": 0.07054833915556773, "Recall@20_ndcg_best": 0.11055843740790806, "ndcg@5_ndcg_best": 0.06264231782995272, "ndcg@10_ndcg_best": 0.06973192977079753, "ndcg@20_ndcg_best": 0.08352713352172492, "gradients/mass_i.weight": {"_type": "histogram", "values": [1.0, 0.0, 0.0, 0.0, 0.0, 0.0, 0.0, 0.0, 0.0, 0.0, 0.0, 0.0, 0.0, 0.0, 0.0, 0.0, 0.0, 0.0, 0.0, 0.0, 0.0, 0.0, 0.0, 2.0, 2.0, 3.0, 6.0, 4.0, 7.0, 19.0, 22.0, 18.0, 37.0, 53.0, 66.0, 116.0, 141.0, 183.0, 244.0, 444.0, 542.0, 497.0, 144.0, 37165.0, 29.0, 177.0, 452.0, 368.0, 146.0, 81.0, 79.0, 84.0, 47.0, 26.0, 17.0, 11.0, 16.0, 7.0, 2.0, 2.0, 2.0, 0.0, 1.0, 1.0], "bins": [-0.00017161051800940186, -0.00016770885849837214, -0.00016380719898734242, -0.0001599055394763127, -0.00015600387996528298, -0.00015210222045425326, -0.00014820056094322354, -0.00014429890143219382, -0.0001403972419211641, -0.00013649558241013438, -0.00013259392289910465, -0.00012869226338807493, -0.00012479060387704521, -0.0001208889443660155, -0.00011698728485498577, -0.00011308562534395605, -0.00010918396583292633, -0.00010528230632189661, -0.00010138064681086689, -9.747898729983717e-05, -9.357732778880745e-05, -8.967566827777773e-05, -8.577400876674801e-05, -8.187234925571829e-05, -7.797068974468857e-05, -7.406903023365885e-05, -7.016737072262913e-05, -6.626571121159941e-05, -6.236405170056969e-05, -5.846239218953997e-05, -5.456073267851025e-05, -5.065907316748053e-05, -4.675742093240842e-05, -4.28557614213787e-05, -3.895410191034898e-05, -3.505244239931926e-05, -3.115078288828954e-05, -2.724912337725982e-05, -2.33474638662301e-05, -1.944580435520038e-05, -1.554414484417066e-05, -1.164248533314094e-05, -7.74082582211122e-06, -3.839166311081499e-06, 6.249319994822145e-08, 3.964152710977942e-06, 7.865812222007662e-06, 1.1767471733037382e-05, 1.5669131244067103e-05, 1.9570790755096823e-05, 2.3472450266126543e-05, 2.7374109777156264e-05, 3.1275769288185984e-05, 3.5177428799215704e-05, 3.9079088310245425e-05, 4.2980747821275145e-05, 4.6882407332304865e-05, 5.0784066843334585e-05, 5.4685726354364306e-05, 5.8587385865394026e-05, 6.248904537642375e-05, 6.639070488745347e-05, 7.029236439848319e-05, 7.419402390951291e-05, 7.809568342054263e-05]}, "gradients/mass_u.weight": {"_type": "histogram", "values": [1.0, 0.0, 0.0, 0.0, 0.0, 0.0, 0.0, 0.0, 0.0, 0.0, 0.0, 0.0, 0.0, 0.0, 0.0, 0.0, 0.0, 0.0, 0.0, 0.0, 0.0, 0.0, 0.0, 0.0, 0.0, 0.0, 0.0, 0.0, 0.0, 0.0, 0.0, 0.0, 0.0, 0.0, 0.0, 0.0, 0.0, 0.0, 0.0, 0.0, 0.0, 0.0, 0.0, 0.0, 1.0, 0.0, 0.0, 1.0, 1.0, 0.0, 1.0, 0.0, 2.0, 1.0, 6.0, 4.0, 7.0, 7.0, 12.0, 12.0, 30.0, 57.0, 172.0, 52091.0], "bins": [-0.002207810990512371, -0.002173313871026039, -0.002138816984370351, -0.002104319864884019, -0.002069822745397687, -0.0020353258587419987, -0.0020008287392556667, -0.001966331619769335, -0.0019318346166983247, -0.0018973376136273146, -0.0018628404941409826, -0.0018283434910699725, -0.0017938464879989624, -0.0017593493685126305, -0.0017248523654416203, -0.0016903552459552884, -0.0016558582428842783, -0.0016213612398132682, -0.0015868641203269362, -0.0015523671172559261, -0.0015178699977695942, -0.001483372994698584, -0.001448875991627574, -0.001414378872141242, -0.001379881869070232, -0.0013453848659992218, -0.0013108877465128899, -0.0012763907434418797, -0.0012418937403708696, -0.0012073966208845377, -0.0011728996178135276, -0.0011384024983271956, -0.0011039054952561855, -0.0010694084921851754, -0.0010349113726988435, -0.0010004143696278334, -0.0009659173083491623, -0.0009314202470704913, -0.0008969232439994812, -0.0008624261827208102, -0.0008279291214421391, -0.0007934320601634681, -0.0007589349988847971, -0.000724437995813787, -0.000689940934535116, -0.0006554438732564449, -0.0006209468701854348, -0.0005864498089067638, -0.0005519527476280928, -0.0005174556863494217, -0.00048295865417458117, -0.0004484616219997406, -0.0004139645607210696, -0.00037946749944239855, -0.000344970467267558, -0.0003104734350927174, -0.0002759763738140464, -0.00024147932708729059, -0.0002069822803605348, -0.000172485233633779, -0.0001379881869070232, -0.0001034911401802674, -6.89940934535116e-05, -3.44970467267558e-05, 0.0]}, "gradients/embedding_user.weight": {"_type": "histogram", "values": [1.0, 0.0, 1.0, 0.0, 0.0, 0.0, 0.0, 0.0, 1.0, 0.0, 0.0, 0.0, 0.0, 1.0, 0.0, 0.0, 2.0, 1.0, 0.0, 2.0, 2.0, 1.0, 0.0, 1.0, 1.0, 0.0, 2.0, 2.0, 1.0, 1.0, 0.0, 2.0, 3.0, 7.0, 17.0, 22074.0, 3331796.0, 24.0, 14.0, 3.0, 4.0, 0.0, 4.0, 1.0, 4.0, 0.0, 1.0, 1.0, 2.0, 1.0, 0.0, 1.0, 1.0, 0.0, 1.0, 0.0, 1.0, 0.0, 0.0, 0.0, 1.0, 0.0, 0.0, 1.0], "bins": [-0.015933461487293243, -0.015491415746510029, -0.015049370005726814, -0.0146073242649436, -0.014165278524160385, -0.013723231852054596, -0.013281186111271381, -0.012839140370488167, -0.012397094629704952, -0.011955048888921738, -0.011513003148138523, -0.011070957407355309, -0.01062891073524952, -0.01018686592578888, -0.00974481925368309, -0.009302773512899876, -0.008860727772116661, -0.008418682031333447, -0.007976636290550232, -0.00753459008410573, -0.0070925443433225155, -0.006650498602539301, -0.006208452396094799, -0.0057664066553115845, -0.00532436091452837, -0.004882315173745155, -0.004440269432961941, -0.003998223226517439, -0.0035561774857342243, -0.0031141317449510098, -0.0026720857713371515, -0.0022300397977232933, -0.0017879931256175041, -0.0013459472684189677, -0.0009039014112204313, -0.00046185555402189493, -1.9809696823358536e-05, 0.00042223604395985603, 0.0008642820175737143, 0.0013063279911875725, 0.001748373731970787, 0.0021904194727540016, 0.00263246544636786, 0.003074511419981718, 0.0035165571607649326, 0.003958602901548147, 0.004400649107992649, 0.004842694848775864, 0.005284740589559078, 0.005726786330342293, 0.006168832071125507, 0.006610878277570009, 0.007052924018353224, 0.007494969759136438, 0.00793701596558094, 0.008379061706364155, 0.00882110744714737, 0.009263153187930584, 0.009705198928713799, 0.010147244669497013, 0.010589290410280228, 0.011031337082386017, 0.011473382823169231, 0.011915428563952446, 0.01235747430473566]}, "gradients/embedding_item.weight": {"_type": "histogram", "values": [1.0, 0.0, 0.0, 0.0, 0.0, 0.0, 0.0, 0.0, 2.0, 4.0, 2.0, 4.0, 6.0, 12.0, 5.0, 16.0, 20.0, 34.0, 37.0, 55.0, 87.0, 135.0, 229.0, 411.0, 777.0, 1246.0, 2343.0, 4433.0, 8328.0, 17032.0, 36422.0, 81139.0, 188034.0, 373814.0, 1328150.0, 324108.0, 151770.0, 65422.0, 28816.0, 13570.0, 6887.0, 3421.0, 1784.0, 965.0, 507.0, 301.0, 189.0, 116.0, 85.0, 46.0, 37.0, 26.0, 20.0, 16.0, 4.0, 8.0, 4.0, 3.0, 3.0, 2.0, 5.0, 0.0, 0.0, 3.0],