{"TOTAL_BEST_METRIC": 0.12658901911215814, "BEST_NDCG@10": 0.01316641252810922, "_timestamp": 1688475153.4830728, "_runtime": 1998.7108387947083, "_step": 1188, "epoch": 1000, "Train_Metric_loss": 4.687633786882673, "Train_Reg_loss": 1.1761325059264242e-06, "Pos_loss": 8.043000221252441, "Neg_loss": 1.3185348510742188, "Recall@5": 0.013027092010930292, "Recall@10": 0.02373826721384498, "Recall@20": 0.0452127574741763, "NDCG@5": 0.008781210830274258, "NDCG@10": 0.012658542235565451, "NDCG@20": 0.018740836724154938, "Recall@5_total_best": 0.013108300765318787, "Recall@10_total_best": 0.025704884236765722, "Recall@20_total_best": 0.04768935798257208, "ndcg@5_total_best": 0.008484626212480108, "ndcg@10_total_best": 0.012754052745277704, "ndcg@20_total_best": 0.018847797169743722, "EPOCH_ndcg_best": 740, "Recall@5_ndcg_best": 0.013613733003752118, "Recall@10_ndcg_best": 0.02576648861636573, "Recall@20_ndcg_best": 0.04501842614724919, "ndcg@5_ndcg_best": 0.008950884213604193, "ndcg@10_ndcg_best": 0.01316641252810922, "ndcg@20_ndcg_best": 0.018573370541355414, "gradients/mass_i.weight": {"_type": "histogram", "values": [1.0, 0.0, 0.0, 0.0, 0.0, 1.0, 0.0, 0.0, 0.0, 0.0, 0.0, 0.0, 1.0, 0.0, 1.0, 0.0, 0.0, 0.0, 0.0, 0.0, 0.0, 1.0, 0.0, 0.0, 0.0, 2.0, 0.0, 2.0, 4.0, 4.0, 0.0, 1.0, 1.0, 2.0, 0.0, 3.0, 5.0, 4.0, 2.0, 3.0, 2.0, 5.0, 4.0, 3.0, 10.0, 7.0, 4.0, 14.0, 25.0, 41.0, 30.0, 196.0, 72.0, 63.0, 947.0, 90.0, 6596.0, 478.0, 49.0, 23.0, 6.0, 7.0, 1.0, 2.0], "bins": [-0.0026809084229171276, -0.0026334025897085667, -0.0025858969893306494, -0.0025383911561220884, -0.002490885555744171, -0.00244337972253561, -0.002395874122157693, -0.002348368288949132, -0.0023008626885712147, -0.0022533568553626537, -0.0022058512549847364, -0.0021583454217761755, -0.002110839821398258, -0.0020633339881896973, -0.00201582838781178, -0.001968322554603219, -0.001920816721394658, -0.001873311004601419, -0.0018258052878081799, -0.0017782995710149407, -0.0017307938542217016, -0.0016832880210131407, -0.0016357823042199016, -0.0015882765874266624, -0.0015407708706334233, -0.0014932651538401842, -0.001445759437046945, -0.001398253720253706, -0.001350747887045145, -0.001303242170251906, -0.0012557364534586668, -0.0012082307366654277, -0.0011607249034568667, -0.0011132191866636276, -0.0010657134698703885, -0.0010182077530771494, -0.0009707019780762494, -0.0009231962612830102, -0.0008756904862821102, -0.0008281847694888711, -0.000780679052695632, -0.0007331733359023929, -0.0006856676191091537, -0.0006381618441082537, -0.0005906561273150146, -0.0005431504105217755, -0.0004956446355208755, -0.00044813891872763634, -0.0004006332019343972, -0.0003531274851411581, -0.00030562173924408853, -0.00025811599334701896, -0.00021061027655377984, -0.0001631045452086255, -0.00011559881386347115, -6.809306796640158e-05, -2.058735117316246e-05, 2.6918380171991885e-05, 7.442411151714623e-05, 0.00012192984286230057, 0.00016943557420745492, 0.00021694130555260926, 0.0002644470368977636, 0.0003119527827948332, 0.0003594584995880723]}, "gradients/mass_u.weight": {"_type": "histogram", "values": [1.0, 0.0, 0.0, 0.0, 0.0, 0.0, 0.0, 0.0, 0.0, 0.0, 0.0, 1.0, 0.0, 0.0, 0.0, 1.0, 0.0, 1.0, 0.0, 0.0, 0.0, 0.0, 0.0, 0.0, 0.0, 0.0, 0.0, 1.0, 0.0, 0.0, 0.0, 0.0, 0.0, 0.0, 3.0, 3.0, 1.0, 1.0, 1.0, 1.0, 2.0, 0.0, 1.0, 0.0, 0.0, 5.0, 5.0, 2.0, 2.0, 10.0, 4.0, 7.0, 5.0, 9.0, 12.0, 18.0, 17.0, 30.0, 48.0, 92.0, 88.0, 81.0, 38.0, 14190.0], "bins": [-0.004840608220547438, -0.004764973651617765, -0.004689339082688093, -0.004613704513758421, -0.004538070410490036, -0.004462435841560364, -0.0043868012726306915, -0.004311166703701019, -0.004235532134771347, -0.004159897565841675, -0.0040842629969120026, -0.00400862842798233, -0.003932994324713945, -0.0038573595229536295, -0.003781725186854601, -0.0037060906179249287, -0.0036304560489952564, -0.003554821480065584, -0.0034791871439665556, -0.0034035525750368834, -0.003327918006107211, -0.003252283437177539, -0.0031766491010785103, -0.003101014532148838, -0.0030253801960498095, -0.002949745627120137, -0.0028741112910211086, -0.0027984767220914364, -0.002722842153161764, -0.002647207584232092, -0.0025715732481330633, -0.002495938679203391, -0.002420304110273719, -0.0023446695413440466, -0.002269035205245018, -0.0021934006363153458, -0.0021177660673856735, -0.0020421314984560013, -0.0019664971623569727, -0.0018908625934273005, -0.0018152280244976282, -0.0017395935719832778, -0.0016639590030536056, -0.0015883245505392551, -0.001512689981609583, -0.0014370555290952325, -0.001361421076580882, -0.0012857865076512098, -0.0012101520551368594, -0.001134517602622509, -0.0010588830336928368, -0.0009832485811784863, -0.0009076140122488141, -0.0008319795597344637, -0.0007563450490124524, -0.000680710538290441, -0.0006050760275684297, -0.0005294415168464184, -0.00045380700612440705, -0.0003781725245062262, -0.00030253801378421485, -0.00022690350306220353, -0.00015126902144402266, -7.563451072201133e-05, 0.0]}, "gradients/embedding_user.weight": {"_type": "histogram", "values": [1.0, 0.0, 0.0, 0.0, 0.0, 0.0, 0.0, 0.0, 1.0, 1.0, 1.0, 3.0, 3.0, 3.0, 3.0, 4.0, 3.0, 11.0, 15.0, 10.0, 20.0, 36.0, 37.0, 78.0, 86.0, 165.0, 289.0, 572.0, 1655.0, 7249.0, 812671.0, 110012.0, 4403.0, 1160.0, 420.0, 245.0, 131.0, 93.0, 60.0, 44.0, 20.0, 20.0, 10.0, 10.0, 5.0, 6.0, 1.0, 1.0, 4.0, 2.0, 1.0, 5.0, 2.0, 2.0, 1.0, 2.0, 1.0, 2.0, 0.0, 1.0, 1.0, 1.0, 0.0, 1.0], "bins": [-0.0013501722132787108, -0.0013064021477475762, -0.0012626321986317635, -0.0012188621331006289, -0.0011750920675694942, -0.0011313220020383596, -0.0010875520529225469, -0.0010437819873914123, -0.0010000120382755995, -0.0009562420309521258, -0.0009124719654209912, -0.0008687019580975175, -0.0008249318925663829, -0.0007811618852429092, -0.0007373918779194355, -0.0006936218123883009, -0.0006498517468571663, -0.0006060817395336926, -0.000562311674002558, -0.0005185416666790843, -0.00047477163025178015, -0.000431001593824476, -0.0003872315865010023, -0.00034346155007369816, -0.000299691513646394, -0.00025592147721908987, -0.00021215145534370095, -0.00016838143346831203, -0.00012461139704100788, -8.084136061370373e-05, -3.7071353290230036e-05, 6.698683137074113e-06, 5.0468603149056435e-05, 9.423863230040297e-05, 0.0001380086614517495, 0.00018177868332713842, 0.00022554871975444257, 0.0002693187561817467, 0.0003130887635052204, 0.00035685879993252456, 0.0004006288363598287, 0.00044439887278713286, 0.000488168909214437, 0.0005319389165379107, 0.0005757089238613844, 0.000619478989392519, 0.0006632489967159927, 0.0007070190040394664, 0.000750789069570601, 0.0007945590768940747, 0.0008383291424252093, 0.000882099149748683, 0.0009258692152798176, 0.0009696392226032913, 0.001013409229926765, 0.0010571792954578996, 0.0011009492445737123, 0.001144719310104847, 0.0011884892592206597, 0.0012322593247517943, 0.001276029390282929, 0.0013197993393987417, 0.0013635694049298763, 0.001407339470461011, 0.0014511095359921455]}, "gradients/embedding_item.weight": {"_type": "histogram", "values": [1.0, 0.0, 1.0, 1.0, 3.0, 4.0, 2.0, 4.0, 4.0, 4.0, 4.0, 10.0, 19.0, 22.0, 22.0, 44.0, 54.0, 72.0, 84.0, 175.0, 237.0, 336.0, 542.0, 772.0, 1166.0, 1703.0, 2715.0, 4334.0, 7214.0, 12298.0, 20040.0, 32065.0, 98505.0, 256710.0, 48400.0, 26681.0, 16725.0, 10027.0, 6038.0, 3670.0, 2301.0, 1463.0, 978.0, 681.0, 478.0, 339.0, 224.0, 133.0, 82.0, 71.0, 41.0, 33.0, 22.0, 28.0, 8.0, 9.0, 6.0, 8.0, 5.0, 3.0, 5.0, 2.0, 1.0, 3.0],