{"epoch": 1000, "Train_Metric_loss": -8.442137527465821, "Train_Reg_loss": 0.09881792217493057, "_timestamp": 1688278680.9425306, "_runtime": 369.8671176433563, "_step": 1106, "Recall@5": 0.08013487083625236, "Recall@10": 0.12242242803795461, "Recall@20": 0.1794229485228702, "NDCG@5": 0.059034875545795076, "NDCG@10": 0.0733403102188936, "NDCG@20": 0.08980243121861593, "Recall@5_total_best": 0.11827206094922409, "Recall@10_total_best": 0.1765299196601283, "Recall@20_total_best": 0.24398060891572834, "ndcg@5_total_best": 0.08882006340807105, "ndcg@10_total_best": 0.1091507673435578, "ndcg@20_total_best": 0.12857997000716248, "EPOCH_ndcg_best": 30, "Recall@5_ndcg_best": 0.11827206094922409, "Recall@10_ndcg_best": 0.1765299196601283, "Recall@20_ndcg_best": 0.24398060891572834, "ndcg@5_ndcg_best": 0.08882006340807105, "ndcg@10_ndcg_best": 0.1091507673435578, "ndcg@20_ndcg_best": 0.12857997000716248, "BEST_NDCG@10": 0.1091507673435578, "gradients/mass_i.weight": {"_type": "histogram", "values": [1.0, 0.0, 0.0, 0.0, 0.0, 0.0, 0.0, 0.0, 0.0, 0.0, 0.0, 0.0, 0.0, 0.0, 0.0, 0.0, 0.0, 0.0, 0.0, 0.0, 1.0, 0.0, 0.0, 0.0, 0.0, 0.0, 0.0, 0.0, 1.0, 0.0, 1.0, 3.0, 1.0, 1.0, 0.0, 6.0, 2.0, 16.0, 16.0, 34.0, 62.0, 65.0, 15.0, 3293.0, 9.0, 14.0, 10.0, 2.0, 5.0, 4.0, 0.0, 2.0, 1.0, 0.0, 0.0, 1.0, 0.0, 1.0, 0.0, 0.0, 0.0, 0.0, 0.0, 1.0], "bins": [-0.00043514976277947426, -0.00042504488374106586, -0.00041494000470265746, -0.0004048351547680795, -0.0003947302757296711, -0.0003846253966912627, -0.0003745205176528543, -0.0003644156386144459, -0.0003543107595760375, -0.00034420588053762913, -0.00033410100149922073, -0.00032399612246081233, -0.0003138912725262344, -0.000303786393487826, -0.0002936815144494176, -0.0002835766354110092, -0.0002734717563726008, -0.0002633668773341924, -0.000253261998295784, -0.00024315713380929083, -0.00023305225477088243, -0.00022294739028438926, -0.00021284251124598086, -0.00020273763220757246, -0.00019263278227299452, -0.00018252790323458612, -0.00017242303874809295, -0.00016231815970968455, -0.00015221328067127615, -0.00014210841618478298, -0.00013200353714637458, -0.00012189865810796618, -0.00011179377906955779, -0.000101688907307107, -9.15840282686986e-05, -8.147915650624782e-05, -7.137427746783942e-05, -6.126940570538864e-05, -5.116453394293785e-05, -4.105965490452945e-05, -3.095478314207867e-05, -2.0849907741649076e-05, -1.0745034160208888e-05, -6.401605787687004e-07, 9.464714821660891e-06, 1.9569590222090483e-05, 2.9674461984541267e-05, 3.9779341022949666e-05, 4.988421278540045e-05, 5.998908818583004e-05, 7.009396358625963e-05, 8.019883534871042e-05, 9.030371438711882e-05, 0.0001004085861495696, 0.00011051345791202039, 0.00012061833695042878, 0.00013072320143692195, 0.00014082808047533035, 0.00015093294496182352, 0.00016103782400023192, 0.00017114270303864032, 0.0001812475675251335, 0.0001913524465635419, 0.0002014573256019503, 0.00021156220464035869]}, "gradients/mass_u.weight": {"_type": "histogram", "values": [1.0, 0.0, 0.0, 1.0, 0.0, 0.0, 0.0, 1.0, 0.0, 0.0, 1.0, 0.0, 0.0, 2.0, 2.0, 1.0, 0.0, 1.0, 2.0, 2.0, 0.0, 1.0, 4.0, 5.0, 3.0, 2.0, 3.0, 8.0, 10.0, 8.0, 8.0, 11.0, 24.0, 9.0, 6.0, 10.0, 18.0, 16.0, 5.0, 2.0, 5.0, 6.0, 5348.0, 2.0, 0.0, 0.0, 2.0, 0.0, 2.0, 3.0, 1.0, 0.0, 0.0, 0.0, 1.0, 1.0, 0.0, 0.0, 0.0, 0.0, 0.0, 1.0, 1.0, 1.0], "bins": [-0.0002076027012662962, -0.00020269231754355133, -0.00019778194837272167, -0.0001928715646499768, -0.0001879611809272319, -0.00018305079720448703, -0.00017814042803365737, -0.0001732300443109125, -0.0001683196605881676, -0.00016340927686542273, -0.00015849890769459307, -0.0001535885239718482, -0.0001486781402491033, -0.00014376775652635843, -0.00013885738735552877, -0.0001339470036327839, -0.00012903663446195424, -0.00012412625073920935, -0.00011921587429242209, -0.00011430549784563482, -0.00010939511412288994, -0.00010448473767610267, -9.95743612293154e-05, -9.466397750657052e-05, -8.975359378382564e-05, -8.484321733703837e-05, -7.993283361429349e-05, -7.502245716750622e-05, -7.011207344476134e-05, -6.520169699797407e-05, -6.029131691320799e-05, -5.538093682844192e-05, -5.047054582973942e-05, -4.5560165744973347e-05, -4.064978566020727e-05, -3.5739409213420004e-05, -3.082902549067512e-05, -2.591864722489845e-05, -2.100826895912178e-05, -1.6097888874355704e-05, -1.1187508789589629e-05, -6.2771291595709044e-06, -1.3667495295521803e-06, 3.543629645719193e-06, 8.454009730485268e-06, 1.3364389815251343e-05, 1.8274768081028014e-05, 2.318514816579409e-05, 2.8095528250560164e-05, 3.300590833532624e-05, 3.7916288420092314e-05, 4.282666486687958e-05, 4.7737048589624465e-05, 5.264742503641173e-05, 5.755780512117781e-05, 6.246818520594388e-05, 6.737856892868876e-05, 7.228894537547603e-05, 7.719932909822091e-05, 8.210970554500818e-05, 8.702008926775306e-05, 9.193046571454033e-05, 9.68408421613276e-05, 0.00010175122588407248, 0.00010666160233085975]}, "gradients/embedding_user.weight": {"_type": "histogram", "values": [1.0, 0.0, 0.0, 0.0, 0.0, 0.0, 0.0, 0.0, 0.0, 1.0, 1.0, 1.0, 1.0, 3.0, 3.0, 5.0, 7.0, 11.0, 13.0, 17.0, 27.0, 32.0, 44.0, 70.0, 96.0, 181.0, 327.0, 549.0, 1022.0, 2353.0, 6760.0, 88547.0, 235016.0, 13278.0, 3212.0, 1394.0, 676.0, 385.0, 194.0, 127.0, 84.0, 57.0, 34.0, 24.0, 22.0, 13.0, 7.0, 9.0, 4.0, 1.0, 4.0, 2.0, 0.0, 1.0, 1.0, 2.0, 1.0, 0.0, 1.0, 0.0, 0.0, 0.0, 1.0, 2.0], "bins": [-0.0005792755982838571, -0.0005612753448076546, -0.0005432750913314521, -0.0005252747796475887, -0.0005072745261713862, -0.0004892742726951838, -0.00047127401921898127, -0.0004532737366389483, -0.0004352734540589154, -0.0004172732005827129, -0.00039927291800267994, -0.00038127266452647746, -0.0003632723819464445, -0.000345272128470242, -0.00032727187499403954, -0.0003092715924140066, -0.0002912713389378041, -0.0002732710854616016, -0.00025527080288156867, -0.00023727054940536618, -0.00021927026682533324, -0.00020127001334913075, -0.00018326974532101303, -0.00016526947729289532, -0.0001472692092647776, -0.00012926894123665988, -0.00011126867320854217, -9.326841245638207e-05, -7.526814442826435e-05, -5.726787640014663e-05, -3.926761564798653e-05, -2.1267347619868815e-05, -3.2670795917510986e-06, 1.4733186617377214e-05, 3.273345282650553e-05, 5.0733717216644436e-05, 6.873398524476215e-05, 8.673425327287987e-05, 0.00010473451402503997, 0.0001227347820531577, 0.0001407350500812754, 0.00015873531810939312, 0.00017673558613751084, 0.00019473585416562855, 0.00021273610764183104, 0.00023073639022186399, 0.0002487366436980665, 0.00026673689717426896, 0.0002847371797543019, 0.0003027374332305044, 0.00032073771581053734, 0.0003387379692867398, 0.00035673825186677277, 0.00037473850534297526, 0.0003927387879230082, 0.0004107390413992107, 0.0004287392948754132, 0.00044673954835161567, 0.0004647398309316486, 0.0004827400844078511, 0.000500740366987884, 0.0005187406204640865, 0.000536740873940289, 0.0005547411274164915, 0.0005727414391003549]}, "gradients/embedding_item.weight": {"_type": "histogram", "values": [1.0, 0.0, 0.0, 0.0, 0.0, 0.0, 2.0, 5.0, 2.0, 2.0, 5.0, 9.0, 5.0, 7.0, 21.0, 30.0, 35.0, 61.0, 50.0, 102.0, 168.0, 242.0, 421.0, 548.0, 932.0, 1554.0, 2786.0, 5439.0, 13301.0, 60841.0, 107754.0, 18850.0, 6928.0, 3341.0, 1848.0, 1064.0, 690.0, 442.0, 290.0, 194.0, 115.0, 83.0, 58.0, 32.0, 33.0, 18.0, 10.0, 5.0, 5.0, 4.0, 6.0, 1.0, 2.0, 3.0, 1.0, 2.0, 0.0, 1.0, 0.0, 1.0, 1.0, 0.0, 0.0, 1.0],