{"TOTAL_BEST_METRIC": 0.4090801534241781, "BEST_NDCG@10": 0.06458298330035746, "_timestamp": 1688575622.4727228, "_runtime": 2856.6184408664703, "_step": 203, "epoch": 174, "Train_Metric_loss": 1.7769584243114178, "Train_Reg_loss": 0.0001148091795095332, "Pos_loss": 10.490413665771484, "Neg_loss": 0.19742117822170258, "Recall@5": 0.03963384464101539, "Recall@10": 0.06560699960064896, "Recall@20": 0.10307043410434734, "NDCG@5": 0.056634252614517835, "NDCG@10": 0.0639242997910912, "NDCG@20": 0.07699062249144736, "Recall@5_total_best": 0.04037683053267113, "Recall@10_total_best": 0.0657143577710532, "Recall@20_total_best": 0.10300910430838156, "ndcg@5_total_best": 0.05784869011910266, "ndcg@10_total_best": 0.06458298330035746, "ndcg@20_total_best": 0.07754818739261211, "EPOCH_ndcg_best": 60, "Recall@5_ndcg_best": 0.04037683053267113, "Recall@10_ndcg_best": 0.0657143577710532, "Recall@20_ndcg_best": 0.10300910430838156, "ndcg@5_ndcg_best": 0.05784869011910266, "ndcg@10_ndcg_best": 0.06458298330035746, "ndcg@20_ndcg_best": 0.07754818739261211, "gradients/mass_i.weight": {"_type": "histogram", "values": [1.0, 0.0, 0.0, 0.0, 1.0, 0.0, 0.0, 0.0, 0.0, 0.0, 1.0, 0.0, 0.0, 0.0, 0.0, 0.0, 0.0, 1.0, 1.0, 3.0, 3.0, 2.0, 1.0, 3.0, 3.0, 16.0, 18.0, 18.0, 26.0, 40.0, 54.0, 73.0, 137.0, 191.0, 267.0, 368.0, 554.0, 588.0, 660.0, 36828.0, 339.0, 357.0, 255.0, 155.0, 95.0, 59.0, 36.0, 27.0, 27.0, 14.0, 12.0, 6.0, 4.0, 5.0, 4.0, 2.0, 4.0, 0.0, 2.0, 0.0, 1.0, 1.0, 0.0, 1.0], "bins": [-0.00017662362370174378, -0.00017211287922691554, -0.0001676021347520873, -0.00016309139027725905, -0.0001585806458024308, -0.00015406990132760257, -0.00014955915685277432, -0.0001450484269298613, -0.00014053768245503306, -0.00013602693798020482, -0.00013151619350537658, -0.00012700544903054833, -0.0001224947045557201, -0.00011798396008089185, -0.00011347322288202122, -0.00010896247840719298, -0.00010445172665640712, -9.994098218157887e-05, -9.543023770675063e-05, -9.091949323192239e-05, -8.640874875709414e-05, -8.18980042822659e-05, -7.738726708339527e-05, -7.287652260856703e-05, -6.836577813373879e-05, -6.385503365891054e-05, -5.93442891840823e-05, -5.483354834723286e-05, -5.032280387240462e-05, -4.581205939757638e-05, -4.130131856072694e-05, -3.67905740858987e-05, -3.227984416298568e-05, -2.776909968815744e-05, -2.32583570323186e-05, -1.874761437647976e-05, -1.4236869901651517e-05, -9.726125426823273e-06, -5.215382770984434e-06, -7.046401151455939e-07, 3.8061043596826494e-06, 8.316847925016191e-06, 1.2827591490349732e-05, 1.7338334146188572e-05, 2.1849078621016815e-05, 2.635982309584506e-05, 3.0870563932694495e-05, 3.538130840752274e-05, 3.989205288235098e-05, 4.4402797357179224e-05, 4.891354183200747e-05, 5.3424282668856904e-05, 5.793502714368515e-05, 6.24457752564922e-05, 6.695651245536283e-05, 7.146725693019107e-05, 7.597800140501931e-05, 8.048874587984756e-05, 8.49994903546758e-05, 8.951023482950404e-05, 9.402097202837467e-05, 9.853171650320292e-05, 0.00010304246097803116, 0.0001075532054528594, 0.00011206394992768764]}, "gradients/mass_u.weight": {"_type": "histogram", "values": [2.0, 1.0, 0.0, 1.0, 0.0, 0.0, 0.0, 0.0, 0.0, 0.0, 0.0, 0.0, 0.0, 1.0, 1.0, 0.0, 0.0, 0.0, 0.0, 1.0, 1.0, 0.0, 1.0, 0.0, 0.0, 2.0, 0.0, 0.0, 1.0, 0.0, 1.0, 1.0, 0.0, 1.0, 1.0, 2.0, 0.0, 2.0, 4.0, 0.0, 1.0, 7.0, 1.0, 2.0, 2.0, 3.0, 4.0, 8.0, 2.0, 1.0, 6.0, 9.0, 8.0, 11.0, 8.0, 17.0, 29.0, 33.0, 44.0, 79.0, 107.0, 72.0, 0.0, 51928.0], "bins": [-0.0005687761586159468, -0.0005598890129476786, -0.0005510019254870713, -0.0005421147798188031, -0.0005332276341505349, -0.0005243405466899276, -0.0005154534010216594, -0.0005065662553533912, -0.000497679109685123, -0.0004887919640168548, -0.000479904847452417, -0.00047101773088797927, -0.00046213058521971107, -0.0004532434686552733, -0.00044435635209083557, -0.00043546920642256737, -0.0004265821189619601, -0.00041769500239752233, -0.0004088078567292541, -0.0003999207401648164, -0.0003910335944965482, -0.00038214647793211043, -0.0003732593613676727, -0.0003643722156994045, -0.00035548509913496673, -0.000346597982570529, -0.0003377108369022608, -0.00032882372033782303, -0.0003199366037733853, -0.0003110494581051171, -0.00030216234154067934, -0.0002932752249762416, -0.0002843880793079734, -0.00027550096274353564, -0.00026661381707526743, -0.0002577267005108297, -0.0002488395548425615, -0.00023995243827812374, -0.000231065321713686, -0.00022217819059733301, -0.00021329105948098004, -0.00020440392836462706, -0.0001955167972482741, -0.00018662968068383634, -0.00017774254956748337, -0.0001688554184511304, -0.00015996830188669264, -0.00015108117077033967, -0.0001421940396539867, -0.00013330690853763372, -0.00012441977742128074, -0.000115532660856843, -0.00010664552974049002, -9.775839862413704e-05, -8.887127478374168e-05, -7.998415094334632e-05, -7.109701982699335e-05, -6.220988871064037e-05, -5.332276487024501e-05, -4.443563739187084e-05, -3.554850991349667e-05, -2.6661382435122505e-05, -1.7774254956748337e-05, -8.887131116352975e-06, 0.0]}, "gradients/embedding_user.weight": {"_type": "histogram", "values": [1.0, 1.0, 1.0, 1.0, 0.0, 0.0, 1.0, 1.0, 1.0, 3.0, 1.0, 4.0, 3.0, 6.0, 6.0, 10.0, 9.0, 12.0, 19.0, 42.0, 47.0, 63.0, 72.0, 150.0, 261.0, 477.0, 958.0, 2029.0, 4714.0, 10547.0, 2621729.0, 696583.0, 8570.0, 3926.0, 1789.0, 841.0, 437.0, 252.0, 150.0, 72.0, 56.0, 39.0, 33.0, 13.0, 13.0, 7.0, 6.0, 5.0, 8.0, 2.0, 2.0, 3.0, 1.0, 0.0, 0.0, 1.0, 0.0, 2.0, 2.0, 1.0, 0.0, 0.0, 0.0, 1.0], "bins": [-0.0009267894783988595, -0.0008967830799520016, -0.0008667766815051436, -0.0008367702830582857, -0.0008067638846114278, -0.0007767574861645699, -0.0007467510877177119, -0.000716744689270854, -0.0006867382908239961, -0.0006567318923771381, -0.0006267254939302802, -0.0005967190954834223, -0.0005667126970365644, -0.0005367062985897064, -0.0005066999001428485, -0.00047669350169599056, -0.0004466871323529631, -0.00041668073390610516, -0.00038667433545924723, -0.0003566679370123893, -0.0003266615385655314, -0.0002966551692225039, -0.00026664877077564597, -0.00023664235777687281, -0.00020663595933001488, -0.00017662956088315696, -0.00014662316243629903, -0.00011661677126539871, -8.661037281854078e-05, -5.660398164764047e-05, -2.6597583200782537e-05, 3.4088152460753918e-06, 3.341521369293332e-05, 6.342161213979125e-05, 9.342801058664918e-05, 0.0001234344090335071, 0.00015344080748036504, 0.00018344719137530774, 0.00021345358982216567, 0.0002434599882690236, 0.00027346640126779675, 0.0003034727997146547, 0.0003334791981615126, 0.00036348559660837054, 0.00039349199505522847, 0.0004234983935020864, 0.00045350479194894433, 0.00048351119039580226, 0.0005135175306349993, 0.0005435239290818572, 0.0005735303275287151, 0.0006035367259755731, 0.000633543124422431, 0.0006635495228692889, 0.0006935559213161469, 0.0007235623197630048, 0.0007535687182098627, 0.0007835751166567206, 0.0008135815151035786, 0.0008435879135504365, 0.0008735943119972944, 0.0009036007104441524, 0.0009336071088910103, 0.0009636135073378682, 0.0009936199057847261]}, "gradients/embedding_item.weight": {"_type": "histogram", "values": [1.0, 2.0, 0.0, 1.0, 2.0, 3.0, 2.0, 1.0, 0.0, 2.0, 2.0, 0.0, 1.0, 1.0, 1.0, 0.0, 1.0, 1.0, 0.0, 1.0, 3.0, 3.0, 17.0, 24.0, 52.0, 136.0, 448.0, 1520.0, 7148.0, 40406.0, 305855.0, 1878437.0, 350741.0, 45953.0, 7691.0, 1684.0, 441.0, 162.0, 65.0, 29.0, 15.0, 9.0, 6.0, 6.0, 0.0, 1.0, 3.0, 0.0, 0.0, 4.0, 2.0, 2.0, 1.0, 0.0, 1.0, 0.0, 0.0, 2.0, 1.0, 1.0, 3.0, 0.0, 0.0, 2.0],