{"TOTAL_BEST_METRIC": 0.31098995216746933, "BEST_NDCG@10": 0.036111072630030744, "_timestamp": 1688345544.0650692, "_runtime": 1201.8898572921753, "_step": 1116, "epoch": 1000, "Train_Metric_loss": -2.3417407955442155, "Train_Reg_loss": 5.712601835382104e-05, "Pos_loss": -3.1541481018066406, "Neg_loss": 2.892793655395508, "Recall@5": 0.02938179436165509, "Recall@10": 0.052279751166971276, "Recall@20": 0.0844267039396067, "NDCG@5": 0.01989453583430467, "NDCG@10": 0.02787120956348846, "NDCG@20": 0.03692399818964618, "Recall@5_total_best": 0.041177732698759455, "Recall@10_total_best": 0.06161707285068835, "Recall@20_total_best": 0.09783176397749253, "ndcg@5_total_best": 0.028610378230316983, "ndcg@10_total_best": 0.035827693596319356, "ndcg@20_total_best": 0.04592531081389262, "EPOCH_ndcg_best": 930, "Recall@5_ndcg_best": 0.04079848920270822, "Recall@10_ndcg_best": 0.06314956491260422, "Recall@20_ndcg_best": 0.09425493941998798, "ndcg@5_ndcg_best": 0.028270402635655594, "ndcg@10_ndcg_best": 0.036111072630030744, "ndcg@20_ndcg_best": 0.04481802207776276, "gradients/mass_i.weight": {"_type": "histogram", "values": [2.0, 0.0, 0.0, 0.0, 0.0, 0.0, 2.0, 0.0, 1.0, 2.0, 0.0, 1.0, 0.0, 1.0, 2.0, 3.0, 6.0, 5.0, 8.0, 17.0, 16.0, 23.0, 38.0, 49.0, 72.0, 104.0, 141.0, 173.0, 127.0, 68.0, 7458.0, 116.0, 117.0, 66.0, 30.0, 26.0, 8.0, 9.0, 6.0, 6.0, 1.0, 1.0, 1.0, 0.0, 1.0, 1.0, 0.0, 0.0, 0.0, 0.0, 0.0, 1.0, 0.0, 0.0, 1.0, 0.0, 0.0, 0.0, 0.0, 0.0, 1.0, 0.0, 1.0, 1.0], "bins": [-4.5982971641933545e-05, -4.447779429028742e-05, -4.29726205766201e-05, -4.146744322497398e-05, -3.996226587332785e-05, -3.8457088521681726e-05, -3.695191480801441e-05, -3.544673745636828e-05, -3.394156010472216e-05, -3.243638275307603e-05, -3.0931209039408714e-05, -2.9426031687762588e-05, -2.7920854336116463e-05, -2.641567880345974e-05, -2.491050327080302e-05, -2.3405325919156894e-05, -2.1900150386500172e-05, -2.039497485384345e-05, -1.8889797502197325e-05, -1.7384621969540603e-05, -1.5879444617894478e-05, -1.4374269085237756e-05, -1.2869092643086333e-05, -1.136391620093491e-05, -9.858739758783486e-06, -8.353563316632062e-06, -6.848386874480639e-06, -5.343210887076566e-06, -3.8380344449251425e-06, -2.332858002773719e-06, -8.276820153696463e-07, 6.774944267817773e-07, 2.182670868933201e-06, 3.6878473110846244e-06, 5.193023753236048e-06, 6.698199740640121e-06, 8.203376637538895e-06, 9.708552170195617e-06, 1.121372861234704e-05, 1.2718905054498464e-05, 1.4224081496649887e-05, 1.572925793880131e-05, 1.7234433471458033e-05, 1.8739610823104158e-05, 2.024478635576088e-05, 2.1749963707407005e-05, 2.3255139240063727e-05, 2.4760316591709852e-05, 2.6265492124366574e-05, 2.7770667657023296e-05, 2.927584500866942e-05, 3.0781022360315546e-05, 3.2286196073982865e-05, 3.379137342562899e-05, 3.5296550777275115e-05, 3.680172812892124e-05, 3.830690184258856e-05, 3.9812079194234684e-05, 4.1317252907902e-05, 4.282243025954813e-05, 4.432760761119425e-05, 4.583278496284038e-05, 4.7337958676507697e-05, 4.884313602815382e-05, 5.034831337979995e-05]}, "gradients/mass_u.weight": {"_type": "histogram", "values": [1.0, 0.0, 0.0, 0.0, 1.0, 0.0, 0.0, 0.0, 0.0, 0.0, 0.0, 0.0, 0.0, 0.0, 1.0, 0.0, 0.0, 0.0, 0.0, 1.0, 0.0, 0.0, 1.0, 0.0, 0.0, 0.0, 0.0, 0.0, 0.0, 0.0, 0.0, 0.0, 0.0, 2.0, 1.0, 0.0, 1.0, 0.0, 2.0, 1.0, 2.0, 1.0, 0.0, 1.0, 2.0, 2.0, 4.0, 3.0, 2.0, 4.0, 8.0, 7.0, 9.0, 12.0, 13.0, 18.0, 30.0, 47.0, 80.0, 95.0, 79.0, 53.0, 19.0, 14178.0], "bins": [-0.0002373743336647749, -0.00023366535606328398, -0.00022995637846179307, -0.00022624741541221738, -0.00022253843781072646, -0.00021882946020923555, -0.00021512049715965986, -0.00021141151955816895, -0.00020770254195667803, -0.00020399356435518712, -0.0002002845867536962, -0.00019657562370412052, -0.0001928666461026296, -0.0001891576685011387, -0.000185448705451563, -0.00018173972785007209, -0.00017803075024858117, -0.00017432177264709026, -0.00017061279504559934, -0.00016690383199602365, -0.00016319485439453274, -0.00015948587679304183, -0.00015577691374346614, -0.00015206793614197522, -0.0001483589585404843, -0.0001446499809389934, -0.00014094100333750248, -0.0001372320402879268, -0.00013352306268643588, -0.00012981408508494496, -0.00012610512203536928, -0.00012239614443387836, -0.00011868716683238745, -0.00011497818923089653, -0.00011126921890536323, -0.00010756024857982993, -0.00010385127097833902, -0.0001001422933768481, -9.64333230513148e-05, -9.27243527257815e-05, -8.901537512429059e-05, -8.530639752279967e-05, -8.159742719726637e-05, -7.788845687173307e-05, -7.417947927024215e-05, -7.047050166875124e-05, -6.676153134321794e-05, -6.305256101768464e-05, -5.9343583416193724e-05, -5.5634609452681616e-05, -5.192563548916951e-05, -4.82166615256574e-05, -4.450768756214529e-05, -4.0798713598633185e-05, -3.708973963512108e-05, -3.338076567160897e-05, -2.9671791708096862e-05, -2.5962817744584754e-05, -2.2253843781072646e-05, -1.854486981756054e-05, -1.4835895854048431e-05, -1.1126921890536323e-05, -7.4179479270242155e-06, -3.7089739635121077e-06, 0.0]}, "gradients/embedding_user.weight": {"_type": "histogram", "values": [1.0, 0.0, 0.0, 0.0, 1.0, 0.0, 2.0, 1.0, 1.0, 1.0, 2.0, 4.0, 1.0, 0.0, 2.0, 6.0, 3.0, 10.0, 4.0, 9.0, 12.0, 19.0, 28.0, 40.0, 56.0, 90.0, 134.0, 264.0, 605.0, 1785.0, 9282.0, 714561.0, 205279.0, 5110.0, 1232.0, 458.0, 203.0, 106.0, 86.0, 35.0, 40.0, 21.0, 17.0, 19.0, 10.0, 9.0, 9.0, 7.0, 4.0, 0.0, 2.0, 4.0, 2.0, 0.0, 1.0, 0.0, 3.0, 0.0, 1.0, 1.0, 0.0, 0.0, 0.0, 1.0], "bins": [-9.929850421031006e-06, -9.618132935429458e-06, -9.30641544982791e-06, -8.994697964226361e-06, -8.682980478624813e-06, -8.371262083528563e-06, -8.059544597927015e-06, -7.747827112325467e-06, -7.436109626723919e-06, -7.124392141122371e-06, -6.812674655520823e-06, -6.500956715171924e-06, -6.189239229570376e-06, -5.877521743968828e-06, -5.565803803619929e-06, -5.2540863180183806e-06, -4.9423688324168324e-06, -4.630651346815284e-06, -4.318933861213736e-06, -4.007215920864837e-06, -3.695498435263289e-06, -3.383780949661741e-06, -3.0720632366865175e-06, -2.760345523711294e-06, -2.448628038109746e-06, -2.1369105525081977e-06, -1.8251928395329742e-06, -1.5134752402445883e-06, -1.2017576409562025e-06, -8.900400416678167e-07, -5.783224423794309e-07, -2.666047294042073e-07, 4.5112756197340786e-08, 3.568303554857266e-07, 6.685479547741124e-07, 9.802655540624983e-07, 1.291983153350884e-06, 1.60370075263927e-06, 1.9154183519276557e-06, 2.2271360649028793e-06, 2.5388535505044274e-06, 2.8505710361059755e-06, 3.162288749081199e-06, 3.4740064620564226e-06, 3.7857239476579707e-06, 4.097441433259519e-06, 4.409159373608418e-06, 4.720876859209966e-06, 5.032594344811514e-06, 5.344311830413062e-06, 5.65602931601461e-06, 5.967747256363509e-06, 6.279464741965057e-06, 6.5911822275666054e-06, 6.9029001679155044e-06, 7.2146176535170525e-06, 7.526335139118601e-06, 7.838052624720149e-06, 8.149770110321697e-06, 8.461487595923245e-06, 8.773205991019495e-06, 9.084923476621043e-06, 9.396640962222591e-06, 9.708358447824139e-06, 1.0020075933425687e-05]}, "gradients/embedding_item.weight": {"_type": "histogram", "values": [1.0, 0.0, 1.0, 4.0, 3.0, 1.0, 2.0, 4.0, 4.0, 7.0, 9.0, 24.0, 14.0, 23.0, 32.0, 54.0, 73.0, 151.0, 210.0, 320.0, 591.0, 1145.0, 2443.0, 5786.0, 15482.0, 44324.0, 329758.0, 105060.0, 32238.0, 11406.0, 4332.0, 1786.0, 956.0, 544.0, 310.0, 177.0, 115.0, 73.0, 37.0, 32.0, 27.0, 21.0, 12.0, 7.0, 7.0, 4.0, 7.0, 3.0, 3.0, 0.0, 3.0, 2.0, 0.0, 1.0, 0.0, 1.0, 0.0, 0.0, 0.0, 0.0, 0.0, 0.0, 0.0, 2.0],