{"TOTAL_BEST_METRIC": 0.36339671602556245, "BEST_NDCG@10": 0.042755009762182335, "_timestamp": 1688381366.6657274, "_runtime": 1211.9728033542633, "_step": 1165, "epoch": 1000, "Train_Metric_loss": -0.06389773637056351, "Train_Reg_loss": 0.00019684201834024861, "Pos_loss": -0.26128309965133667, "Neg_loss": 0.2151212841272354, "Recall@5": 0.04210539135290853, "Recall@10": 0.07531272557915318, "Recall@20": 0.11563270064466563, "NDCG@5": 0.030711336005045997, "NDCG@10": 0.042291788984398525, "NDCG@20": 0.053639070944544114, "Recall@5_total_best": 0.04558624839721235, "Recall@10_total_best": 0.07443059637575145, "Recall@20_total_best": 0.11448682076448755, "ndcg@5_total_best": 0.03254740003957373, "ndcg@10_total_best": 0.04250524599905863, "ndcg@20_total_best": 0.05384040444947875, "EPOCH_ndcg_best": 630, "Recall@5_ndcg_best": 0.04453946157762379, "Recall@10_ndcg_best": 0.07528720608681229, "Recall@20_ndcg_best": 0.11402265267333966, "ndcg@5_ndcg_best": 0.032149939689699515, "ndcg@10_ndcg_best": 0.042755009762182335, "ndcg@20_ndcg_best": 0.05376377662952764, "gradients/mass_i.weight": {"_type": "histogram", "values": [1.0, 0.0, 0.0, 0.0, 0.0, 0.0, 0.0, 0.0, 0.0, 0.0, 0.0, 0.0, 0.0, 0.0, 0.0, 0.0, 0.0, 0.0, 0.0, 0.0, 0.0, 0.0, 1.0, 0.0, 0.0, 0.0, 0.0, 0.0, 1.0, 1.0, 0.0, 2.0, 3.0, 2.0, 5.0, 7.0, 10.0, 8.0, 15.0, 13.0, 16.0, 72.0, 47.0, 28.0, 353.0, 40.0, 207.0, 7364.0, 42.0, 297.0, 19.0, 59.0, 47.0, 14.0, 18.0, 5.0, 5.0, 4.0, 2.0, 2.0, 1.0, 0.0, 0.0, 2.0], "bins": [-0.002384078921750188, -0.002333506476134062, -0.0022829340305179358, -0.0022323618177324533, -0.0021817893721163273, -0.0021312169265002012, -0.002080644480884075, -0.0020300722680985928, -0.0019794998224824667, -0.0019289273768663406, -0.0018783550476655364, -0.0018277826020494103, -0.0017772102728486061, -0.00172663782723248, -0.001676065381616354, -0.0016254930524155498, -0.0015749206067994237, -0.0015243481611832976, -0.0014737758319824934, -0.0014232033863663673, -0.001372631057165563, -0.001322058611549437, -0.0012714862823486328, -0.0012209138367325068, -0.0011703413911163807, -0.0011197689455002546, -0.0010691966162994504, -0.0010186241706833243, -0.0009680518414825201, -0.000917479395866394, -0.0008669070084579289, -0.0008163346210494637, -0.0007657624082639813, -0.0007151900208555162, -0.000664617633447051, -0.000614045187830925, -0.0005634728586301208, -0.0005129004130139947, -0.00046232802560552955, -0.0004117556381970644, -0.00036118325078859925, -0.0003106108633801341, -0.00026003847597166896, -0.00020946605945937335, -0.0001588936720509082, -0.00010832128464244306, -5.774886813014746e-05, -7.17648072168231e-06, 4.339590668678284e-05, 9.39683013712056e-05, 0.00014454069605562836, 0.00019511309801600873, 0.0002456854854244739, 0.00029625787283293903, 0.00034683028934523463, 0.0003974026767536998, 0.0004479750641621649, 0.0004985474515706301, 0.0005491198389790952, 0.0005996922263875604, 0.0006502646720036864, 0.0007008370012044907, 0.0007514094468206167, 0.0008019818342290819, 0.000852554221637547]}, "gradients/mass_u.weight": {"_type": "histogram", "values": [2.0, 0.0, 0.0, 0.0, 0.0, 0.0, 0.0, 0.0, 0.0, 1.0, 0.0, 0.0, 0.0, 0.0, 0.0, 1.0, 0.0, 1.0, 0.0, 1.0, 0.0, 0.0, 0.0, 0.0, 0.0, 0.0, 0.0, 0.0, 0.0, 0.0, 1.0, 0.0, 0.0, 1.0, 1.0, 0.0, 0.0, 2.0, 1.0, 0.0, 0.0, 2.0, 1.0, 0.0, 1.0, 1.0, 2.0, 1.0, 5.0, 1.0, 8.0, 6.0, 5.0, 3.0, 7.0, 12.0, 27.0, 40.0, 51.0, 75.0, 101.0, 76.0, 48.0, 14196.0], "bins": [-0.0008023739792406559, -0.0007898368639871478, -0.0007772998069413006, -0.0007647626916877925, -0.0007522256346419454, -0.0007396885193884373, -0.0007271514041349292, -0.000714614347089082, -0.0007020772318355739, -0.0006895401165820658, -0.0006770030595362186, -0.0006644659442827106, -0.0006519288290292025, -0.0006393917719833553, -0.0006268546567298472, -0.000614317599684, -0.0006017804844304919, -0.0005892433691769838, -0.0005767063121311367, -0.0005641691968776286, -0.0005516321398317814, -0.0005390950245782733, -0.0005265579093247652, -0.000514020852278918, -0.0005014837370254099, -0.0004889466217719018, -0.00047640956472605467, -0.0004638724494725466, -0.00045133536332286894, -0.0004387982771731913, -0.0004262611619196832, -0.0004137240757700056, -0.00040118698962032795, -0.0003886499034706503, -0.0003761128173209727, -0.0003635757020674646, -0.00035103861591778696, -0.0003385015297681093, -0.00032596441451460123, -0.0003134273283649236, -0.00030089024221524596, -0.00028835315606556833, -0.0002758160699158907, -0.0002632789546623826, -0.00025074186851270497, -0.00023820478236302733, -0.00022566768166143447, -0.0002131305809598416, -0.00020059349481016397, -0.00018805640866048634, -0.00017551930795889348, -0.00016298220725730062, -0.00015044512110762298, -0.00013790803495794535, -0.00012537093425635248, -0.00011283384083071724, -0.00010029674740508199, -8.775965397944674e-05, -7.522256055381149e-05, -6.268546712817624e-05, -5.0148373702540994e-05, -3.7611280276905745e-05, -2.5074186851270497e-05, -1.2537093425635248e-05, 0.0]}, "gradients/embedding_user.weight": {"_type": "histogram", "values": [1.0, 0.0, 0.0, 0.0, 1.0, 1.0, 1.0, 0.0, 3.0, 0.0, 3.0, 6.0, 5.0, 12.0, 14.0, 17.0, 14.0, 25.0, 32.0, 54.0, 61.0, 96.0, 117.0, 181.0, 240.0, 329.0, 445.0, 712.0, 940.0, 1412.0, 2323.0, 3956.0, 8598.0, 115888.0, 633887.0, 148887.0, 10221.0, 4164.0, 2397.0, 1525.0, 976.0, 598.0, 413.0, 316.0, 190.0, 141.0, 97.0, 70.0, 55.0, 39.0, 27.0, 26.0, 15.0, 14.0, 8.0, 8.0, 6.0, 3.0, 4.0, 3.0, 1.0, 3.0, 2.0, 1.0], "bins": [-4.046798039780697e-06, -3.92962738260394e-06, -3.812456498053507e-06, -3.6952858408767497e-06, -3.5781151836999925e-06, -3.46094429914956e-06, -3.3437736419728026e-06, -3.2266029847960453e-06, -3.109432327619288e-06, -2.992261670442531e-06, -2.875090785892098e-06, -2.757920128715341e-06, -2.6407494715385837e-06, -2.523578586988151e-06, -2.406407929811394e-06, -2.2892372726346366e-06, -2.172066388084204e-06, -2.0548957309074467e-06, -1.937724846357014e-06, -1.8205541891802568e-06, -1.7033835320034996e-06, -1.5862127611399046e-06, -1.4690419902763097e-06, -1.3518713330995524e-06, -1.2347005622359575e-06, -1.1175297913723625e-06, -1.0003591341956053e-06, -8.831883633320103e-07, -7.660176493118342e-07, -6.488469352916582e-07, -5.316761644280632e-07, -4.145054504078871e-07, -2.97334736387711e-07, -1.801640081566802e-07, -6.29932799256494e-08, 5.417746251623612e-08, 1.713481765364122e-07, 2.885188905565883e-07, 4.0568966142018326e-07, 5.228603754403593e-07, 6.400310894605354e-07, 7.572018034807115e-07, 8.743725175008876e-07, 9.915432883644826e-07, 1.1087140592280775e-06, 1.2258847164048348e-06, 1.3430554872684297e-06, 1.4602262581320247e-06, 1.577396915308782e-06, 1.6945676861723769e-06, 1.811738343349134e-06, 1.928909114212729e-06, 2.0460797713894863e-06, 2.1632504285662435e-06, 2.280421313116676e-06, 2.3975919702934334e-06, 2.514762854843866e-06, 2.6319335120206233e-06, 2.749104396571056e-06, 2.8662750537478132e-06, 2.9834457109245704e-06, 3.100616595475003e-06, 3.2177872526517604e-06, 3.3349579098285176e-06, 3.452128567005275e-06]}, "gradients/embedding_item.weight": {"_type": "histogram", "values": [1.0, 0.0, 0.0, 2.0, 4.0, 3.0, 2.0, 10.0, 13.0, 20.0, 17.0, 19.0, 38.0, 61.0, 74.0, 101.0, 139.0, 220.0, 267.0, 405.0, 646.0, 1144.0, 1971.0, 3587.0, 7009.0, 12966.0, 24162.0, 43553.0, 89176.0, 252400.0, 52302.0, 30949.0, 16554.0, 8912.0, 4629.0, 2447.0, 1382.0, 809.0, 516.0, 341.0, 227.0, 159.0, 119.0, 76.0, 55.0, 39.0, 24.0, 24.0, 15.0, 15.0, 9.0, 5.0, 3.0, 3.0, 2.0, 0.0, 2.0, 1.0, 1.0, 0.0, 0.0, 0.0, 1.0, 1.0],