{"TOTAL_BEST_METRIC": 1.1052567913124822, "BEST_NDCG@10": 0.14113703467100414, "_timestamp": 1688369485.2930915, "_runtime": 752.048903465271, "_step": 1242, "epoch": 1000, "Train_Metric_loss": 4.347653865814209, "Train_Reg_loss": 3.5340376052772625e-05, "Pos_loss": 8.588310241699219, "Neg_loss": 0.14923445880413055, "Recall@5": 0.15679042682370609, "Recall@10": 0.22278288523254688, "Recall@20": 0.3024141473886986, "NDCG@5": 0.11772172650611253, "NDCG@10": 0.14113703467100414, "NDCG@20": 0.16383644803127406, "Recall@5_total_best": 0.15679042682370609, "Recall@10_total_best": 0.22249949876425076, "Recall@20_total_best": 0.3035306595656727, "ndcg@5_total_best": 0.11757307939814672, "ndcg@10_total_best": 0.14091401593666425, "ndcg@20_total_best": 0.16394911082404168, "EPOCH_ndcg_best": 1000, "Recall@5_ndcg_best": 0.15679042682370609, "Recall@10_ndcg_best": 0.22278288523254688, "Recall@20_ndcg_best": 0.3024141473886986, "ndcg@5_ndcg_best": 0.11772172650611253, "ndcg@10_ndcg_best": 0.14113703467100414, "ndcg@20_ndcg_best": 0.16383644803127406, "gradients/mass_i.weight": {"_type": "histogram", "values": [1.0, 0.0, 0.0, 0.0, 0.0, 0.0, 0.0, 0.0, 0.0, 0.0, 1.0, 0.0, 0.0, 0.0, 1.0, 0.0, 0.0, 0.0, 3.0, 3.0, 5.0, 2.0, 4.0, 2.0, 4.0, 9.0, 9.0, 6.0, 16.0, 24.0, 20.0, 24.0, 76.0, 65.0, 69.0, 170.0, 63.0, 2658.0, 44.0, 129.0, 24.0, 70.0, 17.0, 18.0, 11.0, 8.0, 3.0, 2.0, 3.0, 1.0, 0.0, 0.0, 1.0, 0.0, 1.0, 0.0, 0.0, 0.0, 0.0, 0.0, 0.0, 0.0, 0.0, 1.0], "bins": [-0.0011804008390754461, -0.0011489919852465391, -0.0011175830150023103, -0.0010861740447580814, -0.0010547651909291744, -0.0010233563371002674, -0.0009919473668560386, -0.0009605384548194706, -0.0009291295427829027, -0.0008977206307463348, -0.0008663117187097669, -0.0008349028066731989, -0.000803493894636631, -0.0007720849826000631, -0.0007406760705634952, -0.0007092671585269272, -0.0006778582464903593, -0.0006464493344537914, -0.0006150404224172235, -0.0005836315103806555, -0.0005522225983440876, -0.0005208136863075197, -0.0004894047742709517, -0.0004579958622343838, -0.0004265869501978159, -0.00039517803816124797, -0.00036376912612468004, -0.0003323602140881121, -0.0003009513020515442, -0.00026954239001497626, -0.00023813347797840834, -0.0002067245659418404, -0.00017531565390527248, -0.00014390674186870456, -0.00011249782983213663, -8.10889177955687e-05, -4.968000575900078e-05, -1.8271093722432852e-05, 1.3137818314135075e-05, 4.4546730350703e-05, 7.595564238727093e-05, 0.00010736455442383885, 0.00013877346646040678, 0.0001701823784969747, 0.00020159129053354263, 0.00023300020257011056, 0.0002644091146066785, 0.0002958180266432464, 0.00032722693867981434, 0.00035863585071638227, 0.0003900447627529502, 0.0004214536747895181, 0.00045286258682608604, 0.00048427149886265397, 0.0005156804108992219, 0.0005470893229357898, 0.0005784982349723577, 0.0006099071470089257, 0.0006413160590454936, 0.0006727249710820615, 0.0007041338831186295, 0.0007355427951551974, 0.0007669517071917653, 0.0007983606192283332, 0.0008297695312649012]}, "gradients/mass_u.weight": {"_type": "histogram", "values": [1.0, 0.0, 0.0, 0.0, 1.0, 0.0, 0.0, 0.0, 0.0, 0.0, 0.0, 0.0, 0.0, 0.0, 0.0, 0.0, 0.0, 0.0, 0.0, 0.0, 1.0, 1.0, 0.0, 1.0, 0.0, 0.0, 0.0, 0.0, 0.0, 2.0, 0.0, 0.0, 0.0, 0.0, 0.0, 0.0, 0.0, 0.0, 0.0, 0.0, 0.0, 0.0, 1.0, 1.0, 2.0, 0.0, 2.0, 4.0, 5.0, 3.0, 3.0, 3.0, 2.0, 1.0, 14.0, 12.0, 6.0, 16.0, 10.0, 48.0, 129.0, 99.0, 122.0, 5051.0], "bins": [-0.0011603203602135181, -0.0011421903036534786, -0.001124060363508761, -0.0011059303069487214, -0.0010878003668040037, -0.0010696703102439642, -0.0010515403700992465, -0.001033410313539207, -0.0010152803733944893, -0.0009971503168344498, -0.000979020376689732, -0.0009608903783373535, -0.0009427603799849749, -0.0009246303234249353, -0.0009065003250725567, -0.0008883703267201781, -0.0008702402701601386, -0.00085211027180776, -0.0008339802734553814, -0.0008158502751030028, -0.0007977202767506242, -0.0007795902201905847, -0.000761460221838206, -0.0007433302234858274, -0.0007252002251334488, -0.0007070702267810702, -0.0006889402284286916, -0.000670810230076313, -0.0006526801735162735, -0.0006345501751638949, -0.0006164201768115163, -0.0005982901784591377, -0.0005801601801067591, -0.0005620301817543805, -0.0005439001834020019, -0.0005257701850496233, -0.0005076401866972446, -0.0004895101301372051, -0.0004713801317848265, -0.0004532501334324479, -0.0004351201350800693, -0.0004169901367276907, -0.0003988601383753121, -0.000380730110919103, -0.0003626001125667244, -0.0003444701142143458, -0.00032634008675813675, -0.00030821008840575814, -0.00029008009005337954, -0.00027195009170100093, -0.0002538200933486223, -0.00023569006589241326, -0.00021756006754003465, -0.00019943006918765604, -0.0001813000562833622, -0.00016317004337906837, -0.00014504004502668977, -0.00012691004667431116, -0.00010878003377001733, -9.06500281416811e-05, -7.252002251334488e-05, -5.439001688500866e-05, -3.626001125667244e-05, -1.8129998352378607e-05, 0.0]}, "gradients/embedding_user.weight": {"_type": "histogram", "values": [2.0, 1.0, 2.0, 0.0, 1.0, 2.0, 3.0, 3.0, 5.0, 4.0, 5.0, 7.0, 11.0, 7.0, 13.0, 16.0, 31.0, 29.0, 45.0, 70.0, 120.0, 164.0, 231.0, 411.0, 602.0, 996.0, 2051.0, 4732.0, 21796.0, 108182.0, 156352.0, 44976.0, 7854.0, 2504.0, 1280.0, 771.0, 464.0, 279.0, 163.0, 146.0, 81.0, 46.0, 32.0, 26.0, 16.0, 18.0, 19.0, 10.0, 13.0, 5.0, 5.0, 5.0, 5.0, 2.0, 1.0, 1.0, 3.0, 0.0, 1.0, 1.0, 2.0, 0.0, 0.0, 1.0], "bins": [-0.0003046903875656426, -0.0002946025342680514, -0.0002845146809704602, -0.0002744268567766994, -0.0002643390034791082, -0.000254251150181517, -0.00024416332598775625, -0.00023407547269016504, -0.00022398761939257383, -0.00021389976609498262, -0.00020381192734930664, -0.00019372408860363066, -0.00018363623530603945, -0.00017354838200844824, -0.00016346054326277226, -0.00015337270451709628, -0.00014328485121950507, -0.00013319699792191386, -0.00012310915917623788, -0.00011302131315460429, -0.00010293346713297069, -9.28456211113371e-05, -8.27577750897035e-05, -7.26699290680699e-05, -6.258208304643631e-05, -5.2494237024802715e-05, -4.240639100316912e-05, -3.2318544981535524e-05, -2.223069895990193e-05, -1.2142852938268334e-05, -2.0550069166347384e-06, 8.032839104998857e-06, 1.8120656022801995e-05, 2.820850204443559e-05, 3.8296348066069186e-05, 4.838419408770278e-05, 5.8472040109336376e-05, 6.855988613096997e-05, 7.864773215260357e-05, 8.873557817423716e-05, 9.882342419587076e-05, 0.00010891127021750435, 0.00011899911623913795, 0.00012908695498481393, 0.00013917480828240514, 0.00014926266157999635, 0.00015935050032567233, 0.0001694383390713483, 0.00017952619236893952, 0.00018961404566653073, 0.0001997018844122067, 0.0002097897231578827, 0.0002198775764554739, 0.0002299654297530651, 0.0002400532684987411, 0.00025014110724441707, 0.0002602289605420083, 0.0002703168138395995, 0.00028040463803336024, 0.00029049249133095145, 0.00030058034462854266, 0.00031066819792613387, 0.0003207560512237251, 0.00033084387541748583, 0.00034093172871507704]}, "gradients/embedding_item.weight": {"_type": "histogram", "values": [1.0, 0.0, 0.0, 0.0, 0.0, 0.0, 0.0, 1.0, 2.0, 1.0, 3.0, 1.0, 2.0, 6.0, 7.0, 9.0, 24.0, 30.0, 45.0, 37.0, 80.0, 96.0, 149.0, 247.0, 403.0, 704.0, 1186.0, 2122.0, 4050.0, 8426.0, 19540.0, 48703.0, 85275.0, 30979.0, 13277.0, 6030.0, 3068.0, 1516.0, 830.0, 551.0, 320.0, 213.0, 124.0, 79.0, 70.0, 49.0, 28.0, 18.0, 13.0, 8.0, 11.0, 10.0, 3.0, 1.0, 2.0, 1.0, 0.0, 0.0, 0.0, 0.0, 0.0, 0.0, 0.0, 1.0],