{"TOTAL_BEST_METRIC": 0.21452355144058743, "BEST_NDCG@10": 0.02419428427610203, "_timestamp": 1688361510.325083, "_runtime": 2169.9639990329742, "_step": 1103, "epoch": 1000, "Train_Metric_loss": NaN, "Train_Reg_loss": NaN, "Pos_loss": NaN, "Neg_loss": NaN, "Recall@5": 0.00013653741125068268, "Recall@10": 0.000591662115419625, "Recall@20": 0.0010172037138175861, "NDCG@5": 5.281988083486368e-05, "NDCG@10": 0.00022000096810395565, "NDCG@20": 0.00034823243471569386, "Recall@5_total_best": 0.02579335772092462, "Recall@10_total_best": 0.04437225004196604, "Recall@20_total_best": 0.07086357400564115, "ndcg@5_total_best": 0.017670367345795343, "ndcg@10_total_best": 0.02419428427610203, "ndcg@20_total_best": 0.03162971805015824, "EPOCH_ndcg_best": 10, "Recall@5_ndcg_best": 0.02579335772092462, "Recall@10_ndcg_best": 0.04437225004196604, "Recall@20_ndcg_best": 0.07086357400564115, "ndcg@5_ndcg_best": 0.017670367345795343, "ndcg@10_ndcg_best": 0.02419428427610203, "ndcg@20_ndcg_best": 0.03162971805015824, "gradients/mass_i.weight": {"_type": "histogram", "values": [1.0, 0.0, 0.0, 0.0, 0.0, 0.0, 1.0, 1.0, 1.0, 1.0, 0.0, 5.0, 5.0, 1.0, 8.0, 10.0, 22.0, 33.0, 80.0, 106.0, 113.0, 8252.0, 26.0, 19.0, 6.0, 4.0, 6.0, 1.0, 1.0, 1.0, 1.0, 2.0, 3.0, 0.0, 0.0, 1.0, 0.0, 1.0, 0.0, 0.0, 0.0, 0.0, 0.0, 0.0, 0.0, 0.0, 0.0, 0.0, 0.0, 0.0, 0.0, 0.0, 0.0, 0.0, 0.0, 0.0, 0.0, 0.0, 0.0, 0.0, 0.0, 0.0, 0.0, 1.0], "bins": [-6.715634663123637e-05, -6.398446566890925e-05, -6.081258470658213e-05, -5.7640703744255006e-05, -5.4468822781927884e-05, -5.129694181960076e-05, -4.8125064495252445e-05, -4.495318353292532e-05, -4.17813025705982e-05, -3.860942160827108e-05, -3.5437540645943955e-05, -3.226566332159564e-05, -2.9093780540279113e-05, -2.592189957795199e-05, -2.275002043461427e-05, -1.9578139472287148e-05, -1.6406258509960026e-05, -1.3234377547632903e-05, -1.0062497494800482e-05, -6.890617441968061e-06, -3.7187364796409383e-06, -5.468555173138157e-07, 2.6250236260239035e-06, 5.796904588351026e-06, 8.968785550678149e-06, 1.2140666513005272e-05, 1.5312547475332394e-05, 1.8484426618670113e-05, 2.1656307580997236e-05, 2.482818854332436e-05, 2.8000067686662078e-05, 3.11719486489892e-05, 3.434382961131632e-05, 3.7515710573643446e-05, 4.068759153597057e-05, 4.385947249829769e-05, 4.7031353460624814e-05, 5.020323442295194e-05, 5.337511174730025e-05, 5.6546992709627375e-05, 5.97188736719545e-05, 6.289075099630281e-05, 6.606263195862994e-05, 6.923451292095706e-05, 7.240639388328418e-05, 7.55782748456113e-05, 7.875015580793843e-05, 8.192203677026555e-05, 8.509391773259267e-05, 8.82657986949198e-05, 9.143767965724692e-05, 9.460956061957404e-05, 9.778144158190116e-05, 0.00010095332254422829, 0.0001041251962305978, 0.00010729707719292492, 0.00011046895815525204, 0.00011364083911757916, 0.00011681272007990628, 0.00011998460104223341, 0.00012315648200456053, 0.00012632836296688765, 0.00012950024392921478, 0.0001326721248915419, 0.00013584400585386902]}, "gradients/mass_u.weight": {"_type": "histogram", "values": [1.0, 0.0, 0.0, 0.0, 0.0, 0.0, 0.0, 0.0, 0.0, 0.0, 2.0, 0.0, 0.0, 0.0, 0.0, 0.0, 0.0, 0.0, 0.0, 0.0, 0.0, 0.0, 0.0, 0.0, 0.0, 0.0, 0.0, 0.0, 1.0, 0.0, 0.0, 0.0, 0.0, 0.0, 1.0, 1.0, 0.0, 1.0, 0.0, 1.0, 0.0, 1.0, 0.0, 2.0, 2.0, 2.0, 1.0, 5.0, 6.0, 6.0, 1.0, 10.0, 8.0, 8.0, 6.0, 7.0, 29.0, 37.0, 54.0, 88.0, 98.0, 78.0, 37.0, 14187.0], "bins": [-5.499055259861052e-05, -5.413132385001518e-05, -5.327209873939864e-05, -5.24128699908033e-05, -5.1553644880186766e-05, -5.0694416131591424e-05, -4.983518738299608e-05, -4.897596227237955e-05, -4.8116733523784205e-05, -4.725750477518886e-05, -4.639827966457233e-05, -4.5539050915976986e-05, -4.4679822167381644e-05, -4.382059705676511e-05, -4.296136830816977e-05, -4.210214319755323e-05, -4.124291444895789e-05, -4.038368570036255e-05, -3.952446058974601e-05, -3.866523184115067e-05, -3.7806006730534136e-05, -3.6946777981938794e-05, -3.608754923334345e-05, -3.522832412272692e-05, -3.4369095374131575e-05, -3.350986662553623e-05, -3.26506415149197e-05, -3.1791412766324356e-05, -3.0932184017729014e-05, -3.007295890711248e-05, -2.9213730158517137e-05, -2.83545032289112e-05, -2.749527629930526e-05, -2.663604936969932e-05, -2.5776822440093383e-05, -2.491759369149804e-05, -2.4058366761892103e-05, -2.3199139832286164e-05, -2.2339911083690822e-05, -2.1480684154084884e-05, -2.0621457224478945e-05, -1.9762230294873007e-05, -1.8903003365267068e-05, -1.8043774616671726e-05, -1.7184547687065788e-05, -1.632532075745985e-05, -1.5466092008864507e-05, -1.4606865079258569e-05, -1.374763814965263e-05, -1.2888411220046692e-05, -1.2029183380946051e-05, -1.1169955541845411e-05, -1.0310728612239473e-05, -9.451501682633534e-06, -8.592273843532894e-06, -7.733046004432254e-06, -6.873819074826315e-06, -6.014591690473026e-06, -5.155364306119736e-06, -4.296136921766447e-06, -3.4369095374131575e-06, -2.577682153059868e-06, -1.7184547687065788e-06, -8.592273843532894e-07, 0.0]}, "gradients/embedding_user.weight": {"_type": "histogram", "values": [0.0, 0.0, 0.0, 0.0, 0.0, 0.0, 0.0, 0.0, 0.0, 0.0, 0.0, 0.0, 0.0, 0.0, 0.0, 0.0, 0.0, 0.0, 0.0, 0.0, 0.0, 0.0, 0.0, 0.0, 0.0, 0.0, 0.0, 0.0, 0.0, 0.0, 0.0, 0.0, 5888.0, 0.0, 0.0, 0.0, 0.0, 0.0, 0.0, 0.0, 0.0, 0.0, 0.0, 0.0, 0.0, 0.0, 0.0, 0.0, 0.0, 0.0, 0.0, 0.0, 0.0, 0.0, 0.0, 0.0, 0.0, 0.0, 0.0, 0.0, 0.0, 0.0, 0.0, 0.0], "bins": [0.0, 0.0, 0.0, 0.0, 0.0, 0.0, 0.0, 0.0, 0.0, 0.0, 0.0, 0.0, 0.0, 0.0, 0.0, 0.0, 0.0, 0.0, 0.0, 0.0, 0.0, 0.0, 0.0, 0.0, 0.0, 0.0, 0.0, 0.0, 0.0, 0.0, 0.0, 0.0, 0.0, 0.0, 0.0, 0.0, 0.0, 0.0, 0.0, 0.0, 0.0, 0.0, 0.0, 0.0, 0.0, 0.0, 0.0, 0.0, 0.0, 0.0, 0.0, 0.0, 0.0, 0.0, 0.0, 0.0, 0.0, 0.0, 0.0, 0.0, 0.0, 0.0, 0.0, 0.0, 0.0]}, "_wandb": {"runtime": 2169}}