{"TOTAL_BEST_METRIC": 0.07164198583089944, "BEST_NDCG@10": 0.010826812502983098, "_timestamp": 1688440983.0245118, "_runtime": 4325.722918748856, "_step": 300, "epoch": 230, "Train_Metric_loss": 3.2364142491267276, "Train_Reg_loss": 2.0891712838332612e-07, "Pos_loss": 9.167288780212402, "Neg_loss": 1.6221160888671875, "Recall@5": 0.005815089391685435, "Recall@10": 0.01120890819996768, "Recall@20": 0.020511175300162856, "NDCG@5": 0.008932829963669637, "NDCG@10": 0.010826812502983098, "NDCG@20": 0.014347170472430733, "Recall@5_total_best": 0.005815089391685435, "Recall@10_total_best": 0.01120890819996768, "Recall@20_total_best": 0.020511175300162856, "ndcg@5_total_best": 0.008932829963669637, "ndcg@10_total_best": 0.010826812502983098, "ndcg@20_total_best": 0.014347170472430733, "EPOCH_ndcg_best": 230, "Recall@5_ndcg_best": 0.005815089391685435, "Recall@10_ndcg_best": 0.01120890819996768, "Recall@20_ndcg_best": 0.020511175300162856, "ndcg@5_ndcg_best": 0.008932829963669637, "ndcg@10_ndcg_best": 0.010826812502983098, "ndcg@20_ndcg_best": 0.014347170472430733, "gradients/mass_i.weight": {"_type": "histogram", "values": [1.0, 0.0, 0.0, 0.0, 0.0, 0.0, 0.0, 0.0, 0.0, 0.0, 0.0, 0.0, 0.0, 0.0, 1.0, 0.0, 0.0, 1.0, 0.0, 0.0, 0.0, 2.0, 0.0, 0.0, 1.0, 1.0, 1.0, 0.0, 1.0, 1.0, 2.0, 6.0, 1.0, 1.0, 5.0, 2.0, 9.0, 11.0, 8.0, 18.0, 19.0, 1.0, 24.0, 40.0, 72.0, 68.0, 221.0, 36.0, 217.0, 962.0, 638.0, 3605.0, 0.0, 1728.0, 29194.0, 3045.0, 901.0, 287.0, 0.0, 93.0, 31.0, 5.0, 2.0, 2.0], "bins": [-0.0005371199222281575, -0.0005272211856208742, -0.0005173223908059299, -0.0005074236541986465, -0.0004975249175913632, -0.0004876261518802494, -0.00047772738616913557, -0.0004678286495618522, -0.0004579298838507384, -0.0004480311181396246, -0.00043813238153234124, -0.00042823361582122743, -0.0004183348501101136, -0.00040843611350283027, -0.00039853734779171646, -0.00038863858208060265, -0.0003787398454733193, -0.0003688410797622055, -0.00035894234315492213, -0.0003490435774438083, -0.00033914484083652496, -0.00032924607512541115, -0.00031934730941429734, -0.000309448572807014, -0.0002995498070959002, -0.00028965104138478637, -0.000279752304777503, -0.0002698535390663892, -0.0002599547733552754, -0.00025005603674799204, -0.00024015727103687823, -0.00023025851987767965, -0.0002203597396146506, -0.00021046098845545202, -0.00020056223729625344, -0.00019066347158513963, -0.00018076472042594105, -0.00017086596926674247, -0.00016096720355562866, -0.00015106845239643008, -0.0001411697012372315, -0.0001312709500780329, -0.00012137219164287671, -0.00011147343320772052, -0.00010157468204852194, -9.167593088932335e-05, -8.177717245416716e-05, -7.187841401901096e-05, -6.197967013576999e-05, -5.2080915338592604e-05, -4.2182160541415215e-05, -3.2283405744237825e-05, -2.2384650947060436e-05, -1.2485896149883047e-05, -2.5871413527056575e-06, 7.311617082450539e-06, 1.721036824164912e-05, 2.710912303882651e-05, 3.70078778360039e-05, 4.690663263318129e-05, 5.680538743035868e-05, 6.670414586551487e-05, 7.660289702471346e-05, 8.650165545986965e-05, 9.640040661906824e-05]}, "gradients/mass_u.weight": {"_type": "histogram", "values": [1.0, 0.0, 0.0, 0.0, 0.0, 0.0, 0.0, 0.0, 0.0, 0.0, 0.0, 0.0, 0.0, 0.0, 0.0, 0.0, 0.0, 0.0, 0.0, 0.0, 0.0, 0.0, 0.0, 0.0, 0.0, 0.0, 0.0, 0.0, 0.0, 0.0, 0.0, 0.0, 0.0, 0.0, 0.0, 0.0, 0.0, 0.0, 0.0, 0.0, 0.0, 0.0, 0.0, 0.0, 0.0, 0.0, 2.0, 0.0, 0.0, 0.0, 0.0, 0.0, 1.0, 0.0, 1.0, 0.0, 2.0, 2.0, 6.0, 10.0, 15.0, 34.0, 89.0, 52243.0], "bins": [-0.017323454841971397, -0.017052775248885155, -0.01678209751844406, -0.01651141792535782, -0.016240738332271576, -0.015970060601830482, -0.01569938100874424, -0.015428702346980572, -0.015158022753894329, -0.014887344092130661, -0.014616664499044418, -0.01434598583728075, -0.014075307175517082, -0.01380462758243084, -0.013533948920667171, -0.013263270258903503, -0.01299259066581726, -0.012721912004053593, -0.01245123241096735, -0.012180553749203682, -0.011909875087440014, -0.011639195494353771, -0.011368516832590103, -0.011097838170826435, -0.010827159509062767, -0.010556480847299099, -0.010285801254212856, -0.010015122592449188, -0.00974444393068552, -0.009473764337599277, -0.00920308567583561, -0.008932407014071941, -0.008661727420985699, -0.00839104875922203, -0.008120369166135788, -0.00784969050437212, -0.0075790113769471645, -0.007308332249522209, -0.007037653587758541, -0.006766974460333586, -0.00649629533290863, -0.006225616205483675, -0.005954937543720007, -0.005684258416295052, -0.005413579288870096, -0.005142900161445141, -0.004872221499681473, -0.004601542372256517, -0.004330863710492849, -0.004060184583067894, -0.0037895056884735823, -0.0035188267938792706, -0.003248147666454315, -0.0029774687718600035, -0.0027067898772656918, -0.0024361107498407364, -0.0021654318552464247, -0.0018947528442367911, -0.0016240738332271576, -0.0013533949386328459, -0.0010827159276232123, -0.0008120369166135788, -0.0005413580220192671, -0.00027067901100963354, 0.0]}, "gradients/embedding_user.weight": {"_type": "histogram", "values": [1.0, 0.0, 0.0, 1.0, 0.0, 0.0, 1.0, 1.0, 0.0, 0.0, 2.0, 1.0, 0.0, 0.0, 1.0, 2.0, 1.0, 0.0, 0.0, 2.0, 1.0, 1.0, 5.0, 10.0, 12.0, 18.0, 33.0, 106.0, 462.0, 3800.0, 3346969.0, 2107.0, 306.0, 77.0, 20.0, 13.0, 7.0, 9.0, 5.0, 0.0, 1.0, 1.0, 0.0, 2.0, 1.0, 0.0, 0.0, 1.0, 1.0, 0.0, 0.0, 0.0, 0.0, 1.0, 0.0, 0.0, 0.0, 0.0, 1.0, 0.0, 0.0, 0.0, 0.0, 1.0], "bins": [-0.0020378793124109507, -0.0019708555191755295, -0.0019038318423554301, -0.0018368081655353308, -0.0017697843722999096, -0.0017027606954798102, -0.0016357370186597109, -0.0015687132254242897, -0.0015016895486041903, -0.001434665871784091, -0.0013676420785486698, -0.0013006184017285705, -0.001233594724908471, -0.00116657093167305, -0.0010995472548529506, -0.0010325235780328512, -0.00096549978479743, -0.0008984760497696698, -0.0008314523147419095, -0.0007644286379218102, -0.0006974049028940499, -0.0006303811678662896, -0.0005633574910461903, -0.00049633375601843, -0.00042931002099066973, -0.00036228628596290946, -0.00029526258003897965, -0.0002282388595631346, -0.00016121513908728957, -9.41914040595293e-05, -2.7167698135599494e-05, 3.9856007788330317e-05, 0.00010687974281609058, 0.00017390346329193562, 0.00024092718376778066, 0.00030795088969171047, 0.00037497462471947074, 0.000441998359747231, 0.0005090220365673304, 0.0005760457715950906, 0.0006430695066228509, 0.0007100932416506112, 0.0007771169766783714, 0.0008441406534984708, 0.000911164388526231, 0.0009781881235539913, 0.0010452118003740907, 0.00111223547719419, 0.0011792592704296112, 0.0012462829472497106, 0.0013133067404851317, 0.001380330417305231, 0.0014473542105406523, 0.0015143778873607516, 0.001581401564180851, 0.0016484253574162722, 0.0017154490342363715, 0.0017824727110564709, 0.001849496504291892, 0.0019165201811119914, 0.0019835438579320908, 0.002050567651167512, 0.002117591444402933, 0.0021846150048077106, 0.002251638798043132]}, "gradients/embedding_item.weight": {"_type": "histogram", "values": [2.0, 0.0, 0.0, 0.0, 1.0, 4.0, 3.0, 12.0, 21.0, 28.0, 56.0, 107.0, 140.0, 209.0, 297.0, 432.0, 632.0, 955.0, 1329.0, 1872.0, 2666.0, 3894.0, 5679.0, 8890.0, 13720.0, 22710.0, 39999.0, 74548.0, 136106.0, 226044.0, 699613.0, 848803.0, 232645.0, 140257.0, 76677.0, 41080.0, 22909.0, 13814.0, 8528.0, 5291.0, 3360.0, 2235.0, 1554.0, 1045.0, 767.0, 558.0, 428.0, 309.0, 210.0, 139.0, 111.0, 83.0, 41.0, 33.0, 22.0, 9.0, 6.0, 6.0, 5.0, 1.0, 0.0, 0.0, 0.0, 1.0],