{"TOTAL_BEST_METRIC": 1.111916644401017, "BEST_NDCG@10": 0.1432696868697511, "_timestamp": 1688382409.557013, "_runtime": 697.5482730865479, "_step": 1223, "epoch": 1000, "Train_Metric_loss": 6.065021228790283, "Train_Reg_loss": 3.63055951311253e-05, "Pos_loss": 8.619620323181152, "Neg_loss": 0.15724241733551025, "Recall@5": 0.15290460557603575, "Recall@10": 0.2233686759170567, "Recall@20": 0.30847061306259244, "NDCG@5": 0.11779378433539214, "NDCG@10": 0.14247119723813245, "NDCG@20": 0.1666154304470969, "Recall@5_total_best": 0.1522144133343026, "Recall@10_total_best": 0.22374652454145152, "Recall@20_total_best": 0.3084942286016171, "ndcg@5_total_best": 0.11775749299332056, "ndcg@10_total_best": 0.14286186688309085, "ndcg@20_total_best": 0.16684211804723437, "EPOCH_ndcg_best": 990, "Recall@5_ndcg_best": 0.15142729898448898, "Recall@10_ndcg_best": 0.22427154857869666, "Recall@20_ndcg_best": 0.30648381527345675, "ndcg@5_ndcg_best": 0.11762450286685015, "ndcg@10_ndcg_best": 0.1432696868697511, "ndcg@20_ndcg_best": 0.16662247152448764, "gradients/mass_i.weight": {"_type": "histogram", "values": [2.0, 1.0, 0.0, 0.0, 1.0, 1.0, 3.0, 0.0, 2.0, 2.0, 0.0, 0.0, 0.0, 0.0, 2.0, 3.0, 2.0, 2.0, 3.0, 0.0, 4.0, 6.0, 6.0, 5.0, 5.0, 8.0, 9.0, 11.0, 6.0, 14.0, 30.0, 30.0, 34.0, 47.0, 89.0, 43.0, 68.0, 197.0, 53.0, 137.0, 15.0, 2318.0, 91.0, 129.0, 45.0, 54.0, 20.0, 11.0, 17.0, 11.0, 11.0, 8.0, 3.0, 3.0, 2.0, 1.0, 0.0, 1.0, 0.0, 1.0, 0.0, 0.0, 0.0, 1.0], "bins": [-0.0006146783707663417, -0.0005996942636556923, -0.000584710156545043, -0.0005697260494343936, -0.0005547419423237443, -0.000539757777005434, -0.0005247737281024456, -0.0005097895627841353, -0.000494805455673486, -0.00047982134856283665, -0.0004648372414521873, -0.00044985313434153795, -0.00043486899812705815, -0.0004198848910164088, -0.00040490078390575945, -0.0003899166767951101, -0.00037493256968446076, -0.0003599484625738114, -0.00034496435546316206, -0.00032998021924868226, -0.0003149961121380329, -0.00030001200502738357, -0.0002850278979167342, -0.00027004379080608487, -0.0002550596836954355, -0.00024007557658478618, -0.0002250914549222216, -0.00021010734781157225, -0.00019512322614900768, -0.00018013911903835833, -0.00016515501192770898, -0.00015017090481705964, -0.00013518673949874938, -0.00012020262511214241, -0.00010521851072553545, -9.02344036148861e-05, -7.525028922827914e-05, -6.026617484167218e-05, -4.5282067731022835e-05, -3.0297953344415873e-05, -1.5313838957808912e-05, -3.2972639019135386e-07, 1.4654386177426204e-05, 2.963849692605436e-05, 4.462261131266132e-05, 5.960672569926828e-05, 7.459083280991763e-05, 8.957494719652459e-05, 0.00010455906158313155, 0.00011954317596973851, 0.00013452729035634547, 0.00014951139746699482, 0.0001644955191295594, 0.00017947962624020875, 0.0001944637333508581, 0.00020944784046150744, 0.00022443196212407202, 0.00023941606923472136, 0.00025440019089728594, 0.0002693842980079353, 0.00028436840511858463, 0.000299352512229234, 0.00031433661933988333, 0.00032932075555436313, 0.0003443048626650125]}, "gradients/mass_u.weight": {"_type": "histogram", "values": [1.0, 0.0, 0.0, 0.0, 0.0, 0.0, 0.0, 0.0, 0.0, 0.0, 0.0, 0.0, 0.0, 0.0, 1.0, 0.0, 0.0, 0.0, 0.0, 0.0, 0.0, 1.0, 1.0, 1.0, 0.0, 0.0, 0.0, 0.0, 0.0, 1.0, 0.0, 0.0, 0.0, 0.0, 0.0, 0.0, 0.0, 1.0, 0.0, 0.0, 0.0, 2.0, 2.0, 1.0, 1.0, 1.0, 1.0, 1.0, 1.0, 3.0, 6.0, 3.0, 9.0, 5.0, 12.0, 8.0, 8.0, 17.0, 18.0, 46.0, 121.0, 92.0, 111.0, 5065.0], "bins": [-0.001687486656010151, -0.0016611196333542466, -0.0016347527271136642, -0.0016083857044577599, -0.0015820187982171774, -0.001555651775561273, -0.0015292847529053688, -0.0015029178466647863, -0.001476550824008882, -0.0014501838013529778, -0.0014238168951123953, -0.001397449872456491, -0.0013710828498005867, -0.0013447159435600042, -0.0013183489209041, -0.0012919820146635175, -0.0012656149920076132, -0.0012392479693517089, -0.0012128810631111264, -0.0011865140404552221, -0.0011601471342146397, -0.0011337801115587354, -0.001107413088902831, -0.0010810461826622486, -0.0010546791600063443, -0.00102831213735044, -0.0010019452311098576, -0.0009755782084539533, -0.0009492112440057099, -0.0009228442795574665, -0.0008964772569015622, -0.0008701102924533188, -0.0008437433280050755, -0.0008173763635568321, -0.0007910093991085887, -0.0007646423764526844, -0.000738275412004441, -0.0007119084475561976, -0.0006855414249002934, -0.00065917446045205, -0.0006328074960038066, -0.0006064405315555632, -0.0005800735671073198, -0.0005537065444514155, -0.0005273395800031722, -0.0005009726155549288, -0.00047460562200285494, -0.0004482386284507811, -0.00042187166400253773, -0.00039550469955429435, -0.0003691377060022205, -0.0003427707124501467, -0.0003164037480019033, -0.0002900367835536599, -0.0002636697900015861, -0.00023730281100142747, -0.00021093583200126886, -0.00018456885300111026, -0.00015820187400095165, -0.00013183489500079304, -0.00010546791600063443, -7.910093700047582e-05, -5.2733958000317216e-05, -2.6366979000158608e-05, 0.0]}, "gradients/embedding_user.weight": {"_type": "histogram", "values": [1.0, 0.0, 1.0, 0.0, 0.0, 1.0, 0.0, 1.0, 0.0, 3.0, 2.0, 3.0, 2.0, 2.0, 3.0, 3.0, 0.0, 7.0, 1.0, 4.0, 9.0, 14.0, 46.0, 100.0, 327.0, 1208.0, 9833.0, 310997.0, 29619.0, 1759.0, 426.0, 133.0, 53.0, 28.0, 7.0, 4.0, 7.0, 3.0, 3.0, 1.0, 0.0, 0.0, 3.0, 2.0, 1.0, 3.0, 1.0, 0.0, 1.0, 0.0, 0.0, 0.0, 0.0, 0.0, 0.0, 0.0, 1.0, 0.0, 0.0, 0.0, 0.0, 0.0, 0.0, 1.0], "bins": [-0.0016553704626858234, -0.0015954464906826615, -0.0015355225186794996, -0.0014755985466763377, -0.0014156745746731758, -0.001355750486254692, -0.001295826630666852, -0.0012359025422483683, -0.0011759785702452064, -0.0011160545982420444, -0.0010561306262388825, -0.0009962066542357206, -0.0009362826240248978, -0.0008763586520217359, -0.000816434680018574, -0.0007565106498077512, -0.0006965867360122502, -0.0006366627640090883, -0.0005767387920059264, -0.0005168147617951035, -0.00045689078979194164, -0.00039696681778877974, -0.00033704284578561783, -0.00027711884467862546, -0.00021719487267546356, -0.00015727088612038642, -9.73469068412669e-05, -3.742292756214738e-05, 2.2501058992929757e-05, 8.242504554800689e-05, 0.0001423490175511688, 0.00020227301865816116, 0.00026219699066132307, 0.000322120962664485, 0.00038204496377147734, 0.00044196893577463925, 0.0005018929368816316, 0.0005618169088847935, 0.0006217408808879554, 0.0006816649110987782, 0.0007415888831019402, 0.0008015128551051021, 0.000861436827108264, 0.0009213607991114259, 0.0009812847711145878, 0.0010412088595330715, 0.0011011327151209116, 0.0011610568035393953, 0.0012209806591272354, 0.0012809046311303973, 0.0013408286031335592, 0.0014007525751367211, 0.001460676547139883, 0.0015206006355583668, 0.0015805244911462069, 0.0016404485795646906, 0.0017003725515678525, 0.0017602965235710144, 0.0018202204955741763, 0.0018801444675773382, 0.0019400684395805001, 0.001999992411583662, 0.0020599165000021458, 0.002119840355589986, 0.0021797644440084696]}, "gradients/embedding_item.weight": {"_type": "histogram", "values": [1.0, 0.0, 0.0, 0.0, 0.0, 2.0, 2.0, 2.0, 3.0, 1.0, 7.0, 5.0, 17.0, 22.0, 33.0, 32.0, 68.0, 88.0, 137.0, 183.0, 311.0, 521.0, 873.0, 1452.0, 2551.0, 4642.0, 8921.0, 18573.0, 38762.0, 80385.0, 35115.0, 16814.0, 8422.0, 4406.0, 2446.0, 1357.0, 820.0, 467.0, 309.0, 199.0, 116.0, 85.0, 56.0, 48.0, 25.0, 14.0, 23.0, 8.0, 12.0, 5.0, 2.0, 0.0, 1.0, 1.0, 4.0, 1.0, 0.0, 0.0, 0.0, 0.0, 1.0, 0.0, 0.0, 1.0],