{"TOTAL_BEST_METRIC": 0.31229943461595966, "BEST_NDCG@10": 0.04888562468132107, "_timestamp": 1688320314.3358061, "_runtime": 13854.08566403389, "_step": 1103, "epoch": 1000, "Train_Metric_loss": -2.9488363541089573, "Train_Reg_loss": 0.21935983489339167, "Pos_loss": 4.4440178871154785, "Neg_loss": -7.502243995666504, "Recall@5": 0.018958929575862194, "Recall@10": 0.031979173902636014, "Recall@20": 0.05253229573197866, "NDCG@5": 0.02642873501289573, "NDCG@10": 0.03034910377893794, "NDCG@20": 0.03783881827810099, "Recall@5_total_best": 0.031174805349312367, "Recall@10_total_best": 0.0506714298463935, "Recall@20_total_best": 0.07912916515449296, "ndcg@5_total_best": 0.043289756001693686, "ndcg@10_total_best": 0.04888562468132107, "ndcg@20_total_best": 0.05914865358274607, "EPOCH_ndcg_best": 10, "Recall@5_ndcg_best": 0.031174805349312367, "Recall@10_ndcg_best": 0.0506714298463935, "Recall@20_ndcg_best": 0.07912916515449296, "ndcg@5_ndcg_best": 0.043289756001693686, "ndcg@10_ndcg_best": 0.04888562468132107, "ndcg@20_ndcg_best": 0.05914865358274607, "gradients/mass_i.weight": {"_type": "histogram", "values": [1.0, 0.0, 2.0, 1.0, 0.0, 0.0, 0.0, 0.0, 0.0, 0.0, 1.0, 0.0, 0.0, 0.0, 0.0, 1.0, 1.0, 2.0, 12.0, 12.0, 53.0, 276.0, 40542.0, 283.0, 43.0, 15.0, 7.0, 1.0, 1.0, 6.0, 0.0, 1.0, 1.0, 0.0, 0.0, 0.0, 0.0, 0.0, 0.0, 0.0, 0.0, 0.0, 0.0, 1.0, 0.0, 0.0, 0.0, 0.0, 0.0, 0.0, 0.0, 0.0, 0.0, 0.0, 0.0, 0.0, 0.0, 0.0, 0.0, 0.0, 0.0, 0.0, 0.0, 1.0], "bins": [-1.4223218386177905e-05, -1.3600197235064115e-05, -1.2977176083950326e-05, -1.2354154932836536e-05, -1.1731133781722747e-05, -1.1108111721114255e-05, -1.0485090570000466e-05, -9.862069418886676e-06, -9.239048267772887e-06, -8.616027116659097e-06, -7.993005965545308e-06, -7.3699843596841674e-06, -6.746963208570378e-06, -6.123942057456588e-06, -5.500920451595448e-06, -4.8778993004816584e-06, -4.254878149367869e-06, -3.6318569982540794e-06, -3.0088356197666144e-06, -2.3858142412791494e-06, -1.76279309016536e-06, -1.1397719390515704e-06, -5.167505605641054e-07, 1.0627081792335957e-07, 7.292919690371491e-07, 1.3523132338377764e-06, 1.9753344986384036e-06, 2.5983558771258686e-06, 3.221377028239658e-06, 3.844398179353448e-06, 4.467419785214588e-06, 5.0904409363283776e-06, 5.713463906431571e-06, 6.33648505754536e-06, 6.95950620865915e-06, 7.58252781452029e-06, 8.205548510886729e-06, 8.82857057149522e-06, 9.45159172260901e-06, 1.0074612873722799e-05, 1.0697634024836589e-05, 1.1320655175950378e-05, 1.1943676327064168e-05, 1.2566697478177957e-05, 1.3189719538786449e-05, 1.3812739780405536e-05, 1.4435761841014028e-05, 1.5058782992127817e-05, 1.5681804143241607e-05, 1.6304826203850098e-05, 1.6927846445469186e-05, 1.7550868506077677e-05, 1.8173888747696765e-05, 1.8796910808305256e-05, 1.9419931049924344e-05, 2.0042953110532835e-05, 2.0665975171141326e-05, 2.1288997231749818e-05, 2.1912017473368905e-05, 2.2535039533977397e-05, 2.3158059775596485e-05, 2.3781081836204976e-05, 2.4404102077824064e-05, 2.5027124138432555e-05, 2.5650144380051643e-05]}, "gradients/mass_u.weight": {"_type": "histogram", "values": [0.0, 0.0, 0.0, 0.0, 0.0, 0.0, 0.0, 0.0, 0.0, 0.0, 0.0, 0.0, 0.0, 0.0, 0.0, 0.0, 0.0, 0.0, 0.0, 0.0, 0.0, 0.0, 0.0, 0.0, 0.0, 0.0, 0.0, 0.0, 0.0, 0.0, 0.0, 0.0, 52406.0, 0.0, 0.0, 0.0, 0.0, 0.0, 0.0, 0.0, 0.0, 0.0, 0.0, 0.0, 0.0, 0.0, 0.0, 0.0, 0.0, 0.0, 0.0, 0.0, 0.0, 0.0, 0.0, 0.0, 0.0, 0.0, 0.0, 0.0, 0.0, 0.0, 0.0, 0.0], "bins": [0.0, 0.0, 0.0, 0.0, 0.0, 0.0, 0.0, 0.0, 0.0, 0.0, 0.0, 0.0, 0.0, 0.0, 0.0, 0.0, 0.0, 0.0, 0.0, 0.0, 0.0, 0.0, 0.0, 0.0, 0.0, 0.0, 0.0, 0.0, 0.0, 0.0, 0.0, 0.0, 0.0, 0.0, 0.0, 0.0, 0.0, 0.0, 0.0, 0.0, 0.0, 0.0, 0.0, 0.0, 0.0, 0.0, 0.0, 0.0, 0.0, 0.0, 0.0, 0.0, 0.0, 0.0, 0.0, 0.0, 0.0, 0.0, 0.0, 0.0, 0.0, 0.0, 0.0, 0.0, 0.0]}, "gradients/embedding_user.weight": {"_type": "histogram", "values": [1.0, 0.0, 0.0, 0.0, 1.0, 2.0, 0.0, 0.0, 8.0, 1.0, 3.0, 1.0, 1.0, 5.0, 4.0, 6.0, 6.0, 6.0, 16.0, 20.0, 14.0, 45.0, 52.0, 73.0, 166.0, 345.0, 793.0, 3407.0, 3328156.0, 17268.0, 2270.0, 673.0, 279.0, 131.0, 80.0, 51.0, 27.0, 16.0, 12.0, 5.0, 7.0, 6.0, 3.0, 2.0, 3.0, 3.0, 3.0, 1.0, 3.0, 1.0, 0.0, 1.0, 1.0, 2.0, 1.0, 1.0, 0.0, 1.0, 0.0, 0.0, 0.0, 0.0, 0.0, 1.0], "bins": [-0.0008427663124166429, -0.0008135757525451481, -0.0007843851344659925, -0.0007551945745944977, -0.0007260040147230029, -0.0006968133966438472, -0.0006676228367723525, -0.0006384322186931968, -0.000609241658821702, -0.0005800510989502072, -0.0005508604808710515, -0.0005216699209995568, -0.0004924793029204011, -0.0004632887430489063, -0.00043409818317741156, -0.00040490759420208633, -0.0003757170052267611, -0.0003465264162514359, -0.00031733582727611065, -0.0002881452674046159, -0.00025895467842929065, -0.00022976408945396543, -0.00020057351503055543, -0.00017138294060714543, -0.0001421923516318202, -0.00011300176993245259, -8.381118823308498e-05, -5.4620606533717364e-05, -2.543002483434975e-05, 3.7605641409754753e-06, 3.2951138564385474e-05, 6.214171298779547e-05, 9.133236017078161e-05, 0.00012052294187014922, 0.00014971352356951684, 0.00017890409799292684, 0.00020809468696825206, 0.0002372852759435773, 0.00026647583581507206, 0.0002956664247903973, 0.0003248570137657225, 0.00035404760274104774, 0.00038323819171637297, 0.00041242875158786774, 0.00044161934056319296, 0.0004708099295385182, 0.000500000489410013, 0.0005291911074891686, 0.0005583816673606634, 0.0005875722272321582, 0.0006167628453113139, 0.0006459534051828086, 0.0006751440232619643, 0.0007043345831334591, 0.0007335251430049539, 0.0007627157028764486, 0.0007919063209556043, 0.0008210968808270991, 0.0008502874989062548, 0.0008794780587777495, 0.0009086686186492443, 0.0009378592367284, 0.0009670497965998948, 0.0009962404146790504, 0.0010254309745505452]}, "gradients/embedding_item.weight": {"_type": "histogram", "values": [1.0, 1.0, 2.0, 3.0, 2.0, 0.0, 8.0, 4.0, 7.0, 6.0, 6.0, 8.0, 12.0, 18.0, 27.0, 28.0, 43.0, 52.0, 76.0, 120.0, 181.0, 261.0, 374.0, 582.0, 1020.0, 1553.0, 2693.0, 4738.0, 8468.0, 14847.0, 25722.0, 42472.0, 70459.0, 137431.0, 1875083.0, 235436.0, 91106.0, 51843.0, 31751.0, 18967.0, 10810.0, 6052.0, 3343.0, 1857.0, 1153.0, 761.0, 479.0, 302.0, 233.0, 157.0, 96.0, 62.0, 45.0, 43.0, 30.0, 10.0, 15.0, 7.0, 12.0, 5.0, 5.0, 4.0, 3.0, 1.0], "bins": [-4.039924169774167e-05, -3.92355905205477e-05, -3.8071939343353733e-05, -3.6908288166159764e-05, -3.5744636988965794e-05, -3.4580985811771825e-05, -3.3417334634577855e-05, -3.225368709536269e-05, -3.1090035918168724e-05, -2.9926384740974754e-05, -2.8762733563780785e-05, -2.7599082386586815e-05, -2.6435431209392846e-05, -2.5271780032198876e-05, -2.410813067399431e-05, -2.294447949680034e-05, -2.1780826500616968e-05, -2.0617175323422998e-05, -1.945352414622903e-05, -1.828987296903506e-05, -1.712622179184109e-05, -1.596257061464712e-05, -1.4798921256442554e-05, -1.3635270079248585e-05, -1.2471618902054615e-05, -1.1307967724860646e-05, -1.0144316547666676e-05, -8.980666279967409e-06, -7.817015102773439e-06, -6.65336392557947e-06, -5.489713203132851e-06, -4.3260624806862324e-06, -3.16241494147107e-06, -1.998763991650776e-06, -8.35113041830482e-07, 3.285379079898121e-07, 1.4921888578101061e-06, 2.6558400350040756e-06, 3.819490757450694e-06, 4.983141479897313e-06, 6.146792657091282e-06, 7.310443834285252e-06, 8.474095011479221e-06, 9.637745279178489e-06, 1.0801396456372458e-05, 1.1965047633566428e-05, 1.3128697901265696e-05, 1.4292349078459665e-05, 1.5456000255653635e-05, 1.6619651432847604e-05, 1.7783302610041574e-05, 1.8946953787235543e-05, 2.0110604964429513e-05, 2.1274256141623482e-05, 2.2437905499828048e-05, 2.3601556677022018e-05, 2.4765207854215987e-05, 2.5928859031409957e-05, 2.7092510208603926e-05, 2.8256161385797895e-05, 2.941981074400246e-05, 3.058346192119643e-05, 3.17471130983904e-05, 3.291076427558437e-05, 3.407441545277834e-05]}, "_wandb": {"runtime": 13853}}