{"TOTAL_BEST_METRIC": 0.10331099964114356, "BEST_NDCG@10": 0.011354036479728234, "_timestamp": 1688340777.8997524, "_runtime": 457.91891741752625, "_step": 1275, "epoch": 1000, "Train_Metric_loss": 0.15578714907169341, "Train_Reg_loss": 3.8098650747997455e-06, "Pos_loss": 0.22760048508644104, "Neg_loss": -0.2368806004524231, "Recall@5": 0.01217389914744353, "Recall@10": 0.02080973629018822, "Recall@20": 0.035223444752780844, "NDCG@5": 0.008256752472377228, "NDCG@10": 0.011354036479728234, "NDCG@20": 0.015492514108671833, "Recall@5_total_best": 0.01217389914744353, "Recall@10_total_best": 0.02080973629018822, "Recall@20_total_best": 0.035223444752780844, "ndcg@5_total_best": 0.008256752472377228, "ndcg@10_total_best": 0.011354036479728234, "ndcg@20_total_best": 0.015493130498625513, "EPOCH_ndcg_best": 1000, "Recall@5_ndcg_best": 0.01217389914744353, "Recall@10_ndcg_best": 0.02080973629018822, "Recall@20_ndcg_best": 0.035223444752780844, "ndcg@5_ndcg_best": 0.008256752472377228, "ndcg@10_ndcg_best": 0.011354036479728234, "ndcg@20_ndcg_best": 0.015493130498625513, "gradients/mass_i.weight": {"_type": "histogram", "values": [1.0, 1.0, 0.0, 0.0, 0.0, 0.0, 0.0, 0.0, 0.0, 0.0, 0.0, 0.0, 1.0, 0.0, 0.0, 1.0, 0.0, 1.0, 2.0, 3.0, 1.0, 0.0, 2.0, 2.0, 3.0, 2.0, 5.0, 5.0, 2.0, 6.0, 4.0, 3.0, 7.0, 5.0, 8.0, 14.0, 13.0, 12.0, 26.0, 26.0, 24.0, 25.0, 57.0, 56.0, 124.0, 94.0, 53.0, 242.0, 194.0, 119.0, 2108.0, 164.0, 94.0, 25.0, 17.0, 6.0, 6.0, 1.0, 0.0, 1.0, 1.0, 0.0, 0.0, 1.0], "bins": [-0.003155863145366311, -0.003092797240242362, -0.0030297315679490566, -0.0029666656628251076, -0.002903599990531802, -0.002840534085407853, -0.0027774684131145477, -0.0027144025079905987, -0.0026513366028666496, -0.0025882706977427006, -0.002525205025449395, -0.002462139120325446, -0.0023990734480321407, -0.0023360075429081917, -0.0022729418706148863, -0.0022098759654909372, -0.002146810293197632, -0.002083744388073683, -0.0020206787157803774, -0.0019576128106564283, -0.001894547138363123, -0.0018314812332391739, -0.0017684154445305467, -0.0017053496558219194, -0.0016422838671132922, -0.001579218078404665, -0.0015161522896960378, -0.0014530865009874105, -0.0013900205958634615, -0.001326954923570156, -0.001263889018446207, -0.0012008232297375798, -0.0011377574410289526, -0.0010746916523203254, -0.0010116258636116982, -0.00094856001669541, -0.0008854942279867828, -0.0008224284392781556, -0.0007593625923618674, -0.0006962968036532402, -0.0006332310731522739, -0.0005701652844436467, -0.0005070994375273585, -0.0004440336488187313, -0.0003809678601101041, -0.00031790207140147686, -0.0002548362535890192, -0.0001917704357765615, -0.00012870464706793427, -6.563884380739182e-05, -2.57304054684937e-06, 6.049276271369308e-05, 0.00012355856597423553, 0.00018662435468286276, 0.00024969017249532044, 0.0003127559903077781, 0.00037582177901640534, 0.00043888756772503257, 0.0005019534146413207, 0.0005650192033499479, 0.0006280849920585752, 0.0006911507807672024, 0.0007542165694758296, 0.0008172824163921177, 0.000880348205100745]}, "gradients/mass_u.weight": {"_type": "histogram", "values": [1.0, 0.0, 0.0, 0.0, 0.0, 0.0, 0.0, 0.0, 0.0, 0.0, 0.0, 0.0, 0.0, 0.0, 0.0, 0.0, 0.0, 0.0, 0.0, 1.0, 0.0, 0.0, 0.0, 0.0, 0.0, 0.0, 0.0, 0.0, 0.0, 0.0, 0.0, 0.0, 0.0, 0.0, 0.0, 0.0, 0.0, 0.0, 0.0, 1.0, 0.0, 0.0, 0.0, 1.0, 0.0, 0.0, 0.0, 0.0, 1.0, 0.0, 3.0, 1.0, 0.0, 2.0, 1.0, 4.0, 8.0, 2.0, 16.0, 26.0, 42.0, 95.0, 268.0, 5068.0], "bins": [-0.016680875793099403, -0.016420237720012665, -0.016159597784280777, -0.01589895971119404, -0.0156383216381073, -0.015377682633697987, -0.015117043629288673, -0.01485640462487936, -0.014595766551792622, -0.014335127547383308, -0.01407448947429657, -0.013813850469887257, -0.013553211465477943, -0.013292573392391205, -0.013031934387981892, -0.012771295383572578, -0.01251065731048584, -0.012250018306076527, -0.011989380232989788, -0.011728741228580475, -0.011468102224171162, -0.011207464151084423, -0.01094682514667511, -0.010686186142265797, -0.010425547137856483, -0.01016490813344717, -0.009904270060360432, -0.009643631055951118, -0.009382992051541805, -0.009122353978455067, -0.008861714974045753, -0.00860107596963644, -0.008340437896549702, -0.008079798892140388, -0.00781916081905365, -0.007558521814644337, -0.007297883275896311, -0.007037244737148285, -0.006776605732738972, -0.006515967193990946, -0.00625532865524292, -0.005994690116494894, -0.005734051112085581, -0.005473412573337555, -0.005212774034589529, -0.004952135495841503, -0.00469149649143219, -0.004430857952684164, -0.004170218948274851, -0.003909580409526825, -0.0036489416379481554, -0.003388302866369486, -0.00312766432762146, -0.0028670255560427904, -0.002606386784464121, -0.002345748245716095, -0.0020851094741374254, -0.0018244708189740777, -0.00156383216381073, -0.0013031933922320604, -0.0010425547370687127, -0.000781916081905365, -0.0005212773103266954, -0.0002606386551633477, 0.0]}, "gradients/embedding_user.weight": {"_type": "histogram", "values": [1.0, 0.0, 0.0, 1.0, 1.0, 0.0, 1.0, 1.0, 0.0, 2.0, 0.0, 2.0, 2.0, 3.0, 1.0, 5.0, 2.0, 1.0, 2.0, 3.0, 6.0, 7.0, 7.0, 9.0, 6.0, 11.0, 14.0, 27.0, 46.0, 70.0, 109.0, 195.0, 517.0, 2491.0, 104336.0, 241979.0, 3529.0, 666.0, 206.0, 118.0, 59.0, 60.0, 26.0, 15.0, 13.0, 7.0, 7.0, 9.0, 7.0, 6.0, 9.0, 7.0, 5.0, 3.0, 1.0, 5.0, 2.0, 0.0, 2.0, 0.0, 1.0, 1.0, 1.0, 1.0], "bins": [-0.00675724633038044, -0.006564633920788765, -0.006372021045535803, -0.006179408170282841, -0.005986795760691166, -0.005794183351099491, -0.005601570475846529, -0.005408957600593567, -0.005216345191001892, -0.005023732781410217, -0.004831119906157255, -0.004638507030904293, -0.004445894621312618, -0.0042532822117209435, -0.004060669336467981, -0.003868056694045663, -0.0036754440516233444, -0.003482831409201026, -0.0032902187667787075, -0.003097606124356389, -0.0029049934819340706, -0.002712380839511752, -0.0025197681970894337, -0.002327155554667115, -0.0021345429122447968, -0.0019419302698224783, -0.0017493176274001598, -0.0015567049849778414, -0.001364092342555523, -0.0011714797001332045, -0.000978867057710886, -0.0007862544152885675, -0.0005936422385275364, -0.00040102959610521793, -0.00020841695368289948, -1.5804311260581017e-05, 0.00017680833116173744, 0.0003694209735840559, 0.0005620336160063744, 0.0007546462584286928, 0.0009472589008510113, 0.0011398715432733297, 0.0013324841856956482, 0.0015250968281179667, 0.0017177094705402851, 0.0019103221129626036, 0.002102934755384922, 0.0022955473978072405, 0.002488160040229559, 0.0026807726826518774, 0.002873385325074196, 0.0030659979674965143, 0.0032586106099188328, 0.0034512232523411512, 0.0036438358947634697, 0.003836448537185788, 0.004029061179608107, 0.004221674054861069, 0.0044142864644527435, 0.004606898874044418, 0.0047995117492973804, 0.0049921246245503426, 0.005184737034142017, 0.005377349443733692, 0.005569962318986654]}, "gradients/embedding_item.weight": {"_type": "histogram", "values": [1.0, 0.0, 0.0, 2.0, 1.0, 0.0, 2.0, 2.0, 3.0, 2.0, 2.0, 3.0, 8.0, 6.0, 10.0, 28.0, 20.0, 43.0, 48.0, 61.0, 108.0, 162.0, 264.0, 393.0, 707.0, 1408.0, 2910.0, 7252.0, 23409.0, 107240.0, 58329.0, 15610.0, 5363.0, 2188.0, 1141.0, 597.0, 370.0, 235.0, 118.0, 100.0, 51.0, 44.0, 34.0, 20.0, 22.0, 9.0, 10.0, 6.0, 5.0, 3.0, 0.0, 0.0, 0.0, 0.0, 1.0, 0.0, 0.0, 0.0, 0.0, 0.0, 0.0, 0.0, 0.0, 1.0],