{"TOTAL_BEST_METRIC": 1.0960566884857865, "BEST_NDCG@10": 0.13996361375463315, "_timestamp": 1688383869.7922065, "_runtime": 728.6095585823059, "_step": 1226, "epoch": 1000, "Train_Metric_loss": 2.393739128112793, "Train_Reg_loss": 3.61228798283264e-05, "Pos_loss": 8.583876609802246, "Neg_loss": 0.15544433891773224, "Recall@5": 0.15313352167902197, "Recall@10": 0.2218391013667595, "Recall@20": 0.3021155680686415, "NDCG@5": 0.11596156865924657, "NDCG@10": 0.13996361375463315, "NDCG@20": 0.16304331495748392, "Recall@5_total_best": 0.15313352167902197, "Recall@10_total_best": 0.2218391013667595, "Recall@20_total_best": 0.3021155680686415, "ndcg@5_total_best": 0.11596156865924657, "ndcg@10_total_best": 0.13996361375463315, "ndcg@20_total_best": 0.16304331495748392, "EPOCH_ndcg_best": 1000, "Recall@5_ndcg_best": 0.15313352167902197, "Recall@10_ndcg_best": 0.2218391013667595, "Recall@20_ndcg_best": 0.3021155680686415, "ndcg@5_ndcg_best": 0.11596156865924657, "ndcg@10_ndcg_best": 0.13996361375463315, "ndcg@20_ndcg_best": 0.16304331495748392, "gradients/mass_i.weight": {"_type": "histogram", "values": [2.0, 0.0, 0.0, 0.0, 0.0, 0.0, 0.0, 1.0, 0.0, 3.0, 0.0, 0.0, 0.0, 0.0, 0.0, 0.0, 0.0, 1.0, 1.0, 1.0, 2.0, 1.0, 1.0, 3.0, 1.0, 7.0, 4.0, 6.0, 8.0, 8.0, 9.0, 12.0, 20.0, 21.0, 15.0, 24.0, 37.0, 50.0, 79.0, 54.0, 88.0, 204.0, 69.0, 149.0, 2256.0, 85.0, 138.0, 50.0, 70.0, 19.0, 25.0, 15.0, 8.0, 7.0, 4.0, 2.0, 3.0, 1.0, 0.0, 1.0, 1.0, 0.0, 0.0, 2.0], "bins": [-0.0018261168152093887, -0.0017850695876404643, -0.0017440223600715399, -0.0017029752489179373, -0.0016619280213490129, -0.0016208807937800884, -0.001579833566211164, -0.0015387863386422396, -0.001497739227488637, -0.0014566919999197125, -0.0014156447723507881, -0.0013745976611971855, -0.001333550433628261, -0.0012925032060593367, -0.0012514559784904122, -0.0012104087509214878, -0.0011693615233525634, -0.001128314295783639, -0.0010872670682147145, -0.00104621984064579, -0.0010051727294921875, -0.0009641255019232631, -0.0009230782743543386, -0.0008820310467854142, -0.0008409838774241507, -0.0007999366498552263, -0.0007588894804939628, -0.0007178422529250383, -0.0006767950253561139, -0.0006357478559948504, -0.000594700628425926, -0.0005536534590646625, -0.0005126062897033989, -0.00047155909123830497, -0.000430511892773211, -0.0003894646652042866, -0.0003484174667391926, -0.00030737026827409863, -0.0002663230407051742, -0.00022527584224008024, -0.00018422864377498627, -0.0001431814453098923, -0.0001021342322928831, -6.10870192758739e-05, -2.003982081077993e-05, 2.100737765431404e-05, 6.205460522323847e-05, 0.00010310180368833244, 0.0001441490021534264, 0.00018519620061852038, 0.00022624341363552958, 0.0002672906266525388, 0.00030833782511763275, 0.0003493850235827267, 0.00039043225115165114, 0.0004314794496167451, 0.0004725266480818391, 0.0005135738756507635, 0.000554621045012027, 0.0005956682725809515, 0.000636715441942215, 0.0006777626695111394, 0.0007188098970800638, 0.0007598571246489882, 0.0008009042940102518]}, "gradients/mass_u.weight": {"_type": "histogram", "values": [1.0, 0.0, 0.0, 0.0, 0.0, 0.0, 0.0, 0.0, 0.0, 0.0, 0.0, 0.0, 0.0, 0.0, 0.0, 0.0, 0.0, 0.0, 0.0, 0.0, 0.0, 0.0, 0.0, 0.0, 1.0, 0.0, 0.0, 0.0, 0.0, 1.0, 0.0, 0.0, 0.0, 0.0, 0.0, 0.0, 0.0, 0.0, 0.0, 0.0, 1.0, 0.0, 0.0, 1.0, 0.0, 0.0, 0.0, 1.0, 0.0, 0.0, 0.0, 1.0, 3.0, 1.0, 3.0, 3.0, 5.0, 8.0, 9.0, 16.0, 29.0, 80.0, 241.0, 5136.0], "bins": [-0.007589434273540974, -0.007470849435776472, -0.0073522645980119705, -0.007233679294586182, -0.00711509445682168, -0.0069965096190571785, -0.006877924781292677, -0.006759339943528175, -0.006640755105763674, -0.006522170267999172, -0.006403585430234671, -0.006285000592470169, -0.00616641528904438, -0.006047830451279879, -0.005929245613515377, -0.0058106607757508755, -0.005692075937986374, -0.005573491100221872, -0.005454906262457371, -0.005336320959031582, -0.00521773612126708, -0.005099151283502579, -0.004980566445738077, -0.004861981607973576, -0.004743396304547787, -0.004624811466783285, -0.004506226629018784, -0.004387641325592995, -0.004269056487828493, -0.0041504716500639915, -0.00403188681229949, -0.003913301974534988, -0.003794717136770487, -0.0036761322990059853, -0.00355754722841084, -0.0034389623906463385, -0.003320377552881837, -0.0032017924822866917, -0.00308320764452219, -0.0029646228067576885, -0.002846037968993187, -0.0027274531312286854, -0.00260886806063354, -0.0024902832228690386, -0.002371698385104537, -0.002253113314509392, -0.00213452847674489, -0.0020159436389803886, -0.0018973585683852434, -0.00177877361420542, -0.0016601887764409184, -0.001541603822261095, -0.0014230189844965935, -0.00130443403031677, -0.0011858490761369467, -0.001067264238372445, -0.0009486792841926217, -0.0008300943882204592, -0.0007115094922482967, -0.0005929245380684733, -0.00047433964209631085, -0.00035575474612414837, -0.00023716979194432497, -0.00011858489597216249, 0.0]}, "gradients/embedding_user.weight": {"_type": "histogram", "values": [1.0, 0.0, 0.0, 1.0, 0.0, 0.0, 0.0, 2.0, 1.0, 1.0, 0.0, 2.0, 1.0, 3.0, 1.0, 1.0, 2.0, 5.0, 7.0, 12.0, 16.0, 27.0, 49.0, 74.0, 136.0, 331.0, 699.0, 1707.0, 4966.0, 30868.0, 186478.0, 111312.0, 12521.0, 3209.0, 1205.0, 480.0, 233.0, 105.0, 53.0, 26.0, 22.0, 12.0, 15.0, 8.0, 3.0, 7.0, 3.0, 4.0, 3.0, 5.0, 1.0, 0.0, 1.0, 1.0, 0.0, 0.0, 1.0, 1.0, 0.0, 0.0, 1.0, 0.0, 0.0, 1.0], "bins": [-0.0007973912288434803, -0.0007715048850513995, -0.0007456185412593186, -0.0007197321392595768, -0.0006938457954674959, -0.000667959451675415, -0.0006420731078833342, -0.0006161867640912533, -0.0005903004202991724, -0.0005644140765070915, -0.0005385277327150106, -0.0005126413889229298, -0.00048675498692318797, -0.0004608686431311071, -0.0004349822993390262, -0.00040909595554694533, -0.00038320955354720354, -0.00035732320975512266, -0.0003314368368592113, -0.00030555049306713045, -0.0002796641201712191, -0.00025377777637913823, -0.00022789143258705735, -0.00020200507424306124, -0.00017611871589906514, -0.00015023235755506903, -0.00012434599921107292, -9.845965541899204e-05, -7.257329707499593e-05, -4.668693873099983e-05, -2.0800594938918948e-05, 5.085763405077159e-06, 3.097217995673418e-05, 5.685853466275148e-05, 8.274488936876878e-05, 0.00010863124043680727, 0.00013451759878080338, 0.0001604039571247995, 0.00018629030091688037, 0.00021217665926087648, 0.00023806301760487258, 0.00026394936139695346, 0.0002898357342928648, 0.0003157220780849457, 0.00034160842187702656, 0.0003674947947729379, 0.0003933811385650188, 0.0004192675114609301, 0.000445153855253011, 0.00047104019904509187, 0.0004969265428371727, 0.0005228129448369145, 0.0005486992886289954, 0.0005745856324210763, 0.0006004719762131572, 0.0006263583200052381, 0.0006522446637973189, 0.0006781310075893998, 0.0007040173513814807, 0.0007299036951735616, 0.0007557900971733034, 0.0007816764409653842, 0.0008075627847574651, 0.000833449128549546, 0.0008593355305492878]}, "gradients/embedding_item.weight": {"_type": "histogram", "values": [2.0, 0.0, 2.0, 1.0, 2.0, 3.0, 4.0, 6.0, 6.0, 16.0, 19.0, 19.0, 33.0, 37.0, 66.0, 80.0, 105.0, 154.0, 226.0, 329.0, 479.0, 738.0, 1138.0, 1682.0, 2853.0, 4617.0, 8041.0, 14283.0, 24372.0, 42464.0, 57519.0, 27888.0, 16935.0, 9585.0, 5574.0, 3158.0, 2067.0, 1259.0, 843.0, 565.0, 340.0, 245.0, 170.0, 112.0, 89.0, 61.0, 52.0, 27.0, 32.0, 20.0, 8.0, 6.0, 6.0, 4.0, 3.0, 0.0, 3.0, 0.0, 2.0, 0.0, 1.0, 0.0, 0.0, 1.0],