{"TOTAL_BEST_METRIC": 0.23758654876834484, "BEST_NDCG@10": 0.028298987251431998, "_timestamp": 1688416254.2818563, "_runtime": 2659.104889392853, "_step": 1111, "epoch": 1000, "Train_Metric_loss": NaN, "Train_Reg_loss": NaN, "Pos_loss": NaN, "Neg_loss": NaN, "Recall@5": 0.00013653741125068268, "Recall@10": 0.000591662115419625, "Recall@20": 0.0010172037138175861, "NDCG@5": 5.281988083486368e-05, "NDCG@10": 0.00022000096810395565, "NDCG@20": 0.00034823243471569386, "Recall@5_total_best": 0.0283467156743372, "Recall@10_total_best": 0.04845630714179322, "Recall@20_total_best": 0.07698007296263927, "ndcg@5_total_best": 0.020441242606759343, "ndcg@10_total_best": 0.02750252615524139, "ndcg@20_total_best": 0.03585968422757439, "EPOCH_ndcg_best": 60, "Recall@5_ndcg_best": 0.028468444293130262, "Recall@10_ndcg_best": 0.04796149940538253, "Recall@20_ndcg_best": 0.07452366077093, "ndcg@5_ndcg_best": 0.021523296969124518, "ndcg@10_ndcg_best": 0.028298987251431998, "ndcg@20_ndcg_best": 0.03590036340228783, "gradients/mass_i.weight": {"_type": "histogram", "values": [1.0, 0.0, 2.0, 0.0, 1.0, 1.0, 0.0, 1.0, 1.0, 1.0, 1.0, 1.0, 3.0, 2.0, 3.0, 1.0, 3.0, 3.0, 1.0, 6.0, 6.0, 6.0, 14.0, 13.0, 20.0, 14.0, 14.0, 13.0, 20.0, 26.0, 50.0, 81.0, 80.0, 162.0, 116.0, 215.0, 239.0, 111.0, 6817.0, 202.0, 180.0, 83.0, 19.0, 66.0, 23.0, 22.0, 8.0, 6.0, 11.0, 11.0, 7.0, 9.0, 2.0, 5.0, 2.0, 0.0, 2.0, 1.0, 0.0, 1.0, 2.0, 0.0, 0.0, 2.0], "bins": [-3.378348264959641e-05, -3.290650784038007e-05, -3.202952939318493e-05, -3.1152554583968595e-05, -3.0275576136773452e-05, -2.9398599508567713e-05, -2.8521622880361974e-05, -2.7644646252156235e-05, -2.6767669623950496e-05, -2.5890692995744757e-05, -2.501371636753902e-05, -2.413673973933328e-05, -2.325976311112754e-05, -2.23827864829218e-05, -2.1505809854716063e-05, -2.0628833226510324e-05, -1.9751856598304585e-05, -1.8874879970098846e-05, -1.7997903341893107e-05, -1.7120926713687368e-05, -1.624395008548163e-05, -1.536697345727589e-05, -1.4489996829070151e-05, -1.3613020200864412e-05, -1.2736045391648076e-05, -1.1859068763442338e-05, -1.0982092135236599e-05, -1.010511550703086e-05, -9.22813887882512e-06, -8.351162250619382e-06, -7.474186077160994e-06, -6.597209448955255e-06, -5.720232366002165e-06, -4.843255737796426e-06, -3.966279109590687e-06, -3.0893027087586233e-06, -2.2123260805528844e-06, -1.3353496797208209e-06, -4.583730515150819e-07, 4.1860357669065706e-07, 1.295580204896396e-06, 2.172556833102135e-06, 3.049533461307874e-06, 3.926509634766262e-06, 4.803486262972001e-06, 5.68046289117774e-06, 6.557439519383479e-06, 7.434416147589218e-06, 8.311392775794957e-06, 9.188369404000696e-06, 1.0065346032206435e-05, 1.0942322660412174e-05, 1.1819299288617913e-05, 1.269627500732895e-05, 1.3573251635534689e-05, 1.4450228263740428e-05, 1.5327204891946167e-05, 1.6204181520151906e-05, 1.7081158148357645e-05, 1.7958134776563384e-05, 1.8835111404769123e-05, 1.971208803297486e-05, 2.05890646611806e-05, 2.146604128938634e-05, 2.234301791759208e-05]}, "gradients/mass_u.weight": {"_type": "histogram", "values": [1.0, 0.0, 0.0, 0.0, 0.0, 0.0, 0.0, 0.0, 0.0, 0.0, 0.0, 0.0, 1.0, 1.0, 0.0, 0.0, 0.0, 0.0, 0.0, 0.0, 0.0, 1.0, 0.0, 1.0, 1.0, 0.0, 0.0, 0.0, 1.0, 0.0, 2.0, 2.0, 0.0, 1.0, 2.0, 1.0, 1.0, 0.0, 2.0, 0.0, 1.0, 2.0, 3.0, 1.0, 1.0, 2.0, 3.0, 4.0, 7.0, 9.0, 9.0, 8.0, 9.0, 15.0, 21.0, 29.0, 65.0, 8.0, 76.0, 95.0, 82.0, 43.0, 12.0, 14158.0], "bins": [-0.00014605035539716482, -0.00014376832405105233, -0.00014148627815302461, -0.00013920424680691212, -0.0001369222009088844, -0.00013464016956277192, -0.00013235813821665943, -0.0001300760923186317, -0.00012779406097251922, -0.00012551202962640673, -0.000123229983728379, -0.00012094795238226652, -0.00011866591376019642, -0.00011638387513812631, -0.00011410184379201382, -0.00011181980516994372, -0.00010953776654787362, -0.00010725572792580351, -0.00010497368930373341, -0.00010269165795762092, -0.00010040961933555081, -9.812758071348071e-05, -9.584554936736822e-05, -9.356351074529812e-05, -9.128147212322801e-05, -8.899943350115791e-05, -8.67173948790878e-05, -8.443536353297532e-05, -8.215332491090521e-05, -7.987128628883511e-05, -7.758925494272262e-05, -7.530721632065251e-05, -7.302517769858241e-05, -7.074313907651231e-05, -6.84611004544422e-05, -6.617906910832971e-05, -6.389703048625961e-05, -6.16149918641895e-05, -5.933295688009821e-05, -5.705092189600691e-05, -5.476888327393681e-05, -5.2486844651866704e-05, -5.020480966777541e-05, -4.792277468368411e-05, -4.564073606161401e-05, -4.33586974395439e-05, -4.1076662455452606e-05, -3.879462747136131e-05, -3.6512588849291205e-05, -3.42305502272211e-05, -3.1948515243129805e-05, -2.9666478440049104e-05, -2.7384441636968404e-05, -2.5102404833887704e-05, -2.2820368030807003e-05, -2.0538331227726303e-05, -1.8256294424645603e-05, -1.5974257621564902e-05, -1.3692220818484202e-05, -1.1410184015403502e-05, -9.128147212322801e-06, -6.846110409242101e-06, -4.564073606161401e-06, -2.2820368030807003e-06, 0.0]}, "gradients/embedding_user.weight": {"_type": "histogram", "values": [0.0, 0.0, 0.0, 0.0, 0.0, 0.0, 0.0, 0.0, 0.0, 0.0, 0.0, 0.0, 0.0, 0.0, 0.0, 0.0, 0.0, 0.0, 0.0, 0.0, 0.0, 0.0, 0.0, 0.0, 0.0, 0.0, 0.0, 0.0, 0.0, 0.0, 0.0, 0.0, 5888.0, 0.0, 0.0, 0.0, 0.0, 0.0, 0.0, 0.0, 0.0, 0.0, 0.0, 0.0, 0.0, 0.0, 0.0, 0.0, 0.0, 0.0, 0.0, 0.0, 0.0, 0.0, 0.0, 0.0, 0.0, 0.0, 0.0, 0.0, 0.0, 0.0, 0.0, 0.0], "bins": [0.0, 0.0, 0.0, 0.0, 0.0, 0.0, 0.0, 0.0, 0.0, 0.0, 0.0, 0.0, 0.0, 0.0, 0.0, 0.0, 0.0, 0.0, 0.0, 0.0, 0.0, 0.0, 0.0, 0.0, 0.0, 0.0, 0.0, 0.0, 0.0, 0.0, 0.0, 0.0, 0.0, 0.0, 0.0, 0.0, 0.0, 0.0, 0.0, 0.0, 0.0, 0.0, 0.0, 0.0, 0.0, 0.0, 0.0, 0.0, 0.0, 0.0, 0.0, 0.0, 0.0, 0.0, 0.0, 0.0, 0.0, 0.0, 0.0, 0.0, 0.0, 0.0, 0.0, 0.0, 0.0]}, "gradients/embedding_item.weight": {"_type": "histogram", "values": [2.0, 0.0, 1.0, 1.0, 0.0, 2.0, 0.0, 4.0, 1.0, 1.0, 1.0, 3.0, 0.0, 2.0, 2.0, 0.0, 0.0, 2.0, 0.0, 0.0, 7.0, 12.0, 16.0, 24.0, 31.0, 29.0, 57.0, 136.0, 366.0, 2073.0, 552742.0, 1502.0, 279.0, 139.0, 59.0, 30.0, 32.0, 18.0, 22.0, 4.0, 2.0, 2.0, 2.0, 1.0, 4.0, 2.0, 1.0, 0.0, 0.0, 3.0, 1.0, 4.0, 2.0, 2.0, 0.0, 1.0, 1.0, 0.0, 1.0, 1.0, 0.0, 0.0, 1.0, 1.0], "bins": [-0.07000646740198135, -0.06770741194486618, -0.06540835648775101, -0.06310930103063583, -0.06081024184823036, -0.05851118639111519, -0.05621212720870972, -0.05391307175159454, -0.05161401629447937, -0.0493149608373642, -0.04701590538024902, -0.04471684619784355, -0.04241779074072838, -0.040118735283613205, -0.03781967610120773, -0.03552062064409256, -0.033221565186977386, -0.030922509729862213, -0.02862345241010189, -0.026324395090341568, -0.024025339633226395, -0.02172628417611122, -0.0194272268563509, -0.017128169536590576, -0.014829114079475403, -0.012530057691037655, -0.010231001302599907, -0.007931944914162159, -0.005632888525724411, -0.003333832137286663, -0.001034775748848915, 0.0012642815709114075, 0.0035633444786071777, 0.005862400867044926, 0.008161457255482674, 0.010460513643920422, 0.01275957003235817, 0.015058626420795918, 0.017357682809233665, 0.019656740128993988, 0.02195579558610916, 0.024254851043224335, 0.026553908362984657, 0.02885296568274498, 0.031152021139860153, 0.03345107659697533, 0.0357501357793808, 0.03804919123649597, 0.040348246693611145, 0.04264730215072632, 0.04494635760784149, 0.047245416790246964, 0.04954447224736214, 0.05184352770447731, 0.05414258688688278, 0.056441642343997955, 0.05874069780111313, 0.0610397532582283, 0.06333880871534348, 0.06563786417245865, 0.06793692708015442, 0.07023598253726959, 0.07253503799438477, 0.07483409345149994, 0.07713314890861511]}, "_wandb": {"runtime": 2658}}