{"TOTAL_BEST_METRIC": 1.0044081381572283, "BEST_NDCG@10": 0.12649446307222187, "_timestamp": 1688349558.8793793, "_runtime": 611.0405542850494, "_step": 1114, "epoch": 1000, "Train_Metric_loss": NaN, "Train_Reg_loss": NaN, "Pos_loss": NaN, "Neg_loss": NaN, "Recall@5": 0.0007852166725705515, "Recall@10": 0.003778486243948518, "Recall@20": 0.005806892363746774, "NDCG@5": 0.000556356529533085, "NDCG@10": 0.0016257618776651963, "NDCG@20": 0.002209725865082795, "Recall@5_total_best": 0.1341663705204731, "Recall@10_total_best": 0.20476177981771138, "Recall@20_total_best": 0.2870453514393332, "ndcg@5_total_best": 0.10197939026150594, "ndcg@10_total_best": 0.12649446307222187, "ndcg@20_total_best": 0.14996078304598284, "EPOCH_ndcg_best": 120, "Recall@5_ndcg_best": 0.1341663705204731, "Recall@10_ndcg_best": 0.20476177981771138, "Recall@20_ndcg_best": 0.2870453514393332, "ndcg@5_ndcg_best": 0.10197939026150594, "ndcg@10_ndcg_best": 0.12649446307222187, "ndcg@20_ndcg_best": 0.14996078304598284, "gradients/mass_i.weight": {"_type": "histogram", "values": [1.0, 0.0, 0.0, 0.0, 0.0, 0.0, 0.0, 0.0, 0.0, 0.0, 0.0, 0.0, 0.0, 0.0, 0.0, 1.0, 3.0, 2.0, 4.0, 1.0, 7.0, 8.0, 12.0, 16.0, 28.0, 39.0, 42.0, 59.0, 52.0, 51.0, 3175.0, 20.0, 14.0, 13.0, 6.0, 5.0, 0.0, 3.0, 0.0, 0.0, 1.0, 0.0, 0.0, 0.0, 0.0, 0.0, 0.0, 1.0, 0.0, 0.0, 1.0, 1.0, 0.0, 0.0, 0.0, 0.0, 0.0, 0.0, 0.0, 0.0, 1.0, 0.0, 0.0, 1.0], "bins": [-0.00013416573347058147, -0.0001297542330576107, -0.0001253427326446399, -0.00012093123223166913, -0.00011651973181869835, -0.00011210823140572757, -0.00010769673099275678, -0.000103285230579786, -9.887373016681522e-05, -9.446222975384444e-05, -9.005072934087366e-05, -8.563922892790288e-05, -8.12277285149321e-05, -7.681622810196131e-05, -7.240472768899053e-05, -6.799322727601975e-05, -6.358171958709136e-05, -5.9170219174120575e-05, -5.4758718761149794e-05, -5.034721834817901e-05, -4.593571793520823e-05, -4.152421752223745e-05, -3.711271347128786e-05, -3.270121305831708e-05, -2.82897126453463e-05, -2.3878212232375517e-05, -1.9466711819404736e-05, -1.5055209587444551e-05, -1.064370917447377e-05, -6.232208761502989e-06, -1.8207065295428038e-06, 2.5907938834279776e-06, 7.002294296398759e-06, 1.141379470936954e-05, 1.582529512234032e-05, 2.0236797354300506e-05, 2.4648297767271288e-05, 2.905979818024207e-05, 3.3471300412202254e-05, 3.7882800825173035e-05, 4.2294301238143817e-05, 4.67058016511146e-05, 5.111730206408538e-05, 5.552880611503497e-05, 5.994030652800575e-05, 6.435180694097653e-05, 6.876330735394731e-05, 7.317480776691809e-05, 7.758630817988887e-05, 8.199780859285966e-05, 8.640930900583044e-05, 9.082080941880122e-05, 9.5232309831772e-05, 9.964381024474278e-05, 0.00010405531793367118, 0.00010846681834664196, 0.00011287831875961274, 0.00011728981917258352, 0.0001217013195855543, 0.00012611281999852508, 0.00013052432041149586, 0.00013493582082446665, 0.00013934732123743743, 0.0001437588216504082, 0.000148170322063379]}, "gradients/mass_u.weight": {"_type": "histogram", "values": [1.0, 0.0, 0.0, 0.0, 0.0, 0.0, 0.0, 0.0, 0.0, 0.0, 0.0, 0.0, 0.0, 0.0, 0.0, 0.0, 0.0, 0.0, 0.0, 0.0, 0.0, 0.0, 0.0, 0.0, 0.0, 1.0, 0.0, 0.0, 0.0, 0.0, 0.0, 0.0, 0.0, 0.0, 1.0, 0.0, 1.0, 0.0, 0.0, 2.0, 1.0, 0.0, 0.0, 1.0, 0.0, 0.0, 0.0, 0.0, 0.0, 0.0, 2.0, 1.0, 2.0, 3.0, 3.0, 2.0, 3.0, 8.0, 16.0, 19.0, 40.0, 83.0, 242.0, 5109.0], "bins": [-0.00016219139797613025, -0.0001596571528352797, -0.0001571229222463444, -0.00015458867710549384, -0.0001520544319646433, -0.00014952020137570798, -0.00014698595623485744, -0.0001444517110940069, -0.00014191746595315635, -0.0001393832208123058, -0.0001368489902233705, -0.00013431474508251995, -0.0001317804999416694, -0.0001292462693527341, -0.00012671202421188354, -0.000124177779071033, -0.00012164354848209769, -0.00011910931061720476, -0.00011657506547635421, -0.00011404082761146128, -0.00011150658247061074, -0.00010897234460571781, -0.00010643810674082488, -0.00010390386159997433, -0.0001013696237350814, -9.883538587018847e-05, -9.630114072933793e-05, -9.3766902864445e-05, -9.123266499955207e-05, -8.869841985870153e-05, -8.61641819938086e-05, -8.362994412891567e-05, -8.109569898806512e-05, -7.85614611231722e-05, -7.602721598232165e-05, -7.349297811742872e-05, -7.095873297657818e-05, -6.842449511168525e-05, -6.589025724679232e-05, -6.335601210594177e-05, -6.082177424104884e-05, -5.8287532738177106e-05, -5.575329123530537e-05, -5.321905337041244e-05, -5.06848118675407e-05, -4.8150570364668965e-05, -4.5616332499776036e-05, -4.30820909969043e-05, -4.054784949403256e-05, -3.8013607991160825e-05, -3.547936648828909e-05, -3.294512862339616e-05, -3.041088712052442e-05, -2.7876645617652684e-05, -2.534240593377035e-05, -2.2808166249888018e-05, -2.027392474701628e-05, -1.7739683244144544e-05, -1.520544356026221e-05, -1.2671202966885176e-05, -1.013696237350814e-05, -7.602721780131105e-06, -5.06848118675407e-06, -2.534241502871737e-06, 0.0]}, "gradients/embedding_user.weight": {"_type": "histogram", "values": [0.0, 0.0, 0.0, 0.0, 0.0, 0.0, 0.0, 0.0, 0.0, 0.0, 0.0, 0.0, 0.0, 0.0, 0.0, 0.0, 0.0, 0.0, 0.0, 0.0, 0.0, 0.0, 0.0, 0.0, 0.0, 0.0, 0.0, 0.0, 0.0, 0.0, 0.0, 0.0, 3392.0, 0.0, 0.0, 0.0, 0.0, 0.0, 0.0, 0.0, 0.0, 0.0, 0.0, 0.0, 0.0, 0.0, 0.0, 0.0, 0.0, 0.0, 0.0, 0.0, 0.0, 0.0, 0.0, 0.0, 0.0, 0.0, 0.0, 0.0, 0.0, 0.0, 0.0, 0.0], "bins": [0.0, 0.0, 0.0, 0.0, 0.0, 0.0, 0.0, 0.0, 0.0, 0.0, 0.0, 0.0, 0.0, 0.0, 0.0, 0.0, 0.0, 0.0, 0.0, 0.0, 0.0, 0.0, 0.0, 0.0, 0.0, 0.0, 0.0, 0.0, 0.0, 0.0, 0.0, 0.0, 0.0, 0.0, 0.0, 0.0, 0.0, 0.0, 0.0, 0.0, 0.0, 0.0, 0.0, 0.0, 0.0, 0.0, 0.0, 0.0, 0.0, 0.0, 0.0, 0.0, 0.0, 0.0, 0.0, 0.0, 0.0, 0.0, 0.0, 0.0, 0.0, 0.0, 0.0, 0.0, 0.0]}, "gradients/embedding_item.weight": {"_type": "histogram", "values": [1.0, 0.0, 0.0, 0.0, 0.0, 1.0, 1.0, 2.0, 0.0, 5.0, 2.0, 6.0, 6.0, 7.0, 13.0, 30.0, 39.0, 58.0, 77.0, 88.0, 139.0, 204.0, 307.0, 476.0, 621.0, 981.0, 1504.0, 2280.0, 3724.0, 5998.0, 9835.0, 16007.0, 24675.0, 53573.0, 44713.0, 23674.0, 14894.0, 9070.0, 5540.0, 3432.0, 2147.0, 1331.0, 922.0, 596.0, 386.0, 291.0, 209.0, 130.0, 109.0, 60.0, 44.0, 35.0, 23.0, 24.0, 13.0, 10.0, 12.0, 8.0, 4.0, 7.0, 2.0, 2.0, 2.0, 2.0], "bins": [-0.001471152063459158, -0.0014278041198849678, -0.0013844561763107777, -0.0013411081163212657, -0.0012977601727470756, -0.0012544122291728854, -0.0012110641691833735, -0.0011677162256091833, -0.0011243682820349932, -0.001081020338460803, -0.001037672394886613, -0.000994324334897101, -0.0009509763913229108, -0.0009076284477487206, -0.0008642804459668696, -0.0008209324441850185, -0.0007775845006108284, -0.0007342365570366383, -0.0006908885552547872, -0.0006475405534729362, -0.000604192609898746, -0.0005608446663245559, -0.0005174966645427048, -0.0004741486918646842, -0.00043080071918666363, -0.00038745274650864303, -0.00034410477383062243, -0.00030075680115260184, -0.00025740882847458124, -0.00021406085579656065, -0.00017071288311854005, -0.00012736491044051945, -8.401682134717703e-05, -4.066884866915643e-05, 2.6791240088641644e-06, 4.602709668688476e-05, 8.937506936490536e-05, 0.00013272304204292595, 0.00017607101472094655, 0.00021941898739896715, 0.00026276696007698774, 0.00030611493275500834, 0.00034946290543302894, 0.00039281087811104953, 0.00043615885078907013, 0.0004795068234670907, 0.0005228547961451113, 0.0005662027979269624, 0.0006095507415011525, 0.0006528986850753427, 0.0006962466868571937, 0.0007395946886390448, 0.0007829426322132349, 0.000826290575787425, 0.0008696385775692761, 0.0009129865793511271, 0.0009563345229253173, 0.0009996824664995074, 0.0010430305264890194, 0.0010863784700632095, 0.0011297264136373997, 0.0011730743572115898, 0.00121642230078578, 0.001259770360775292, 0.001303118304349482]}, "_wandb": {"runtime": 610}}