{"TOTAL_BEST_METRIC": 0.9358954942105057, "BEST_NDCG@10": 0.11493520665080856, "_timestamp": 1688353516.413544, "_runtime": 592.6360280513763, "_step": 1116, "epoch": 1000, "Train_Metric_loss": NaN, "Train_Reg_loss": NaN, "Pos_loss": NaN, "Neg_loss": NaN, "Recall@5": 0.0007852166725705515, "Recall@10": 0.003778486243948518, "Recall@20": 0.005806892363746774, "NDCG@5": 0.000556356529533085, "NDCG@10": 0.0016257618776651963, "NDCG@20": 0.002209725865082795, "Recall@5_total_best": 0.129461211944852, "Recall@10_total_best": 0.18716471261915638, "Recall@20_total_best": 0.2723069440601182, "ndcg@5_total_best": 0.09399749701957384, "ndcg@10_total_best": 0.11454946345270585, "ndcg@20_total_best": 0.13841566511409928, "EPOCH_ndcg_best": 200, "Recall@5_ndcg_best": 0.12476661612029923, "Recall@10_ndcg_best": 0.19162652437374178, "Recall@20_ndcg_best": 0.27270755425713755, "ndcg@5_ndcg_best": 0.09179210943457004, "ndcg@10_ndcg_best": 0.11493520665080856, "ndcg@20_ndcg_best": 0.13802767245661327, "gradients/mass_i.weight": {"_type": "histogram", "values": [1.0, 0.0, 0.0, 0.0, 1.0, 0.0, 0.0, 0.0, 0.0, 0.0, 0.0, 3.0, 2.0, 1.0, 2.0, 1.0, 0.0, 3.0, 3.0, 5.0, 4.0, 5.0, 5.0, 5.0, 13.0, 10.0, 12.0, 29.0, 32.0, 43.0, 57.0, 68.0, 68.0, 91.0, 111.0, 116.0, 111.0, 2518.0, 63.0, 42.0, 51.0, 28.0, 15.0, 11.0, 14.0, 6.0, 4.0, 2.0, 3.0, 2.0, 1.0, 1.0, 1.0, 1.0, 0.0, 0.0, 0.0, 1.0, 0.0, 0.0, 1.0, 0.0, 0.0, 1.0], "bins": [-8.253485430032015e-05, -8.033075573621318e-05, -7.812666444806382e-05, -7.592256588395685e-05, -7.371846731984988e-05, -7.151436875574291e-05, -6.931027746759355e-05, -6.710617890348658e-05, -6.490208033937961e-05, -6.269798177527264e-05, -6.0493886849144474e-05, -5.828979192301631e-05, -5.608569335890934e-05, -5.3881598432781175e-05, -5.167750350665301e-05, -4.947340494254604e-05, -4.726931365439668e-05, -4.506521872826852e-05, -4.286112016416155e-05, -4.0657025238033384e-05, -3.845292667392641e-05, -3.624883174779825e-05, -3.4044736821670085e-05, -3.1840638257563114e-05, -2.963654333143495e-05, -2.7432446586317383e-05, -2.5228349841199815e-05, -2.302425491507165e-05, -2.0820158169954084e-05, -1.8616061424836516e-05, -1.6411966498708352e-05, -1.4207869753590785e-05, -1.2003773008473217e-05, -9.79967626335565e-06, -7.595580427732784e-06, -5.391484137362568e-06, -3.187387846992351e-06, -9.832911018747836e-07, 1.220804733748082e-06, 3.4249005693709478e-06, 5.628997314488515e-06, 7.833094059606083e-06, 1.0037189895228948e-05, 1.2241285730851814e-05, 1.4445382475969382e-05, 1.664947922108695e-05, 1.8853574147215113e-05, 2.105767089233268e-05, 2.3261767637450248e-05, 2.5465864382567815e-05, 2.7669961127685383e-05, 2.9874056053813547e-05, 3.207815461792052e-05, 3.428224954404868e-05, 3.6486344470176846e-05, 3.869044303428382e-05, 4.089453796041198e-05, 4.3098632886540145e-05, 4.5302731450647116e-05, 4.750682637677528e-05, 4.9710921302903444e-05, 5.1915019867010415e-05, 5.411911479313858e-05, 5.632320971926674e-05, 5.8527308283373713e-05]}, "gradients/mass_u.weight": {"_type": "histogram", "values": [1.0, 0.0, 0.0, 0.0, 0.0, 0.0, 0.0, 0.0, 0.0, 0.0, 0.0, 0.0, 0.0, 0.0, 0.0, 0.0, 0.0, 0.0, 1.0, 0.0, 0.0, 0.0, 0.0, 0.0, 0.0, 0.0, 0.0, 0.0, 1.0, 0.0, 0.0, 0.0, 0.0, 0.0, 2.0, 2.0, 3.0, 1.0, 0.0, 0.0, 1.0, 0.0, 0.0, 2.0, 2.0, 1.0, 3.0, 7.0, 7.0, 2.0, 2.0, 12.0, 6.0, 8.0, 7.0, 18.0, 26.0, 26.0, 25.0, 111.0, 99.0, 62.0, 30.0, 5073.0], "bins": [-0.00026830509887076914, -0.00026411283761262894, -0.00025992057635448873, -0.00025572828599251807, -0.00025153602473437786, -0.00024734376347623765, -0.00024315150221809745, -0.00023895922640804201, -0.0002347669651499018, -0.0002305747038917616, -0.00022638242808170617, -0.00022219016682356596, -0.00021799789101351053, -0.00021380562975537032, -0.00020961335394531488, -0.00020542109268717468, -0.00020122883142903447, -0.00019703657017089427, -0.00019284429436083883, -0.00018865203310269862, -0.0001844597572926432, -0.00018026749603450298, -0.00017607523477636278, -0.00017188295896630734, -0.0001676906831562519, -0.0001634984218981117, -0.00015930614608805627, -0.00015511388482991606, -0.00015092160901986063, -0.00014672934776172042, -0.0001425370865035802, -0.00013834481069352478, -0.00013415254943538457, -0.00012996028817724437, -0.00012576801236718893, -0.00012157575110904872, -0.0001173834825749509, -0.00011319121404085308, -0.00010899894550675526, -0.00010480667697265744, -0.00010061441571451724, -9.642214718041942e-05, -9.22298786463216e-05, -8.803761738818139e-05, -8.384534885408357e-05, -7.965308031998575e-05, -7.546081178588793e-05, -7.12685432517901e-05, -6.707627471769229e-05, -6.288400618359447e-05, -5.869174128747545e-05, -5.449947275337763e-05, -5.030720785725862e-05, -4.61149393231608e-05, -4.192267078906298e-05, -3.7730402254965156e-05, -3.353813735884614e-05, -2.9345870643737726e-05, -2.515360392862931e-05, -2.096133539453149e-05, -1.676906867942307e-05, -1.2576801964314654e-05, -8.384533430216834e-06, -4.192266715108417e-06, 0.0]}, "gradients/embedding_user.weight": {"_type": "histogram", "values": [0.0, 0.0, 0.0, 0.0, 0.0, 0.0, 0.0, 0.0, 0.0, 0.0, 0.0, 0.0, 0.0, 0.0, 0.0, 0.0, 0.0, 0.0, 0.0, 0.0, 0.0, 0.0, 0.0, 0.0, 0.0, 0.0, 0.0, 0.0, 0.0, 0.0, 0.0, 0.0, 3392.0, 0.0, 0.0, 0.0, 0.0, 0.0, 0.0, 0.0, 0.0, 0.0, 0.0, 0.0, 0.0, 0.0, 0.0, 0.0, 0.0, 0.0, 0.0, 0.0, 0.0, 0.0, 0.0, 0.0, 0.0, 0.0, 0.0, 0.0, 0.0, 0.0, 0.0, 0.0], "bins": [0.0, 0.0, 0.0, 0.0, 0.0, 0.0, 0.0, 0.0, 0.0, 0.0, 0.0, 0.0, 0.0, 0.0, 0.0, 0.0, 0.0, 0.0, 0.0, 0.0, 0.0, 0.0, 0.0, 0.0, 0.0, 0.0, 0.0, 0.0, 0.0, 0.0, 0.0, 0.0, 0.0, 0.0, 0.0, 0.0, 0.0, 0.0, 0.0, 0.0, 0.0, 0.0, 0.0, 0.0, 0.0, 0.0, 0.0, 0.0, 0.0, 0.0, 0.0, 0.0, 0.0, 0.0, 0.0, 0.0, 0.0, 0.0, 0.0, 0.0, 0.0, 0.0, 0.0, 0.0, 0.0]}, "gradients/embedding_item.weight": {"_type": "histogram", "values": [1.0, 0.0, 2.0, 0.0, 2.0, 2.0, 2.0, 4.0, 6.0, 6.0, 16.0, 15.0, 17.0, 30.0, 30.0, 67.0, 99.0, 123.0, 175.0, 283.0, 420.0, 623.0, 1113.0, 1659.0, 2640.0, 4545.0, 7811.0, 13925.0, 24529.0, 49375.0, 58634.0, 26547.0, 14680.0, 8428.0, 4734.0, 2799.0, 1726.0, 1107.0, 703.0, 442.0, 325.0, 206.0, 162.0, 84.0, 62.0, 66.0, 36.0, 28.0, 20.0, 13.0, 8.0, 7.0, 6.0, 2.0, 1.0, 2.0, 1.0, 1.0, 0.0, 0.0, 1.0, 0.0, 0.0, 1.0], "bins": [-0.0010707980254665017, -0.0010351956589147449, -0.000999593292362988, -0.0009639909258112311, -0.0009283885592594743, -0.0008927861927077174, -0.0008571838261559606, -0.0008215814596042037, -0.0007859790930524468, -0.00075037672650069, -0.0007147743599489331, -0.0006791719933971763, -0.0006435696268454194, -0.0006079672602936625, -0.0005723648937419057, -0.0005367625271901488, -0.000501160160638392, -0.0004655577940866351, -0.00042995542753487825, -0.0003943530609831214, -0.00035875069443136454, -0.0003231483278796077, -0.0002875459613278508, -0.00025194359477609396, -0.0002163412282243371, -0.00018073886167258024, -0.00014513649512082338, -0.00010953412856906652, -7.393176201730967e-05, -3.832939546555281e-05, -2.727028913795948e-06, 3.287533763796091e-05, 6.847758777439594e-05, 0.0001040799543261528, 0.00013968232087790966, 0.00017528468742966652, 0.00021088705398142338, 0.00024648942053318024, 0.0002820917870849371, 0.00031769415363669395, 0.0003532965201884508, 0.00038889888674020767, 0.00042450125329196453, 0.0004601036198437214, 0.0004957059863954782, 0.0005313083529472351, 0.000566910719498992, 0.0006025130860507488, 0.0006381154526025057, 0.0006737178191542625, 0.0007093201857060194, 0.0007449225522577763, 0.0007805249188095331, 0.00081612728536129, 0.0008517296519130468, 0.0008873320184648037, 0.0009229343850165606, 0.0009585367515683174, 0.0009941391181200743, 0.0010297414846718311, 0.001065343851223588, 0.0011009462177753448, 0.0011365485843271017, 0.0011721509508788586, 0.0012077533174306154]}, "_wandb": {"runtime": 591}}