{"TOTAL_BEST_METRIC": 1.1034878092979565, "BEST_NDCG@10": 0.1417489557734919, "_timestamp": 1688400327.9611251, "_runtime": 1086.6243541240692, "_step": 1224, "epoch": 1000, "Train_Metric_loss": 6.018433380126953, "Train_Reg_loss": 3.597497925511561e-05, "Pos_loss": 8.737297058105469, "Neg_loss": 0.1499432772397995, "Recall@5": 0.15562240918384998, "Recall@10": 0.22367307740371106, "Recall@20": 0.30314923282930434, "NDCG@5": 0.11678365745291813, "NDCG@10": 0.1407967799381505, "NDCG@20": 0.1634626524900224, "Recall@5_total_best": 0.15562240918384998, "Recall@10_total_best": 0.22367307740371106, "Recall@20_total_best": 0.30314923282930434, "ndcg@5_total_best": 0.11678365745291813, "ndcg@10_total_best": 0.1407967799381505, "ndcg@20_total_best": 0.1634626524900224, "EPOCH_ndcg_best": 960, "Recall@5_ndcg_best": 0.1550082754134994, "Recall@10_ndcg_best": 0.22302217410934339, "Recall@20_ndcg_best": 0.30046176404194186, "ndcg@5_ndcg_best": 0.1177381864292522, "ndcg@10_ndcg_best": 0.1417489557734919, "ndcg@20_ndcg_best": 0.16391986611353923, "gradients/mass_i.weight": {"_type": "histogram", "values": [1.0, 0.0, 0.0, 0.0, 0.0, 0.0, 0.0, 0.0, 0.0, 1.0, 0.0, 1.0, 2.0, 1.0, 1.0, 0.0, 0.0, 1.0, 2.0, 0.0, 2.0, 5.0, 9.0, 2.0, 10.0, 18.0, 19.0, 16.0, 21.0, 45.0, 75.0, 31.0, 193.0, 16.0, 2777.0, 18.0, 111.0, 39.0, 50.0, 29.0, 22.0, 9.0, 6.0, 10.0, 1.0, 7.0, 5.0, 4.0, 0.0, 0.0, 5.0, 1.0, 0.0, 0.0, 0.0, 0.0, 0.0, 1.0, 0.0, 0.0, 0.0, 0.0, 0.0, 1.0], "bins": [-0.000473835039883852, -0.00046022492460906506, -0.00044661478023044765, -0.0004330046649556607, -0.0004193945205770433, -0.00040578440530225635, -0.0003921742900274694, -0.00037856417475268245, -0.00036495403037406504, -0.0003513439150992781, -0.0003377337707206607, -0.00032412365544587374, -0.0003105135401710868, -0.0002969033957924694, -0.00028329328051768243, -0.00026968313613906503, -0.0002560730208642781, -0.0002424628910375759, -0.00022885276121087372, -0.00021524264593608677, -0.0002016325161093846, -0.00018802238628268242, -0.00017441227100789547, -0.0001608021411811933, -0.00014719201135449111, -0.00013358188152778894, -0.00011997175897704437, -0.00010636163642629981, -9.275150659959763e-05, -7.914137677289546e-05, -6.553125422215089e-05, -5.192113167140633e-05, -3.8310972740873694e-05, -2.4700846552150324e-05, -1.1090720363426954e-05, 2.519405825296417e-06, 1.6129532014019787e-05, 2.9739661840721965e-05, 4.334978439146653e-05, 5.695990694221109e-05, 7.057003676891327e-05, 8.418016659561545e-05, 9.779028914636001e-05, 0.00011140041169710457, 0.00012501054152380675, 0.00013862067135050893, 0.00015223078662529588, 0.00016584091645199805, 0.00017945104627870023, 0.0001930611761054024, 0.0002066713059321046, 0.00022028142120689154, 0.00023389155103359371, 0.0002475016808602959, 0.00026111179613508284, 0.00027472194051370025, 0.0002883320557884872, 0.00030194217106327415, 0.00031555231544189155, 0.0003291624307166785, 0.0003427725750952959, 0.00035638269037008286, 0.0003699928056448698, 0.00038360292091965675, 0.00039721306529827416]}, "gradients/mass_u.weight": {"_type": "histogram", "values": [1.0, 0.0, 0.0, 0.0, 0.0, 0.0, 0.0, 0.0, 0.0, 0.0, 1.0, 0.0, 0.0, 0.0, 0.0, 0.0, 0.0, 0.0, 0.0, 0.0, 0.0, 0.0, 0.0, 0.0, 1.0, 0.0, 0.0, 1.0, 0.0, 0.0, 0.0, 0.0, 0.0, 2.0, 1.0, 1.0, 0.0, 0.0, 0.0, 1.0, 1.0, 0.0, 0.0, 0.0, 0.0, 1.0, 0.0, 3.0, 4.0, 4.0, 0.0, 0.0, 1.0, 2.0, 9.0, 9.0, 8.0, 8.0, 24.0, 35.0, 47.0, 116.0, 164.0, 5096.0], "bins": [-0.00041502388194203377, -0.0004085391410626471, -0.00040205440018326044, -0.0003955696302000433, -0.00038908488932065666, -0.00038260014844127, -0.0003761153784580529, -0.0003696306375786662, -0.00036314589669927955, -0.0003566611558198929, -0.0003501764149405062, -0.0003436916449572891, -0.00033720690407790244, -0.00033072216319851577, -0.00032423739321529865, -0.000317752652335912, -0.0003112679114565253, -0.00030478317057713866, -0.000298298429697752, -0.0002918136597145349, -0.0002853289188351482, -0.00027884417795576155, -0.00027235940797254443, -0.00026587466709315777, -0.0002593899262137711, -0.00025290518533438444, -0.0002464204444549978, -0.00023993567447178066, -0.000233450933592394, -0.00022696619271300733, -0.00022048143728170544, -0.00021399668185040355, -0.00020751194097101688, -0.00020102720009163022, -0.00019454244466032833, -0.00018805768922902644, -0.00018157294834963977, -0.0001750882074702531, -0.00016860345203895122, -0.00016211869660764933, -0.00015563395572826266, -0.000149149214848876, -0.0001426644594175741, -0.00013617970398627222, -0.00012969496310688555, -0.0001232102222274989, -0.000116725466796197, -0.00011024071864085272, -0.00010375597048550844, -9.727122233016416e-05, -9.078647417481989e-05, -8.430172601947561e-05, -7.781697786413133e-05, -7.133222970878705e-05, -6.484748155344278e-05, -5.83627333980985e-05, -5.187798524275422e-05, -4.539323708740994e-05, -3.8908488932065666e-05, -3.242374077672139e-05, -2.593899262137711e-05, -1.9454244466032833e-05, -1.2969496310688555e-05, -6.484748155344278e-06, 0.0]}, "gradients/embedding_user.weight": {"_type": "histogram", "values": [1.0, 0.0, 1.0, 1.0, 1.0, 2.0, 1.0, 0.0, 2.0, 1.0, 3.0, 2.0, 1.0, 0.0, 1.0, 2.0, 3.0, 3.0, 11.0, 10.0, 22.0, 37.0, 77.0, 154.0, 354.0, 1323.0, 10456.0, 293490.0, 45464.0, 2252.0, 528.0, 188.0, 86.0, 60.0, 31.0, 15.0, 10.0, 9.0, 5.0, 5.0, 3.0, 1.0, 1.0, 0.0, 2.0, 1.0, 0.0, 0.0, 0.0, 0.0, 2.0, 0.0, 0.0, 1.0, 0.0, 0.0, 0.0, 0.0, 0.0, 0.0, 0.0, 0.0, 0.0, 1.0], "bins": [-0.0012949559604749084, -0.0012481611920520663, -0.0012013663072139025, -0.0011545715387910604, -0.0011077766539528966, -0.0010609818855300546, -0.0010141870006918907, -0.0009673922322690487, -0.0009205974056385458, -0.0008738025790080428, -0.0008270077523775399, -0.0007802129257470369, -0.0007334181573241949, -0.0006866232724860311, -0.000639828504063189, -0.0005930336774326861, -0.0005462388508021832, -0.0004994440241716802, -0.00045264919754117727, -0.0004058544000145048, -0.00035905957338400185, -0.0003122647467534989, -0.00026546994922682643, -0.0002186751225963235, -0.00017188029596582055, -0.0001250854693353176, -7.82906572567299e-05, -3.149584517814219e-05, 1.529898145236075e-05, 6.209380808286369e-05, 0.00010888860560953617, 0.0001556834322400391, 0.00020247814245522022, 0.00024927296908572316, 0.0002960677957162261, 0.0003428625932428986, 0.0003896574198734015, 0.00043645224650390446, 0.00048324704403057694, 0.0005300418706610799, 0.0005768366972915828, 0.0006236315239220858, 0.0006704263505525887, 0.0007172211771830916, 0.0007640159456059337, 0.0008108108304440975, 0.0008576055988669395, 0.0009044004254974425, 0.0009511952521279454, 0.0009979900205507874, 0.0010447849053889513, 0.0010915796738117933, 0.0011383745586499572, 0.0011851693270727992, 0.001231964211910963, 0.001278758980333805, 0.0013255537487566471, 0.0013723485171794891, 0.001419143402017653, 0.001465938170440495, 0.0015127330552786589, 0.001559527823701501, 0.001606322592124343, 0.0016531174769625068, 0.0016999123618006706]}, "gradients/embedding_item.weight": {"_type": "histogram", "values": [1.0, 0.0, 0.0, 0.0, 0.0, 0.0, 0.0, 0.0, 0.0, 1.0, 0.0, 1.0, 1.0, 0.0, 2.0, 2.0, 1.0, 4.0, 4.0, 7.0, 5.0, 10.0, 25.0, 29.0, 46.0, 61.0, 82.0, 142.0, 266.0, 430.0, 768.0, 1409.0, 2836.0, 5599.0, 12909.0, 30415.0, 79021.0, 54442.0, 21680.0, 9095.0, 4277.0, 2110.0, 1100.0, 628.0, 365.0, 219.0, 121.0, 70.0, 59.0, 36.0, 23.0, 17.0, 9.0, 6.0, 4.0, 4.0, 2.0, 3.0, 3.0, 1.0, 0.0, 0.0, 0.0, 1.0],