{"TOTAL_BEST_METRIC": 0.14044519567481198, "BEST_NDCG@10": 0.0153870821775497, "_timestamp": 1688516060.9205525, "_runtime": 1501.572366476059, "_step": 1217, "epoch": 1000, "Train_Metric_loss": 4.651362146650042, "Train_Reg_loss": 1.8441600267189123e-06, "Pos_loss": 8.013413429260254, "Neg_loss": 1.2781084775924683, "Recall@5": 0.014947127191478853, "Recall@10": 0.028330150389835208, "Recall@20": 0.049620807704181764, "NDCG@5": 0.010579666548746196, "NDCG@10": 0.015371943265312615, "NDCG@20": 0.02152409148952939, "Recall@5_total_best": 0.015340810060584987, "Recall@10_total_best": 0.02822395462552912, "Recall@20_total_best": 0.04942215611455529, "ndcg@5_total_best": 0.010727827780012677, "ndcg@10_total_best": 0.015296099117173105, "ndcg@20_total_best": 0.021434347976956813, "EPOCH_ndcg_best": 1000, "Recall@5_ndcg_best": 0.014901614721061959, "Recall@10_ndcg_best": 0.028375662860252098, "Recall@20_ndcg_best": 0.04957984648080656, "ndcg@5_ndcg_best": 0.010546768648848397, "ndcg@10_ndcg_best": 0.0153870821775497, "ndcg@20_ndcg_best": 0.021523615761906548, "gradients/mass_i.weight": {"_type": "histogram", "values": [1.0, 0.0, 0.0, 0.0, 0.0, 0.0, 0.0, 0.0, 0.0, 0.0, 0.0, 0.0, 0.0, 0.0, 0.0, 0.0, 0.0, 0.0, 0.0, 0.0, 0.0, 0.0, 0.0, 0.0, 0.0, 1.0, 0.0, 0.0, 2.0, 1.0, 2.0, 1.0, 1.0, 0.0, 2.0, 2.0, 1.0, 3.0, 2.0, 2.0, 5.0, 4.0, 10.0, 4.0, 11.0, 14.0, 11.0, 32.0, 39.0, 62.0, 166.0, 89.0, 871.0, 186.0, 6680.0, 318.0, 146.0, 24.0, 13.0, 5.0, 1.0, 0.0, 0.0, 1.0], "bins": [-0.0029719537124037743, -0.002917748410254717, -0.002863542875275016, -0.0028093375731259584, -0.0027551320381462574, -0.0027009267359972, -0.002646721201017499, -0.0025925158988684416, -0.0025383103638887405, -0.002484105061739683, -0.002429899526759982, -0.0023756942246109247, -0.0023214886896312237, -0.0022672833874821663, -0.0022130778525024652, -0.002158872550353408, -0.002104667015373707, -0.0020504617132246494, -0.0019962561782449484, -0.0019420507596805692, -0.00188784534111619, -0.0018336399225518107, -0.0017794345039874315, -0.0017252292018383741, -0.0016710238996893167, -0.0016168184811249375, -0.0015626130625605583, -0.001508407643996179, -0.0014542022254317999, -0.0013999968068674207, -0.0013457913883030415, -0.001291586086153984, -0.0012373804347589612, -0.001183175016194582, -0.0011289695976302028, -0.0010747641790658236, -0.0010205587605014443, -0.0009663533419370651, -0.0009121479815803468, -0.0008579425630159676, -0.0008037371444515884, -0.0007495317258872092, -0.00069532630732283, -0.0006411209469661117, -0.0005869155284017324, -0.0005327101098373532, -0.000478504691272974, -0.0004242992727085948, -0.0003700938541442156, -0.00031588843557983637, -0.00026168301701545715, -0.0002074776275549084, -0.00015327220899052918, -9.906679042614996e-05, -4.4861400965601206e-05, 9.34401759877801e-06, 6.354943616315722e-05, 0.00011775484745157883, 0.00017196025874000043, 0.00022616566275246441, 0.00028037108131684363, 0.00033457649988122284, 0.0003887818893417716, 0.0004429873079061508, 0.00049719272647053]}, "gradients/mass_u.weight": {"_type": "histogram", "values": [1.0, 0.0, 0.0, 0.0, 0.0, 0.0, 0.0, 0.0, 0.0, 0.0, 0.0, 0.0, 0.0, 0.0, 0.0, 0.0, 1.0, 0.0, 0.0, 0.0, 0.0, 0.0, 1.0, 0.0, 0.0, 3.0, 0.0, 0.0, 0.0, 0.0, 0.0, 1.0, 1.0, 0.0, 1.0, 1.0, 1.0, 2.0, 0.0, 0.0, 0.0, 2.0, 2.0, 1.0, 1.0, 0.0, 1.0, 2.0, 2.0, 6.0, 4.0, 4.0, 13.0, 13.0, 11.0, 11.0, 32.0, 42.0, 43.0, 84.0, 102.0, 74.0, 38.0, 14180.0], "bins": [-0.005566146224737167, -0.005479175131767988, -0.005392204038798809, -0.00530523294582963, -0.005218261852860451, -0.005131291225552559, -0.00504432013258338, -0.004957349039614201, -0.0048703779466450214, -0.004783406853675842, -0.004696435760706663, -0.004609464667737484, -0.004522494040429592, -0.004435522947460413, -0.004348551854491234, -0.004261580761522055, -0.0041746096685528755, -0.004087638575583696, -0.004000667482614517, -0.003913696389645338, -0.0038267255295068026, -0.0037397544365376234, -0.003652783576399088, -0.0035658124834299088, -0.0034788413904607296, -0.0033918702974915504, -0.0033048992045223713, -0.003217928344383836, -0.0031309572514146566, -0.0030439861584454775, -0.002957015298306942, -0.002870044205337763, -0.0027830731123685837, -0.0026961020193994045, -0.0026091309264302254, -0.00252216006629169, -0.0024351889733225107, -0.0023482178803533316, -0.002261247020214796, -0.002174275927245617, -0.0020873048342764378, -0.0020003337413072586, -0.0019133627647534013, -0.001826391788199544, -0.0017394206952303648, -0.0016524496022611856, -0.0015654786257073283, -0.001478507649153471, -0.0013915365561842918, -0.0013045654632151127, -0.0012175944866612554, -0.001130623510107398, -0.0010436524171382189, -0.0009566813823767006, -0.0008697103476151824, -0.0007827393128536642, -0.0006957682780921459, -0.0006087972433306277, -0.0005218262085691094, -0.0004348551738075912, -0.00034788413904607296, -0.0002609131042845547, -0.00017394206952303648, -8.697103476151824e-05, 0.0]}, "gradients/embedding_user.weight": {"_type": "histogram", "values": [2.0, 1.0, 0.0, 1.0, 1.0, 0.0, 1.0, 1.0, 2.0, 2.0, 4.0, 6.0, 4.0, 7.0, 8.0, 5.0, 7.0, 6.0, 10.0, 17.0, 24.0, 17.0, 32.0, 48.0, 67.0, 143.0, 272.0, 480.0, 965.0, 2205.0, 4569.0, 11164.0, 348786.0, 544027.0, 16600.0, 5227.0, 2481.0, 1127.0, 555.0, 277.0, 134.0, 90.0, 55.0, 39.0, 26.0, 18.0, 16.0, 9.0, 6.0, 10.0, 9.0, 5.0, 5.0, 3.0, 0.0, 0.0, 1.0, 1.0, 2.0, 0.0, 2.0, 0.0, 0.0, 2.0], "bins": [-0.00023645051987841725, -0.00022930456907488406, -0.00022215861827135086, -0.00021501266746781766, -0.0002078667312161997, -0.0002007207804126665, -0.0001935748296091333, -0.0001864288788056001, -0.0001792829280020669, -0.00017213697719853371, -0.00016499102639500052, -0.00015784509014338255, -0.00015069913933984935, -0.00014355318853631616, -0.00013640723773278296, -0.00012926128692924976, -0.00012211533612571657, -0.00011496938532218337, -0.00010782344179460779, -0.00010067749099107459, -9.35315401875414e-05, -8.638559665996581e-05, -7.923964585643262e-05, -7.209369505289942e-05, -6.494775880128145e-05, -5.780181163572706e-05, -5.0655860832193866e-05, -4.350991366663948e-05, -3.636396286310628e-05, -2.921801569755189e-05, -2.2072068531997502e-05, -1.4926117728464305e-05, -7.780166924931109e-06, -6.342183951346669e-07, 6.511730134661775e-06, 1.3657678209710866e-05, 2.080362719425466e-05, 2.7949576178798452e-05, 3.509552334435284e-05, 4.224147414788604e-05, 4.938742131344043e-05, 5.6533368478994817e-05, 6.367931928252801e-05, 7.08252628101036e-05, 7.797121361363679e-05, 8.511716441716999e-05, 9.226311522070318e-05, 9.940906602423638e-05, 0.00010655500955181196, 0.00011370096035534516, 0.00012084690388292074, 0.00012799285468645394, 0.00013513880548998713, 0.00014228475629352033, 0.00014943070709705353, 0.00015657665790058672, 0.0001637225941522047, 0.0001708685449557379, 0.00017801449575927109, 0.00018516043201088905, 0.00019230638281442225, 0.00019945233361795545, 0.00020659828442148864, 0.00021374423522502184, 0.00022089018602855504]}, "gradients/embedding_item.weight": {"_type": "histogram", "values": [2.0, 1.0, 0.0, 1.0, 2.0, 1.0, 4.0, 4.0, 8.0, 9.0, 22.0, 28.0, 49.0, 66.0, 116.0, 181.0, 298.0, 450.0, 764.0, 1218.0, 2245.0, 3898.0, 6767.0, 12260.0, 23462.0, 54336.0, 113888.0, 141288.0, 103184.0, 46504.0, 20609.0, 11105.0, 6198.0, 3575.0, 2028.0, 1235.0, 723.0, 433.0, 243.0, 161.0, 81.0, 68.0, 44.0, 27.0, 11.0, 13.0, 9.0, 2.0, 4.0, 1.0, 0.0, 1.0, 0.0, 0.0, 0.0, 3.0, 0.0, 1.0, 0.0, 0.0, 0.0, 0.0, 0.0, 1.0],