{"TOTAL_BEST_METRIC": 0.11523429844597814, "BEST_NDCG@10": 0.013015142508767119, "_timestamp": 1688332886.9987476, "_runtime": 384.4816424846649, "_step": 1290, "epoch": 1000, "Train_Metric_loss": -0.005844441428780556, "Train_Reg_loss": 4.187916783848778e-06, "Pos_loss": -0.0181866604834795, "Neg_loss": 0.017681125551462173, "Recall@5": 0.013927826414542674, "Recall@10": 0.023314746924848164, "Recall@20": 0.038161278473935786, "NDCG@5": 0.009597380565622978, "NDCG@10": 0.013015142508767119, "NDCG@20": 0.01721792355826142, "Recall@5_total_best": 0.013927826414542674, "Recall@10_total_best": 0.023314746924848164, "Recall@20_total_best": 0.038161278473935786, "ndcg@5_total_best": 0.009597380565622978, "ndcg@10_total_best": 0.013015142508767119, "ndcg@20_total_best": 0.01721792355826142, "EPOCH_ndcg_best": 1000, "Recall@5_ndcg_best": 0.013927826414542674, "Recall@10_ndcg_best": 0.023314746924848164, "Recall@20_ndcg_best": 0.038161278473935786, "ndcg@5_ndcg_best": 0.009597380565622978, "ndcg@10_ndcg_best": 0.013015142508767119, "ndcg@20_ndcg_best": 0.01721792355826142, "gradients/mass_i.weight": {"_type": "histogram", "values": [2.0, 0.0, 0.0, 0.0, 0.0, 0.0, 1.0, 1.0, 1.0, 0.0, 1.0, 0.0, 1.0, 0.0, 2.0, 0.0, 3.0, 3.0, 2.0, 4.0, 7.0, 4.0, 5.0, 7.0, 6.0, 13.0, 13.0, 14.0, 7.0, 25.0, 37.0, 19.0, 28.0, 48.0, 115.0, 53.0, 79.0, 205.0, 35.0, 68.0, 2207.0, 35.0, 96.0, 149.0, 20.0, 88.0, 39.0, 20.0, 49.0, 8.0, 18.0, 11.0, 3.0, 8.0, 1.0, 2.0, 1.0, 0.0, 3.0, 0.0, 0.0, 0.0, 0.0, 1.0], "bins": [-0.0020014236215502024, -0.0019524722592905164, -0.0019035208970308304, -0.0018545695347711444, -0.0018056181725114584, -0.0017566669266670942, -0.0017077155644074082, -0.0016587642021477222, -0.0016098128398880363, -0.0015608614776283503, -0.0015119101153686643, -0.0014629587531089783, -0.001414007507264614, -0.0013650560285896063, -0.0013161047827452421, -0.0012671534204855561, -0.0012182020582258701, -0.0011692506959661841, -0.0011202993337064981, -0.0010713479714468122, -0.0010223966091871262, -0.0009734453051351011, -0.000924494001083076, -0.00087554263882339, -0.000826591276563704, -0.000777639914304018, -0.000728688552044332, -0.000679737247992307, -0.000630785885732621, -0.000581834523472935, -0.0005328832194209099, -0.0004839318571612239, -0.0004349806113168597, -0.00038602924905717373, -0.0003370779159013182, -0.00028812658274546266, -0.00023917522048577666, -0.00019022385822609067, -0.00014127252507023513, -9.23211919143796e-05, -4.3369829654693604e-05, 5.581518053077161e-06, 5.4532865760847926e-05, 0.00010348421346861869, 0.00015243556117638946, 0.00020138692343607545, 0.000250338256591931, 0.0002992895897477865, 0.0003482409520074725, 0.0003971923142671585, 0.00044614364742301404, 0.0004950949805788696, 0.0005440463428385556, 0.0005929977050982416, 0.0006419490091502666, 0.0006909003714099526, 0.0007398517336696386, 0.0007888030959293246, 0.0008377544581890106, 0.0008867057622410357, 0.0009356571245007217, 0.0009846084285527468, 0.0010335597908124328, 0.0010825111530721188, 0.0011314625153318048]}, "gradients/mass_u.weight": {"_type": "histogram", "values": [1.0, 0.0, 0.0, 0.0, 0.0, 0.0, 0.0, 0.0, 0.0, 0.0, 0.0, 0.0, 1.0, 0.0, 0.0, 0.0, 0.0, 0.0, 0.0, 0.0, 0.0, 0.0, 0.0, 1.0, 1.0, 0.0, 0.0, 0.0, 0.0, 0.0, 1.0, 0.0, 0.0, 0.0, 0.0, 0.0, 0.0, 0.0, 0.0, 0.0, 0.0, 0.0, 0.0, 1.0, 0.0, 2.0, 1.0, 2.0, 1.0, 4.0, 1.0, 2.0, 3.0, 5.0, 4.0, 2.0, 10.0, 15.0, 18.0, 38.0, 55.0, 159.0, 138.0, 5075.0], "bins": [-0.0052489060908555984, -0.00516689196228981, -0.005084877833724022, -0.005002863705158234, -0.004920849576592445, -0.004838835448026657, -0.004756821319460869, -0.004674807190895081, -0.004592793062329292, -0.004510778933763504, -0.004428764805197716, -0.0043467506766319275, -0.004264736548066139, -0.004182722419500351, -0.004100708290934563, -0.004018694162368774, -0.003936679568141699, -0.0038546654395759106, -0.0037726513110101223, -0.003690637182444334, -0.0036086230538785458, -0.003526608692482114, -0.0034445945639163256, -0.0033625804353505373, -0.003280566306784749, -0.0031985521782189608, -0.0031165380496531725, -0.0030345239210873842, -0.0029525095596909523, -0.002870495431125164, -0.0027884813025593758, -0.0027064671739935875, -0.0026244530454277992, -0.002542438916862011, -0.0024604247882962227, -0.0023784106597304344, -0.002296396531164646, -0.0022143821697682142, -0.002132368041202426, -0.0020503539126366377, -0.0019683397840708494, -0.0018863256555050611, -0.0018043115269392729, -0.0017222972819581628, -0.0016402831533923745, -0.0015582690248265862, -0.0014762547798454762, -0.0013942406512796879, -0.0013122265227138996, -0.0012302123941481113, -0.001148198265582323, -0.001066184020601213, -0.0009841698920354247, -0.0009021557634696364, -0.0008201415766961873, -0.0007381273899227381, -0.0006561132613569498, -0.0005740991327911615, -0.0004920849460177124, -0.00041007078834809363, -0.0003280566306784749, -0.0002460424730088562, -0.00016402831533923745, -8.201412856578827e-05, 0.0]}, "gradients/embedding_user.weight": {"_type": "histogram", "values": [3.0, 2.0, 0.0, 3.0, 4.0, 1.0, 5.0, 7.0, 5.0, 5.0, 12.0, 4.0, 8.0, 9.0, 13.0, 13.0, 14.0, 25.0, 35.0, 46.0, 57.0, 88.0, 187.0, 315.0, 719.0, 2160.0, 6885.0, 90667.0, 233373.0, 14200.0, 3550.0, 1140.0, 464.0, 220.0, 116.0, 69.0, 33.0, 30.0, 27.0, 22.0, 23.0, 15.0, 2.0, 11.0, 4.0, 4.0, 6.0, 4.0, 1.0, 5.0, 2.0, 1.0, 1.0, 1.0, 0.0, 4.0, 0.0, 2.0, 1.0, 0.0, 0.0, 0.0, 0.0, 1.0], "bins": [-5.2019613576703705e-06, -5.017573130317032e-06, -4.833184902963694e-06, -4.648796675610356e-06, -4.464407993509667e-06, -4.280019766156329e-06, -4.095631538802991e-06, -3.9112433114496525e-06, -3.726854856722639e-06, -3.542466629369301e-06, -3.358078174642287e-06, -3.173689947288949e-06, -2.989301719935611e-06, -2.8049132652085973e-06, -2.620525037855259e-06, -2.4361365831282455e-06, -2.2517483557749074e-06, -2.0673601284215692e-06, -1.8829716736945556e-06, -1.6985834463412175e-06, -1.5141951053010416e-06, -1.3298067642608657e-06, -1.1454185369075276e-06, -9.610301958673517e-07, -7.766418548271758e-07, -5.92253513787e-07, -4.0786522959024296e-07, -2.2347694539348595e-07, -3.9088604353310075e-08, 1.452997366868658e-07, 3.2968796404020395e-07, 5.140763050803798e-07, 6.984646461205557e-07, 8.828529871607316e-07, 1.0672413282009074e-06, 1.2516295555542456e-06, 1.4360178965944215e-06, 1.6204062376345973e-06, 1.8047944649879355e-06, 1.9891826923412737e-06, 2.1735711470682872e-06, 2.3579593744216254e-06, 2.542347829148639e-06, 2.726736056501977e-06, 2.9111242838553153e-06, 3.095512738582329e-06, 3.279900965935667e-06, 3.4642894206626806e-06, 3.648677648016019e-06, 3.833065875369357e-06, 4.017454102722695e-06, 4.201842784823384e-06, 4.386231012176722e-06, 4.5706192395300604e-06, 4.755007466883399e-06, 4.939395694236737e-06, 5.123783921590075e-06, 5.308172148943413e-06, 5.492560376296751e-06, 5.676948603650089e-06, 5.861337285750778e-06, 6.0457255131041165e-06, 6.230113740457455e-06, 6.414501967810793e-06, 6.598890649911482e-06]}, "gradients/embedding_item.weight": {"_type": "histogram", "values": [2.0, 0.0, 3.0, 3.0, 5.0, 5.0, 5.0, 3.0, 9.0, 11.0, 8.0, 20.0, 30.0, 22.0, 33.0, 59.0, 87.0, 97.0, 137.0, 173.0, 289.0, 368.0, 584.0, 817.0, 1365.0, 2133.0, 3543.0, 5846.0, 10244.0, 17222.0, 25957.0, 52913.0, 42925.0, 24233.0, 15747.0, 9108.0, 5426.0, 3163.0, 1986.0, 1210.0, 789.0, 541.0, 349.0, 223.0, 182.0, 115.0, 84.0, 59.0, 59.0, 33.0, 29.0, 22.0, 17.0, 13.0, 12.0, 5.0, 11.0, 5.0, 3.0, 3.0, 0.0, 1.0, 3.0, 3.0],