{"TOTAL_BEST_METRIC": 0.11833995302139426, "BEST_NDCG@10": 0.013992592476090639, "_timestamp": 1688288262.638487, "_runtime": 362.72633600234985, "_step": 1289, "epoch": 1000, "Train_Metric_loss": -0.005660764127969742, "Train_Reg_loss": 4.473402987059671e-06, "Recall@5": 0.013182952954472613, "Recall@10": 0.023601507041576396, "Recall@20": 0.03909114032303248, "NDCG@5": 0.0100896399029, "NDCG@10": 0.013992592476090639, "NDCG@20": 0.01838212032332212, "Recall@5_total_best": 0.013182952954472613, "Recall@10_total_best": 0.023601507041576396, "Recall@20_total_best": 0.03909114032303248, "ndcg@5_total_best": 0.0100896399029, "ndcg@10_total_best": 0.013992592476090639, "ndcg@20_total_best": 0.01838212032332212, "EPOCH_ndcg_best": 1000, "Recall@5_ndcg_best": 0.013182952954472613, "Recall@10_ndcg_best": 0.023601507041576396, "Recall@20_ndcg_best": 0.03909114032303248, "ndcg@5_ndcg_best": 0.0100896399029, "ndcg@10_ndcg_best": 0.013992592476090639, "ndcg@20_ndcg_best": 0.01838212032332212, "gradients/mass_i.weight": {"_type": "histogram", "values": [1.0, 0.0, 0.0, 0.0, 0.0, 0.0, 0.0, 0.0, 0.0, 1.0, 0.0, 1.0, 0.0, 0.0, 0.0, 2.0, 3.0, 0.0, 4.0, 5.0, 4.0, 10.0, 12.0, 15.0, 30.0, 36.0, 39.0, 69.0, 99.0, 118.0, 120.0, 2349.0, 100.0, 124.0, 113.0, 104.0, 53.0, 37.0, 36.0, 29.0, 23.0, 5.0, 9.0, 6.0, 1.0, 1.0, 2.0, 1.0, 1.0, 3.0, 0.0, 1.0, 0.0, 0.0, 0.0, 0.0, 0.0, 0.0, 0.0, 0.0, 0.0, 0.0, 0.0, 1.0], "bins": [-2.9410954084596597e-05, -2.8489439500845037e-05, -2.7567924917093478e-05, -2.664641033334192e-05, -2.5724893930600956e-05, -2.4803379346849397e-05, -2.3881864763097838e-05, -2.296035017934628e-05, -2.203883559559472e-05, -2.111732101184316e-05, -2.01958064280916e-05, -1.927429184434004e-05, -1.8352777260588482e-05, -1.7431262676836923e-05, -1.650974627409596e-05, -1.55882316903444e-05, -1.4666717106592841e-05, -1.3745202522841282e-05, -1.2823687939089723e-05, -1.1902172445843462e-05, -1.0980657862091903e-05, -1.0059143278340343e-05, -9.137627785094082e-06, -8.216113201342523e-06, -7.294598617590964e-06, -6.373084033839405e-06, -5.4515689953404944e-06, -4.530053956841584e-06, -3.608539373090025e-06, -2.6870247893384658e-06, -1.7655097508395556e-06, -8.439947123406455e-07, 7.751805242151022e-08, 9.99032863546745e-07, 1.9205476746719796e-06, 2.8420624857972143e-06, 3.763577296922449e-06, 4.685091880674008e-06, 5.6066069191729184e-06, 6.5281219576718286e-06, 7.449636541423388e-06, 8.371151125174947e-06, 9.292665708926506e-06, 1.0214181202172767e-05, 1.1135695785924327e-05, 1.2057210369675886e-05, 1.2978725862922147e-05, 1.3900240446673706e-05, 1.4821755030425265e-05, 1.5743269614176825e-05, 1.6664784197928384e-05, 1.7586298781679943e-05, 1.8507813365431502e-05, 1.9429327949183062e-05, 2.0350844351924025e-05, 2.1272358935675584e-05, 2.2193873519427143e-05, 2.3115388103178702e-05, 2.403690268693026e-05, 2.495841727068182e-05, 2.5879933673422784e-05, 2.6801448257174343e-05, 2.7722962840925902e-05, 2.864447742467746e-05, 2.956599200842902e-05]}, "gradients/mass_u.weight": {"_type": "histogram", "values": [1.0, 1.0, 0.0, 0.0, 0.0, 0.0, 0.0, 2.0, 0.0, 0.0, 0.0, 0.0, 0.0, 1.0, 3.0, 3.0, 2.0, 3.0, 0.0, 2.0, 2.0, 7.0, 8.0, 9.0, 15.0, 17.0, 12.0, 20.0, 25.0, 30.0, 35.0, 29.0, 5050.0, 35.0, 33.0, 25.0, 33.0, 27.0, 20.0, 25.0, 10.0, 7.0, 9.0, 8.0, 4.0, 9.0, 3.0, 2.0, 2.0, 0.0, 2.0, 1.0, 2.0, 1.0, 1.0, 0.0, 1.0, 0.0, 2.0, 1.0, 0.0, 0.0, 0.0, 1.0], "bins": [-2.95226345770061e-05, -2.8624313927139156e-05, -2.7725995096261613e-05, -2.6827674446394667e-05, -2.592935379652772e-05, -2.5031033146660775e-05, -2.4132714315783232e-05, -2.3234393665916286e-05, -2.233607301604934e-05, -2.1437752366182394e-05, -2.0539433535304852e-05, -1.9641112885437906e-05, -1.874279223557096e-05, -1.7844471585704014e-05, -1.694615275482647e-05, -1.6047832104959525e-05, -1.5149513274081983e-05, -1.4251193533709738e-05, -1.3352872883842792e-05, -1.2454553143470548e-05, -1.1556232493603602e-05, -1.0657912753231358e-05, -9.759593012859114e-06, -8.861272362992167e-06, -7.962952622619923e-06, -7.064632427500328e-06, -6.166312232380733e-06, -5.267992492008489e-06, -4.3696722968888935e-06, -3.4713521017692983e-06, -2.573032361397054e-06, -1.6747121662774589e-06, -7.763901521684602e-07, 1.2192992926429724e-07, 1.0202500106970547e-06, 1.9185699784429744e-06, 2.8168901735625695e-06, 3.7152103686821647e-06, 4.613530109054409e-06, 5.511850304174004e-06, 6.410170499293599e-06, 7.3084906944131944e-06, 8.20681088953279e-06, 9.105130629905034e-06, 1.0003450370277278e-05, 1.0901771020144224e-05, 1.1800090760516468e-05, 1.2698410500888713e-05, 1.3596731150755659e-05, 1.4495050891127903e-05, 1.5393370631500147e-05, 1.6291691281367093e-05, 1.719001193123404e-05, 1.8088332581100985e-05, 1.8986651411978528e-05, 1.9884972061845474e-05, 2.078329271171242e-05, 2.1681613361579366e-05, 2.257993219245691e-05, 2.3478252842323855e-05, 2.43765734921908e-05, 2.5274894142057747e-05, 2.617321297293529e-05, 2.7071533622802235e-05, 2.7969852453679778e-05]}, "gradients/embedding_user.weight": {"_type": "histogram", "values": [2.0, 0.0, 0.0, 1.0, 2.0, 1.0, 1.0, 1.0, 2.0, 6.0, 3.0, 8.0, 4.0, 8.0, 15.0, 7.0, 27.0, 31.0, 46.0, 64.0, 78.0, 159.0, 251.0, 418.0, 818.0, 1576.0, 3057.0, 5906.0, 24671.0, 159750.0, 128704.0, 17597.0, 5345.0, 2768.0, 1483.0, 743.0, 417.0, 248.0, 135.0, 93.0, 47.0, 24.0, 28.0, 21.0, 16.0, 6.0, 5.0, 4.0, 4.0, 3.0, 5.0, 3.0, 2.0, 2.0, 2.0, 0.0, 0.0, 3.0, 1.0, 0.0, 1.0, 0.0, 0.0, 1.0], "bins": [-0.0003343272255733609, -0.0003231536829844117, -0.0003119801403954625, -0.0003008065978065133, -0.0002896330552175641, -0.0002784595126286149, -0.0002672859700396657, -0.0002561124274507165, -0.0002449388848617673, -0.0002337653422728181, -0.00022259179968386889, -0.00021141825709491968, -0.00020024471450597048, -0.00018907117191702127, -0.00017789762932807207, -0.00016672408673912287, -0.00015555054415017366, -0.00014437700156122446, -0.00013320345897227526, -0.00012202991638332605, -0.00011085637379437685, -9.968283120542765e-05, -8.850928861647844e-05, -7.733574602752924e-05, -6.616220343858004e-05, -5.498866084963083e-05, -4.381511826068163e-05, -3.2641575671732426e-05, -2.1468033082783222e-05, -1.0294490493834019e-05, 8.790520951151848e-07, 1.2052594684064388e-05, 2.3226137273013592e-05, 3.4399679861962795e-05, 4.5573222450912e-05, 5.67467650398612e-05, 6.79203076288104e-05, 7.909385021775961e-05, 9.026739280670881e-05, 0.00010144093539565802, 0.00011261447798460722, 0.00012378802057355642, 0.00013496156316250563, 0.00014613510575145483, 0.00015730864834040403, 0.00016848219092935324, 0.00017965573351830244, 0.00019082927610725164, 0.00020200281869620085, 0.00021317636128515005, 0.00022434990387409925, 0.00023552344646304846, 0.00024669698905199766, 0.00025787053164094687, 0.00026904407422989607, 0.00028021761681884527, 0.0002913911594077945, 0.0003025647019967437, 0.0003137382445856929, 0.0003249117871746421, 0.0003360853297635913, 0.0003472588723525405, 0.0003584324149414897, 0.0003696059575304389, 0.0003807795001193881]}, "gradients/embedding_item.weight": {"_type": "histogram", "values": [1.0, 0.0, 0.0, 1.0, 1.0, 0.0, 1.0, 2.0, 2.0, 3.0, 1.0, 2.0, 8.0, 5.0, 10.0, 15.0, 18.0, 23.0, 40.0, 55.0, 107.0, 124.0, 190.0, 300.0, 492.0, 885.0, 1462.0, 2569.0, 4765.0, 8695.0, 15625.0, 26522.0, 43568.0, 53232.0, 29171.0, 17971.0, 10032.0, 5314.0, 2961.0, 1664.0, 916.0, 579.0, 355.0, 203.0, 175.0, 97.0, 58.0, 33.0, 25.0, 21.0, 22.0, 7.0, 11.0, 4.0, 2.0, 2.0, 1.0, 1.0, 1.0, 0.0, 1.0, 0.0, 0.0, 1.0],