{"TOTAL_BEST_METRIC": 0.12694547950816312, "BEST_NDCG@10": 0.013433695800491426, "_timestamp": 1688533300.8255458, "_runtime": 922.1235718727112, "_step": 805, "epoch": 658, "Train_Metric_loss": 6.509060110364642, "Train_Reg_loss": 2.3525993486016106e-06, "Pos_loss": 8.017926216125488, "Neg_loss": 1.2656811475753784, "Recall@5": 0.011915052018823577, "Recall@10": 0.02514173938873869, "Recall@20": 0.04878815468077114, "NDCG@5": 0.008370853641924298, "NDCG@10": 0.01309926092060542, "NDCG@20": 0.019551203996415405, "Recall@5_total_best": 0.013251966579027104, "Recall@10_total_best": 0.026622887338508185, "Recall@20_total_best": 0.046755767005112595, "ndcg@5_total_best": 0.008507274932137219, "ndcg@10_total_best": 0.013097719946367856, "ndcg@20_total_best": 0.018709863707010176, "EPOCH_ndcg_best": 510, "Recall@5_ndcg_best": 0.013074467944401218, "Recall@10_ndcg_best": 0.027088794163644937, "Recall@20_ndcg_best": 0.04550038136277993, "ndcg@5_ndcg_best": 0.008643416081496904, "ndcg@10_ndcg_best": 0.013433695800491426, "ndcg@20_ndcg_best": 0.018604608754940324, "gradients/mass_i.weight": {"_type": "histogram", "values": [1.0, 0.0, 0.0, 0.0, 0.0, 0.0, 0.0, 0.0, 0.0, 0.0, 0.0, 0.0, 1.0, 0.0, 0.0, 1.0, 0.0, 0.0, 0.0, 0.0, 0.0, 0.0, 1.0, 0.0, 0.0, 0.0, 1.0, 0.0, 2.0, 1.0, 0.0, 3.0, 0.0, 1.0, 1.0, 1.0, 1.0, 3.0, 3.0, 3.0, 7.0, 22.0, 26.0, 36.0, 165.0, 92.0, 775.0, 202.0, 6635.0, 393.0, 21.0, 125.0, 30.0, 58.0, 33.0, 9.0, 25.0, 5.0, 15.0, 2.0, 7.0, 1.0, 2.0, 3.0], "bins": [-0.001071092439815402, -0.001048783422447741, -0.00102647440508008, -0.0010041655041277409, -0.0009818564867600799, -0.0009595474693924189, -0.0009372384520247579, -0.0009149294346570969, -0.0008926204754970968, -0.0008703114581294358, -0.0008480024989694357, -0.0008256934816017747, -0.0008033844642341137, -0.0007810755050741136, -0.0007587664877064526, -0.0007364575285464525, -0.0007141485111787915, -0.0006918394938111305, -0.0006695305346511304, -0.0006472215172834694, -0.0006249125581234694, -0.0006026035407558084, -0.0005802945233881474, -0.0005579855060204864, -0.0005356765468604863, -0.0005133675294928253, -0.0004910585703328252, -0.0004687495529651642, -0.00044644056470133364, -0.0004241315764375031, -0.0004018225590698421, -0.00037951357080601156, -0.000357204582542181, -0.00033489559427835047, -0.00031258660601451993, -0.00029027758864685893, -0.0002679686003830284, -0.00024565961211919785, -0.00022335060930345207, -0.0002010416064877063, -0.00017873261822387576, -0.00015642362996004522, -0.00013411462714429945, -0.00011180563160451129, -8.949663606472313e-05, -6.718764052493498e-05, -4.487864498514682e-05, -2.256964216940105e-05, -2.6065390557050705e-07, 2.204834163421765e-05, 4.4357337174005806e-05, 6.666633271379396e-05, 8.897532825358212e-05, 0.00011128432379337028, 0.00013359331933315843, 0.0001559023221489042, 0.00017821131041273475, 0.0002005202986765653, 0.00022282930149231106, 0.00024513830430805683, 0.0002674472925718874, 0.0002897562808357179, 0.0003120652982033789, 0.00033437428646720946, 0.00035668327473104]}, "gradients/mass_u.weight": {"_type": "histogram", "values": [1.0, 0.0, 0.0, 0.0, 0.0, 0.0, 0.0, 0.0, 0.0, 0.0, 0.0, 0.0, 0.0, 0.0, 0.0, 0.0, 0.0, 0.0, 0.0, 0.0, 0.0, 0.0, 0.0, 0.0, 0.0, 0.0, 0.0, 0.0, 0.0, 0.0, 0.0, 0.0, 0.0, 0.0, 1.0, 0.0, 0.0, 0.0, 0.0, 0.0, 0.0, 2.0, 0.0, 0.0, 0.0, 0.0, 1.0, 2.0, 0.0, 2.0, 2.0, 1.0, 0.0, 2.0, 4.0, 7.0, 6.0, 7.0, 18.0, 35.0, 45.0, 138.0, 170.0, 14237.0], "bins": [-0.0005970108322799206, -0.0005876825307495892, -0.0005783542292192578, -0.0005690259276889265, -0.0005596976261585951, -0.0005503693828359246, -0.0005410410813055933, -0.0005317127797752619, -0.0005223844782449305, -0.0005130561767145991, -0.0005037278751842678, -0.0004943995736539364, -0.00048507130122743547, -0.0004757429996971041, -0.0004664147272706032, -0.0004570864257402718, -0.00044775812420994043, -0.00043842982267960906, -0.0004291015211492777, -0.00041977324872277677, -0.0004104449471924454, -0.000401116645662114, -0.0003917883732356131, -0.00038246007170528173, -0.00037313177017495036, -0.000363803468644619, -0.0003544751671142876, -0.0003451468946877867, -0.0003358185931574553, -0.00032649029162712395, -0.00031716201920062304, -0.00030783371767029166, -0.0002985054161399603, -0.0002891771146096289, -0.00027984881307929754, -0.0002705205406527966, -0.00026119223912246525, -0.0002518639375921339, -0.00024253565061371773, -0.0002332073636353016, -0.00022387906210497022, -0.00021455076057463884, -0.0002052224735962227, -0.00019589418661780655, -0.00018656588508747518, -0.0001772375835571438, -0.00016790929657872766, -0.00015858100960031152, -0.00014925270806998014, -0.00013992440653964877, -0.00013059611956123263, -0.00012126782530685887, -0.00011193953105248511, -0.00010261123679811135, -9.328294254373759e-05, -8.395464828936383e-05, -7.462635403499007e-05, -6.529805978061631e-05, -5.5969765526242554e-05, -4.6641471271868795e-05, -3.7313177017495036e-05, -2.7984882763121277e-05, -1.8656588508747518e-05, -9.328294254373759e-06, 0.0]}, "gradients/embedding_user.weight": {"_type": "histogram", "values": [1.0, 0.0, 0.0, 1.0, 0.0, 0.0, 3.0, 2.0, 0.0, 3.0, 3.0, 1.0, 1.0, 4.0, 5.0, 8.0, 14.0, 17.0, 35.0, 55.0, 72.0, 138.0, 276.0, 530.0, 1176.0, 2230.0, 4349.0, 8848.0, 204874.0, 682867.0, 22404.0, 5618.0, 3003.0, 1505.0, 715.0, 362.0, 179.0, 102.0, 56.0, 46.0, 23.0, 19.0, 9.0, 8.0, 2.0, 4.0, 3.0, 1.0, 4.0, 3.0, 2.0, 0.0, 0.0, 1.0, 0.0, 0.0, 0.0, 0.0, 0.0, 0.0, 1.0, 0.0, 0.0, 1.0], "bins": [-0.00021866320457775146, -0.00021118231234140694, -0.00020370143465697765, -0.00019622054242063314, -0.00018873966473620385, -0.00018125877249985933, -0.00017377789481543005, -0.00016629700257908553, -0.000158816110342741, -0.0001513352181063965, -0.0001438543404219672, -0.0001363734481856227, -0.0001288925705011934, -0.00012141167826484889, -0.00011393079330446199, -0.00010644990834407508, -9.89690306596458e-05, -9.14881456992589e-05, -8.400726073887199e-05, -7.652636850252748e-05, -6.904549081809819e-05, -6.156459858175367e-05, -5.408371362136677e-05, -4.660282866097987e-05, -3.9121943700592965e-05, -3.164105874020606e-05, -2.4160171960829757e-05, -1.667928518145345e-05, -9.19840022106655e-06, -1.7175152606796473e-06, 5.763373337686062e-06, 1.3244258298072964e-05, 2.0725128706544638e-05, 2.820601366693154e-05, 3.568689862731844e-05, 4.316778722568415e-05, 5.064867218607105e-05, 5.8129557146457955e-05, 6.561044574482366e-05, 7.309133070521057e-05, 8.057221566559747e-05, 8.805310062598437e-05, 9.553398558637127e-05, 0.00010301487054675817, 0.00011049576278310269, 0.00011797664046753198, 0.0001254575327038765, 0.00013293841038830578, 0.0001404193026246503, 0.00014790019486099482, 0.0001553810725454241, 0.00016286196478176862, 0.0001703428424661979, 0.00017782373470254242, 0.0001853046123869717, 0.00019278550462331623, 0.00020026639685966074, 0.00020774728909600526, 0.00021522816678043455, 0.00022270905901677907, 0.00023018993670120835, 0.00023767082893755287, 0.0002451517211738974, 0.0002526325988583267, 0.00026011347654275596]}, "gradients/embedding_item.weight": {"_type": "histogram", "values": [1.0, 1.0, 0.0, 2.0, 6.0, 6.0, 3.0, 5.0, 9.0, 10.0, 9.0, 16.0, 23.0, 29.0, 68.0, 105.0, 127.0, 200.0, 279.0, 396.0, 677.0, 1069.0, 1845.0, 3415.0, 6189.0, 11112.0, 20158.0, 34472.0, 53490.0, 69139.0, 74065.0, 73687.0, 69948.0, 54495.0, 35665.0, 20782.0, 11541.0, 6242.0, 3418.0, 1934.0, 1057.0, 679.0, 424.0, 268.0, 183.0, 115.0, 73.0, 69.0, 36.0, 24.0, 10.0, 13.0, 13.0, 10.0, 5.0, 6.0, 1.0, 1.0, 2.0, 2.0, 0.0, 2.0, 0.0, 1.0],