{"TOTAL_BEST_METRIC": 0.19738309330759224, "BEST_NDCG@10": 0.022048780663590888, "_timestamp": 1688484185.421399, "_runtime": 1697.2227621078491, "_step": 1280, "epoch": 1000, "Train_Metric_loss": 4.66819293158395, "Train_Reg_loss": 1.6815297710439024e-06, "Pos_loss": 8.03905963897705, "Neg_loss": 1.2960997819900513, "Recall@5": 0.022541444657271495, "Recall@10": 0.040921958759044474, "Recall@20": 0.06656003226542764, "NDCG@5": 0.015573725681855027, "NDCG@10": 0.022034583138759813, "NDCG@20": 0.02928924875441628, "Recall@5_total_best": 0.02298483193485924, "Recall@10_total_best": 0.04041563252565653, "Recall@20_total_best": 0.06695143951101293, "ndcg@5_total_best": 0.015748176985532575, "ndcg@10_total_best": 0.021877689650419658, "ndcg@20_total_best": 0.02940532270011131, "EPOCH_ndcg_best": 1000, "Recall@5_ndcg_best": 0.022677982068522177, "Recall@10_ndcg_best": 0.040876446288627584, "Recall@20_ndcg_best": 0.06650314167740654, "ndcg@5_ndcg_best": 0.015656511099780293, "ndcg@10_ndcg_best": 0.022048780663590888, "ndcg@20_ndcg_best": 0.029312074069450227, "gradients/mass_i.weight": {"_type": "histogram", "values": [2.0, 0.0, 0.0, 0.0, 1.0, 2.0, 0.0, 0.0, 0.0, 0.0, 0.0, 0.0, 1.0, 0.0, 0.0, 0.0, 0.0, 1.0, 3.0, 0.0, 0.0, 0.0, 2.0, 1.0, 1.0, 3.0, 2.0, 4.0, 0.0, 2.0, 3.0, 6.0, 7.0, 9.0, 13.0, 15.0, 37.0, 15.0, 28.0, 150.0, 20.0, 100.0, 678.0, 67.0, 295.0, 6406.0, 547.0, 53.0, 137.0, 20.0, 35.0, 13.0, 13.0, 6.0, 6.0, 1.0, 5.0, 0.0, 0.0, 0.0, 2.0, 0.0, 0.0, 1.0], "bins": [-0.0017711258260533214, -0.0017317753518000245, -0.0016924248775467277, -0.0016530745197087526, -0.0016137240454554558, -0.001574373571202159, -0.001535023096948862, -0.0014956726226955652, -0.0014563222648575902, -0.0014169717906042933, -0.0013776213163509965, -0.0013382709585130215, -0.0012989204842597246, -0.0012595700100064278, -0.001220219535753131, -0.001180869061499834, -0.0011415185872465372, -0.0011021681129932404, -0.0010628176387399435, -0.0010234672809019685, -0.0009841168066486716, -0.0009447663323953748, -0.0009054158581420779, -0.000866065442096442, -0.000826715026050806, -0.0007873645517975092, -0.0007480141357518733, -0.0007086636614985764, -0.0006693132454529405, -0.0006299627711996436, -0.0005906122969463468, -0.0005512618809007108, -0.000511911406647414, -0.0004725609614979476, -0.0004332105163484812, -0.0003938600420951843, -0.0003545096260495484, -0.00031515915179625154, -0.00027580870664678514, -0.00023645826149731874, -0.00019710781634785235, -0.00015775737119838595, -0.00011840691877296194, -7.905646634753793e-05, -3.970602119807154e-05, -3.55576048605144e-07, 3.899488365277648e-05, 7.834532880224288e-05, 0.00011769577395170927, 0.00015704621910117567, 0.00019639666425064206, 0.00023574712395202368, 0.00027509755454957485, 0.0003144480288028717, 0.0003537984739523381, 0.0003931489191018045, 0.0004324993642512709, 0.0004718498094007373, 0.0005112002836540341, 0.0005505506996996701, 0.0005899011739529669, 0.0006292515899986029, 0.0006686020642518997, 0.0007079525385051966, 0.0007473029545508325]}, "gradients/mass_u.weight": {"_type": "histogram", "values": [1.0, 0.0, 0.0, 0.0, 0.0, 0.0, 0.0, 0.0, 1.0, 0.0, 0.0, 0.0, 0.0, 0.0, 0.0, 0.0, 0.0, 0.0, 0.0, 1.0, 0.0, 0.0, 0.0, 0.0, 0.0, 1.0, 2.0, 0.0, 0.0, 0.0, 2.0, 0.0, 0.0, 1.0, 0.0, 0.0, 1.0, 4.0, 0.0, 2.0, 0.0, 5.0, 4.0, 1.0, 1.0, 4.0, 1.0, 2.0, 9.0, 3.0, 5.0, 6.0, 5.0, 7.0, 5.0, 10.0, 39.0, 32.0, 45.0, 91.0, 105.0, 88.0, 42.0, 14155.0], "bins": [-0.002701462246477604, -0.0026592519134283066, -0.0026170415803790092, -0.002574831247329712, -0.0025326209142804146, -0.0024904105812311172, -0.00244820024818182, -0.0024059899151325226, -0.0023637795820832253, -0.002321569249033928, -0.0022793589159846306, -0.0022371485829353333, -0.002194938249886036, -0.0021527279168367386, -0.0021105175837874413, -0.002068307250738144, -0.002026096684858203, -0.0019838863518089056, -0.0019416760187596083, -0.001899465685710311, -0.0018572553526610136, -0.0018150449031963944, -0.0017728345701470971, -0.0017306242370977998, -0.0016884139040485024, -0.0016462035709992051, -0.0016039932379499078, -0.0015617829049006104, -0.0015195724554359913, -0.001477362122386694, -0.0014351517893373966, -0.0013929414562880993, -0.001350731123238802, -0.0013085207901895046, -0.0012663104571402073, -0.00122410012409091, -0.0011818897910416126, -0.0011396793415769935, -0.0010974690085276961, -0.0010552586754783988, -0.0010130483424291015, -0.0009708380093798041, -0.0009286276763305068, -0.0008864172850735486, -0.0008442069520242512, -0.0008019966189749539, -0.0007597862277179956, -0.0007175758946686983, -0.000675365561619401, -0.0006331552285701036, -0.0005909448955208063, -0.0005487345042638481, -0.0005065241712145507, -0.0004643138381652534, -0.0004221034760121256, -0.0003798931138589978, -0.0003376827808097005, -0.00029547244776040316, -0.00025326208560727537, -0.0002110517380060628, -0.00016884139040485024, -0.00012663104280363768, -8.442069520242512e-05, -4.221033304929733e-05, 0.0]}, "gradients/embedding_user.weight": {"_type": "histogram", "values": [2.0, 0.0, 0.0, 0.0, 1.0, 1.0, 0.0, 0.0, 2.0, 8.0, 2.0, 4.0, 2.0, 15.0, 7.0, 12.0, 16.0, 13.0, 31.0, 26.0, 39.0, 40.0, 56.0, 86.0, 102.0, 165.0, 301.0, 536.0, 1131.0, 2237.0, 4257.0, 8027.0, 156834.0, 723884.0, 28563.0, 6156.0, 3316.0, 1678.0, 833.0, 432.0, 236.0, 160.0, 97.0, 68.0, 51.0, 32.0, 32.0, 21.0, 25.0, 5.0, 6.0, 9.0, 5.0, 5.0, 8.0, 2.0, 3.0, 0.0, 1.0, 1.0, 0.0, 0.0, 0.0, 2.0], "bins": [-0.0009207046241499484, -0.0008930549956858158, -0.0008654053090140224, -0.0008377556805498898, -0.0008101060520857573, -0.0007824563654139638, -0.0007548067369498312, -0.0007271571084856987, -0.0006995074218139052, -0.0006718577933497727, -0.0006442081066779792, -0.0006165584782138467, -0.0005889088497497141, -0.0005612592212855816, -0.0005336095346137881, -0.0005059599061496556, -0.00047831027768552303, -0.00045066062011756003, -0.0004230109916534275, -0.0003953613340854645, -0.00036771170562133193, -0.0003400620480533689, -0.0003124123904854059, -0.0002847627620212734, -0.00025711310445331037, -0.0002294634614372626, -0.00020181381842121482, -0.00017416416085325181, -0.00014651451783720404, -0.00011886487482115626, -9.121521725319326e-05, -6.356557423714548e-05, -3.5915873013436794e-05, -8.266226359410211e-06, 1.938342029461637e-05, 4.703307058662176e-05, 7.468271360266954e-05, 0.00010233235661871731, 0.00012998201418668032, 0.0001576316572027281, 0.00018528130021877587, 0.00021293094323482364, 0.00024058058625087142, 0.0002682302438188344, 0.00029587990138679743, 0.00032352952985093, 0.000351179187418893, 0.000378828844986856, 0.00040647847345098853, 0.00043412813101895154, 0.0004617777594830841, 0.0004894274170510471, 0.0005170770455151796, 0.0005447267321869731, 0.0005723763606511056, 0.0006000259891152382, 0.0006276756757870317, 0.0006553253042511642, 0.0006829749909229577, 0.0007106246193870902, 0.0007382742478512228, 0.0007659238763153553, 0.0007935735629871488, 0.0008212231914512813, 0.0008488728199154139]}, "gradients/embedding_item.weight": {"_type": "histogram", "values": [1.0, 0.0, 1.0, 0.0, 2.0, 2.0, 1.0, 2.0, 2.0, 13.0, 5.0, 7.0, 13.0, 28.0, 20.0, 27.0, 54.0, 92.0, 117.0, 197.0, 258.0, 370.0, 548.0, 843.0, 1183.0, 1964.0, 3146.0, 5091.0, 8535.0, 14420.0, 23156.0, 33479.0, 56908.0, 240522.0, 68585.0, 34304.0, 24477.0, 15141.0, 9186.0, 5568.0, 3383.0, 1956.0, 1338.0, 928.0, 606.0, 359.0, 255.0, 130.0, 119.0, 85.0, 71.0, 37.0, 32.0, 16.0, 9.0, 14.0, 7.0, 5.0, 4.0, 2.0, 2.0, 3.0, 2.0, 1.0],