{"TOTAL_BEST_METRIC": 1.0711588436164465, "BEST_NDCG@10": 0.135337940817921, "_timestamp": 1688411376.5184467, "_runtime": 1079.3546307086945, "_step": 1212, "epoch": 1000, "Train_Metric_loss": 4.004937744140625, "Train_Reg_loss": 3.531792899593711e-05, "Pos_loss": 8.51402473449707, "Neg_loss": 0.20137090981006622, "Recall@5": 0.14822982980667973, "Recall@10": 0.21604270625538596, "Recall@20": 0.2973288376974265, "NDCG@5": 0.11083625161138001, "NDCG@10": 0.13459710979760267, "NDCG@20": 0.15786551844610694, "Recall@5_total_best": 0.14943000523639818, "Recall@10_total_best": 0.21546215758769593, "Recall@20_total_best": 0.3003114361551634, "ndcg@5_total_best": 0.11194733118878378, "ndcg@10_total_best": 0.13495316283161357, "ndcg@20_total_best": 0.15905475061679167, "EPOCH_ndcg_best": 840, "Recall@5_ndcg_best": 0.1476877969585895, "Recall@10_ndcg_best": 0.21694629257342501, "Recall@20_ndcg_best": 0.2980804584543608, "ndcg@5_ndcg_best": 0.11123267025883554, "ndcg@10_ndcg_best": 0.135337940817921, "ndcg@20_ndcg_best": 0.1584363585247404, "gradients/mass_i.weight": {"_type": "histogram", "values": [1.0, 0.0, 0.0, 0.0, 0.0, 0.0, 1.0, 0.0, 0.0, 0.0, 0.0, 1.0, 0.0, 0.0, 1.0, 1.0, 2.0, 0.0, 2.0, 0.0, 0.0, 3.0, 2.0, 3.0, 2.0, 1.0, 0.0, 3.0, 4.0, 3.0, 11.0, 7.0, 4.0, 12.0, 10.0, 18.0, 21.0, 30.0, 48.0, 28.0, 49.0, 84.0, 59.0, 108.0, 213.0, 114.0, 101.0, 2236.0, 81.0, 139.0, 56.0, 37.0, 28.0, 13.0, 9.0, 7.0, 6.0, 6.0, 1.0, 1.0, 0.0, 0.0, 0.0, 1.0], "bins": [-0.0014002820244058967, -0.0013706069439649582, -0.0013409318635240197, -0.0013112567830830812, -0.0012815817026421428, -0.0012519066222012043, -0.0012222315417602658, -0.0011925564613193274, -0.0011628813808783889, -0.0011332063004374504, -0.001103531219996512, -0.0010738561395555735, -0.001044181059114635, -0.0010145059786736965, -0.000984830898232758, -0.0009551558177918196, -0.0009254807373508811, -0.0008958056569099426, -0.0008661305764690042, -0.0008364554960280657, -0.0008067804155871272, -0.0007771053351461887, -0.0007474302547052503, -0.0007177551742643118, -0.0006880800938233733, -0.0006584050133824348, -0.0006287299329414964, -0.0005990548525005579, -0.0005693797720596194, -0.000539704691618681, -0.0005100296111777425, -0.000480354530736804, -0.00045067945029586554, -0.00042100436985492706, -0.0003913292894139886, -0.0003616542089730501, -0.00033197912853211164, -0.00030230404809117317, -0.0002726289676502347, -0.00024295388720929623, -0.00021327880676835775, -0.00018360372632741928, -0.0001539286458864808, -0.00012425356544554234, -9.457848500460386e-05, -6.490340456366539e-05, -3.522832412272692e-05, -5.5532436817884445e-06, 2.4121836759150028e-05, 5.37969172000885e-05, 8.347199764102697e-05, 0.00011314707808196545, 0.00014282215852290392, 0.0001724972389638424, 0.00020217231940478086, 0.00023184739984571934, 0.0002615224802866578, 0.0002911975607275963, 0.00032087264116853476, 0.00035054772160947323, 0.0003802228020504117, 0.0004098978824913502, 0.00043957296293228865, 0.0004692480433732271, 0.0004989231238141656]}, "gradients/mass_u.weight": {"_type": "histogram", "values": [1.0, 0.0, 0.0, 0.0, 0.0, 0.0, 0.0, 0.0, 0.0, 0.0, 0.0, 0.0, 0.0, 0.0, 0.0, 0.0, 0.0, 0.0, 0.0, 0.0, 0.0, 0.0, 0.0, 0.0, 0.0, 0.0, 0.0, 0.0, 0.0, 0.0, 0.0, 1.0, 0.0, 0.0, 0.0, 0.0, 0.0, 0.0, 0.0, 0.0, 1.0, 0.0, 0.0, 0.0, 1.0, 0.0, 0.0, 0.0, 1.0, 0.0, 0.0, 0.0, 2.0, 3.0, 3.0, 7.0, 9.0, 10.0, 15.0, 20.0, 35.0, 93.0, 248.0, 5091.0], "bins": [-0.0059228213503956795, -0.005830277223140001, -0.005737733095884323, -0.005645188968628645, -0.005552644841372967, -0.005460101179778576, -0.00536755658686161, -0.0052750129252672195, -0.005182468798011541, -0.005089924670755863, -0.004997380543500185, -0.004904836416244507, -0.004812292288988829, -0.0047197481617331505, -0.00462720450013876, -0.0045346603728830814, -0.004442116245627403, -0.004349572118371725, -0.004257027991116047, -0.004164483863860369, -0.0040719397366046906, -0.0039793960750103, -0.003886851714923978, -0.0037943075876682997, -0.003701763227581978, -0.0036092191003262997, -0.0035166749730706215, -0.0034241308458149433, -0.003331586951389909, -0.0032390428241342306, -0.0031464986968785524, -0.0030539545696228743, -0.0029614106751978397, -0.0028688665479421616, -0.0027763224206864834, -0.002683778293430805, -0.0025912343990057707, -0.0024986902717500925, -0.0024061461444944143, -0.002313602017238736, -0.0022210581228137016, -0.0021285139955580235, -0.0020359698683023453, -0.001943425857461989, -0.0018508818466216326, -0.0017583377193659544, -0.0016657935921102762, -0.001573249464854598, -0.0014807053375989199, -0.0013881612103432417, -0.0012956171995028853, -0.0012030730722472072, -0.0011105290614068508, -0.0010179849341511726, -0.0009254408068954945, -0.0008328967378474772, -0.0007403526687994599, -0.0006478085997514427, -0.0005552645307034254, -0.00046272040344774723, -0.00037017633439972997, -0.0002776322653517127, -0.00018508813809603453, -9.254406904801726e-05, 0.0]}, "gradients/embedding_user.weight": {"_type": "histogram", "values": [1.0, 3.0, 1.0, 1.0, 0.0, 1.0, 4.0, 1.0, 7.0, 2.0, 6.0, 5.0, 8.0, 19.0, 18.0, 24.0, 35.0, 56.0, 66.0, 104.0, 171.0, 247.0, 462.0, 817.0, 1454.0, 2533.0, 5333.0, 17567.0, 66314.0, 130287.0, 87789.0, 26935.0, 7175.0, 3130.0, 1656.0, 964.0, 543.0, 295.0, 213.0, 121.0, 82.0, 39.0, 37.0, 30.0, 21.0, 17.0, 9.0, 3.0, 5.0, 3.0, 4.0, 2.0, 1.0, 1.0, 0.0, 0.0, 0.0, 0.0, 0.0, 1.0, 0.0, 0.0, 0.0, 1.0], "bins": [-0.0012454893440008163, -0.001203480176627636, -0.0011614711256697774, -0.001119461958296597, -0.0010774527909234166, -0.001035443739965558, -0.0009934345725923777, -0.0009514254634268582, -0.0009094163542613387, -0.0008674072450958192, -0.0008253980777226388, -0.0007833889685571194, -0.0007413798593915999, -0.0006993707502260804, -0.0006573615828529, -0.0006153524736873806, -0.0005733433063142002, -0.0005313341971486807, -0.0004893250297755003, -0.0004473159206099808, -0.00040530681144446135, -0.0003632976731751114, -0.0003212885349057615, -0.000279279425740242, -0.00023727028747089207, -0.00019526116375345737, -0.00015325204003602266, -0.00011124290176667273, -6.923377804923803e-05, -2.7224654331803322e-05, 1.478448393754661e-05, 5.679359310306609e-05, 9.880273137241602e-05, 0.00014081185508985072, 0.00018282097880728543, 0.00022483011707663536, 0.00026683922624215484, 0.00030884836451150477, 0.0003508575027808547, 0.0003928666119463742, 0.0004348757502157241, 0.00047688488848507404, 0.0005188939976505935, 0.000560903106816113, 0.0006029122741892934, 0.0006449213833548129, 0.0006869304925203323, 0.0007289396598935127, 0.0007709487690590322, 0.0008129578782245517, 0.0008549670455977321, 0.0008969761547632515, 0.000938985263928771, 0.0009809944313019514, 0.0010230035986751318, 0.0010650126496329904, 0.0011070218170061707, 0.0011490309843793511, 0.0011910400353372097, 0.00123304920271039, 0.0012750583700835705, 0.001317067421041429, 0.0013590765884146094, 0.001401085639372468, 0.0014430948067456484]}, "gradients/embedding_item.weight": {"_type": "histogram", "values": [3.0, 2.0, 0.0, 4.0, 8.0, 6.0, 10.0, 23.0, 21.0, 35.0, 48.0, 85.0, 98.0, 164.0, 208.0, 288.0, 448.0, 639.0, 970.0, 1464.0, 2296.0, 3673.0, 5842.0, 10057.0, 16144.0, 24827.0, 45704.0, 47588.0, 25027.0, 16220.0, 10104.0, 5940.0, 3581.0, 2346.0, 1478.0, 939.0, 615.0, 442.0, 311.0, 192.0, 148.0, 113.0, 78.0, 46.0, 32.0, 27.0, 18.0, 11.0, 9.0, 10.0, 2.0, 2.0, 1.0, 0.0, 2.0, 1.0, 0.0, 0.0, 0.0, 0.0, 0.0, 0.0, 0.0, 2.0],