{"TOTAL_BEST_METRIC": 0.8727450260753449, "BEST_NDCG@10": 0.10794662875996425, "_timestamp": 1688354190.884021, "_runtime": 643.5982069969177, "_step": 1113, "epoch": 1000, "Train_Metric_loss": NaN, "Train_Reg_loss": NaN, "Pos_loss": NaN, "Neg_loss": NaN, "Recall@5": 0.0007852166725705515, "Recall@10": 0.003778486243948518, "Recall@20": 0.005806892363746774, "NDCG@5": 0.000556356529533085, "NDCG@10": 0.0016257618776651963, "NDCG@20": 0.002209725865082795, "Recall@5_total_best": 0.11664575530283904, "Recall@10_total_best": 0.18070171020280085, "Recall@20_total_best": 0.25599939119221515, "ndcg@5_total_best": 0.08448652119313896, "ndcg@10_total_best": 0.10679897432286282, "ndcg@20_total_best": 0.12811267386148814, "EPOCH_ndcg_best": 70, "Recall@5_ndcg_best": 0.1134589528151808, "Recall@10_ndcg_best": 0.18097282885861662, "Recall@20_ndcg_best": 0.2545432154834246, "ndcg@5_ndcg_best": 0.08460758850724442, "ndcg@10_ndcg_best": 0.10794662875996425, "ndcg@20_ndcg_best": 0.12904122854676456, "gradients/mass_i.weight": {"_type": "histogram", "values": [1.0, 0.0, 0.0, 0.0, 0.0, 0.0, 0.0, 0.0, 0.0, 0.0, 1.0, 0.0, 0.0, 0.0, 0.0, 0.0, 3.0, 2.0, 4.0, 3.0, 2.0, 7.0, 3.0, 12.0, 23.0, 25.0, 51.0, 76.0, 126.0, 158.0, 199.0, 2587.0, 127.0, 71.0, 44.0, 11.0, 11.0, 9.0, 0.0, 2.0, 2.0, 0.0, 1.0, 0.0, 2.0, 1.0, 0.0, 1.0, 1.0, 0.0, 0.0, 1.0, 0.0, 0.0, 0.0, 0.0, 0.0, 0.0, 0.0, 0.0, 0.0, 0.0, 0.0, 1.0], "bins": [-0.0001749218936311081, -0.0001694510574452579, -0.0001639802212594077, -0.0001585093850735575, -0.00015303853433579206, -0.00014756769814994186, -0.00014209686196409166, -0.00013662602577824146, -0.00013115518959239125, -0.00012568435340654105, -0.00012021350994473323, -0.00011474267375888303, -0.00010927183029707521, -0.00010380099411122501, -9.83301579253748e-05, -9.28593217395246e-05, -8.738847100175917e-05, -8.191763481590897e-05, -7.644679135410115e-05, -7.097595516825095e-05, -6.550511170644313e-05, -6.003427552059293e-05, -5.4563439334742725e-05, -4.9092599510913715e-05, -4.3621759687084705e-05, -3.8150919863255695e-05, -3.2680080039426684e-05, -2.720924385357648e-05, -2.173840402974747e-05, -1.626756420591846e-05, -1.0796728020068258e-05, -5.325888196239248e-06, 1.449516275897622e-07, 5.6157905419240706e-06, 1.1086629456258379e-05, 1.6557467461097986e-05, 2.2028307284926996e-05, 2.7499147108756006e-05, 3.296998329460621e-05, 3.844082311843522e-05, 4.391166294226423e-05, 4.938250276609324e-05, 5.485334258992225e-05, 6.032417877577245e-05, 6.579501496162266e-05, 7.126585842343047e-05, 7.673669460928068e-05, 8.220753807108849e-05, 8.76783742569387e-05, 9.31492104427889e-05, 9.862005390459672e-05, 0.00010409089009044692, 0.00010956173355225474, 0.00011503256973810494, 0.00012050340592395514, 0.00012597424210980535, 0.00013144509284757078, 0.00013691592903342098, 0.00014238676521927118, 0.00014785761595703661, 0.00015332845214288682, 0.00015879928832873702, 0.00016427012451458722, 0.00016974096070043743, 0.00017521179688628763]}, "gradients/mass_u.weight": {"_type": "histogram", "values": [1.0, 0.0, 0.0, 0.0, 0.0, 0.0, 0.0, 0.0, 0.0, 0.0, 0.0, 0.0, 0.0, 0.0, 0.0, 0.0, 0.0, 0.0, 0.0, 0.0, 0.0, 0.0, 0.0, 0.0, 0.0, 0.0, 0.0, 0.0, 0.0, 1.0, 0.0, 0.0, 0.0, 0.0, 0.0, 3.0, 0.0, 1.0, 0.0, 1.0, 1.0, 0.0, 2.0, 3.0, 2.0, 0.0, 4.0, 3.0, 3.0, 4.0, 4.0, 10.0, 7.0, 5.0, 14.0, 12.0, 17.0, 25.0, 40.0, 115.0, 96.0, 74.0, 41.0, 5052.0], "bins": [-0.0003610044368542731, -0.00035536373616196215, -0.0003497230354696512, -0.00034408236388117075, -0.0003384416631888598, -0.0003328009624965489, -0.00032716026180423796, -0.00032151956111192703, -0.00031587888952344656, -0.00031023818883113563, -0.0003045974881388247, -0.00029895681655034423, -0.0002933161158580333, -0.00028767541516572237, -0.00028203471447341144, -0.0002763940137811005, -0.00027075334219262004, -0.0002651126415003091, -0.0002594719408079982, -0.0002538312692195177, -0.0002481905685272068, -0.00024254986783489585, -0.00023690916714258492, -0.00023126848100218922, -0.00022562776575796306, -0.00021998706506565213, -0.00021434637892525643, -0.0002087056782329455, -0.0002030649920925498, -0.00019742429140023887, -0.00019178359070792794, -0.00018614290456753224, -0.00018050221842713654, -0.0001748615177348256, -0.0001692208315944299, -0.00016358013090211898, -0.00015793944476172328, -0.00015229874406941235, -0.00014665804337710142, -0.00014101735723670572, -0.00013537667109631002, -0.0001297359704039991, -0.0001240952842636034, -0.00011845458357129246, -0.00011281389743089676, -0.00010717319673858583, -0.00010153250332223251, -9.58918099058792e-05, -9.025110921356827e-05, -8.461041579721496e-05, -7.896972238086164e-05, -7.332902168855071e-05, -6.768833554815501e-05, -6.204763485584408e-05, -5.6406941439490765e-05, -5.076624802313745e-05, -4.5125554606784135e-05, -3.948486119043082e-05, -3.3844167774077505e-05, -2.8203470719745383e-05, -2.2562777303392068e-05, -1.6922083887038752e-05, -1.128138683270663e-05, -5.640693416353315e-06, 0.0]}, "gradients/embedding_user.weight": {"_type": "histogram", "values": [0.0, 0.0, 0.0, 0.0, 0.0, 0.0, 0.0, 0.0, 0.0, 0.0, 0.0, 0.0, 0.0, 0.0, 0.0, 0.0, 0.0, 0.0, 0.0, 0.0, 0.0, 0.0, 0.0, 0.0, 0.0, 0.0, 0.0, 0.0, 0.0, 0.0, 0.0, 0.0, 3392.0, 0.0, 0.0, 0.0, 0.0, 0.0, 0.0, 0.0, 0.0, 0.0, 0.0, 0.0, 0.0, 0.0, 0.0, 0.0, 0.0, 0.0, 0.0, 0.0, 0.0, 0.0, 0.0, 0.0, 0.0, 0.0, 0.0, 0.0, 0.0, 0.0, 0.0, 0.0], "bins": [0.0, 0.0, 0.0, 0.0, 0.0, 0.0, 0.0, 0.0, 0.0, 0.0, 0.0, 0.0, 0.0, 0.0, 0.0, 0.0, 0.0, 0.0, 0.0, 0.0, 0.0, 0.0, 0.0, 0.0, 0.0, 0.0, 0.0, 0.0, 0.0, 0.0, 0.0, 0.0, 0.0, 0.0, 0.0, 0.0, 0.0, 0.0, 0.0, 0.0, 0.0, 0.0, 0.0, 0.0, 0.0, 0.0, 0.0, 0.0, 0.0, 0.0, 0.0, 0.0, 0.0, 0.0, 0.0, 0.0, 0.0, 0.0, 0.0, 0.0, 0.0, 0.0, 0.0, 0.0, 0.0]}, "gradients/embedding_item.weight": {"_type": "histogram", "values": [1.0, 0.0, 0.0, 0.0, 1.0, 0.0, 1.0, 2.0, 0.0, 2.0, 1.0, 5.0, 3.0, 5.0, 1.0, 9.0, 12.0, 13.0, 19.0, 15.0, 26.0, 41.0, 71.0, 107.0, 163.0, 303.0, 503.0, 861.0, 1635.0, 2896.0, 5906.0, 13490.0, 32190.0, 87718.0, 46248.0, 19240.0, 8244.0, 3930.0, 2015.0, 1069.0, 630.0, 373.0, 206.0, 120.0, 79.0, 59.0, 39.0, 26.0, 16.0, 15.0, 17.0, 7.0, 2.0, 6.0, 4.0, 0.0, 1.0, 2.0, 1.0, 0.0, 1.0, 1.0, 0.0, 1.0], "bins": [-0.002147222636267543, -0.0020834964234381914, -0.0020197699777781963, -0.001956043764948845, -0.0018923175521194935, -0.0018285912228748202, -0.001764864893630147, -0.0017011386808007956, -0.0016374123515561223, -0.001573686022311449, -0.0015099598094820976, -0.0014462334802374244, -0.0013825071509927511, -0.0013187809381633997, -0.0012550546089187264, -0.0011913282796740532, -0.0011276020668447018, -0.0010638757376000285, -0.001000149524770677, -0.0009364231955260038, -0.0008726969244889915, -0.0008089706534519792, -0.0007452443242073059, -0.0006815180531702936, -0.0006177917821332812, -0.0005540655110962689, -0.0004903392400592566, -0.0004266129108145833, -0.00036288663977757096, -0.0002991603687405586, -0.00023543406859971583, -0.00017170776845887303, -0.00010798126459121704, -4.4254979002289474e-05, 1.9471306586638093e-05, 8.319759217556566e-05, 0.00014692387776449323, 0.00021065014880150557, 0.00027437644894234836, 0.00033810274908319116, 0.0004018290201202035, 0.00046555529115721583, 0.0005292815621942282, 0.0005930078914389014, 0.0006567341624759138, 0.0007204604335129261, 0.0007841867627575994, 0.0008479130337946117, 0.000911639304831624, 0.0009753655758686364, 0.0010390918469056487, 0.001102818176150322, 0.0011665443889796734, 0.0012302707182243466, 0.0012939970474690199, 0.0013577232602983713, 0.0014214495895430446, 0.0014851759187877178, 0.0015489021316170692, 0.0016126284608617425, 0.0016763547901064157, 0.0017400810029357672, 0.0018038073321804404, 0.0018675336614251137, 0.001931259874254465]}, "_wandb": {"runtime": 642}}