{"TOTAL_BEST_METRIC": 0.1998465326121492, "BEST_NDCG@10": 0.02177630551581358, "_timestamp": 1688302575.317323, "_runtime": 1046.557746887207, "_step": 1278, "epoch": 1000, "Train_Metric_loss": -0.05695031689746039, "Train_Reg_loss": 1.9171899095584066e-06, "Pos_loss": 0.13725195825099945, "Neg_loss": -0.19500990211963654, "Recall@5": 0.023492680176186453, "Recall@10": 0.04019982535820876, "Recall@20": 0.06848822176359258, "NDCG@5": 0.015935003069270363, "NDCG@10": 0.02176064805948431, "NDCG@20": 0.029828394193794776, "Recall@5_total_best": 0.023560948881811795, "Recall@10_total_best": 0.040222581593417205, "Recall@20_total_best": 0.06848822176359258, "ndcg@5_total_best": 0.015967389430926467, "ndcg@10_total_best": 0.02177630551581358, "ndcg@20_total_best": 0.02983108542658757, "EPOCH_ndcg_best": 1000, "Recall@5_ndcg_best": 0.023560948881811795, "Recall@10_ndcg_best": 0.040222581593417205, "Recall@20_ndcg_best": 0.06848822176359258, "ndcg@5_ndcg_best": 0.015967389430926467, "ndcg@10_ndcg_best": 0.02177630551581358, "ndcg@20_ndcg_best": 0.02983108542658757, "gradients/mass_i.weight": {"_type": "histogram", "values": [1.0, 0.0, 1.0, 0.0, 0.0, 0.0, 0.0, 0.0, 0.0, 0.0, 0.0, 0.0, 1.0, 0.0, 0.0, 0.0, 0.0, 2.0, 0.0, 0.0, 1.0, 0.0, 2.0, 0.0, 1.0, 0.0, 1.0, 2.0, 0.0, 2.0, 0.0, 1.0, 2.0, 0.0, 8.0, 0.0, 5.0, 6.0, 0.0, 24.0, 0.0, 52.0, 2.0, 0.0, 181.0, 0.0, 766.0, 0.0, 0.0, 6571.0, 0.0, 773.0, 0.0, 5.0, 208.0, 0.0, 73.0, 0.0, 8.0, 8.0, 0.0, 5.0, 0.0, 1.0], "bins": [-0.003100581932812929, -0.00303754024207592, -0.0029744987841695547, -0.0029114570934325457, -0.0028484156355261803, -0.0027853739447891712, -0.002722332486882806, -0.0026592907961457968, -0.0025962493382394314, -0.0025332076475024223, -0.002470166189596057, -0.002407124498859048, -0.0023440830409526825, -0.0022810413502156734, -0.002217999892309308, -0.002154958201572299, -0.00209191651083529, -0.002028874820098281, -0.0019658333621919155, -0.0019027917878702283, -0.001839750213548541, -0.001776708522811532, -0.0017136669484898448, -0.0016506253741681576, -0.0015875837998464704, -0.0015245422255247831, -0.001461500651203096, -0.0013984590768814087, -0.0013354173861443996, -0.0012723759282380342, -0.0012093342375010252, -0.001146292663179338, -0.0010832510888576508, -0.0010202095145359635, -0.0009571679402142763, -0.0008941263076849282, -0.000831084733363241, -0.0007680431590415537, -0.0007050015265122056, -0.0006419599521905184, -0.0005789184360764921, -0.0005158768617548048, -0.00045283525832928717, -0.0003897936549037695, -0.00032675208058208227, -0.00026371050626039505, -0.00020066890283487737, -0.0001376272994093597, -7.458572508767247e-05, -1.1544136214070022e-05, 5.149745265953243e-05, 0.00011453904153313488, 0.00017758063040673733, 0.00024062220472842455, 0.00030366380815394223, 0.0003667054115794599, 0.00042974698590114713, 0.0004927885602228343, 0.0005558301927521825, 0.0006188717670738697, 0.0006819133413955569, 0.0007449549157172441, 0.0008079964900389314, 0.0008710381225682795, 0.0009340796968899667]}, "gradients/mass_u.weight": {"_type": "histogram", "values": [0.0, 0.0, 0.0, 0.0, 0.0, 0.0, 0.0, 0.0, 0.0, 0.0, 0.0, 0.0, 0.0, 0.0, 0.0, 0.0, 0.0, 0.0, 0.0, 0.0, 0.0, 0.0, 0.0, 0.0, 0.0, 0.0, 0.0, 0.0, 0.0, 0.0, 0.0, 0.0, 14681.0, 0.0, 0.0, 0.0, 0.0, 0.0, 0.0, 0.0, 0.0, 0.0, 0.0, 0.0, 0.0, 0.0, 0.0, 0.0, 0.0, 0.0, 0.0, 0.0, 0.0, 0.0, 0.0, 0.0, 0.0, 0.0, 0.0, 0.0, 0.0, 0.0, 0.0, 0.0], "bins": [0.0, 0.0, 0.0, 0.0, 0.0, 0.0, 0.0, 0.0, 0.0, 0.0, 0.0, 0.0, 0.0, 0.0, 0.0, 0.0, 0.0, 0.0, 0.0, 0.0, 0.0, 0.0, 0.0, 0.0, 0.0, 0.0, 0.0, 0.0, 0.0, 0.0, 0.0, 0.0, 0.0, 0.0, 0.0, 0.0, 0.0, 0.0, 0.0, 0.0, 0.0, 0.0, 0.0, 0.0, 0.0, 0.0, 0.0, 0.0, 0.0, 0.0, 0.0, 0.0, 0.0, 0.0, 0.0, 0.0, 0.0, 0.0, 0.0, 0.0, 0.0, 0.0, 0.0, 0.0, 0.0]}, "gradients/embedding_user.weight": {"_type": "histogram", "values": [2.0, 0.0, 0.0, 0.0, 0.0, 2.0, 1.0, 1.0, 1.0, 3.0, 2.0, 2.0, 7.0, 5.0, 3.0, 9.0, 7.0, 5.0, 7.0, 17.0, 20.0, 29.0, 53.0, 71.0, 106.0, 124.0, 196.0, 316.0, 446.0, 714.0, 1139.0, 1865.0, 3021.0, 4582.0, 8490.0, 116943.0, 689710.0, 91703.0, 7772.0, 4405.0, 2926.0, 1825.0, 1119.0, 699.0, 404.0, 247.0, 176.0, 132.0, 73.0, 51.0, 40.0, 32.0, 18.0, 18.0, 12.0, 8.0, 7.0, 6.0, 4.0, 1.0, 3.0, 2.0, 1.0, 1.0], "bins": [-0.0014395216712728143, -0.0014000367373228073, -0.0013605518033728004, -0.0013210668694227934, -0.0012815819354727864, -0.0012420970015227795, -0.0012026120675727725, -0.0011631271336227655, -0.0011236421996727586, -0.0010841572657227516, -0.0010446723317727447, -0.0010051873978227377, -0.0009657024638727307, -0.0009262175299227238, -0.0008867325959727168, -0.0008472476620227098, -0.0008077627280727029, -0.0007682777941226959, -0.000728792860172689, -0.000689307926222682, -0.000649822992272675, -0.0006103380583226681, -0.0005708531243726611, -0.0005313681904226542, -0.0004918832564726472, -0.00045239832252264023, -0.00041291338857263327, -0.0003734284546226263, -0.00033394352067261934, -0.0002944585867226124, -0.0002549736527726054, -0.00021548871882259846, -0.0001760037848725915, -0.00013651885092258453, -9.703391697257757e-05, -5.754898302257061e-05, -1.8064049072563648e-05, 2.1420884877443314e-05, 6.0905818827450275e-05, 0.00010039075277745724, 0.0001398756867274642, 0.00017936062067747116, 0.00021884555462747812, 0.0002583304885774851, 0.00029781542252749205, 0.000337300356477499, 0.00037678529042750597, 0.00041627022437751293, 0.0004557551583275199, 0.0004952400922775269, 0.0005347250262275338, 0.0005742099601775408, 0.0006136948941275477, 0.0006531798280775547, 0.0006926647620275617, 0.0007321496959775686, 0.0007716346299275756, 0.0008111195638775826, 0.0008506044978275895, 0.0008900894317775965, 0.0009295743657276034, 0.0009690592996776104, 0.0010085442336276174, 0.0010480291675776243, 0.0010875141015276313]}, "gradients/embedding_item.weight": {"_type": "histogram", "values": [2.0, 1.0, 0.0, 0.0, 0.0, 0.0, 1.0, 1.0, 3.0, 2.0, 7.0, 13.0, 18.0, 31.0, 42.0, 59.0, 108.0, 158.0, 284.0, 467.0, 933.0, 1806.0, 3245.0, 6546.0, 13124.0, 25867.0, 43007.0, 70787.0, 261250.0, 53850.0, 35995.0, 19788.0, 9791.0, 4847.0, 2485.0, 1364.0, 719.0, 394.0, 243.0, 131.0, 81.0, 64.0, 42.0, 20.0, 12.0, 18.0, 5.0, 6.0, 5.0, 1.0, 3.0, 0.0, 2.0, 0.0, 2.0, 0.0, 1.0, 0.0, 0.0, 0.0, 0.0, 0.0, 0.0, 1.0], "bins": [-0.0007751855300739408, -0.0007477847393602133, -0.0007203840068541467, -0.0006929832161404192, -0.0006655824254266918, -0.0006381816929206252, -0.0006107809022068977, -0.0005833801114931703, -0.0005559793207794428, -0.0005285785300657153, -0.0005011777975596488, -0.0004737770068459213, -0.0004463762161321938, -0.0004189754545222968, -0.00039157469291239977, -0.0003641739021986723, -0.00033677316969260573, -0.0003093724080827087, -0.00028197161736898124, -0.0002545708557590842, -0.00022717007959727198, -0.00019976930343545973, -0.00017236854182556272, -0.00014496776566375047, -0.00011756698950193822, -9.016621334012598e-05, -6.276544445427135e-05, -3.5364675568416715e-05, -7.963899406604469e-06, 1.9436876755207777e-05, 4.6837638365104795e-05, 7.423841452691704e-05, 0.00010163919068872929, 0.00012903996685054153, 0.00015644074301235378, 0.0001838415046222508, 0.00021124228078406304, 0.0002386430569458753, 0.0002660438185557723, 0.0002934446092694998, 0.0003208453708793968, 0.0003482461324892938, 0.0003756469232030213, 0.0004030476848129183, 0.0004304484464228153, 0.0004578492371365428, 0.0004852499987464398, 0.0005126507603563368, 0.0005400515510700643, 0.0005674523417837918, 0.0005948530742898583, 0.0006222538650035858, 0.0006496546557173133, 0.0006770554464310408, 0.0007044561789371073, 0.0007318569696508348, 0.0007592577021569014, 0.0007866584928706288, 0.0008140592253766954, 0.0008414600160904229, 0.0008688608068041503, 0.0008962615393102169, 0.0009236623300239444, 0.0009510631207376719, 0.0009784639114513993]}, "_wandb": {"runtime": 1045}}