{"TOTAL_BEST_METRIC": 1.1230360988830765, "BEST_NDCG@10": 0.1450985398933403, "_timestamp": 1688393912.8349166, "_runtime": 926.7893207073212, "_step": 1246, "epoch": 1000, "Train_Metric_loss": 6.095524692535401, "Train_Reg_loss": 3.520247337291948e-05, "Pos_loss": 8.607157707214355, "Neg_loss": 0.1808437705039978, "Recall@5": 0.155442292040396, "Recall@10": 0.22749720749469063, "Recall@20": 0.3068914772379731, "NDCG@5": 0.11886256518800899, "NDCG@10": 0.14439792724443223, "NDCG@20": 0.16703066604348296, "Recall@5_total_best": 0.1580763707770252, "Recall@10_total_best": 0.22734320239423994, "Recall@20_total_best": 0.3064482520688125, "ndcg@5_total_best": 0.11999030031435012, "ndcg@10_total_best": 0.14437597194237412, "ndcg@20_total_best": 0.1668020013862748, "EPOCH_ndcg_best": 990, "Recall@5_ndcg_best": 0.15600969753606928, "Recall@10_ndcg_best": 0.2281905517188531, "Recall@20_ndcg_best": 0.3047975540047244, "ndcg@5_ndcg_best": 0.11952637244014891, "ndcg@10_ndcg_best": 0.1450985398933403, "ndcg@20_ndcg_best": 0.1668803327399072, "gradients/mass_i.weight": {"_type": "histogram", "values": [1.0, 0.0, 0.0, 0.0, 0.0, 0.0, 0.0, 0.0, 1.0, 0.0, 0.0, 0.0, 1.0, 0.0, 3.0, 0.0, 0.0, 1.0, 0.0, 1.0, 1.0, 1.0, 0.0, 1.0, 0.0, 2.0, 3.0, 0.0, 0.0, 2.0, 5.0, 4.0, 5.0, 4.0, 5.0, 8.0, 14.0, 10.0, 19.0, 14.0, 28.0, 30.0, 30.0, 43.0, 46.0, 66.0, 103.0, 129.0, 246.0, 148.0, 96.0, 2124.0, 185.0, 103.0, 48.0, 19.0, 7.0, 5.0, 4.0, 1.0, 0.0, 0.0, 0.0, 1.0], "bins": [-0.0007215687655843794, -0.0007075738394632936, -0.0006935789133422077, -0.0006795839872211218, -0.0006655890611000359, -0.00065159413497895, -0.0006375991506502032, -0.0006236042827367783, -0.0006096092984080315, -0.0005956143722869456, -0.0005816194461658597, -0.0005676245200447738, -0.0005536295939236879, -0.000539634667802602, -0.0005256397416815162, -0.0005116447573527694, -0.0004976498894393444, -0.0004836549633182585, -0.00046966003719717264, -0.00045566511107608676, -0.0004416701558511704, -0.00042767522973008454, -0.00041368030360899866, -0.0003996853774879128, -0.00038569042226299644, -0.00037169549614191055, -0.00035770057002082467, -0.0003437056438997388, -0.00032971068867482245, -0.00031571576255373657, -0.0003017208364326507, -0.0002877259103115648, -0.0002737309841904789, -0.00025973605806939304, -0.00024574113194830716, -0.00023174619127530605, -0.00021775126515422016, -0.00020375632448121905, -0.00018976139836013317, -0.0001757664722390473, -0.0001617715461179614, -0.00014777661999687552, -0.00013378167932387441, -0.00011978675320278853, -0.00010579182708170265, -9.179689368465915e-05, -7.780196028761566e-05, -6.380703416652977e-05, -4.9812093493528664e-05, -3.5817163734463975e-05, -2.1822232156409882e-05, -7.82730057835579e-06, 6.1676291807089e-06, 2.016255893977359e-05, 3.4157492336817086e-05, 4.815241845790297e-05, 6.214735185494646e-05, 7.614228525198996e-05, 9.013721137307584e-05, 0.00010413214477011934, 0.00011812707816716284, 0.00013212200428824872, 0.00014611694496124983, 0.0001601118710823357, 0.0001741067972034216]}, "gradients/mass_u.weight": {"_type": "histogram", "values": [1.0, 0.0, 0.0, 0.0, 0.0, 0.0, 0.0, 1.0, 0.0, 0.0, 0.0, 0.0, 1.0, 0.0, 1.0, 0.0, 1.0, 1.0, 1.0, 0.0, 0.0, 0.0, 0.0, 0.0, 0.0, 0.0, 0.0, 0.0, 1.0, 0.0, 0.0, 0.0, 0.0, 1.0, 1.0, 0.0, 0.0, 2.0, 0.0, 0.0, 0.0, 3.0, 2.0, 3.0, 2.0, 1.0, 2.0, 5.0, 2.0, 2.0, 3.0, 12.0, 6.0, 11.0, 17.0, 17.0, 10.0, 14.0, 59.0, 91.0, 85.0, 64.0, 43.0, 5075.0], "bins": [-0.001699291169643402, -0.001672739745117724, -0.0016461883205920458, -0.0016196368960663676, -0.0015930854715406895, -0.0015665340470150113, -0.0015399826224893332, -0.001513431197963655, -0.0014868797734379768, -0.0014603283489122987, -0.0014337769243866205, -0.0014072254998609424, -0.0013806740753352642, -0.001354122650809586, -0.0013275712262839079, -0.0013010198017582297, -0.0012744683772325516, -0.0012479169527068734, -0.0012213655281811953, -0.001194814103655517, -0.001168262679129839, -0.0011417112546041608, -0.0011151598300784826, -0.0010886084055528045, -0.0010620569810271263, -0.0010355055565014482, -0.00100895413197577, -0.0009824027074500918, -0.0009558512829244137, -0.0009292998583987355, -0.0009027484338730574, -0.0008761970093473792, -0.000849645584821701, -0.0008230941602960229, -0.0007965427357703447, -0.0007699913112446666, -0.0007434398867189884, -0.0007168884621933103, -0.0006903370376676321, -0.0006637856131419539, -0.0006372341886162758, -0.0006106827640905976, -0.0005841313395649195, -0.0005575799150392413, -0.0005310284905135632, -0.000504477065987885, -0.00047792564146220684, -0.0004513742169365287, -0.0004248227924108505, -0.00039827136788517237, -0.0003717199433594942, -0.00034516851883381605, -0.0003186170943081379, -0.00029206566978245974, -0.0002655142452567816, -0.00023896282073110342, -0.00021241139620542526, -0.0001858599716797471, -0.00015930854715406895, -0.0001327571226283908, -0.00010620569810271263, -7.965427357703447e-05, -5.3102849051356316e-05, -2.6551424525678158e-05, 0.0]}, "gradients/embedding_user.weight": {"_type": "histogram", "values": [3.0, 2.0, 0.0, 0.0, 1.0, 4.0, 2.0, 9.0, 10.0, 15.0, 18.0, 25.0, 30.0, 37.0, 82.0, 116.0, 183.0, 293.0, 453.0, 752.0, 1383.0, 2984.0, 11504.0, 70036.0, 168292.0, 78314.0, 13354.0, 3157.0, 1488.0, 807.0, 474.0, 267.0, 155.0, 119.0, 77.0, 51.0, 30.0, 26.0, 20.0, 13.0, 7.0, 8.0, 4.0, 4.0, 1.0, 0.0, 6.0, 0.0, 0.0, 1.0, 3.0, 1.0, 1.0, 1.0, 0.0, 0.0, 0.0, 0.0, 0.0, 0.0, 0.0, 0.0, 0.0, 1.0], "bins": [-0.0004295978578738868, -0.00041209280607290566, -0.0003945877542719245, -0.00037708270247094333, -0.00035957765066996217, -0.000342072598868981, -0.00032456754706799984, -0.0003070624952670187, -0.0002895574434660375, -0.00027205239166505635, -0.0002545473398640752, -0.00023704228806309402, -0.00021953723626211286, -0.0002020321844611317, -0.00018452713266015053, -0.00016702208085916936, -0.0001495170290581882, -0.00013201197725720704, -0.00011450692545622587, -9.700187365524471e-05, -7.949682185426354e-05, -6.199177005328238e-05, -4.4486718252301216e-05, -2.6981666451320052e-05, -9.476614650338888e-06, 8.028437150642276e-06, 2.553348895162344e-05, 4.3038540752604604e-05, 6.054359255358577e-05, 7.804864435456693e-05, 9.55536961555481e-05, 0.00011305874795652926, 0.0001305637415498495, 0.00014806879335083067, 0.00016557384515181184, 0.000183078896952793, 0.00020058394875377417, 0.00021808900055475533, 0.0002355940523557365, 0.00025309910415671766, 0.0002706041559576988, 0.00028810920775868, 0.00030561425955966115, 0.0003231193113606423, 0.0003406243631616235, 0.00035812941496260464, 0.0003756344667635858, 0.00039313951856456697, 0.00041064457036554813, 0.0004281496221665293, 0.00044565467396751046, 0.0004631597257684916, 0.0004806647775694728, 0.0004981698002666235, 0.0005156748811714351, 0.0005331799620762467, 0.0005506849847733974, 0.0005681900074705482, 0.0005856950883753598, 0.0006032001692801714, 0.0006207051919773221, 0.0006382102146744728, 0.0006557152955792844, 0.000673220376484096, 0.0006907253991812468]}, "gradients/embedding_item.weight": {"_type": "histogram", "values": [1.0, 0.0, 1.0, 0.0, 0.0, 0.0, 1.0, 2.0, 1.0, 6.0, 6.0, 7.0, 14.0, 9.0, 12.0, 24.0, 32.0, 50.0, 60.0, 76.0, 116.0, 180.0, 304.0, 407.0, 703.0, 1100.0, 1768.0, 3070.0, 5651.0, 11040.0, 22177.0, 46914.0, 69232.0, 31900.0, 15722.0, 7661.0, 3991.0, 2309.0, 1362.0, 837.0, 540.0, 364.0, 204.0, 140.0, 102.0, 78.0, 52.0, 39.0, 26.0, 19.0, 10.0, 13.0, 4.0, 5.0, 2.0, 2.0, 3.0, 0.0, 0.0, 2.0, 0.0, 0.0, 0.0, 1.0],