{"TOTAL_BEST_METRIC": 0.455379503941136, "BEST_NDCG@10": 0.07213990609454299, "_timestamp": 1688541701.7216475, "_runtime": 2151.187196493149, "_step": 153, "epoch": 120, "Train_Metric_loss": 7.046498903861413, "Train_Reg_loss": 5.322180193336233e-05, "Pos_loss": 9.618706703186035, "Neg_loss": 0.5216423869132996, "Recall@5": 0.04404984032369289, "Recall@10": 0.07307082318136636, "Recall@20": 0.11515124371451614, "NDCG@5": 0.06436516101570504, "NDCG@10": 0.07213990609454299, "NDCG@20": 0.08660252961131254, "Recall@5_total_best": 0.04404984032369289, "Recall@10_total_best": 0.07307082318136636, "Recall@20_total_best": 0.11515124371451614, "ndcg@5_total_best": 0.06436516101570504, "ndcg@10_total_best": 0.07213990609454299, "ndcg@20_total_best": 0.08660252961131254, "EPOCH_ndcg_best": 120, "Recall@5_ndcg_best": 0.04404984032369289, "Recall@10_ndcg_best": 0.07307082318136636, "Recall@20_ndcg_best": 0.11515124371451614, "ndcg@5_ndcg_best": 0.06436516101570504, "ndcg@10_ndcg_best": 0.07213990609454299, "ndcg@20_ndcg_best": 0.08660252961131254, "gradients/mass_i.weight": {"_type": "histogram", "values": [1.0, 0.0, 0.0, 0.0, 0.0, 0.0, 0.0, 0.0, 0.0, 0.0, 0.0, 0.0, 1.0, 0.0, 0.0, 0.0, 1.0, 0.0, 0.0, 0.0, 0.0, 0.0, 0.0, 0.0, 1.0, 0.0, 2.0, 1.0, 4.0, 3.0, 3.0, 7.0, 6.0, 12.0, 12.0, 17.0, 26.0, 40.0, 60.0, 102.0, 139.0, 229.0, 269.0, 423.0, 676.0, 1004.0, 1039.0, 1009.0, 326.0, 32871.0, 514.0, 1372.0, 492.0, 282.0, 143.0, 80.0, 46.0, 23.0, 16.0, 8.0, 2.0, 1.0, 0.0, 1.0], "bins": [-5.825126572744921e-05, -5.7072258641710505e-05, -5.5893247917992994e-05, -5.471424083225429e-05, -5.353523374651559e-05, -5.235622666077688e-05, -5.117721593705937e-05, -4.999820885132067e-05, -4.8819201765581965e-05, -4.764019467984326e-05, -4.646118395612575e-05, -4.528217687038705e-05, -4.4103169784648344e-05, -4.292416269890964e-05, -4.174515197519213e-05, -4.0566144889453426e-05, -3.938713780371472e-05, -3.820813071797602e-05, -3.702911999425851e-05, -3.5850112908519804e-05, -3.46711058227811e-05, -3.34920987370424e-05, -3.2313088013324887e-05, -3.113408092758618e-05, -2.9955070203868672e-05, -2.8776061299140565e-05, -2.759705421340186e-05, -2.6418045308673754e-05, -2.523903822293505e-05, -2.4060029318206944e-05, -2.2881020413478836e-05, -2.1702013327740133e-05, -2.0523008060990833e-05, -1.9343999156262726e-05, -1.8164992070524022e-05, -1.6985983165795915e-05, -1.580697608005721e-05, -1.4627967175329104e-05, -1.3448959180095699e-05, -1.2269951184862293e-05, -1.1090943189628888e-05, -9.911935194395483e-06, -8.732927199162077e-06, -7.553918749181321e-06, -6.3749107539479155e-06, -5.19590275871451e-06, -4.016894308733754e-06, -2.8378863135003485e-06, -1.658878318266943e-06, -4.798702093467e-07, 6.991378995735431e-07, 1.878146122180624e-06, 3.0571541174140293e-06, 4.236162112647435e-06, 5.415170562628191e-06, 6.594178557861596e-06, 7.773186553095002e-06, 8.952194548328407e-06, 1.0131202543561812e-05, 1.1310210538795218e-05, 1.2489219443523325e-05, 1.3668226529262029e-05, 1.4847235433990136e-05, 1.602624251972884e-05, 1.7205251424456947e-05]}, "gradients/mass_u.weight": {"_type": "histogram", "values": [1.0, 0.0, 0.0, 0.0, 0.0, 0.0, 1.0, 0.0, 0.0, 0.0, 0.0, 0.0, 0.0, 0.0, 1.0, 0.0, 0.0, 1.0, 2.0, 0.0, 0.0, 1.0, 0.0, 0.0, 1.0, 0.0, 1.0, 2.0, 0.0, 1.0, 0.0, 1.0, 0.0, 0.0, 0.0, 0.0, 0.0, 0.0, 1.0, 1.0, 2.0, 0.0, 1.0, 2.0, 2.0, 4.0, 7.0, 0.0, 1.0, 6.0, 7.0, 4.0, 8.0, 8.0, 8.0, 12.0, 22.0, 20.0, 31.0, 50.0, 85.0, 148.0, 64.0, 51899.0], "bins": [-0.0009716141503304243, -0.0009564326610416174, -0.0009412512299604714, -0.0009260697406716645, -0.0009108882513828576, -0.0008957068203017116, -0.0008805253310129046, -0.0008653438417240977, -0.0008501623524352908, -0.0008349808631464839, -0.0008197994320653379, -0.000804617942776531, -0.0007894364534877241, -0.0007742550224065781, -0.0007590735331177711, -0.0007438920438289642, -0.0007287106127478182, -0.0007135291234590113, -0.0006983476923778653, -0.0006831662030890584, -0.0006679847138002515, -0.0006528032245114446, -0.0006376217934302986, -0.0006224403041414917, -0.0006072588730603456, -0.0005920773837715387, -0.0005768959526903927, -0.0005617144634015858, -0.0005465329741127789, -0.0005313515430316329, -0.000516170053742826, -0.0005009885644540191, -0.00048580707516521215, -0.0004706256149802357, -0.0004554441256914288, -0.0004402626655064523, -0.0004250811762176454, -0.00040989971603266895, -0.0003947182558476925, -0.0003795367665588856, -0.0003643553063739091, -0.00034917384618893266, -0.00033399235690012574, -0.0003188108967151493, -0.0003036294365301728, -0.0002884479472413659, -0.00027326648705638945, -0.000258085026871413, -0.00024290353758260608, -0.0002277220628457144, -0.0002125405881088227, -0.00019735912792384624, -0.00018217765318695456, -0.00016699617845006287, -0.0001518147182650864, -0.00013663324352819473, -0.00012145176879130304, -0.00010627029405441135, -9.108882659347728e-05, -7.59073591325432e-05, -6.072588439565152e-05, -4.554440965875983e-05, -3.036294219782576e-05, -1.5181474736891687e-05, 0.0]}, "gradients/embedding_user.weight": {"_type": "histogram", "values": [1.0, 0.0, 0.0, 0.0, 1.0, 0.0, 2.0, 1.0, 1.0, 1.0, 2.0, 3.0, 2.0, 2.0, 4.0, 7.0, 14.0, 20.0, 20.0, 29.0, 41.0, 70.0, 126.0, 215.0, 432.0, 1003.0, 2559.0, 8867.0, 3246248.0, 85727.0, 5286.0, 1789.0, 675.0, 352.0, 170.0, 101.0, 58.0, 46.0, 24.0, 30.0, 16.0, 6.0, 7.0, 5.0, 6.0, 4.0, 1.0, 1.0, 1.0, 3.0, 1.0, 0.0, 1.0, 0.0, 0.0, 1.0, 0.0, 0.0, 0.0, 0.0, 1.0, 0.0, 0.0, 1.0], "bins": [-0.0006850787322036922, -0.0006613039877265692, -0.0006375292432494462, -0.0006137544987723231, -0.0005899797542952001, -0.0005662050098180771, -0.0005424302071332932, -0.000518655520863831, -0.0004948807181790471, -0.0004711059737019241, -0.00044733122922480106, -0.00042355648474767804, -0.000399781740270555, -0.000376006995793432, -0.0003522322222124785, -0.0003284574777353555, -0.00030468276236206293, -0.0002809080178849399, -0.0002571332734078169, -0.00023335851437877864, -0.00020958376990165561, -0.0001858090254245326, -0.00016203426639549434, -0.00013825952191837132, -0.0001144847774412483, -9.071003296412528e-05, -6.693528121104464e-05, -4.3160529457964e-05, -1.938578498084098e-05, 4.388959496282041e-06, 2.816371852532029e-05, 5.1938463002443314e-05, 7.571314927190542e-05, 9.948789374902844e-05, 0.00012326263822615147, 0.00014703739725518972, 0.00017081214173231274, 0.00019458688620943576, 0.000218361645238474, 0.00024213638971559703, 0.00026591113419272006, 0.0002896858786698431, 0.0003134606231469661, 0.0003372353967279196, 0.0003610101412050426, 0.0003847848856821656, 0.00040855963015928864, 0.00043233437463641167, 0.0004561091191135347, 0.0004798838635906577, 0.0005036586080677807, 0.0005274333525449038, 0.0005512080970220268, 0.0005749828414991498, 0.0005987576441839337, 0.0006225323304533958, 0.0006463071331381798, 0.0006700818776153028, 0.0006938566220924258, 0.0007176313665695488, 0.0007414061110466719, 0.0007651808555237949, 0.0007889556000009179, 0.0008127304026857018, 0.000836505088955164]}, "gradients/embedding_item.weight": {"_type": "histogram", "values": [1.0, 0.0, 0.0, 2.0, 0.0, 1.0, 1.0, 0.0, 3.0, 3.0, 1.0, 1.0, 2.0, 2.0, 7.0, 14.0, 13.0, 26.0, 55.0, 59.0, 137.0, 231.0, 418.0, 771.0, 1404.0, 2779.0, 5626.0, 11298.0, 24271.0, 53621.0, 123068.0, 282459.0, 1358307.0, 445846.0, 184272.0, 79561.0, 35065.0, 15894.0, 7666.0, 3836.0, 1844.0, 1036.0, 565.0, 298.0, 176.0, 99.0, 53.0, 24.0, 26.0, 10.0, 14.0, 4.0, 7.0, 4.0, 3.0, 2.0, 2.0, 1.0, 3.0, 2.0, 0.0, 0.0, 0.0, 2.0],