{"TOTAL_BEST_METRIC": 0.11862062147104709, "BEST_NDCG@10": 0.01726768168805001, "_timestamp": 1688484916.5336106, "_runtime": 5802.9464275836945, "_step": 333, "epoch": 261, "Train_Metric_loss": 5.113922679547182, "Train_Reg_loss": 7.588064129111482e-07, "Pos_loss": 8.807327270507812, "Neg_loss": 1.4928621053695679, "Recall@5": 0.011790708256051234, "Recall@10": 0.02109261498789338, "Recall@20": 0.03306455302733306, "NDCG@5": 0.013952266297715812, "NDCG@10": 0.01726768168805001, "NDCG@20": 0.021452797214003578, "Recall@5_total_best": 0.011790708256051234, "Recall@10_total_best": 0.02109261498789338, "Recall@20_total_best": 0.03306455302733306, "ndcg@5_total_best": 0.013952266297715812, "ndcg@10_total_best": 0.01726768168805001, "ndcg@20_total_best": 0.021452797214003578, "EPOCH_ndcg_best": 260, "Recall@5_ndcg_best": 0.011790708256051234, "Recall@10_ndcg_best": 0.02109261498789338, "Recall@20_ndcg_best": 0.03306455302733306, "ndcg@5_ndcg_best": 0.013952266297715812, "ndcg@10_ndcg_best": 0.01726768168805001, "ndcg@20_ndcg_best": 0.021452797214003578, "gradients/mass_i.weight": {"_type": "histogram", "values": [1.0, 0.0, 0.0, 0.0, 0.0, 0.0, 0.0, 0.0, 0.0, 0.0, 0.0, 2.0, 0.0, 0.0, 3.0, 0.0, 0.0, 0.0, 7.0, 0.0, 0.0, 0.0, 14.0, 0.0, 0.0, 2.0, 15.0, 0.0, 0.0, 33.0, 1.0, 0.0, 0.0, 77.0, 0.0, 0.0, 0.0, 180.0, 0.0, 0.0, 167.0, 466.0, 0.0, 0.0, 2422.0, 0.0, 0.0, 0.0, 41939.0, 0.0, 0.0, 0.0, 2474.0, 0.0, 0.0, 0.0, 430.0, 0.0, 0.0, 1.0, 56.0, 0.0, 0.0, 4.0], "bins": [-0.0003971480764448643, -0.00038898337516002357, -0.00038081867387518287, -0.00037265397259034216, -0.00036448927130550146, -0.0003563245991244912, -0.0003481598978396505, -0.0003399951965548098, -0.0003318304952699691, -0.0003236657939851284, -0.0003155010927002877, -0.000307336391415447, -0.00029917171923443675, -0.00029100701794959605, -0.00028284231666475534, -0.00027467761537991464, -0.00026651291409507394, -0.00025834821281023324, -0.00025018351152539253, -0.00024201882479246706, -0.00023385412350762635, -0.00022568942222278565, -0.00021752473548986018, -0.00020936003420501947, -0.00020119533292017877, -0.00019303063163533807, -0.00018486593035049736, -0.0001767012436175719, -0.0001685365423327312, -0.00016037184104789048, -0.000152207154314965, -0.0001440424530301243, -0.00013587776629719883, -0.00012771306501235813, -0.00011954837100347504, -0.00011138367699459195, -0.00010321897570975125, -9.505427442491055e-05, -8.688958041602746e-05, -7.872488640714437e-05, -7.056018512230366e-05, -6.239548383746296e-05, -5.423078982857987e-05, -4.606609218171798e-05, -3.790139453485608e-05, -2.9736696887994185e-05, -2.157199924113229e-05, -1.3407301594270393e-05, -5.242603947408497e-06, 2.9220936994533986e-06, 1.1086791346315295e-05, 1.925148899317719e-05, 2.7416186640039086e-05, 3.558088428690098e-05, 4.374558193376288e-05, 5.1910279580624774e-05, 6.007497722748667e-05, 6.823967851232737e-05, 7.640437252121046e-05, 8.456906653009355e-05, 9.273376781493425e-05, 0.00010089846909977496, 0.00010906316310865805, 0.00011722785711754113, 0.00012539255840238184]}, "gradients/mass_u.weight": {"_type": "histogram", "values": [0.0, 0.0, 0.0, 0.0, 0.0, 0.0, 0.0, 0.0, 0.0, 0.0, 0.0, 0.0, 0.0, 0.0, 0.0, 0.0, 0.0, 0.0, 0.0, 0.0, 0.0, 0.0, 0.0, 0.0, 0.0, 0.0, 0.0, 0.0, 0.0, 0.0, 0.0, 0.0, 97462.0, 0.0, 0.0, 0.0, 0.0, 0.0, 0.0, 0.0, 0.0, 0.0, 0.0, 0.0, 0.0, 0.0, 0.0, 0.0, 0.0, 0.0, 0.0, 0.0, 0.0, 0.0, 0.0, 0.0, 0.0, 0.0, 0.0, 0.0, 0.0, 0.0, 0.0, 0.0], "bins": [0.0, 0.0, 0.0, 0.0, 0.0, 0.0, 0.0, 0.0, 0.0, 0.0, 0.0, 0.0, 0.0, 0.0, 0.0, 0.0, 0.0, 0.0, 0.0, 0.0, 0.0, 0.0, 0.0, 0.0, 0.0, 0.0, 0.0, 0.0, 0.0, 0.0, 0.0, 0.0, 0.0, 0.0, 0.0, 0.0, 0.0, 0.0, 0.0, 0.0, 0.0, 0.0, 0.0, 0.0, 0.0, 0.0, 0.0, 0.0, 0.0, 0.0, 0.0, 0.0, 0.0, 0.0, 0.0, 0.0, 0.0, 0.0, 0.0, 0.0, 0.0, 0.0, 0.0, 0.0, 0.0]}, "gradients/embedding_user.weight": {"_type": "histogram", "values": [1.0, 2.0, 3.0, 1.0, 2.0, 4.0, 3.0, 3.0, 7.0, 8.0, 9.0, 11.0, 13.0, 12.0, 16.0, 34.0, 26.0, 37.0, 50.0, 59.0, 68.0, 88.0, 128.0, 155.0, 207.0, 317.0, 487.0, 925.0, 1828.0, 3779.0, 8700.0, 273124.0, 5929027.0, 9148.0, 4283.0, 2057.0, 1060.0, 560.0, 384.0, 200.0, 150.0, 118.0, 105.0, 80.0, 59.0, 53.0, 34.0, 32.0, 18.0, 18.0, 13.0, 9.0, 12.0, 10.0, 7.0, 9.0, 3.0, 2.0, 4.0, 2.0, 2.0, 1.0, 0.0, 1.0], "bins": [-0.0007298100390471518, -0.0007070532301440835, -0.0006842964212410152, -0.0006615396123379469, -0.0006387827452272177, -0.0006160259363241494, -0.0005932691274210811, -0.0005705123185180128, -0.0005477555096149445, -0.0005249987007118762, -0.0005022418918088078, -0.0004794850538019091, -0.00045672821579501033, -0.000433971406891942, -0.0004112145979888737, -0.0003884577890858054, -0.0003657009219750762, -0.0003429441130720079, -0.00032018727506510913, -0.00029743046616204083, -0.00027467362815514207, -0.00025191681925207376, -0.00022916001034900546, -0.00020640318689402193, -0.0001836463634390384, -0.00016088953998405486, -0.00013813271652907133, -0.00011537590762600303, -9.26190841710195e-05, -6.986226071603596e-05, -4.710545181296766e-05, -2.4348628357984126e-05, -1.5918631106615067e-06, 2.116495670634322e-05, 4.3921776523347944e-05, 6.667859270237386e-05, 8.94354161573574e-05, 0.00011219223961234093, 0.00013494904851540923, 0.00015770587197039276, 0.0001804626954253763, 0.00020321951888035983, 0.00022597634233534336, 0.00024873315123841166, 0.00027148996014147997, 0.00029424679814837873, 0.00031700360705144703, 0.0003397604450583458, 0.0003625172539614141, 0.0003852740628644824, 0.00040803090087138116, 0.00043078770977444947, 0.00045354454778134823, 0.00047630135668441653, 0.0004990581655874848, 0.0005218149744905531, 0.0005445717833936214, 0.0005673285922966897, 0.000590085401199758, 0.0006128422683104873, 0.0006355990772135556, 0.0006583558861166239, 0.0006811126950196922, 0.0007038695039227605, 0.0007266263710334897]}, "gradients/embedding_item.weight": {"_type": "histogram", "values": [1.0, 0.0, 0.0, 0.0, 0.0, 1.0, 0.0, 2.0, 1.0, 3.0, 2.0, 3.0, 7.0, 11.0, 18.0, 33.0, 52.0, 73.0, 121.0, 175.0, 292.0, 479.0, 786.0, 1287.0, 2030.0, 3275.0, 5326.0, 8802.0, 14874.0, 24544.0, 42595.0, 75416.0, 121237.0, 165369.0, 992095.0, 1152674.0, 168874.0, 124757.0, 78420.0, 44501.0, 25382.0, 14784.0, 8895.0, 5221.0, 3235.0, 1896.0, 1213.0, 772.0, 480.0, 304.0, 180.0, 110.0, 77.0, 44.0, 38.0, 19.0, 9.0, 11.0, 5.0, 2.0, 2.0, 0.0, 0.0, 1.0], "bins": [-8.815415640128776e-05, -8.563773008063436e-05, -8.312130375998095e-05, -8.060487743932754e-05, -7.808844384271652e-05, -7.55720175220631e-05, -7.30555912014097e-05, -7.053916488075629e-05, -6.802273856010288e-05, -6.550631223944947e-05, -6.298988591879606e-05, -6.047345596016385e-05, -5.795702963951044e-05, -5.544059968087822e-05, -5.292417336022481e-05, -5.0407747039571404e-05, -4.789131708093919e-05, -4.537489076028578e-05, -4.2858460801653564e-05, -4.0342034481000155e-05, -3.7825608160346746e-05, -3.530918183969334e-05, -3.279275188106112e-05, -3.0276325560407713e-05, -2.77598974207649e-05, -2.524346928112209e-05, -2.272704296046868e-05, -2.0210614820825867e-05, -1.7694186681183055e-05, -1.5177760360529646e-05, -1.2661332220886834e-05, -1.0144905900233425e-05, -7.628477760590613e-06, -5.112050530442502e-06, -2.595622845547041e-06, -7.91951606515795e-08, 2.437232069496531e-06, 4.953659299644642e-06, 7.470087439287454e-06, 9.986513759940863e-06, 1.2502941899583675e-05, 1.5019369129731786e-05, 1.7535796359879896e-05, 2.005222449952271e-05, 2.256865263916552e-05, 2.508507895981893e-05, 2.7601507099461742e-05, 3.011793342011515e-05, 3.263436155975796e-05, 3.515078788041137e-05, 3.766721783904359e-05, 4.0183644159696996e-05, 4.2700070480350405e-05, 4.5216496801003814e-05, 4.773292675963603e-05, 5.024935308028944e-05, 5.2765783038921654e-05, 5.528220935957506e-05, 5.779863931820728e-05, 6.031506563886069e-05, 6.28314955974929e-05, 6.534792191814631e-05, 6.786434823879972e-05, 7.038077455945313e-05, 7.289720088010654e-05]}, "_wandb": {"runtime": 5802}}