{"TOTAL_BEST_METRIC": 1.1081438909245984, "BEST_NDCG@10": 0.14046765198704214, "_timestamp": 1688402562.930575, "_runtime": 1096.1907498836517, "_step": 1220, "epoch": 1000, "Train_Metric_loss": 2.382802057266235, "Train_Reg_loss": 3.9412327896570784e-05, "Pos_loss": 8.677225112915039, "Neg_loss": 0.08596744388341904, "Recall@5": 0.1514934960219931, "Recall@10": 0.22152175035865398, "Recall@20": 0.3114880516007536, "NDCG@5": 0.11592470251373424, "NDCG@10": 0.14041107101123557, "NDCG@20": 0.165773577743991, "Recall@5_total_best": 0.1557660920055349, "Recall@10_total_best": 0.22001113341233036, "Recall@20_total_best": 0.3087766189827266, "ndcg@5_total_best": 0.11795909004453407, "ndcg@10_total_best": 0.14025714757475782, "ndcg@20_total_best": 0.1653738089047147, "EPOCH_ndcg_best": 930, "Recall@5_ndcg_best": 0.15433305816017373, "Recall@10_ndcg_best": 0.22189911141614257, "Recall@20_ndcg_best": 0.30733796238997874, "ndcg@5_ndcg_best": 0.11679786561793705, "ndcg@10_ndcg_best": 0.14046765198704214, "ndcg@20_ndcg_best": 0.16458328444269327, "gradients/mass_i.weight": {"_type": "histogram", "values": [1.0, 0.0, 0.0, 0.0, 0.0, 0.0, 0.0, 0.0, 0.0, 1.0, 0.0, 0.0, 0.0, 0.0, 1.0, 4.0, 3.0, 2.0, 1.0, 1.0, 0.0, 3.0, 4.0, 3.0, 1.0, 4.0, 9.0, 11.0, 8.0, 2.0, 20.0, 32.0, 9.0, 52.0, 73.0, 21.0, 123.0, 56.0, 33.0, 2799.0, 11.0, 86.0, 50.0, 24.0, 45.0, 7.0, 23.0, 11.0, 8.0, 10.0, 2.0, 2.0, 4.0, 2.0, 1.0, 0.0, 2.0, 0.0, 0.0, 0.0, 0.0, 1.0, 1.0, 1.0], "bins": [-0.0012187071843072772, -0.0011879419907927513, -0.0011571767972782254, -0.0011264116037636995, -0.0010956464102491736, -0.0010648812167346478, -0.0010341160232201219, -0.001003350829705596, -0.0009725856361910701, -0.0009418204426765442, -0.0009110552491620183, -0.0008802900556474924, -0.0008495248621329665, -0.0008187596686184406, -0.0007879944751039147, -0.0007572292815893888, -0.000726464088074863, -0.0006956988945603371, -0.0006649337010458112, -0.0006341685075312853, -0.0006034033140167594, -0.0005726381205022335, -0.0005418729269877076, -0.0005111077334731817, -0.00048034253995865583, -0.00044957734644412994, -0.00041881215292960405, -0.00038804695941507816, -0.00035728176590055227, -0.0003265165723860264, -0.0002957513788715005, -0.0002649861853569746, -0.0002342209336347878, -0.0002034557401202619, -0.00017269054660573602, -0.00014192535309121013, -0.00011116015957668424, -8.039496606215835e-05, -4.9629772547632456e-05, -1.8864579033106565e-05, 1.1900614481419325e-05, 4.2665807995945215e-05, 7.34310015104711e-05, 0.000104196195024997, 0.00013496138853952289, 0.00016572658205404878, 0.00019649177556857467, 0.00022725696908310056, 0.00025802216259762645, 0.00028878735611215234, 0.00031955254962667823, 0.0003503177431412041, 0.00038108293665573, 0.0004118481301702559, 0.0004426133236847818, 0.0004733785171993077, 0.0005041437107138336, 0.0005349089042283595, 0.0005656740977428854, 0.0005964392912574112, 0.0006272044847719371, 0.000657969678286463, 0.0006887348718009889, 0.0007195000653155148, 0.0007502652588300407]}, "gradients/mass_u.weight": {"_type": "histogram", "values": [1.0, 0.0, 0.0, 0.0, 0.0, 0.0, 0.0, 0.0, 0.0, 0.0, 0.0, 0.0, 0.0, 0.0, 0.0, 0.0, 0.0, 1.0, 0.0, 0.0, 0.0, 0.0, 0.0, 0.0, 0.0, 0.0, 0.0, 0.0, 0.0, 0.0, 0.0, 0.0, 0.0, 0.0, 0.0, 0.0, 1.0, 1.0, 0.0, 0.0, 0.0, 0.0, 1.0, 1.0, 0.0, 0.0, 0.0, 1.0, 1.0, 0.0, 2.0, 0.0, 3.0, 2.0, 7.0, 6.0, 9.0, 7.0, 18.0, 13.0, 35.0, 99.0, 256.0, 5076.0], "bins": [-0.001315574161708355, -0.0012950183590874076, -0.0012744624400511384, -0.001253906637430191, -0.0012333507183939219, -0.0012127949157729745, -0.0011922391131520271, -0.001171683194115758, -0.0011511273914948106, -0.0011305715888738632, -0.001110015669837594, -0.0010894598672166467, -0.0010689040645956993, -0.0010483481455594301, -0.0010277923429384828, -0.0010072364239022136, -0.0009866806212812662, -0.0009661247604526579, -0.0009455688996240497, -0.0009250130970031023, -0.000904457236174494, -0.0008839013753458858, -0.0008633455727249384, -0.0008427897118963301, -0.0008222338510677218, -0.0008016779902391136, -0.0007811221294105053, -0.0007605663267895579, -0.0007400104659609497, -0.0007194546051323414, -0.000698898802511394, -0.0006783429416827857, -0.0006577870808541775, -0.0006372312200255692, -0.0006166753591969609, -0.0005961195565760136, -0.0005755636957474053, -0.000555007834918797, -0.0005344520322978497, -0.0005138961714692414, -0.0004933403106406331, -0.00047278444981202483, -0.000452228618087247, -0.0004316727863624692, -0.0004111169255338609, -0.00039056106470525265, -0.00037000523298047483, -0.000349449401255697, -0.00032889354042708874, -0.00030833767959848046, -0.00028778184787370265, -0.00026722601614892483, -0.00024667015532031655, -0.0002261143090436235, -0.00020555846276693046, -0.00018500261649023741, -0.00016444677021354437, -0.00014389092393685132, -0.00012333507766015828, -0.00010277923138346523, -8.222338510677218e-05, -6.166753883007914e-05, -4.111169255338609e-05, -2.0555846276693046e-05, 0.0]}, "gradients/embedding_user.weight": {"_type": "histogram", "values": [1.0, 0.0, 1.0, 0.0, 0.0, 0.0, 0.0, 0.0, 1.0, 1.0, 3.0, 0.0, 1.0, 4.0, 5.0, 9.0, 3.0, 9.0, 16.0, 17.0, 19.0, 34.0, 44.0, 83.0, 117.0, 200.0, 381.0, 643.0, 1142.0, 2223.0, 5103.0, 20695.0, 98874.0, 155529.0, 52352.0, 10039.0, 3445.0, 1667.0, 843.0, 424.0, 262.0, 159.0, 91.0, 52.0, 45.0, 29.0, 16.0, 14.0, 7.0, 3.0, 3.0, 2.0, 2.0, 3.0, 1.0, 2.0, 0.0, 2.0, 1.0, 0.0, 0.0, 1.0, 0.0, 1.0], "bins": [-0.0005112513899803162, -0.0004958873032592237, -0.0004805232456419617, -0.0004651591880246997, -0.0004497951013036072, -0.0004344310436863452, -0.0004190669860690832, -0.00040370289934799075, -0.00038833884173072875, -0.00037297478411346674, -0.0003576106973923743, -0.00034224663977511227, -0.00032688258215785027, -0.0003115184954367578, -0.0002961544378194958, -0.0002807903802022338, -0.00026542629348114133, -0.0002500622358638793, -0.00023469814914278686, -0.00021933409152552485, -0.00020397001935634762, -0.00018860594718717039, -0.00017324188956990838, -0.00015787781740073115, -0.0001425137452315539, -0.00012714967306237668, -0.00011178560816915706, -9.642154327593744e-05, -8.10574711067602e-05, -6.569339893758297e-05, -5.032933404436335e-05, -3.496526915114373e-05, -1.960125518962741e-05, -4.237186658428982e-06, 1.1126881872769445e-05, 2.6490950403967872e-05, 4.18550189351663e-05, 5.7219091104343534e-05, 7.258315599756315e-05, 8.794722089078277e-05, 0.00010331129305996001, 0.00011867536522913724, 0.00013403943739831448, 0.00014940349501557648, 0.00016476756718475372, 0.00018013163935393095, 0.00019549569697119296, 0.0002108597691403702, 0.00022622384130954742, 0.00024158791347872466, 0.0002569519856479019, 0.0002723160432651639, 0.00028768012998625636, 0.00030304418760351837, 0.00031840824522078037, 0.00033377233194187284, 0.00034913638955913484, 0.00036450044717639685, 0.0003798645338974893, 0.0003952285915147513, 0.0004105926491320133, 0.0004259567358531058, 0.0004413207934703678, 0.0004566848510876298, 0.00047204893780872226]}, "gradients/embedding_item.weight": {"_type": "histogram", "values": [1.0, 0.0, 0.0, 0.0, 0.0, 1.0, 0.0, 0.0, 2.0, 3.0, 1.0, 2.0, 6.0, 11.0, 14.0, 18.0, 27.0, 32.0, 57.0, 78.0, 105.0, 151.0, 262.0, 361.0, 635.0, 1027.0, 1633.0, 2897.0, 5250.0, 10145.0, 19067.0, 35196.0, 73177.0, 35821.0, 19617.0, 10257.0, 5283.0, 2917.0, 1637.0, 954.0, 578.0, 398.0, 226.0, 157.0, 91.0, 83.0, 51.0, 28.0, 19.0, 22.0, 17.0, 11.0, 9.0, 4.0, 2.0, 3.0, 2.0, 0.0, 1.0, 1.0, 0.0, 2.0, 0.0, 2.0],