{"TOTAL_BEST_METRIC": 0.8669707370462763, "BEST_NDCG@10": 0.10944339980036111, "_timestamp": 1688311525.4320788, "_runtime": 298.7225377559662, "_step": 1109, "epoch": 1000, "Train_Metric_loss": -0.6434043407440185, "Train_Reg_loss": 0.002000373508781195, "Pos_loss": -1.9501619338989258, "Neg_loss": 1.763393521308899, "Recall@5": 0.09119596996855232, "Recall@10": 0.13715744898976623, "Recall@20": 0.18763867059353387, "NDCG@5": 0.06785769129084086, "NDCG@10": 0.08395673726606101, "NDCG@20": 0.0983623441131953, "Recall@5_total_best": 0.1156153007025539, "Recall@10_total_best": 0.17863546358288793, "Recall@20_total_best": 0.24668414524181068, "ndcg@5_total_best": 0.08769917249388272, "ndcg@10_total_best": 0.10944339980036111, "ndcg@20_total_best": 0.12889325522477987, "EPOCH_ndcg_best": 40, "Recall@5_ndcg_best": 0.1156153007025539, "Recall@10_ndcg_best": 0.17863546358288793, "Recall@20_ndcg_best": 0.24668414524181068, "ndcg@5_ndcg_best": 0.08769917249388272, "ndcg@10_ndcg_best": 0.10944339980036111, "ndcg@20_ndcg_best": 0.12889325522477987, "gradients/mass_i.weight": {"_type": "histogram", "values": [1.0, 0.0, 0.0, 0.0, 0.0, 1.0, 0.0, 0.0, 0.0, 0.0, 0.0, 0.0, 1.0, 1.0, 1.0, 1.0, 1.0, 1.0, 1.0, 3.0, 3.0, 7.0, 9.0, 8.0, 17.0, 23.0, 26.0, 54.0, 78.0, 95.0, 3075.0, 48.0, 38.0, 19.0, 18.0, 11.0, 7.0, 3.0, 4.0, 4.0, 4.0, 1.0, 0.0, 0.0, 1.0, 0.0, 0.0, 0.0, 0.0, 0.0, 0.0, 0.0, 1.0, 0.0, 0.0, 0.0, 1.0, 0.0, 0.0, 0.0, 0.0, 0.0, 0.0, 1.0], "bins": [-0.00029339833417907357, -0.0002837622305378318, -0.00027412612689659, -0.0002644900232553482, -0.0002548539196141064, -0.00024521781597286463, -0.00023558172688353807, -0.0002259456377942115, -0.00021630953415296972, -0.00020667343051172793, -0.00019703732687048614, -0.00018740122322924435, -0.0001777651341399178, -0.000168129030498676, -0.0001584929268574342, -0.00014885683776810765, -0.00013922071957495064, -0.00012958461593370885, -0.00011994851956842467, -0.00011031241592718288, -0.00010067631956189871, -9.104021592065692e-05, -8.140411227941513e-05, -7.176801591413096e-05, -6.213191227288917e-05, -5.2495812269626185e-05, -4.2859712266363204e-05, -3.3223608625121415e-05, -2.3587508621858433e-05, -1.3951408618595451e-05, -4.315304977353662e-06, 5.3207913879305124e-06, 1.4956895029172301e-05, 2.4592995032435283e-05, 3.4229095035698265e-05, 4.3865198676940054e-05, 5.3501298680203035e-05, 6.313739868346602e-05, 7.27735023247078e-05, 8.240959868999198e-05, 9.204570233123377e-05, 0.00010168180597247556, 0.00011131790233775973, 0.00012095400597900152, 0.0001305901096202433, 0.0001402262132614851, 0.0001498623169027269, 0.00015949840599205345, 0.00016913450963329524, 0.00017877061327453703, 0.00018840671691577882, 0.00019804280600510538, 0.00020767890964634717, 0.00021731501328758895, 0.00022695111692883074, 0.00023658722057007253, 0.0002462233242113143, 0.0002558594278525561, 0.0002654955314937979, 0.0002751316351350397, 0.0002847677387762815, 0.0002944038133136928, 0.0003040399169549346, 0.0003136760205961764, 0.0003233121242374182]}, "gradients/mass_u.weight": {"_type": "histogram", "values": [1.0, 0.0, 0.0, 0.0, 0.0, 0.0, 0.0, 1.0, 0.0, 0.0, 0.0, 0.0, 0.0, 0.0, 0.0, 0.0, 0.0, 0.0, 0.0, 0.0, 0.0, 0.0, 0.0, 0.0, 0.0, 0.0, 0.0, 0.0, 0.0, 0.0, 0.0, 0.0, 0.0, 1.0, 1.0, 2.0, 1.0, 2.0, 0.0, 1.0, 0.0, 1.0, 0.0, 4.0, 1.0, 4.0, 3.0, 4.0, 2.0, 3.0, 5.0, 13.0, 4.0, 5.0, 17.0, 24.0, 18.0, 17.0, 39.0, 118.0, 102.0, 71.0, 36.0, 5040.0], "bins": [-0.00014239468146115541, -0.00014016976638231426, -0.00013794485130347311, -0.00013571993622463197, -0.00013349502114579082, -0.00013127009151503444, -0.0001290451764361933, -0.00012682026135735214, -0.000124595346278511, -0.00012237043119966984, -0.00012014551612082869, -0.00011792059376602992, -0.00011569567868718877, -0.00011347076360834762, -0.00011124584125354886, -0.00010902092617470771, -0.00010679601109586656, -0.00010457109601702541, -0.00010234618093818426, -0.0001001212585833855, -9.789634350454435e-05, -9.56714284257032e-05, -9.344650607090443e-05, -9.122159099206328e-05, -8.899667591322213e-05, -8.677176083438098e-05, -8.454684575553983e-05, -8.232192340074107e-05, -8.009700832189992e-05, -7.787209324305877e-05, -7.564717088826001e-05, -7.342225580941886e-05, -7.119734073057771e-05, -6.897242565173656e-05, -6.674751057289541e-05, -6.452258821809664e-05, -6.22976731392555e-05, -6.0072758060414344e-05, -5.784783934359439e-05, -5.562292062677443e-05, -5.339800554793328e-05, -5.117309046909213e-05, -4.8948171752272174e-05, -4.672325303545222e-05, -4.449833795661107e-05, -4.227342287776992e-05, -4.004850416094996e-05, -3.7823585444130003e-05, -3.5598670365288854e-05, -3.3373755286447704e-05, -3.114883656962775e-05, -2.8923919671797194e-05, -2.669900277396664e-05, -2.4474085876136087e-05, -2.2249168978305534e-05, -2.002425208047498e-05, -1.7799335182644427e-05, -1.5574418284813873e-05, -1.334950138698332e-05, -1.1124584489152767e-05, -8.899667591322213e-06, -6.67475069349166e-06, -4.449833795661107e-06, -2.2249168978305534e-06, 0.0]}, "gradients/embedding_user.weight": {"_type": "histogram", "values": [1.0, 0.0, 0.0, 0.0, 0.0, 1.0, 1.0, 1.0, 2.0, 1.0, 3.0, 4.0, 2.0, 10.0, 12.0, 12.0, 15.0, 30.0, 47.0, 69.0, 95.0, 153.0, 291.0, 499.0, 1020.0, 2248.0, 6390.0, 38805.0, 215529.0, 74313.0, 9741.0, 2818.0, 1180.0, 598.0, 279.0, 163.0, 100.0, 59.0, 34.0, 26.0, 20.0, 12.0, 8.0, 7.0, 2.0, 4.0, 6.0, 4.0, 0.0, 0.0, 0.0, 2.0, 1.0, 1.0, 0.0, 0.0, 0.0, 0.0, 3.0, 0.0, 1.0, 0.0, 0.0, 1.0], "bins": [-3.5503771869116463e-06, -3.426415105423075e-06, -3.3024532513081795e-06, -3.1784911698196083e-06, -3.054529088331037e-06, -2.930567006842466e-06, -2.8066051527275704e-06, -2.6826430712389993e-06, -2.558680989750428e-06, -2.434718908261857e-06, -2.3107570541469613e-06, -2.18679497265839e-06, -2.062832891169819e-06, -1.938870809681248e-06, -1.8149089555663522e-06, -1.690946874077781e-06, -1.5669850199628854e-06, -1.443023052161152e-06, -1.3190609706725809e-06, -1.1950990028708475e-06, -1.0711369213822763e-06, -9.471749535805429e-07, -8.232129857788095e-07, -6.992509611336573e-07, -5.75288936488505e-07, -4.513269118433527e-07, -3.273649156199099e-07, -2.0340291939646704e-07, -7.944089475131477e-08, 4.4521129893837497e-08, 1.684830976955709e-07, 2.924451223407232e-07, 4.1640714698587544e-07, 5.403691716310277e-07, 6.6433119627618e-07, 7.882931640779134e-07, 9.122551887230657e-07, 1.036217213368218e-06, 1.1601791811699513e-06, 1.2841412626585225e-06, 1.4081032304602559e-06, 1.5320651982619893e-06, 1.6560272797505604e-06, 1.7799892475522938e-06, 1.9039512153540272e-06, 2.0279132968425984e-06, 2.1518753783311695e-06, 2.275837232446065e-06, 2.3997993139346363e-06, 2.5237613954232074e-06, 2.647723249538103e-06, 2.7716853310266742e-06, 2.8956474125152454e-06, 3.019609266630141e-06, 3.143571348118712e-06, 3.2675334296072833e-06, 3.391495283722179e-06, 3.51545736521075e-06, 3.639419219325646e-06, 3.763381300814217e-06, 3.887343154929113e-06, 4.011305463791359e-06, 4.135267317906255e-06, 4.259229172021151e-06, 4.383191480883397e-06]}, "gradients/embedding_item.weight": {"_type": "histogram", "values": [1.0, 1.0, 1.0, 2.0, 3.0, 1.0, 3.0, 2.0, 9.0, 5.0, 10.0, 17.0, 16.0, 26.0, 33.0, 23.0, 56.0, 74.0, 69.0, 120.0, 135.0, 205.0, 296.0, 390.0, 561.0, 899.0, 1372.0, 2197.0, 3522.0, 5925.0, 10222.0, 18753.0, 34969.0, 70134.0, 34108.0, 18285.0, 10229.0, 5870.0, 3494.0, 2003.0, 1330.0, 871.0, 556.0, 414.0, 282.0, 238.0, 147.0, 116.0, 80.0, 68.0, 53.0, 39.0, 29.0, 22.0, 19.0, 12.0, 11.0, 4.0, 2.0, 6.0, 8.0, 2.0, 1.0, 1.0],